# Blender 4.2.3 LTS
# www.blender.org
o GEO_arm.001
v -0.094058 0.041967 0.070775
v -0.082341 0.040054 0.057841
v -0.096250 0.069822 0.065504
v -0.080805 0.066170 0.052608
v -0.095799 0.055486 0.110686
v -0.099715 0.046549 0.093628
v -0.096512 0.077526 0.106948
v -0.101948 0.072918 0.086901
v -0.073314 0.056744 0.121952
v -0.075525 0.081291 0.119023
v -0.046038 0.053606 0.109734
v -0.042348 0.080803 0.104679
v -0.038783 0.043917 0.087923
v -0.035734 0.074545 0.084763
v -0.040704 0.040796 0.067618
v -0.039881 0.068467 0.064262
v -0.061732 0.063289 0.050354
v -0.066809 0.032173 0.058619
v -0.101697 0.209396 0.063148
v -0.078075 0.191168 0.044598
v -0.102086 0.208702 0.086709
v -0.104986 0.207395 0.075615
v -0.074217 0.187562 0.107021
v -0.038135 0.187124 0.094752
v -0.032643 0.187729 0.074549
v -0.040816 0.189066 0.055301
v -0.064466 0.190915 0.043495
v -0.083786 0.444400 0.035634
v -0.072586 0.437155 0.027490
v -0.080841 0.430542 0.059222
v -0.085054 0.434212 0.049804
v -0.070121 0.430293 0.064528
v -0.050323 0.437394 0.055839
v -0.045752 0.438411 0.044278
v -0.048788 0.437114 0.033126
v -0.061715 0.435403 0.026392
v -0.098207 0.331792 0.065425
v -0.100341 0.296952 0.070078
v -0.095376 0.291264 0.047658
v -0.093770 0.326886 0.044919
v -0.042915 0.329289 0.040174
v -0.040733 0.290165 0.041878
v -0.035739 0.293701 0.063340
v -0.037929 0.333902 0.059346
v -0.073449 0.339743 0.097139
v -0.074255 0.300926 0.106783
v -0.095852 0.298581 0.091030
v -0.093467 0.335719 0.084482
v -0.081345 0.284372 0.031824
v -0.080281 0.321720 0.030789
v -0.063316 0.323570 0.027297
v -0.063532 0.284659 0.027385
v -0.041255 0.337660 0.079708
v -0.039807 0.297819 0.085709
v -0.103539 0.249305 0.061479
v -0.105596 0.251868 0.075196
v -0.103029 0.247233 0.087495
v -0.081889 0.258850 0.033984
v -0.035084 0.257752 0.066883
v -0.040573 0.257629 0.044702
v -0.064970 0.258096 0.029628
v -0.039585 0.259391 0.089875
v -0.075064 0.262172 0.112569
v -0.096026 0.190485 0.093337
v -0.100379 0.182996 0.074393
v -0.091821 0.192155 0.053863
v -0.096718 0.261119 0.050127
v -0.098187 0.260687 0.095098
v -0.102315 0.269448 0.073122
v -0.092177 0.228449 0.047227
v -0.079742 0.229205 0.037499
v -0.034144 0.223615 0.070966
v -0.038680 0.223005 0.092882
v -0.107965 0.229768 0.076017
v -0.096127 0.225657 0.099758
v -0.041875 0.226029 0.050047
v -0.066405 0.228792 0.035312
v -0.074812 0.224261 0.112772
v -0.103501 0.228907 0.061103
v -0.103056 0.227855 0.088682
v -0.041137 0.114946 0.100064
v -0.039327 0.150859 0.096885
v -0.074979 0.150027 0.107428
v -0.075748 0.113845 0.112557
v -0.096523 0.109058 0.100657
v -0.095437 0.147815 0.095077
v -0.099678 0.145971 0.075916
v -0.101134 0.106135 0.080483
v -0.039086 0.108524 0.061664
v -0.039033 0.149314 0.058508
v -0.032811 0.150072 0.077538
v -0.034356 0.111865 0.080864
v -0.078472 0.104712 0.049271
v -0.077158 0.148144 0.047473
v -0.061131 0.148971 0.046633
v -0.060123 0.105689 0.047865
v -0.091525 0.147511 0.056116
v -0.094162 0.105455 0.060032
v -0.089911 0.406969 0.053279
v -0.085619 0.406615 0.065773
v -0.086401 0.407704 0.039052
v -0.075268 0.405016 0.029963
v -0.047638 0.408815 0.035763
v -0.062682 0.405028 0.028164
v -0.043683 0.409958 0.049040
v -0.047678 0.409803 0.063300
v -0.071541 0.407395 0.073236
v -0.019175 0.636618 -0.008556
v -0.018786 0.644074 0.001961
v -0.008019 0.634826 -0.008086
v -0.007665 0.642220 0.002333
v -0.019810 0.641531 -0.003300
v -0.013417 0.636450 -0.009711
v -0.006740 0.639761 -0.002700
v -0.013081 0.645813 0.002932
v -0.012835 0.644242 -0.003474
v -0.029791 0.578128 0.003000
v -0.032109 0.579323 0.023948
v -0.013854 0.570401 0.009034
v -0.015650 0.572604 0.026413
v -0.032496 0.582536 0.013258
v -0.021473 0.573816 0.002191
v -0.012558 0.570159 0.018280
v -0.023217 0.576288 0.028942
v -0.049077 0.650071 -0.010579
v -0.049383 0.655717 -0.001236
v -0.036582 0.649767 -0.010360
v -0.037022 0.656231 -0.000790
v -0.049713 0.654004 -0.006062
v -0.041596 0.650140 -0.012409
v -0.035798 0.654295 -0.005474
v -0.041965 0.659430 0.000016
v -0.041420 0.658384 -0.006211
v -0.056220 0.582572 0.003457
v -0.057315 0.582651 0.022953
v -0.038676 0.581285 0.003324
v -0.039644 0.582065 0.025688
v -0.058166 0.585308 0.011458
v -0.046467 0.581727 0.000320
v -0.036127 0.583455 0.014048
v -0.047075 0.582847 0.028567
v -0.079054 0.643993 -0.009808
v -0.079205 0.651177 0.000017
v -0.067368 0.643203 -0.009725
v -0.067795 0.650528 0.000189
v -0.080073 0.648873 -0.004843
v -0.073080 0.644318 -0.011309
v -0.066652 0.647749 -0.004639
v -0.073563 0.653741 0.000696
v -0.073429 0.652082 -0.005444
v -0.083112 0.579903 0.005596
v -0.082824 0.581036 0.023516
v -0.063041 0.581838 0.003892
v -0.064107 0.583106 0.022921
v -0.085060 0.582227 0.013680
v -0.071754 0.581054 0.000990
v -0.061702 0.585394 0.011471
v -0.073053 0.582199 0.027288
v -0.107102 0.625061 -0.003084
v -0.107043 0.630800 0.004927
v -0.096401 0.625582 -0.003143
v -0.096868 0.630466 0.005228
v -0.107674 0.628709 0.000908
v -0.100857 0.626271 -0.004721
v -0.095834 0.628655 0.001214
v -0.101480 0.633178 0.005715
v -0.101324 0.631987 0.000345
v -0.106136 0.572546 0.008687
v -0.106786 0.574056 0.019934
v -0.089470 0.578258 0.006550
v -0.092022 0.578947 0.023240
v -0.107188 0.573051 0.014366
v -0.097277 0.576101 0.003126
v -0.088863 0.580935 0.014081
v -0.099281 0.576986 0.025837
v -0.055991 0.593117 0.001542
v -0.039912 0.592654 0.020780
v -0.045737 0.592390 -0.002679
v -0.036198 0.592741 0.011520
v -0.038163 0.592397 0.001169
v -0.046514 0.592796 0.023484
v -0.057189 0.593697 0.009284
v -0.055649 0.593178 0.018513
v -0.021484 0.630719 -0.007952
v -0.005634 0.629774 0.000374
v -0.007215 0.627636 -0.006597
v -0.014271 0.628689 -0.010372
v -0.008129 0.632295 0.004820
v -0.023327 0.633527 -0.001098
v -0.020662 0.635297 0.004228
v -0.014327 0.634855 0.005670
v -0.025404 0.610703 -0.003507
v -0.008376 0.606081 0.007907
v -0.009020 0.606596 0.000115
v -0.017003 0.608315 -0.006084
v -0.011910 0.605524 0.011927
v -0.027384 0.611349 0.004895
v -0.024461 0.609775 0.010253
v -0.017964 0.606830 0.012381
v -0.028348 0.587148 0.001065
v -0.014674 0.582609 0.022626
v -0.020208 0.583942 -0.000445
v -0.011156 0.581169 0.015425
v -0.012165 0.581366 0.006455
v -0.021736 0.585220 0.024223
v -0.031015 0.589204 0.010937
v -0.028906 0.587869 0.019574
v -0.106322 0.589949 0.015911
v -0.106224 0.595901 0.013661
v -0.106211 0.592924 0.014801
v -0.100486 0.596409 0.015015
v -0.100213 0.590767 0.017868
v -0.100377 0.593574 0.016370
v -0.091656 0.593906 0.004215
v -0.092169 0.599738 0.002984
v -0.091934 0.597115 0.003608
v -0.098422 0.597834 -0.001302
v -0.098179 0.592118 -0.000366
v -0.098329 0.595384 -0.000727
v -0.094709 0.598226 0.013358
v -0.094221 0.592539 0.015811
v -0.094486 0.595482 0.014508
v -0.107647 0.596253 0.003966
v -0.107407 0.589905 0.005285
v -0.107530 0.593318 0.004601
v -0.090716 0.594112 0.010629
v -0.091264 0.599891 0.009052
v -0.090992 0.597216 0.009815
v -0.107932 0.589854 0.011302
v -0.108137 0.596109 0.009716
v -0.108027 0.593047 0.010491
v -0.080930 0.599780 0.015306
v -0.080611 0.606412 0.012427
v -0.080758 0.603126 0.013808
v -0.064072 0.600823 0.000267
v -0.064207 0.607540 -0.001149
v -0.064134 0.604259 -0.000428
v -0.062941 0.600867 0.007331
v -0.063144 0.607592 0.005649
v -0.063054 0.604224 0.006465
v -0.083675 0.600748 0.007621
v -0.083561 0.607481 0.005882
v -0.083618 0.604174 0.006757
v -0.073347 0.605759 0.014462
v -0.073390 0.599308 0.017842
v -0.073390 0.602518 0.016088
v -0.072013 0.606783 -0.005391
v -0.071865 0.600705 -0.004144
v -0.071965 0.603873 -0.004592
v -0.066577 0.606651 0.012027
v -0.066374 0.600040 0.014702
v -0.066528 0.603330 0.013319
v -0.081398 0.607308 -0.002524
v -0.081268 0.600778 -0.001418
v -0.081354 0.604246 -0.001823
v -0.054691 0.601830 0.015292
v -0.053875 0.608555 0.012471
v -0.054258 0.605212 0.013924
v -0.037383 0.602337 -0.000938
v -0.036929 0.609144 -0.002060
v -0.037248 0.605934 -0.001557
v -0.035749 0.602330 0.008882
v -0.035468 0.609376 0.006980
v -0.035621 0.605962 0.007888
v -0.056505 0.602371 0.007032
v -0.055852 0.609306 0.005225
v -0.056169 0.605851 0.006109
v -0.045541 0.607606 0.015334
v -0.045912 0.601045 0.018932
v -0.045697 0.604311 0.017093
v -0.044669 0.608698 -0.006191
v -0.045081 0.602297 -0.004912
v -0.044874 0.605763 -0.005437
v -0.039353 0.608291 0.013544
v -0.039542 0.601538 0.016711
v -0.039436 0.604956 0.015095
v -0.054912 0.609372 -0.001849
v -0.055522 0.602431 -0.000448
v -0.055169 0.606025 -0.001219
v -0.027281 0.594975 0.016426
v -0.026025 0.601335 0.013590
v -0.026645 0.598026 0.015050
v -0.010844 0.591169 0.004031
v -0.010029 0.598251 0.002298
v -0.010401 0.594889 0.003184
v -0.010043 0.590775 0.012557
v -0.009300 0.597835 0.010398
v -0.009657 0.594451 0.011453
v -0.029800 0.596224 0.008692
v -0.028742 0.602716 0.006900
v -0.029264 0.599322 0.007773
v -0.019305 0.598545 0.016416
v -0.020423 0.592394 0.020066
v -0.019870 0.595351 0.018251
v -0.018112 0.599833 -0.003869
v -0.018894 0.593179 -0.002585
v -0.018420 0.596707 -0.003105
v -0.012964 0.597476 0.015440
v -0.013776 0.590955 0.018668
v -0.013396 0.594267 0.017012
v -0.026398 0.601894 -0.002028
v -0.027200 0.595406 -0.000879
v -0.026680 0.598678 -0.001448
v -0.101007 0.608204 0.010664
v -0.101182 0.614061 0.009476
v -0.101112 0.610763 0.009996
v -0.099269 0.609172 -0.003886
v -0.099601 0.613225 -0.004635
v -0.099402 0.611142 -0.004113
v -0.095240 0.608645 0.009842
v -0.095484 0.614037 0.008679
v -0.095365 0.610998 0.009237
v -0.108221 0.608927 0.001138
v -0.108303 0.613641 -0.000226
v -0.108283 0.611335 0.000533
v -0.107003 0.614271 0.008578
v -0.106746 0.608652 0.009698
v -0.106892 0.611221 0.009085
v -0.093690 0.613881 -0.000706
v -0.093072 0.609452 0.000545
v -0.093364 0.611545 -0.000016
v -0.092477 0.614158 0.005099
v -0.092012 0.609339 0.006433
v -0.092213 0.611507 0.005809
v -0.108992 0.614109 0.005198
v -0.108771 0.608917 0.006617
v -0.108908 0.611435 0.005953
v -0.080187 0.622631 0.006570
v -0.080140 0.629306 0.004974
v -0.080136 0.625598 0.005713
v -0.073116 0.629079 0.005997
v -0.073079 0.622103 0.007709
v -0.073044 0.625080 0.006751
v -0.064580 0.623689 -0.004606
v -0.064939 0.629073 -0.006035
v -0.064713 0.626483 -0.005220
v -0.072211 0.628825 -0.010111
v -0.072027 0.623633 -0.009136
v -0.072043 0.626401 -0.009530
v -0.066586 0.629240 0.004870
v -0.066540 0.622694 0.006462
v -0.066476 0.625599 0.005582
v -0.081106 0.629128 -0.007001
v -0.081389 0.623677 -0.005581
v -0.081252 0.626483 -0.006227
v -0.063531 0.623516 0.001916
v -0.063735 0.629356 0.000416
v -0.063595 0.626330 0.001223
v -0.083350 0.623513 0.001970
v -0.083195 0.629497 0.000385
v -0.083287 0.626346 0.001249
v -0.052318 0.625705 0.005853
v -0.051819 0.632518 0.004082
v -0.052123 0.628754 0.004881
v -0.044180 0.632229 0.005526
v -0.044613 0.624848 0.007519
v -0.044469 0.628027 0.006400
v -0.035771 0.626612 -0.005395
v -0.035561 0.632380 -0.006802
v -0.035670 0.629483 -0.006051
v -0.043282 0.632024 -0.011142
v -0.043665 0.626720 -0.010109
v -0.043502 0.629489 -0.010499
v -0.038149 0.632420 0.004711
v -0.038515 0.625523 0.006570
v -0.038401 0.628576 0.005588
v -0.052807 0.632783 -0.006701
v -0.053556 0.626880 -0.005188
v -0.053230 0.629802 -0.005809
v -0.034661 0.626511 0.002459
v -0.034351 0.632771 0.000675
v -0.034533 0.629438 0.001697
v -0.054350 0.626618 0.000960
v -0.053742 0.632916 -0.000662
v -0.054089 0.629575 0.000218
v -0.022933 0.618414 0.007476
v -0.022013 0.624795 0.006012
v -0.022448 0.621419 0.006655
v -0.015642 0.622602 0.007367
v -0.016559 0.615595 0.009037
v -0.016104 0.618717 0.008056
v -0.008025 0.614968 -0.001934
v -0.007515 0.620391 -0.003809
v -0.007725 0.617839 -0.002729
v -0.015053 0.622132 -0.008717
v -0.015741 0.617176 -0.007731
v -0.015340 0.620024 -0.008135
v -0.009581 0.620773 0.007001
v -0.010622 0.614050 0.008791
v -0.010159 0.617036 0.007837
v -0.022895 0.624448 -0.006176
v -0.023947 0.619459 -0.004979
v -0.023332 0.622263 -0.005542
v -0.007348 0.614331 0.005547
v -0.006505 0.620313 0.003559
v -0.006959 0.617192 0.004710
v -0.025959 0.619900 0.002868
v -0.024938 0.625557 0.001259
v -0.025432 0.622796 0.002121
v -0.045081 0.616065 0.011175
v -0.053055 0.616995 0.008990
v -0.055101 0.617980 0.003065
v -0.038956 0.616780 0.009845
v -0.044175 0.617596 -0.008461
v -0.036239 0.617924 -0.003725
v -0.035060 0.617979 0.004670
v -0.054311 0.618161 -0.003508
v -0.043094 0.646606 0.003101
v -0.050847 0.645098 0.001574
v -0.052440 0.643509 -0.003435
v -0.037142 0.645278 0.002053
v -0.042405 0.640455 -0.013027
v -0.035469 0.641413 -0.009082
v -0.034063 0.643427 -0.002448
v -0.051351 0.641834 -0.009213
v -0.073357 0.642115 0.003954
v -0.080089 0.641115 0.002772
v -0.082651 0.639101 -0.002238
v -0.066824 0.640729 0.002763
v -0.072647 0.635983 -0.011833
v -0.065681 0.636276 -0.008444
v -0.064277 0.638323 -0.002074
v -0.080612 0.636758 -0.008927
v -0.073204 0.613768 0.010840
v -0.080410 0.614410 0.009292
v -0.083474 0.615530 0.003891
v -0.066553 0.614615 0.009116
v -0.072055 0.615132 -0.007559
v -0.064380 0.615631 -0.002953
v -0.063335 0.615592 0.003757
v -0.081489 0.615538 -0.004107
v -0.081335 0.591458 0.018937
v -0.083908 0.591963 0.010134
v -0.073287 0.591492 0.022125
v -0.063956 0.591912 0.002153
v -0.062558 0.592927 0.009428
v -0.071615 0.591287 -0.002121
v -0.065752 0.592221 0.018088
v -0.081150 0.591198 0.000758
v -0.106700 0.583326 0.017900
v -0.107684 0.582576 0.012900
v -0.099677 0.584914 0.021172
v -0.093626 0.586331 0.018670
v -0.091107 0.586586 0.005686
v -0.090210 0.587333 0.012370
v -0.097723 0.584539 0.001248
v -0.106925 0.581884 0.006950
v -0.094948 0.603403 0.011425
v -0.100725 0.602189 0.012622
v -0.106409 0.602189 0.011511
v -0.107979 0.602538 0.002495
v -0.098867 0.603284 -0.003013
v -0.092568 0.604564 0.001689
v -0.091625 0.604624 0.007712
v -0.108428 0.602493 0.008139
v -0.095896 0.622908 0.007166
v -0.101354 0.624116 0.008164
v -0.107229 0.623213 0.007130
v -0.108063 0.619562 -0.002151
v -0.100202 0.619549 -0.005815
v -0.094608 0.620004 -0.002403
v -0.093354 0.621323 0.003189
v -0.108902 0.621387 0.003077
v -0.033000 0.569275 0.032811
v -0.016161 0.561428 0.028698
v -0.024264 0.565332 0.034300
v -0.058102 0.572184 0.032205
v -0.039840 0.571224 0.032935
v -0.047231 0.571334 0.034414
v -0.083750 0.570517 0.032052
v -0.064163 0.572341 0.032447
v -0.073231 0.570648 0.034097
v -0.106903 0.562717 0.021793
v -0.092076 0.568805 0.032567
v -0.099506 0.566237 0.031626
v -0.036683 0.557936 0.038139
v -0.016637 0.549455 0.030742
v -0.026456 0.552551 0.038067
v -0.061481 0.559376 0.038100
v -0.030321 0.568058 0.000680
v -0.046985 0.557163 0.039988
v -0.088073 0.557018 0.038250
v -0.015186 0.559687 0.009850
v -0.073444 0.555515 0.040078
v -0.107961 0.549868 0.023690
v -0.022498 0.563416 0.002350
v -0.099636 0.552976 0.035684
v -0.056558 0.572256 0.001418
v -0.039057 0.570799 0.001115
v -0.046852 0.570210 0.000900
v -0.083111 0.569678 0.001821
v -0.063110 0.571614 0.001415
v -0.071969 0.570033 0.001262
v -0.105804 0.561752 0.009291
v -0.089501 0.568436 0.001953
v -0.096944 0.565714 0.002548
v -0.035483 0.556795 -0.001143
v -0.015772 0.548212 0.009678
v -0.024602 0.551552 0.000647
v -0.060337 0.558928 0.001095
v -0.047697 0.554052 0.001032
v -0.085650 0.556039 -0.000289
v -0.071903 0.554146 0.001684
v -0.106571 0.548650 0.009058
v -0.095393 0.551631 0.000075
v -0.034097 0.581268 0.014282
v -0.033374 0.578489 0.004962
v -0.036560 0.579515 0.024471
v -0.036652 0.573188 0.030774
v -0.034086 0.572729 0.001948
v -0.060303 0.583604 0.012001
v -0.058823 0.580813 0.005071
v -0.060943 0.581272 0.022474
v -0.060832 0.575349 0.029951
v -0.059117 0.575020 0.002294
v -0.087083 0.579455 0.014445
v -0.086522 0.577336 0.007522
v -0.088110 0.577951 0.023031
v -0.088343 0.572277 0.030134
v -0.086703 0.571854 0.003062
v -0.107141 0.561749 0.015382
v -0.108214 0.548930 0.016312
v -0.013431 0.559161 0.019626
v -0.013447 0.547977 0.020443
v -0.036463 0.541757 0.041148
v -0.015185 0.539048 0.030604
v -0.025706 0.540019 0.038940
v -0.062310 0.541857 0.041867
v -0.047108 0.542057 0.042227
v -0.089080 0.539817 0.041208
v -0.074876 0.540450 0.042437
v -0.107803 0.535855 0.025468
v -0.099735 0.538006 0.037891
v -0.037929 0.540517 0.001133
v -0.015735 0.538007 0.009535
v -0.025526 0.539190 0.001625
v -0.061559 0.540104 0.005412
v -0.049762 0.538948 0.004113
v -0.083577 0.537703 0.001674
v -0.071446 0.538392 0.004557
v -0.106344 0.534552 0.010316
v -0.093705 0.535872 0.000816
v -0.108000 0.535081 0.017887
v -0.012708 0.538494 0.019735
v -0.036224 0.523238 0.043852
v -0.007305 0.525397 0.028678
v -0.021914 0.522424 0.039464
v -0.063723 0.525340 0.044921
v -0.048479 0.524541 0.045097
v -0.088799 0.524212 0.043763
v -0.075843 0.525034 0.045077
v -0.106897 0.521467 0.027198
v -0.099053 0.522812 0.040150
v -0.040353 0.524100 0.003226
v -0.012112 0.524773 0.007286
v -0.025580 0.524917 0.002189
v -0.062981 0.517827 0.008965
v -0.053095 0.520403 0.007203
v -0.082345 0.521125 0.004657
v -0.070808 0.520878 0.007641
v -0.105662 0.520159 0.012354
v -0.092611 0.519970 0.003314
v -0.107192 0.520836 0.019802
v -0.007772 0.529066 0.016973
v -0.036446 0.476452 0.012298
v -0.004667 0.490304 0.008965
v -0.018427 0.482941 0.009938
v -0.052782 0.473012 0.016224
v -0.042203 0.507658 0.002227
v -0.041032 0.490768 0.003732
v -0.056454 0.487816 0.010687
v -0.056448 0.504141 0.009165
v -0.025218 0.510592 -0.000624
v -0.022923 0.495291 0.000639
v -0.011604 0.512999 0.000912
v -0.008913 0.500186 0.001125
v -0.080520 0.473258 0.016668
v -0.070507 0.473099 0.017245
v -0.103804 0.486016 0.020087
v -0.091240 0.475958 0.016819
v -0.081069 0.504491 0.007453
v -0.080309 0.487774 0.010851
v -0.091210 0.488788 0.010275
v -0.091724 0.504106 0.006201
v -0.104848 0.493998 0.017442
v -0.105387 0.506198 0.014615
v -0.069781 0.505289 0.009975
v -0.069525 0.489049 0.012825
v -0.063804 0.503309 0.011162
v -0.064284 0.488186 0.013544
v -0.063859 0.472538 0.017730
v -0.038181 0.502829 0.046762
v -0.006078 0.505837 0.032543
v -0.021627 0.497458 0.039825
v -0.065444 0.509390 0.047810
v -0.050812 0.506582 0.048160
v -0.088652 0.509533 0.046155
v -0.076744 0.509963 0.047557
v -0.098325 0.508886 0.042670
v -0.002970 0.491534 0.023442
v -0.015756 0.481974 0.025958
v -0.002631 0.504109 0.000368
v 0.002847 0.496600 0.007620
v 0.004248 0.498385 0.020663
v -0.006480 0.523592 0.006241
v -0.006096 0.515177 0.000212
v 0.000851 0.509503 0.029103
v -0.000864 0.524277 0.024575
v -0.003601 0.527521 0.014831
v 0.037392 0.547074 0.001780
v 0.034044 0.547156 -0.007362
v 0.034108 0.548531 -0.001613
v 0.040696 0.540120 -0.007403
v 0.034592 0.544323 -0.011696
v 0.038480 0.541856 -0.010868
v 0.040409 0.543873 0.002838
v 0.041593 0.542098 -0.001895
v 0.039309 0.545244 -0.004999
v 0.007430 0.526915 0.019326
v 0.011856 0.528658 0.017390
v 0.009913 0.527861 0.018144
v 0.007323 0.527478 0.001049
v 0.001196 0.524880 0.003491
v 0.005264 0.526060 0.002119
v 0.008233 0.530483 0.009131
v 0.004102 0.528481 0.011090
v 0.006574 0.529312 0.009994
v 0.015266 0.511484 0.002141
v 0.010318 0.506260 0.004666
v 0.012819 0.509218 0.003519
v 0.007769 0.522087 -0.003765
v 0.001450 0.518752 -0.001550
v 0.005511 0.520414 -0.002689
v 0.004875 0.510942 -0.001770
v 0.010417 0.515398 -0.003862
v 0.007908 0.513184 -0.002610
v 0.011439 0.515831 0.022444
v 0.016746 0.519602 0.019287
v 0.014541 0.518054 0.020515
v 0.012621 0.508207 0.014969
v 0.017877 0.513107 0.011727
v 0.015395 0.511146 0.013131
v 0.015593 0.530299 0.015849
v 0.020044 0.534050 0.013245
v 0.017221 0.531512 0.014717
v 0.014517 0.536778 -0.003603
v 0.011072 0.531724 -0.000421
v 0.012641 0.534333 -0.002016
v 0.014779 0.536855 0.005188
v 0.011124 0.532947 0.007962
v 0.012380 0.534323 0.006677
v 0.028187 0.523967 -0.005898
v 0.021648 0.516370 -0.002300
v 0.024877 0.519408 -0.004302
v 0.016530 0.533391 -0.009612
v 0.012727 0.528199 -0.006122
v 0.014555 0.531160 -0.007923
v 0.016178 0.522393 -0.008095
v 0.020957 0.527421 -0.011201
v 0.018290 0.524752 -0.009701
v 0.021396 0.522924 0.016308
v 0.027038 0.529332 0.011937
v 0.023844 0.525450 0.014319
v 0.024027 0.517088 0.008141
v 0.030319 0.525440 0.003684
v 0.027185 0.520463 0.005956
v 0.033659 0.546186 0.005203
v 0.026990 0.540968 0.009775
v 0.032452 0.535447 0.008780
v 0.038032 0.540916 0.005462
v 0.030139 0.548150 -0.000480
v 0.022439 0.544093 0.002346
v 0.028655 0.546416 -0.007672
v 0.021126 0.542698 -0.006222
v 0.030280 0.542808 -0.012669
v 0.022997 0.538712 -0.012119
v 0.038156 0.536353 -0.007819
v 0.033159 0.530329 -0.007313
v 0.027834 0.533155 -0.013195
v 0.034543 0.538495 -0.013149
v 0.039251 0.537577 -0.000260
v 0.034555 0.531711 0.001456
v 0.009724 0.531702 0.008585
v 0.013758 0.529413 0.016692
v 0.018964 0.521075 0.017981
v 0.010218 0.525020 -0.004908
v 0.009188 0.529483 0.000321
v 0.020726 0.514878 0.010127
v 0.018235 0.513804 0.000086
v 0.013271 0.518768 -0.005943
v -0.002320 0.517147 -0.000843
v 0.003457 0.525534 0.021867
v 0.006389 0.512513 0.025825
v -0.002681 0.524362 0.004723
v 0.008928 0.503770 0.017714
v 0.007180 0.501963 0.006066
v 0.001344 0.507780 -0.000862
v 0.000371 0.528050 0.012857
v -0.107066 0.507039 0.021843
v -0.106702 0.494965 0.023902
v -0.104825 0.484721 0.025220
v -0.091432 0.466879 0.026480
v -0.081031 0.460933 0.025522
v -0.071138 0.458228 0.023514
v -0.062188 0.457324 0.023253
v -0.047647 0.459991 0.028355
v -0.031810 0.470975 0.027039
v -0.106718 0.507852 0.029310
v -0.106399 0.495430 0.031313
v -0.104568 0.484026 0.032421
v -0.097396 0.495878 0.044705
v -0.095464 0.483521 0.045738
v -0.088361 0.496229 0.047923
v -0.087302 0.483979 0.048958
v -0.077620 0.496120 0.049355
v -0.078269 0.483459 0.050238
v -0.067515 0.494712 0.049891
v -0.069974 0.481251 0.050686
v -0.054739 0.489524 0.050207
v -0.060045 0.474214 0.051131
v -0.034129 0.476329 0.041129
v -0.044279 0.459629 0.041306
v -0.051993 0.462367 0.050644
v -0.044144 0.483079 0.048698
v -0.084784 0.458868 0.042497
v -0.082544 0.464290 0.046376
v -0.080901 0.450903 0.048937
v -0.078572 0.461443 0.048645
v -0.076834 0.447092 0.054816
v -0.074291 0.458561 0.051746
v -0.069328 0.446722 0.058214
v -0.069318 0.455870 0.054598
v -0.095176 0.467899 0.032038
v -0.057954 0.060270 0.120447
v -0.057700 0.082919 0.116582
v -0.055134 0.187220 0.105924
v -0.060138 0.433266 0.062985
v -0.054899 0.339900 0.094421
v -0.054006 0.300656 0.102744
v -0.054134 0.261454 0.107461
v -0.054335 0.223671 0.108425
v -0.057501 0.115702 0.110911
v -0.056507 0.150934 0.106836
v -0.058851 0.408653 0.071888
v -0.104586 0.625927 -0.004647
v -0.104959 0.633012 0.005397
v -0.105131 0.631631 0.000136
v -0.102558 0.573750 0.004348
v -0.104451 0.575402 0.024200
v -0.103419 0.590637 0.000072
v -0.103453 0.594075 -0.000371
v -0.103495 0.596526 -0.000899
v -0.103812 0.590248 0.017635
v -0.103763 0.593108 0.016221
v -0.103808 0.596000 0.014899
v -0.104295 0.608369 0.010529
v -0.104418 0.610947 0.009884
v -0.104505 0.614178 0.009400
v -0.104079 0.608893 -0.003655
v -0.104097 0.610965 -0.003922
v -0.104224 0.613032 -0.004459
v -0.104058 0.584061 0.020608
v -0.103007 0.582595 0.001930
v -0.103908 0.602454 -0.002652
v -0.104009 0.602063 0.012497
v -0.104591 0.619305 -0.005622
v -0.104713 0.624013 0.008104
v -0.104783 0.564326 0.027625
v -0.105543 0.551250 0.030548
v -0.102304 0.563318 0.004842
v -0.102116 0.549309 0.003225
v -0.105564 0.536729 0.032493
v -0.101593 0.534573 0.003880
v -0.104789 0.521931 0.034225
v -0.100957 0.519615 0.005929
v -0.099634 0.481134 0.018217
v -0.100417 0.504938 0.008590
v -0.099894 0.491476 0.012552
v -0.100208 0.475853 0.025172
v -0.104310 0.508411 0.036657
v -0.101562 0.483565 0.039840
v -0.103585 0.495675 0.038809
v -0.091323 0.471792 0.044690
v -0.085148 0.472651 0.048100
v -0.100320 0.474225 0.032314
v -0.078309 0.471584 0.049553
v -0.062053 0.451862 0.056545
v -0.072122 0.468923 0.050379
v -0.065592 0.462550 0.052981
v -0.091289 0.464349 0.036835
v -0.087681 0.459563 0.033398
v -0.097179 0.472804 0.039112
v -0.094844 0.370394 0.059208
v -0.090540 0.367218 0.042004
v -0.045867 0.372393 0.037936
v -0.041103 0.375200 0.054257
v -0.072649 0.376605 0.084774
v -0.090057 0.374030 0.074930
v -0.078164 0.364791 0.030872
v -0.063711 0.367362 0.028338
v -0.044421 0.376289 0.071811
v -0.057013 0.376889 0.083238
v -0.086374 0.054787 0.117446
v -0.087099 0.079694 0.115063
v -0.049427 0.064991 0.055172
v -0.051701 0.034116 0.062506
v -0.085924 0.188253 0.102228
v -0.052345 0.190107 0.047452
v -0.075953 0.429862 0.062809
v -0.054629 0.435977 0.028649
v -0.051974 0.326320 0.031652
v -0.050919 0.287295 0.032215
v -0.084792 0.338058 0.092739
v -0.086619 0.299799 0.101142
v -0.087819 0.261762 0.106421
v -0.051726 0.257857 0.034650
v -0.053799 0.227623 0.040482
v -0.086976 0.224794 0.107595
v -0.087307 0.111574 0.108645
v -0.086382 0.149101 0.103052
v -0.048396 0.106916 0.052832
v -0.049309 0.149173 0.050675
v -0.079303 0.406878 0.070727
v -0.054426 0.406875 0.030596
v -0.045898 0.650386 -0.012020
v -0.046327 0.658516 -0.000425
v -0.045933 0.657501 -0.006415
v -0.051743 0.582083 0.001014
v -0.052494 0.582725 0.026924
v -0.050087 0.617840 -0.007047
v -0.047562 0.640898 -0.012056
v -0.047434 0.646141 0.002857
v -0.051613 0.592926 0.022101
v -0.051600 0.592672 -0.001530
v -0.051084 0.602357 -0.003659
v -0.050787 0.605885 -0.004296
v -0.050582 0.608979 -0.005015
v -0.050773 0.601330 0.018076
v -0.050420 0.604632 0.016407
v -0.050133 0.607933 0.014725
v -0.049483 0.616354 0.010729
v -0.049451 0.626826 -0.008695
v -0.049190 0.629656 -0.009158
v -0.048843 0.632342 -0.009921
v -0.048879 0.625108 0.007191
v -0.048711 0.628246 0.006108
v -0.048414 0.632308 0.005274
v -0.053198 0.571441 0.033690
v -0.052251 0.570873 0.001053
v -0.054085 0.557670 0.039352
v -0.054071 0.555751 0.001368
v -0.054581 0.542124 0.042071
v -0.055918 0.539500 0.005148
v -0.056104 0.525089 0.045046
v -0.058608 0.518263 0.008633
v -0.061065 0.503052 0.011058
v -0.061505 0.487563 0.012965
v -0.059362 0.472404 0.017470
v -0.058227 0.508268 0.048044
v -0.055741 0.457804 0.024850
v -0.061177 0.492615 0.050123
v -0.073328 0.446133 0.057178
v -0.071555 0.457033 0.053433
v -0.064959 0.478432 0.050919
v -0.068642 0.466367 0.051451
v -0.053918 0.369944 0.031407
v -0.082327 0.375664 0.081366
v -0.076496 0.031773 0.077382
v -0.084227 0.040374 0.101450
v -0.056341 0.034200 0.084881
v -0.064929 0.044364 0.108706
v -0.091163 0.040833 0.066232
v -0.087983 0.039954 0.062473
v -0.084798 0.039716 0.059595
v -0.093153 0.069011 0.061288
v -0.089506 0.068115 0.057716
v -0.085370 0.067159 0.054814
v -0.095907 0.047565 0.069410
v -0.096644 0.054263 0.068108
v -0.096636 0.061777 0.066822
v -0.081447 0.057486 0.053796
v -0.081980 0.049788 0.055142
v -0.082284 0.043721 0.056604
v -0.096895 0.053322 0.108390
v -0.098200 0.050747 0.104471
v -0.099243 0.048440 0.099393
v -0.098544 0.076476 0.102915
v -0.100242 0.075269 0.098044
v -0.101434 0.074039 0.092613
v -0.096063 0.058828 0.110564
v -0.096285 0.064066 0.109853
v -0.096421 0.070463 0.108550
v -0.102132 0.065193 0.088546
v -0.102042 0.057939 0.090194
v -0.101347 0.051583 0.091877
v -0.099381 0.045108 0.087637
v -0.098268 0.043981 0.081686
v -0.096464 0.042993 0.075992
v -0.098739 0.070541 0.070314
v -0.100559 0.071238 0.075587
v -0.101649 0.072001 0.081167
v -0.074391 0.061678 0.122410
v -0.075024 0.067519 0.121851
v -0.075355 0.074109 0.120610
v -0.089234 0.054478 0.115991
v -0.091923 0.054457 0.114351
v -0.094245 0.054860 0.112426
v -0.089552 0.079333 0.113733
v -0.091966 0.078899 0.112124
v -0.094299 0.078321 0.109955
v -0.043850 0.058834 0.108808
v -0.042789 0.065348 0.107552
v -0.042430 0.072790 0.106123
v -0.060719 0.059107 0.121312
v -0.064698 0.057997 0.122025
v -0.069062 0.057266 0.122240
v -0.062339 0.082717 0.118029
v -0.067007 0.082318 0.118884
v -0.071478 0.081812 0.119199
v -0.036880 0.049804 0.087551
v -0.036015 0.057171 0.086806
v -0.035772 0.065568 0.085830
v -0.043371 0.051394 0.105032
v -0.041225 0.048907 0.099776
v -0.039672 0.046346 0.094047
v -0.036345 0.076279 0.090255
v -0.037691 0.077961 0.095462
v -0.039711 0.079499 0.100298
v -0.040285 0.044539 0.066513
v -0.039997 0.050913 0.065461
v -0.039912 0.059141 0.064771
v -0.038594 0.041855 0.081588
v -0.039004 0.040539 0.075630
v -0.039842 0.040275 0.070715
v -0.035885 0.072845 0.079113
v -0.036707 0.071232 0.073593
v -0.038080 0.069757 0.068532
v -0.046848 0.065714 0.056745
v -0.044346 0.066495 0.058597
v -0.041998 0.067393 0.061010
v -0.071282 0.033228 0.058017
v -0.075727 0.035099 0.057687
v -0.079666 0.037654 0.057663
v -0.075906 0.065187 0.051110
v -0.070912 0.064306 0.050275
v -0.066096 0.063637 0.050043
v -0.055231 0.033104 0.061450
v -0.058850 0.032302 0.060404
v -0.062672 0.031921 0.059438
v -0.065051 0.037301 0.055648
v -0.063661 0.044597 0.053358
v -0.062575 0.053461 0.051633
v -0.087870 0.191413 0.049943
v -0.084554 0.191192 0.047503
v -0.081336 0.191150 0.045793
v -0.098077 0.186397 0.088692
v -0.099537 0.184269 0.084147
v -0.100381 0.183202 0.079370
v -0.095004 0.187533 0.059133
v -0.097497 0.185003 0.064169
v -0.099363 0.183563 0.069289
v -0.088359 0.188464 0.100736
v -0.090798 0.188777 0.099009
v -0.093263 0.189318 0.096779
v -0.060201 0.187283 0.107032
v -0.065225 0.187356 0.107535
v -0.069974 0.187447 0.107506
v -0.032595 0.187489 0.080029
v -0.033547 0.187311 0.085334
v -0.035420 0.187191 0.090297
v -0.033713 0.188032 0.069076
v -0.035605 0.188374 0.063863
v -0.038059 0.188728 0.059181
v -0.049435 0.189875 0.048745
v -0.046535 0.189631 0.050305
v -0.043659 0.189365 0.052401
v -0.074695 0.191164 0.043778
v -0.071246 0.191122 0.043313
v -0.067808 0.191039 0.043215
v -0.038911 0.159938 0.096270
v -0.038553 0.169019 0.095716
v -0.038284 0.178086 0.095213
v -0.075778 0.105257 0.114124
v -0.075740 0.096931 0.115736
v -0.075650 0.088923 0.117375
v -0.095261 0.158041 0.094153
v -0.095234 0.168347 0.093526
v -0.095422 0.178809 0.093237
v -0.101396 0.097241 0.081990
v -0.101591 0.088840 0.083589
v -0.101761 0.080782 0.085239
v -0.039360 0.159388 0.057783
v -0.039803 0.169380 0.057050
v -0.040306 0.179277 0.056244
v -0.034819 0.102401 0.081779
v -0.035240 0.093015 0.082731
v -0.035564 0.083724 0.083724
v -0.077217 0.159145 0.047074
v -0.077425 0.170024 0.046548
v -0.077729 0.180719 0.045765
v -0.060283 0.094852 0.048238
v -0.060599 0.084115 0.048730
v -0.061080 0.073565 0.049412
v -0.094766 0.095914 0.061333
v -0.095302 0.086845 0.062714
v -0.095790 0.078173 0.064122
v -0.081136 0.441295 0.032625
v -0.078400 0.439493 0.030478
v -0.075527 0.438159 0.028763
v -0.082122 0.431100 0.057432
v -0.083328 0.431885 0.055219
v -0.084345 0.432917 0.052653
v -0.084823 0.440284 0.039966
v -0.085281 0.437772 0.043464
v -0.085363 0.435803 0.046734
v -0.077148 0.429901 0.062221
v -0.078354 0.429992 0.061509
v -0.079581 0.430188 0.060551
v -0.062854 0.432282 0.063848
v -0.065494 0.431446 0.064361
v -0.067952 0.430776 0.064572
v -0.046160 0.438474 0.047398
v -0.047102 0.438346 0.050407
v -0.048513 0.437996 0.053242
v -0.045914 0.438192 0.041132
v -0.046556 0.437867 0.038110
v -0.047555 0.437490 0.035385
v -0.053098 0.436227 0.029370
v -0.051596 0.436491 0.030251
v -0.050150 0.436782 0.031449
v -0.069647 0.436405 0.026676
v -0.066796 0.435878 0.026269
v -0.064122 0.435551 0.026198
v -0.036120 0.303364 0.062434
v -0.036622 0.313311 0.061475
v -0.037229 0.323504 0.060451
v -0.037843 0.334979 0.064673
v -0.038340 0.335959 0.069875
v -0.039463 0.336849 0.074903
v -0.040706 0.327676 0.081405
v -0.040288 0.317683 0.082969
v -0.039991 0.307718 0.084402
v -0.037851 0.296825 0.080395
v -0.036526 0.295782 0.074885
v -0.035825 0.294728 0.069195
v -0.081097 0.292501 0.031427
v -0.080862 0.301580 0.031118
v -0.080602 0.311392 0.030903
v -0.075946 0.321602 0.028910
v -0.071517 0.322010 0.027737
v -0.067229 0.322735 0.027218
v -0.063252 0.312843 0.027152
v -0.063266 0.302635 0.027115
v -0.063359 0.293168 0.027191
v -0.067701 0.284105 0.027410
v -0.072213 0.283760 0.028137
v -0.076838 0.283793 0.029598
v -0.095313 0.307707 0.089686
v -0.094746 0.316908 0.088164
v -0.094137 0.326230 0.086438
v -0.095243 0.334869 0.080596
v -0.096700 0.333907 0.075952
v -0.097727 0.332869 0.070809
v -0.098824 0.322606 0.066764
v -0.099377 0.313725 0.067984
v -0.099879 0.305167 0.069088
v -0.099977 0.297628 0.075941
v -0.099042 0.298060 0.081560
v -0.097635 0.298346 0.086675
v -0.059613 0.340082 0.096199
v -0.064489 0.340102 0.097158
v -0.069208 0.339982 0.097428
v -0.073636 0.330102 0.099884
v -0.073828 0.320402 0.102409
v -0.074032 0.310668 0.104710
v -0.049503 0.300175 0.099494
v -0.045634 0.299523 0.095440
v -0.042401 0.298728 0.090779
v -0.049555 0.326949 0.033147
v -0.047197 0.327623 0.034896
v -0.044963 0.328388 0.037153
v -0.042226 0.318849 0.040624
v -0.041622 0.308833 0.041034
v -0.041120 0.299263 0.041440
v -0.053713 0.286610 0.030589
v -0.056651 0.285935 0.029130
v -0.059876 0.285282 0.028006
v -0.095083 0.299443 0.047028
v -0.094732 0.308171 0.046351
v -0.094303 0.317352 0.045643
v -0.091129 0.325317 0.040559
v -0.087955 0.323776 0.036691
v -0.084316 0.322498 0.033404
v -0.085531 0.285599 0.034825
v -0.089305 0.287310 0.038529
v -0.092608 0.289275 0.042838
v -0.087088 0.337566 0.091310
v -0.089334 0.337037 0.089627
v -0.091477 0.336433 0.087436
v -0.084089 0.300131 0.102963
v -0.081334 0.300444 0.104620
v -0.078131 0.300715 0.105948
v -0.041115 0.330351 0.044123
v -0.039635 0.331522 0.048817
v -0.038549 0.332730 0.053982
v -0.036248 0.292731 0.057390
v -0.037295 0.291822 0.051614
v -0.038812 0.290968 0.046336
v -0.098051 0.330698 0.060031
v -0.097249 0.329549 0.054751
v -0.095818 0.328296 0.049682
v -0.097556 0.293080 0.052891
v -0.099122 0.294655 0.058439
v -0.100057 0.295957 0.064202
v -0.084418 0.413396 0.063878
v -0.083209 0.419623 0.062165
v -0.082010 0.425328 0.060618
v -0.091531 0.220173 0.048039
v -0.091166 0.211657 0.049328
v -0.091165 0.202731 0.051123
v -0.101726 0.275207 0.072465
v -0.101227 0.281820 0.071750
v -0.100779 0.289123 0.070960
v -0.097480 0.271092 0.094245
v -0.096915 0.280355 0.093287
v -0.096380 0.289480 0.092222
v -0.079226 0.220393 0.039186
v -0.078798 0.211071 0.041094
v -0.078426 0.201307 0.042980
v -0.062360 0.413326 0.027843
v -0.062078 0.421180 0.027428
v -0.061857 0.428552 0.026938
v -0.033742 0.214862 0.071940
v -0.033319 0.205954 0.072861
v -0.032933 0.196906 0.073731
v -0.040385 0.265377 0.043758
v -0.040355 0.273313 0.042999
v -0.040475 0.281542 0.042385
v -0.064511 0.264338 0.028804
v -0.064114 0.270585 0.028170
v -0.063785 0.277228 0.027705
v -0.038432 0.214047 0.093418
v -0.038236 0.205091 0.093886
v -0.038126 0.196122 0.094320
v -0.074929 0.271815 0.111532
v -0.074730 0.281492 0.110211
v -0.074495 0.291197 0.108622
v -0.095638 0.283673 0.048232
v -0.095900 0.276466 0.048779
v -0.096207 0.269320 0.049349
v -0.107784 0.235619 0.075923
v -0.107251 0.241395 0.075760
v -0.106483 0.246882 0.075520
v -0.096510 0.233911 0.099831
v -0.096949 0.242269 0.099197
v -0.097470 0.250854 0.097795
v -0.081622 0.277304 0.032299
v -0.081862 0.270978 0.032833
v -0.081980 0.264968 0.033402
v -0.035482 0.284348 0.064213
v -0.035317 0.275271 0.065075
v -0.035198 0.266422 0.065956
v -0.041665 0.234307 0.048584
v -0.041308 0.242237 0.047165
v -0.040909 0.249962 0.045852
v -0.066278 0.236935 0.033482
v -0.065936 0.244489 0.031942
v -0.065470 0.251520 0.030666
v -0.039719 0.288021 0.086892
v -0.039686 0.278340 0.087969
v -0.039658 0.268792 0.088957
v -0.074972 0.233592 0.113480
v -0.075076 0.243037 0.113624
v -0.075111 0.252572 0.113292
v -0.035225 0.258023 0.072920
v -0.036039 0.258403 0.078779
v -0.037501 0.258867 0.084437
v -0.077682 0.258504 0.031860
v -0.073334 0.258292 0.030420
v -0.069033 0.258170 0.029673
v -0.092985 0.260588 0.044497
v -0.089475 0.259959 0.040274
v -0.085808 0.259353 0.036787
v -0.101934 0.269097 0.067394
v -0.100939 0.267823 0.061689
v -0.099324 0.265445 0.056063
v -0.090381 0.261603 0.104295
v -0.092928 0.261413 0.101950
v -0.095460 0.261153 0.099132
v -0.038452 0.257577 0.049316
v -0.036773 0.257558 0.054773
v -0.035622 0.257605 0.060740
v -0.059355 0.261783 0.110045
v -0.064853 0.262006 0.111746
v -0.070225 0.262132 0.112582
v -0.048715 0.257801 0.036427
v -0.045793 0.257744 0.038499
v -0.043049 0.257687 0.041159
v -0.100050 0.265126 0.089639
v -0.101294 0.267583 0.084316
v -0.102076 0.268966 0.078791
v -0.102873 0.208165 0.084878
v -0.103859 0.207680 0.082188
v -0.104653 0.207420 0.079046
v -0.102690 0.208712 0.065381
v -0.103835 0.208045 0.068547
v -0.104675 0.207601 0.072046
v -0.103143 0.222910 0.061499
v -0.102662 0.217383 0.062026
v -0.102121 0.212629 0.062627
v -0.103140 0.233655 0.088689
v -0.103129 0.239155 0.088450
v -0.103073 0.243960 0.087993
v -0.105511 0.251951 0.071171
v -0.105023 0.251431 0.067267
v -0.104260 0.250401 0.063827
v -0.103695 0.248530 0.085508
v -0.104527 0.249994 0.082545
v -0.105224 0.251172 0.079048
v -0.098123 0.197490 0.091127
v -0.099753 0.202353 0.089356
v -0.101125 0.206159 0.087815
v -0.103717 0.201965 0.075266
v -0.102445 0.196295 0.074886
v -0.101291 0.190075 0.074565
v -0.100173 0.207036 0.061520
v -0.097888 0.203496 0.059246
v -0.095148 0.198920 0.056709
v -0.102554 0.251152 0.059665
v -0.101043 0.253702 0.057103
v -0.099169 0.256777 0.054085
v -0.100005 0.255170 0.092668
v -0.101288 0.251631 0.090623
v -0.102319 0.248985 0.088809
v -0.104695 0.256250 0.074783
v -0.103826 0.260352 0.074291
v -0.103022 0.264607 0.073733
v -0.095275 0.252439 0.048055
v -0.094089 0.244542 0.047151
v -0.093045 0.236566 0.046910
v -0.081534 0.252266 0.034580
v -0.080989 0.245138 0.035285
v -0.080357 0.237454 0.036218
v -0.034934 0.249209 0.067872
v -0.034735 0.240721 0.068904
v -0.034475 0.232214 0.069945
v -0.039429 0.250142 0.090736
v -0.039208 0.241019 0.091532
v -0.038948 0.231985 0.092252
v -0.106135 0.212844 0.075860
v -0.107072 0.218378 0.075998
v -0.107710 0.224013 0.076046
v -0.095594 0.200555 0.095885
v -0.095591 0.209134 0.097694
v -0.095800 0.217435 0.099014
v -0.041279 0.198721 0.054173
v -0.041644 0.208162 0.052890
v -0.041860 0.217296 0.051499
v -0.065234 0.200968 0.041722
v -0.065846 0.210709 0.039625
v -0.066253 0.220022 0.037417
v -0.074269 0.196773 0.108274
v -0.074416 0.205913 0.109872
v -0.074613 0.215053 0.111481
v -0.103664 0.245968 0.061130
v -0.103746 0.240938 0.060890
v -0.103700 0.235073 0.060887
v -0.102278 0.211944 0.087307
v -0.102564 0.216673 0.087948
v -0.102848 0.222091 0.088425
v -0.101410 0.227217 0.091652
v -0.099754 0.226620 0.094536
v -0.098017 0.226091 0.097262
v -0.101045 0.228646 0.057402
v -0.098257 0.228474 0.053832
v -0.095259 0.228404 0.050428
v -0.104717 0.228498 0.085674
v -0.106229 0.229080 0.082596
v -0.107382 0.229528 0.079395
v -0.050719 0.227301 0.042195
v -0.047679 0.226948 0.044180
v -0.044718 0.226534 0.046707
v -0.059576 0.223842 0.110630
v -0.064971 0.223992 0.112076
v -0.070168 0.224129 0.112783
v -0.039216 0.225420 0.054379
v -0.036911 0.224764 0.059504
v -0.035155 0.224138 0.065130
v -0.089404 0.224934 0.105823
v -0.091776 0.225103 0.103976
v -0.094035 0.225334 0.101980
v -0.107818 0.229752 0.072431
v -0.106971 0.229543 0.068695
v -0.105505 0.229232 0.064892
v -0.089107 0.228609 0.044270
v -0.086038 0.228832 0.041618
v -0.082930 0.229052 0.039339
v -0.076451 0.229241 0.036157
v -0.073095 0.229169 0.035336
v -0.069728 0.229011 0.035049
v -0.034029 0.223254 0.076756
v -0.034791 0.223049 0.082388
v -0.036363 0.222974 0.087788
v -0.042192 0.089084 0.103349
v -0.041917 0.097553 0.102147
v -0.041555 0.106182 0.101057
v -0.040690 0.123819 0.099154
v -0.040231 0.132777 0.098323
v -0.039772 0.141798 0.097568
v -0.074292 0.178232 0.106370
v -0.074470 0.168824 0.106291
v -0.074712 0.159402 0.106678
v -0.075236 0.140757 0.108445
v -0.075462 0.131621 0.109672
v -0.075639 0.122643 0.111059
v -0.096592 0.084868 0.105336
v -0.096642 0.092497 0.103761
v -0.096630 0.100524 0.102206
v -0.096304 0.118166 0.099111
v -0.096013 0.127752 0.097621
v -0.095705 0.137681 0.096254
v -0.099799 0.174845 0.074444
v -0.099527 0.165784 0.074723
v -0.099505 0.156073 0.075217
v -0.099989 0.135726 0.076807
v -0.100377 0.125543 0.077875
v -0.100779 0.115615 0.079105
v -0.039759 0.078213 0.063714
v -0.039554 0.088186 0.063093
v -0.039314 0.098313 0.062406
v -0.038914 0.118755 0.060880
v -0.038830 0.128977 0.060075
v -0.038861 0.139170 0.059276
v -0.032495 0.178439 0.075318
v -0.032485 0.169053 0.076059
v -0.032596 0.159591 0.076791
v -0.033112 0.140515 0.078318
v -0.033482 0.130946 0.079132
v -0.033902 0.121387 0.079981
v -0.080172 0.075284 0.051572
v -0.079570 0.084732 0.050679
v -0.079003 0.094534 0.049916
v -0.077984 0.115262 0.048729
v -0.077575 0.126093 0.048266
v -0.077286 0.137091 0.047856
v -0.063596 0.180651 0.044785
v -0.062698 0.170220 0.045658
v -0.061850 0.159650 0.046234
v -0.060604 0.138212 0.046959
v -0.060271 0.127397 0.047256
v -0.060115 0.116548 0.047549
v -0.091018 0.180098 0.054345
v -0.090889 0.169184 0.054878
v -0.091092 0.158349 0.055456
v -0.092108 0.136677 0.056898
v -0.092781 0.125960 0.057811
v -0.093486 0.115506 0.058855
v -0.089740 0.111010 0.107374
v -0.092121 0.110421 0.105813
v -0.094399 0.109779 0.103671
v -0.088764 0.148876 0.101708
v -0.091099 0.148612 0.100104
v -0.093339 0.148271 0.097980
v -0.045935 0.107212 0.054417
v -0.043528 0.107551 0.056252
v -0.041227 0.107974 0.058584
v -0.046655 0.149172 0.051968
v -0.044036 0.149185 0.053527
v -0.041483 0.149228 0.055619
v -0.034895 0.112758 0.086127
v -0.036244 0.113591 0.091165
v -0.038344 0.114332 0.095853
v -0.033129 0.150297 0.082870
v -0.034363 0.150511 0.087981
v -0.036450 0.150702 0.092707
v -0.090876 0.105252 0.056329
v -0.087128 0.105007 0.053329
v -0.082974 0.104800 0.050990
v -0.088294 0.147796 0.052868
v -0.084811 0.147946 0.050437
v -0.081093 0.148037 0.048684
v -0.100506 0.105808 0.074837
v -0.099071 0.105650 0.069435
v -0.096924 0.105565 0.064444
v -0.098725 0.146130 0.070403
v -0.096919 0.146543 0.065100
v -0.094454 0.147055 0.060255
v -0.073707 0.104799 0.048131
v -0.068897 0.105028 0.047537
v -0.064286 0.105343 0.047459
v -0.073048 0.148322 0.046687
v -0.068899 0.148548 0.046293
v -0.064873 0.148779 0.046278
v -0.037175 0.109228 0.065654
v -0.035641 0.110052 0.070366
v -0.034647 0.110947 0.075527
v -0.036747 0.149453 0.062371
v -0.034808 0.149635 0.067017
v -0.033425 0.149846 0.072167
v -0.098421 0.108252 0.096582
v -0.099939 0.107435 0.091654
v -0.100901 0.106698 0.086185
v -0.097317 0.147234 0.091220
v -0.098794 0.146639 0.086575
v -0.099652 0.146171 0.081390
v -0.062321 0.115412 0.112094
v -0.067112 0.114969 0.112721
v -0.071659 0.114428 0.112854
v -0.061459 0.150770 0.107722
v -0.066322 0.150547 0.108064
v -0.070896 0.150290 0.107940
v -0.086223 0.428452 0.050382
v -0.087421 0.421982 0.051159
v -0.088649 0.414817 0.052128
v -0.083993 0.434345 0.036730
v -0.084628 0.425658 0.037554
v -0.085454 0.416868 0.038315
v -0.073167 0.430138 0.028221
v -0.073823 0.422392 0.028887
v -0.074530 0.413993 0.029473
v -0.048575 0.430677 0.033834
v -0.048300 0.423843 0.034514
v -0.047981 0.416570 0.035159
v -0.045349 0.431940 0.045374
v -0.044847 0.425010 0.046546
v -0.044280 0.417668 0.047775
v -0.049727 0.430993 0.057552
v -0.049088 0.424278 0.059372
v -0.048404 0.417223 0.061291
v -0.070457 0.425227 0.066456
v -0.070820 0.419753 0.068536
v -0.071188 0.413824 0.070790
v -0.087096 0.406596 0.063302
v -0.088394 0.406629 0.060296
v -0.089377 0.406743 0.056905
v -0.089884 0.407306 0.049564
v -0.089282 0.407637 0.045878
v -0.088117 0.407819 0.042336
v -0.046175 0.409204 0.038416
v -0.044949 0.409530 0.041639
v -0.044078 0.409785 0.045244
v -0.080909 0.406798 0.069917
v -0.082504 0.406724 0.068936
v -0.084078 0.406661 0.067612
v -0.084159 0.407204 0.036127
v -0.081485 0.406459 0.033612
v -0.078485 0.405665 0.031545
v -0.071946 0.404665 0.028889
v -0.068651 0.404593 0.028274
v -0.065517 0.404735 0.028054
v -0.043857 0.410042 0.052854
v -0.044598 0.410040 0.056569
v -0.045881 0.409958 0.060085
v -0.062208 0.408304 0.072825
v -0.065550 0.407963 0.073313
v -0.068714 0.407654 0.073426
v -0.052656 0.407392 0.031413
v -0.050915 0.407897 0.032420
v -0.049232 0.408375 0.033807
v -0.019807 0.640190 -0.004977
v -0.019680 0.638822 -0.006525
v -0.019438 0.637545 -0.007782
v -0.015177 0.636652 -0.009671
v -0.016837 0.636722 -0.009435
v -0.018248 0.636691 -0.009009
v -0.006720 0.640924 -0.001080
v -0.006887 0.641766 0.000365
v -0.007254 0.642178 0.001558
v -0.011302 0.645322 0.002904
v -0.009695 0.644456 0.002755
v -0.008426 0.643293 0.002535
v -0.019113 0.644047 0.001127
v -0.019454 0.643617 -0.000143
v -0.019692 0.642730 -0.001653
v -0.008837 0.635193 -0.008655
v -0.010126 0.635663 -0.009216
v -0.011693 0.636105 -0.009568
v -0.007629 0.635743 -0.007291
v -0.007217 0.637030 -0.005995
v -0.006912 0.638418 -0.004399
v -0.017888 0.644857 0.002241
v -0.016509 0.645574 0.002559
v -0.014862 0.645903 0.002806
v -0.014730 0.644218 -0.003539
v -0.016587 0.643738 -0.003567
v -0.018311 0.642833 -0.003504
v -0.007853 0.641530 -0.003076
v -0.009302 0.642880 -0.003291
v -0.010994 0.643792 -0.003405
v -0.012799 0.645603 -0.001639
v -0.012824 0.646442 0.000093
v -0.012916 0.646574 0.001643
v -0.013227 0.638529 -0.008573
v -0.013059 0.640592 -0.007067
v -0.012925 0.642532 -0.005324
v -0.032093 0.582182 0.010532
v -0.031563 0.581403 0.007822
v -0.030860 0.580165 0.005285
v -0.023691 0.574840 0.001504
v -0.025829 0.575872 0.001350
v -0.027840 0.576930 0.001760
v -0.012949 0.570564 0.020581
v -0.013568 0.571116 0.022761
v -0.014454 0.571800 0.024733
v -0.021025 0.575402 0.029029
v -0.018991 0.574456 0.028608
v -0.017177 0.573505 0.027721
v -0.032752 0.581034 0.020978
v -0.032898 0.581985 0.018420
v -0.032783 0.582474 0.015878
v -0.015291 0.571030 0.006907
v -0.017137 0.571852 0.004988
v -0.019245 0.572802 0.003382
v -0.012930 0.570014 0.011277
v -0.012467 0.569861 0.013589
v -0.012374 0.569918 0.015935
v -0.029974 0.578498 0.025837
v -0.027778 0.577794 0.027262
v -0.025496 0.577075 0.028326
v -0.012763 0.599061 0.014707
v -0.012518 0.600992 0.013840
v -0.012232 0.603177 0.012895
v -0.013432 0.582118 0.021224
v -0.012443 0.581716 0.019505
v -0.011690 0.581401 0.017546
v -0.013656 0.581825 0.004299
v -0.015602 0.582437 0.002341
v -0.017840 0.583157 0.000715
v -0.013954 0.589289 0.019483
v -0.014170 0.587268 0.020458
v -0.014413 0.585004 0.021527
v -0.049592 0.653016 -0.007552
v -0.049411 0.651984 -0.008899
v -0.049220 0.650926 -0.009957
v -0.046824 0.650468 -0.011766
v -0.047711 0.650463 -0.011444
v -0.048510 0.650306 -0.011010
v -0.035906 0.655295 -0.004015
v -0.036166 0.656012 -0.002684
v -0.036589 0.656301 -0.001551
v -0.040509 0.659048 -0.000122
v -0.039055 0.658312 -0.000344
v -0.037815 0.657253 -0.000592
v -0.049525 0.655831 -0.002018
v -0.049664 0.655587 -0.003194
v -0.049735 0.654920 -0.004575
v -0.037422 0.649979 -0.010960
v -0.038701 0.650129 -0.011613
v -0.040158 0.650157 -0.012110
v -0.036261 0.650738 -0.009607
v -0.035970 0.651965 -0.008419
v -0.035817 0.653169 -0.006989
v -0.045373 0.658951 -0.000226
v -0.044365 0.659304 -0.000063
v -0.043247 0.659491 0.000029
v -0.046924 0.657034 -0.006459
v -0.047897 0.656404 -0.006450
v -0.048833 0.655448 -0.006336
v -0.036989 0.656004 -0.005844
v -0.038421 0.657218 -0.006054
v -0.039947 0.657993 -0.006158
v -0.041489 0.659709 -0.004428
v -0.041604 0.660460 -0.002754
v -0.041763 0.660435 -0.001252
v -0.041484 0.652467 -0.011266
v -0.041417 0.654671 -0.009761
v -0.041396 0.656671 -0.008030
v -0.057920 0.585167 0.009093
v -0.057519 0.584741 0.006986
v -0.056978 0.583972 0.005135
v -0.050575 0.581996 0.000714
v -0.049347 0.581908 0.000465
v -0.047998 0.581819 0.000316
v -0.036524 0.583533 0.016982
v -0.037255 0.583446 0.019874
v -0.038259 0.583068 0.022705
v -0.041598 0.582306 0.027167
v -0.043480 0.582525 0.027990
v -0.045336 0.582716 0.028439
v -0.057858 0.584035 0.019738
v -0.058137 0.584786 0.016847
v -0.058239 0.585190 0.014066
v -0.044720 0.581632 0.000528
v -0.042817 0.581532 0.001003
v -0.040836 0.581424 0.001830
v -0.037303 0.582416 0.005690
v -0.036513 0.582979 0.008294
v -0.036122 0.583289 0.011118
v -0.053700 0.582638 0.026301
v -0.054894 0.582575 0.025561
v -0.056067 0.582564 0.024570
v -0.023049 0.634133 0.000559
v -0.022521 0.634639 0.002025
v -0.021729 0.635032 0.003261
v -0.014897 0.623406 -0.009096
v -0.014707 0.624998 -0.009540
v -0.014494 0.626796 -0.009987
v -0.019230 0.642898 0.002429
v -0.019750 0.640875 0.003029
v -0.020227 0.638252 0.003640
v -0.010758 0.605572 0.011311
v -0.009782 0.605718 0.010450
v -0.008987 0.605907 0.009323
v -0.079980 0.647586 -0.006402
v -0.079758 0.646245 -0.007860
v -0.079411 0.644955 -0.009058
v -0.074931 0.644388 -0.011194
v -0.076663 0.644339 -0.010855
v -0.078116 0.644180 -0.010328
v -0.066766 0.648951 -0.003105
v -0.067022 0.649898 -0.001723
v -0.067410 0.650420 -0.000570
v -0.071739 0.653422 0.000670
v -0.070057 0.652679 0.000547
v -0.068673 0.651581 0.000363
v -0.079551 0.651190 -0.000768
v -0.079872 0.650821 -0.001944
v -0.080044 0.650004 -0.003329
v -0.068239 0.643507 -0.010280
v -0.069604 0.643854 -0.010840
v -0.071261 0.644135 -0.011192
v -0.067083 0.644053 -0.008966
v -0.066816 0.645220 -0.007741
v -0.066668 0.646477 -0.006240
v -0.078363 0.652124 0.000208
v -0.077023 0.653062 0.000429
v -0.075375 0.653620 0.000606
v -0.075331 0.652020 -0.005447
v -0.077127 0.651462 -0.005369
v -0.078734 0.650412 -0.005178
v -0.068010 0.649450 -0.005006
v -0.069663 0.650764 -0.005245
v -0.071506 0.651654 -0.005383
v -0.073491 0.653473 -0.003723
v -0.073537 0.654358 -0.002087
v -0.073563 0.654521 -0.000595
v -0.073178 0.646422 -0.010242
v -0.073270 0.648468 -0.008824
v -0.073355 0.650380 -0.007183
v -0.085045 0.582012 0.011553
v -0.084810 0.581642 0.009532
v -0.084269 0.581031 0.007604
v -0.080406 0.580202 0.003657
v -0.077537 0.580507 0.002317
v -0.074585 0.580805 0.001415
v -0.061956 0.585427 0.013938
v -0.062389 0.585132 0.016645
v -0.063038 0.584456 0.019549
v -0.066164 0.582844 0.024876
v -0.068314 0.582627 0.026159
v -0.070624 0.582419 0.026976
v -0.083938 0.581939 0.020681
v -0.084553 0.582273 0.018240
v -0.084906 0.582335 0.015911
v -0.069213 0.581228 0.001073
v -0.066964 0.581369 0.001604
v -0.064961 0.581536 0.002513
v -0.062144 0.583430 0.005618
v -0.061742 0.584416 0.007360
v -0.061617 0.585060 0.009290
v -0.075547 0.581954 0.027060
v -0.078029 0.581685 0.026347
v -0.080428 0.581395 0.025213
v -0.039282 0.609974 0.012778
v -0.039188 0.612022 0.011865
v -0.039078 0.614327 0.010866
v -0.038563 0.592679 0.018992
v -0.037475 0.592719 0.016784
v -0.036678 0.592748 0.014259
v -0.039789 0.592348 -0.000485
v -0.041727 0.592335 -0.001640
v -0.043776 0.592351 -0.002353
v -0.039624 0.599772 0.017538
v -0.039722 0.597621 0.018536
v -0.039822 0.595207 0.019638
v -0.107617 0.627687 -0.000364
v -0.107470 0.626675 -0.001537
v -0.107274 0.625741 -0.002490
v -0.105358 0.625735 -0.004384
v -0.106073 0.625512 -0.004010
v -0.106687 0.625268 -0.003529
v -0.095940 0.629455 0.002503
v -0.096170 0.630086 0.003655
v -0.096520 0.630420 0.004608
v -0.100185 0.632763 0.005658
v -0.098846 0.632115 0.005538
v -0.097658 0.631259 0.005377
v -0.107242 0.630766 0.004285
v -0.107462 0.630396 0.003313
v -0.107617 0.629663 0.002161
v -0.097173 0.625814 -0.003609
v -0.098320 0.626048 -0.004106
v -0.099602 0.626201 -0.004478
v -0.096170 0.626189 -0.002477
v -0.095957 0.626989 -0.001419
v -0.095841 0.627821 -0.000139
v -0.104260 0.633254 0.005517
v -0.103484 0.633388 0.005625
v -0.102576 0.633375 0.005699
v -0.105858 0.631215 0.000206
v -0.106534 0.630641 0.000348
v -0.107144 0.629831 0.000577
v -0.097065 0.629914 0.000897
v -0.098483 0.630879 0.000658
v -0.099949 0.631564 0.000481
v -0.101394 0.633017 0.001846
v -0.101444 0.633679 0.003288
v -0.101472 0.633792 0.004602
v -0.100997 0.627847 -0.003752
v -0.101123 0.629351 -0.002532
v -0.101233 0.630744 -0.001140
v -0.107107 0.572834 0.012906
v -0.106931 0.572655 0.011458
v -0.106621 0.572548 0.010044
v -0.101455 0.574291 0.003680
v -0.100253 0.574884 0.003235
v -0.098884 0.575498 0.003041
v -0.089343 0.580953 0.016117
v -0.089998 0.580743 0.018265
v -0.090836 0.580195 0.020546
v -0.093948 0.578428 0.024541
v -0.095774 0.577931 0.025279
v -0.097573 0.577447 0.025694
v -0.107024 0.573776 0.018617
v -0.107159 0.573519 0.017238
v -0.107208 0.573280 0.015816
v -0.095401 0.576669 0.003509
v -0.093384 0.577204 0.004181
v -0.091385 0.577719 0.005140
v -0.088732 0.579636 0.008497
v -0.088505 0.580353 0.010302
v -0.088570 0.580753 0.012151
v -0.105281 0.575042 0.023328
v -0.105934 0.574694 0.022312
v -0.106429 0.574363 0.021173
v -0.041629 0.646420 0.003053
v -0.040067 0.646109 0.002896
v -0.038531 0.645713 0.002580
v -0.052268 0.643949 -0.001921
v -0.051939 0.644366 -0.000536
v -0.051462 0.644752 0.000652
v -0.052574 0.634552 -0.007220
v -0.052261 0.636747 -0.007847
v -0.051858 0.639223 -0.008530
v -0.043112 0.633650 -0.011574
v -0.042897 0.635693 -0.012082
v -0.042655 0.638009 -0.012591
v -0.049697 0.654287 -0.000695
v -0.050096 0.651834 0.000030
v -0.050488 0.648663 0.000800
v -0.037647 0.617110 0.008971
v -0.036550 0.617452 0.007826
v -0.035682 0.617757 0.006397
v -0.051317 0.617937 -0.006346
v -0.052478 0.618028 -0.005572
v -0.053499 0.618105 -0.004650
v -0.037870 0.617814 -0.005481
v -0.039904 0.617712 -0.006891
v -0.042090 0.617634 -0.007902
v -0.048641 0.641087 -0.011527
v -0.049668 0.641293 -0.010925
v -0.050588 0.641536 -0.010178
v -0.051912 0.642198 -0.007984
v -0.052273 0.642613 -0.006553
v -0.052446 0.643057 -0.005008
v -0.036000 0.644836 0.001273
v -0.035115 0.644386 0.000249
v -0.034473 0.643919 -0.000998
v -0.046486 0.646362 0.002952
v -0.045483 0.646542 0.003034
v -0.044370 0.646637 0.003089
v -0.054802 0.617772 0.004819
v -0.054350 0.617517 0.006449
v -0.053761 0.617247 0.007868
v -0.043972 0.635024 0.005028
v -0.043708 0.638531 0.004422
v -0.043409 0.642481 0.003762
v -0.034961 0.652068 -0.004908
v -0.034440 0.649426 -0.004180
v -0.034165 0.646501 -0.003343
v -0.037946 0.634917 0.004202
v -0.037692 0.638045 0.003568
v -0.037414 0.641575 0.002840
v -0.054800 0.611119 -0.002176
v -0.054660 0.613252 -0.002577
v -0.054496 0.615642 -0.003029
v -0.045453 0.609279 0.014470
v -0.045342 0.611317 0.013441
v -0.045216 0.613615 0.012319
v -0.038921 0.584165 0.003028
v -0.038784 0.586856 0.002500
v -0.038493 0.589598 0.001852
v -0.056654 0.600630 0.007488
v -0.056827 0.598525 0.008036
v -0.057010 0.596174 0.008646
v -0.046317 0.584316 -0.000283
v -0.046137 0.586950 -0.001040
v -0.045940 0.589638 -0.001866
v -0.050463 0.592900 0.022604
v -0.049263 0.592872 0.023044
v -0.047964 0.592838 0.023358
v -0.034738 0.624835 0.002887
v -0.034834 0.622767 0.003420
v -0.034944 0.620437 0.004025
v -0.057052 0.593644 0.011789
v -0.056759 0.593509 0.014288
v -0.056296 0.593338 0.016593
v -0.052863 0.592755 -0.001007
v -0.054059 0.592849 -0.000385
v -0.055124 0.592966 0.000432
v -0.054498 0.624921 0.001373
v -0.054680 0.622825 0.001882
v -0.054885 0.620466 0.002456
v -0.056609 0.593303 0.003020
v -0.056995 0.593491 0.004837
v -0.057178 0.593637 0.006942
v -0.035849 0.624918 -0.005060
v -0.035954 0.622816 -0.004656
v -0.036084 0.620440 -0.004204
v -0.012583 0.634332 0.005684
v -0.010921 0.633691 0.005578
v -0.009413 0.632991 0.005306
v -0.008568 0.627630 -0.008029
v -0.010270 0.627858 -0.009166
v -0.012209 0.628238 -0.009962
v -0.019429 0.608941 -0.006336
v -0.021731 0.609584 -0.005951
v -0.023769 0.610190 -0.004989
v -0.010449 0.606883 -0.001915
v -0.012359 0.607272 -0.003732
v -0.014595 0.607753 -0.005175
v -0.027054 0.611159 0.006657
v -0.026464 0.610832 0.008108
v -0.025603 0.610370 0.009292
v -0.015380 0.625001 0.007021
v -0.015058 0.627984 0.006605
v -0.014700 0.631340 0.006145
v -0.016344 0.629146 -0.010361
v -0.018313 0.629619 -0.009940
v -0.020064 0.630134 -0.009130
v -0.022655 0.625690 -0.006552
v -0.022339 0.627221 -0.007004
v -0.021949 0.628933 -0.007487
v -0.009275 0.623034 0.006575
v -0.008911 0.625835 0.006054
v -0.008520 0.628986 0.005462
v -0.022484 0.631390 -0.006446
v -0.023091 0.632112 -0.004718
v -0.023354 0.632839 -0.002894
v -0.006029 0.637610 -0.002124
v -0.005663 0.635163 -0.001383
v -0.005560 0.632518 -0.000533
v -0.007126 0.631646 0.004082
v -0.006392 0.631030 0.003092
v -0.005904 0.630416 0.001853
v -0.026234 0.603633 -0.002326
v -0.026012 0.605769 -0.002686
v -0.025734 0.608169 -0.003086
v -0.019038 0.600172 0.015559
v -0.018716 0.602161 0.014552
v -0.018353 0.604413 0.013468
v -0.013437 0.573081 0.008513
v -0.013009 0.575808 0.007881
v -0.012582 0.578572 0.007181
v -0.030043 0.594790 0.009143
v -0.030334 0.593080 0.009687
v -0.030662 0.591188 0.010295
v -0.021213 0.576316 0.001666
v -0.020908 0.578828 0.001009
v -0.020568 0.581366 0.000284
v -0.027458 0.587253 0.021188
v -0.025701 0.586599 0.022540
v -0.023753 0.585918 0.023570
v -0.007556 0.612705 0.006003
v -0.007810 0.610701 0.006572
v -0.008090 0.608449 0.007218
v -0.030956 0.589159 0.013433
v -0.030618 0.588880 0.015699
v -0.029952 0.588430 0.017743
v -0.022552 0.584751 -0.001025
v -0.024759 0.585564 -0.000983
v -0.026725 0.586369 -0.000294
v -0.026245 0.618225 0.003271
v -0.026594 0.616152 0.003765
v -0.026981 0.613816 0.004317
v -0.029549 0.587881 0.003074
v -0.030357 0.588511 0.005545
v -0.030828 0.588974 0.008243
v -0.008216 0.613317 -0.001533
v -0.008457 0.611283 -0.001040
v -0.008730 0.608998 -0.000482
v -0.107516 0.592747 0.004713
v -0.107495 0.592057 0.004850
v -0.107461 0.591144 0.005034
v -0.107872 0.589849 0.006831
v -0.108083 0.589832 0.008362
v -0.108087 0.589838 0.009859
v -0.107963 0.590967 0.011028
v -0.107988 0.591810 0.010814
v -0.108008 0.592473 0.010642
v -0.108215 0.593093 0.009086
v -0.108225 0.593147 0.007616
v -0.108012 0.593218 0.006112
v -0.107597 0.595257 0.004196
v -0.107565 0.594490 0.004363
v -0.107545 0.593870 0.004491
v -0.108045 0.593620 0.010343
v -0.108067 0.594270 0.010177
v -0.108096 0.595074 0.009975
v -0.108341 0.596160 0.008366
v -0.108356 0.596199 0.006932
v -0.108140 0.596230 0.005453
v -0.094429 0.594937 0.014747
v -0.094369 0.594317 0.015022
v -0.094301 0.593544 0.015365
v -0.092989 0.593030 0.014773
v -0.091999 0.593474 0.013538
v -0.091244 0.593844 0.012144
v -0.090788 0.595194 0.010352
v -0.090858 0.596014 0.010139
v -0.090926 0.596659 0.009967
v -0.091517 0.596911 0.011222
v -0.092272 0.596502 0.012486
v -0.093260 0.596015 0.013588
v -0.094654 0.597343 0.013717
v -0.094598 0.596628 0.014014
v -0.094542 0.596026 0.014271
v -0.091056 0.597767 0.009661
v -0.091122 0.598364 0.009491
v -0.091190 0.599057 0.009293
v -0.091784 0.599598 0.010374
v -0.092530 0.599204 0.011538
v -0.093504 0.598737 0.012535
v -0.107660 0.589868 0.012669
v -0.107291 0.589883 0.013921
v -0.106840 0.589908 0.015015
v -0.106266 0.590962 0.015558
v -0.106234 0.591743 0.015269
v -0.106218 0.592371 0.015024
v -0.106768 0.592927 0.013993
v -0.107275 0.592955 0.012980
v -0.107704 0.592998 0.011801
v -0.106206 0.593478 0.014579
v -0.106205 0.594109 0.014332
v -0.106210 0.594892 0.014035
v -0.106799 0.595930 0.012941
v -0.107332 0.595983 0.012028
v -0.107789 0.596046 0.010945
v -0.090424 0.594255 0.009033
v -0.090432 0.594267 0.007401
v -0.090816 0.594151 0.005779
v -0.091738 0.595053 0.003995
v -0.091811 0.595908 0.003835
v -0.091876 0.596563 0.003713
v -0.091103 0.597343 0.005126
v -0.090718 0.597436 0.006708
v -0.090705 0.597393 0.008292
v -0.091989 0.597652 0.003498
v -0.092043 0.598232 0.003367
v -0.092102 0.598910 0.003201
v -0.091359 0.599989 0.004487
v -0.090986 0.600094 0.006046
v -0.090978 0.600060 0.007590
v -0.098315 0.594859 -0.000692
v -0.098288 0.594201 -0.000641
v -0.098244 0.593317 -0.000543
v -0.104585 0.590382 0.001060
v -0.105692 0.590173 0.002317
v -0.106660 0.590013 0.003755
v -0.102295 0.594338 -0.000964
v -0.101106 0.594637 -0.001217
v -0.099810 0.594982 -0.001136
v -0.098371 0.597008 -0.001036
v -0.098347 0.596378 -0.000871
v -0.098336 0.595863 -0.000777
v -0.102334 0.596737 -0.001492
v -0.101154 0.597027 -0.001756
v -0.099875 0.597393 -0.001692
v -0.100357 0.593036 0.016646
v -0.100330 0.592434 0.016963
v -0.100285 0.591701 0.017357
v -0.098807 0.591111 0.017628
v -0.097251 0.591545 0.017221
v -0.095678 0.592033 0.016622
v -0.095930 0.594931 0.015232
v -0.097483 0.594402 0.015772
v -0.099009 0.593936 0.016145
v -0.100448 0.595466 0.015447
v -0.100419 0.594723 0.015798
v -0.100396 0.594114 0.016097
v -0.096127 0.597699 0.014003
v -0.097649 0.597194 0.014483
v -0.099145 0.596751 0.014815
v -0.092982 0.593540 0.002757
v -0.094643 0.593090 0.001466
v -0.096442 0.592601 0.000403
v -0.096633 0.595843 -0.000004
v -0.094872 0.596319 0.000993
v -0.093241 0.596760 0.002213
v -0.096761 0.598340 -0.000593
v -0.095039 0.598863 0.000391
v -0.093445 0.599348 0.001601
v -0.103105 0.590314 0.017821
v -0.102313 0.590399 0.017940
v -0.101371 0.590538 0.017964
v -0.104398 0.593056 0.016040
v -0.105020 0.593000 0.015778
v -0.105625 0.592951 0.015383
v -0.104427 0.595965 0.014745
v -0.105036 0.595929 0.014520
v -0.105635 0.595903 0.014175
v -0.081354 0.603749 -0.001748
v -0.081347 0.603096 -0.001675
v -0.081322 0.602151 -0.001575
v -0.082571 0.600823 0.000505
v -0.083335 0.600853 0.002763
v -0.083667 0.600838 0.005191
v -0.083661 0.602017 0.007302
v -0.083646 0.602934 0.007073
v -0.083632 0.603614 0.006902
v -0.083655 0.604297 0.004478
v -0.083363 0.604342 0.002182
v -0.082632 0.604321 0.000028
v -0.081377 0.606125 -0.002262
v -0.081363 0.605306 -0.002066
v -0.081356 0.604722 -0.001923
v -0.083605 0.604728 0.006608
v -0.083591 0.605388 0.006429
v -0.083577 0.606269 0.006196
v -0.083630 0.607564 0.003689
v -0.083367 0.607551 0.001449
v -0.082660 0.607460 -0.000676
v -0.066508 0.602774 0.013547
v -0.066481 0.602113 0.013823
v -0.066439 0.601238 0.014192
v -0.065146 0.600296 0.013092
v -0.064168 0.600534 0.011258
v -0.063435 0.600733 0.009303
v -0.062984 0.602085 0.007013
v -0.063014 0.602978 0.006782
v -0.063036 0.603655 0.006609
v -0.063568 0.604064 0.008336
v -0.064318 0.603851 0.010163
v -0.065305 0.603602 0.011854
v -0.066572 0.605445 0.012487
v -0.066561 0.604559 0.012830
v -0.066546 0.603890 0.013093
v -0.063071 0.604794 0.006324
v -0.063090 0.605474 0.006158
v -0.063114 0.606371 0.005942
v -0.063654 0.607425 0.007425
v -0.064395 0.607203 0.009133
v -0.065369 0.606941 0.010693
v -0.083439 0.600567 0.009906
v -0.082937 0.600320 0.011979
v -0.082117 0.600045 0.013795
v -0.080868 0.601012 0.014751
v -0.080823 0.601905 0.014349
v -0.080788 0.602572 0.014052
v -0.081950 0.603416 0.012440
v -0.082796 0.603707 0.010785
v -0.083338 0.603970 0.008878
v -0.080725 0.603678 0.013569
v -0.080690 0.604338 0.013289
v -0.080652 0.605213 0.012924
v -0.081809 0.606723 0.011187
v -0.082675 0.607029 0.009667
v -0.083247 0.607294 0.007891
v -0.062693 0.600924 0.005429
v -0.062752 0.600919 0.003615
v -0.063187 0.600877 0.001894
v -0.064091 0.602136 0.000001
v -0.064107 0.603059 -0.000185
v -0.064121 0.603723 -0.000319
v -0.063254 0.604333 0.001163
v -0.062830 0.604355 0.002855
v -0.062788 0.604320 0.004628
v -0.064147 0.604796 -0.000540
v -0.064162 0.605448 -0.000680
v -0.064182 0.606326 -0.000875
v -0.063335 0.607672 0.000453
v -0.062916 0.607721 0.002135
v -0.062878 0.607693 0.003875
v -0.071955 0.603457 -0.004529
v -0.071939 0.602891 -0.004457
v -0.071911 0.602023 -0.004341
v -0.074460 0.600705 -0.004231
v -0.077031 0.600716 -0.003803
v -0.079369 0.600740 -0.002864
v -0.079471 0.604132 -0.003236
v -0.077139 0.604009 -0.004175
v -0.074567 0.603911 -0.004631
v -0.072000 0.605614 -0.005053
v -0.071987 0.604824 -0.004826
v -0.071975 0.604285 -0.004682
v -0.079522 0.607118 -0.003956
v -0.077190 0.606935 -0.004927
v -0.074617 0.606807 -0.005413
v -0.073393 0.601984 0.016374
v -0.073394 0.601344 0.016722
v -0.073393 0.600488 0.017191
v -0.071398 0.599401 0.017579
v -0.069537 0.599569 0.016962
v -0.067849 0.599790 0.016001
v -0.067982 0.603054 0.014483
v -0.069636 0.602805 0.015333
v -0.071452 0.602615 0.015867
v -0.073367 0.604567 0.015042
v -0.073380 0.603702 0.015473
v -0.073387 0.603055 0.015805
v -0.068014 0.606352 0.013070
v -0.069647 0.606078 0.013816
v -0.071438 0.605867 0.014277
v -0.065450 0.600776 -0.001246
v -0.067265 0.600741 -0.002555
v -0.069431 0.600717 -0.003556
v -0.069521 0.603916 -0.004067
v -0.067342 0.604019 -0.003133
v -0.065517 0.604144 -0.001888
v -0.069571 0.606893 -0.004860
v -0.067399 0.607096 -0.003905
v -0.065582 0.607331 -0.002632
v -0.079354 0.599558 0.016474
v -0.077488 0.599397 0.017287
v -0.075457 0.599309 0.017744
v -0.075401 0.602539 0.015995
v -0.077378 0.602663 0.015586
v -0.079203 0.602867 0.014858
v -0.075324 0.605779 0.014376
v -0.077269 0.605913 0.014015
v -0.079068 0.606133 0.013369
v -0.055233 0.605478 -0.001102
v -0.055310 0.604783 -0.000949
v -0.055406 0.603811 -0.000739
v -0.056113 0.602447 0.001025
v -0.056451 0.602450 0.002805
v -0.056570 0.602429 0.004829
v -0.056388 0.603667 0.006691
v -0.056298 0.604598 0.006443
v -0.056228 0.605286 0.006259
v -0.056239 0.605943 0.003969
v -0.056113 0.606000 0.001985
v -0.055765 0.606025 0.000231
v -0.054996 0.608096 -0.001613
v -0.055061 0.607202 -0.001447
v -0.055115 0.606556 -0.001325
v -0.056113 0.606412 0.005961
v -0.056048 0.607094 0.005785
v -0.055965 0.608017 0.005550
v -0.055941 0.609396 0.003194
v -0.055831 0.609431 0.001286
v -0.055496 0.609419 -0.000420
v -0.039442 0.604418 0.015351
v -0.039457 0.603754 0.015667
v -0.039488 0.602836 0.016100
v -0.038212 0.601760 0.015258
v -0.037120 0.601986 0.013432
v -0.036290 0.602186 0.011288
v -0.035692 0.603729 0.008498
v -0.035658 0.604707 0.008229
v -0.035637 0.605405 0.008038
v -0.036170 0.605780 0.010140
v -0.037010 0.605527 0.012118
v -0.038108 0.605240 0.013782
v -0.039397 0.607043 0.014117
v -0.039421 0.606150 0.014531
v -0.039431 0.605493 0.014839
v -0.035601 0.606514 0.007742
v -0.035572 0.607185 0.007565
v -0.035529 0.608099 0.007322
v -0.036054 0.609192 0.009059
v -0.036916 0.608919 0.010863
v -0.038025 0.608603 0.012366
v -0.056283 0.602268 0.009335
v -0.055908 0.602133 0.011588
v -0.055378 0.601982 0.013629
v -0.054538 0.603097 0.014793
v -0.054423 0.604003 0.014430
v -0.054333 0.604668 0.014156
v -0.054963 0.605384 0.012375
v -0.055521 0.605558 0.010456
v -0.055926 0.605718 0.008317
v -0.054186 0.605756 0.013688
v -0.054106 0.606416 0.013400
v -0.054006 0.607310 0.013010
v -0.054585 0.608758 0.011050
v -0.055159 0.608967 0.009281
v -0.055586 0.609157 0.007295
v -0.035530 0.602397 0.006290
v -0.035687 0.602404 0.003670
v -0.036284 0.602375 0.001201
v -0.037319 0.603774 -0.001207
v -0.037287 0.604755 -0.001380
v -0.037269 0.605426 -0.001487
v -0.036153 0.606003 0.000520
v -0.035556 0.606049 0.002907
v -0.035398 0.606046 0.005424
v -0.037208 0.606422 -0.001619
v -0.037144 0.607029 -0.001704
v -0.037052 0.607890 -0.001841
v -0.035854 0.609290 -0.000015
v -0.035300 0.609399 0.002285
v -0.035195 0.609439 0.004673
v -0.044903 0.605312 -0.005378
v -0.044940 0.604680 -0.005297
v -0.044996 0.603723 -0.005155
v -0.052372 0.602376 -0.003088
v -0.053589 0.602394 -0.002425
v -0.054663 0.602413 -0.001575
v -0.049496 0.605839 -0.004798
v -0.048131 0.605799 -0.005214
v -0.046615 0.605771 -0.005456
v -0.044745 0.607497 -0.005856
v -0.044801 0.606707 -0.005641
v -0.044842 0.606179 -0.005513
v -0.049304 0.608865 -0.005553
v -0.047945 0.608769 -0.005994
v -0.046427 0.608708 -0.006240
v -0.045724 0.603782 0.017388
v -0.045764 0.603139 0.017749
v -0.045823 0.602265 0.018242
v -0.044357 0.601090 0.018803
v -0.042710 0.601193 0.018432
v -0.041071 0.601345 0.017755
v -0.040949 0.604708 0.016032
v -0.042563 0.604512 0.016639
v -0.044178 0.604376 0.016972
v -0.045603 0.606368 0.015981
v -0.045645 0.605485 0.016450
v -0.045673 0.604839 0.016801
v -0.040858 0.608024 0.014384
v -0.042455 0.607816 0.014926
v -0.044048 0.607673 0.015225
v -0.039001 0.602310 -0.002603
v -0.040967 0.602296 -0.003796
v -0.043066 0.602293 -0.004554
v -0.042882 0.605779 -0.005080
v -0.040804 0.605816 -0.004338
v -0.038855 0.605869 -0.003176
v -0.042644 0.608751 -0.005767
v -0.040526 0.608855 -0.004942
v -0.038545 0.608992 -0.003709
v -0.049679 0.601218 0.018404
v -0.048537 0.601123 0.018685
v -0.047297 0.601060 0.018877
v -0.051466 0.604767 0.016112
v -0.052477 0.604906 0.015686
v -0.053419 0.605053 0.015000
v -0.051145 0.608071 0.014462
v -0.052126 0.608215 0.014078
v -0.053046 0.608374 0.013455
v -0.026753 0.598172 -0.001372
v -0.026858 0.597535 -0.001273
v -0.027003 0.596651 -0.001120
v -0.028426 0.595785 0.001113
v -0.029238 0.596054 0.003528
v -0.029680 0.596203 0.006133
v -0.029611 0.597322 0.008355
v -0.029467 0.598143 0.008110
v -0.029356 0.598780 0.007926
v -0.029156 0.599328 0.005315
v -0.028717 0.599218 0.002805
v -0.027905 0.598999 0.000474
v -0.026507 0.600640 -0.001805
v -0.026577 0.599776 -0.001646
v -0.026627 0.599168 -0.001533
v -0.029177 0.599866 0.007621
v -0.029075 0.600531 0.007442
v -0.028937 0.601439 0.007210
v -0.028697 0.602697 0.004560
v -0.028326 0.602544 0.002142
v -0.027578 0.602271 -0.000128
v -0.013465 0.593732 0.017287
v -0.013543 0.593079 0.017616
v -0.013642 0.592192 0.018058
v -0.012529 0.590834 0.017521
v -0.011488 0.590781 0.016094
v -0.010659 0.590769 0.014427
v -0.009891 0.592182 0.012136
v -0.009787 0.593171 0.011840
v -0.009714 0.593881 0.011627
v -0.010287 0.594379 0.013201
v -0.011125 0.594304 0.014722
v -0.012164 0.594257 0.015999
v -0.013118 0.596293 0.015999
v -0.013234 0.595437 0.016417
v -0.013323 0.594798 0.016739
v -0.009599 0.595015 0.011278
v -0.009529 0.595692 0.011065
v -0.009433 0.596594 0.010783
v -0.009923 0.597723 0.012037
v -0.010745 0.597601 0.013426
v -0.011761 0.597505 0.014561
v -0.029632 0.596107 0.011014
v -0.029169 0.595857 0.013069
v -0.028391 0.595478 0.014869
v -0.027053 0.596062 0.015935
v -0.026883 0.596871 0.015571
v -0.026753 0.597495 0.015290
v -0.027773 0.598549 0.013617
v -0.028579 0.598937 0.011934
v -0.029072 0.599193 0.009989
v -0.026542 0.598559 0.014806
v -0.026420 0.599209 0.014512
v -0.026255 0.600095 0.014123
v -0.027158 0.601894 0.012306
v -0.027980 0.602312 0.010775
v -0.028504 0.602587 0.008979
v -0.009660 0.590785 0.010526
v -0.009597 0.590828 0.008388
v -0.009958 0.590943 0.006204
v -0.010665 0.592605 0.003697
v -0.010543 0.593609 0.003471
v -0.010462 0.594324 0.003313
v -0.009526 0.594680 0.005296
v -0.009180 0.594566 0.007429
v -0.009259 0.594503 0.009507
v -0.010343 0.595445 0.003047
v -0.010273 0.596112 0.002873
v -0.010173 0.597008 0.002633
v -0.009156 0.598080 0.004391
v -0.008816 0.597980 0.006496
v -0.008901 0.597912 0.008527
v -0.018477 0.596186 -0.003045
v -0.018565 0.595511 -0.002966
v -0.018698 0.594551 -0.002826
v -0.021274 0.593791 -0.003093
v -0.023526 0.594384 -0.002988
v -0.025538 0.594932 -0.002255
v -0.025026 0.598265 -0.002773
v -0.023026 0.597783 -0.003477
v -0.020788 0.597255 -0.003581
v -0.018245 0.598635 -0.003536
v -0.018326 0.597801 -0.003318
v -0.018377 0.597202 -0.003185
v -0.024763 0.601432 -0.003370
v -0.022760 0.600913 -0.004121
v -0.020504 0.600370 -0.004286
v -0.019968 0.594850 0.018566
v -0.020081 0.594256 0.018934
v -0.020227 0.593470 0.019415
v -0.018584 0.591878 0.020208
v -0.016838 0.591469 0.020019
v -0.015223 0.591163 0.019504
v -0.014811 0.594361 0.017747
v -0.016382 0.594560 0.018199
v -0.018079 0.594884 0.018368
v -0.019507 0.597341 0.017072
v -0.019658 0.596484 0.017560
v -0.019773 0.595858 0.017935
v -0.014346 0.597546 0.016058
v -0.015881 0.597737 0.016423
v -0.017544 0.598064 0.016540
v -0.012317 0.591534 0.001941
v -0.014257 0.592015 0.000054
v -0.016504 0.592575 -0.001499
v -0.016039 0.596164 -0.002085
v -0.013799 0.595658 -0.000619
v -0.011865 0.595222 0.001176
v -0.015707 0.599334 -0.002894
v -0.013448 0.598891 -0.001461
v -0.011500 0.598525 0.000309
v -0.025838 0.594362 0.017747
v -0.024147 0.593689 0.018812
v -0.022308 0.593014 0.019593
v -0.021716 0.595964 0.017851
v -0.023526 0.596665 0.017176
v -0.025202 0.597377 0.016239
v -0.021125 0.599179 0.016057
v -0.022918 0.599907 0.015465
v -0.024584 0.600651 0.014643
v -0.106612 0.585294 0.017361
v -0.106509 0.587083 0.016833
v -0.106407 0.588649 0.016342
v -0.107573 0.580349 0.013308
v -0.107447 0.578024 0.013689
v -0.107316 0.575594 0.014043
v -0.033886 0.642905 -0.004069
v -0.034008 0.642376 -0.005777
v -0.034509 0.641869 -0.007480
v -0.054860 0.618190 -0.002098
v -0.055156 0.618179 -0.000477
v -0.055228 0.618113 0.001272
v -0.099829 0.586611 0.020200
v -0.099976 0.588184 0.019309
v -0.100108 0.589585 0.018524
v -0.048514 0.616232 0.010904
v -0.047492 0.616130 0.011054
v -0.046366 0.616067 0.011153
v -0.093837 0.588069 0.017839
v -0.093999 0.589736 0.017069
v -0.094124 0.591252 0.016384
v -0.036229 0.648429 -0.010320
v -0.035869 0.646408 -0.010087
v -0.035614 0.644008 -0.009652
v -0.091297 0.588640 0.005265
v -0.091445 0.590613 0.004867
v -0.091561 0.592402 0.004510
v -0.089947 0.585454 0.012871
v -0.089624 0.583693 0.013346
v -0.089258 0.582152 0.013761
v -0.036919 0.641034 -0.010496
v -0.038699 0.640743 -0.011661
v -0.040597 0.640547 -0.012523
v -0.034715 0.618083 0.002660
v -0.034731 0.618089 0.000489
v -0.035206 0.618025 -0.001690
v -0.097856 0.586642 0.000737
v -0.097980 0.588683 0.000286
v -0.098090 0.590546 -0.000087
v -0.043612 0.616138 0.011092
v -0.042033 0.616285 0.010869
v -0.040448 0.616501 0.010466
v -0.107085 0.584152 0.006473
v -0.107219 0.586318 0.006022
v -0.107326 0.588272 0.005619
v -0.050522 0.651961 -0.005594
v -0.051250 0.649426 -0.004966
v -0.051892 0.646556 -0.004229
v -0.081224 0.593871 0.017919
v -0.081114 0.596128 0.016937
v -0.081014 0.598131 0.016048
v -0.084091 0.589239 0.011083
v -0.084342 0.586577 0.012062
v -0.084665 0.584173 0.012964
v -0.052453 0.623973 0.006448
v -0.052629 0.621846 0.007195
v -0.052833 0.619472 0.008056
v -0.044570 0.610412 -0.006667
v -0.044451 0.612555 -0.007242
v -0.044317 0.614994 -0.007859
v -0.073337 0.593715 0.020920
v -0.073367 0.595831 0.019761
v -0.073382 0.597732 0.018713
v -0.056664 0.585437 0.021414
v -0.056250 0.588024 0.020328
v -0.055928 0.590610 0.019394
v -0.063991 0.594441 0.001598
v -0.064022 0.596860 0.001084
v -0.064049 0.599034 0.000632
v -0.062386 0.590703 0.010023
v -0.062183 0.588621 0.010584
v -0.061953 0.586809 0.011078
v -0.044892 0.592746 0.023356
v -0.043179 0.592697 0.022908
v -0.041483 0.592662 0.022072
v -0.036067 0.592682 0.008682
v -0.036323 0.592587 0.005900
v -0.037008 0.592484 0.003340
v -0.071656 0.593961 -0.002832
v -0.071722 0.596534 -0.003400
v -0.071797 0.598837 -0.003835
v -0.046963 0.585420 0.027257
v -0.046829 0.587927 0.025990
v -0.046677 0.590381 0.024740
v -0.065473 0.590018 0.019073
v -0.065129 0.587821 0.020122
v -0.064706 0.585601 0.021312
v -0.055659 0.600559 -0.000060
v -0.055798 0.598289 0.000414
v -0.055916 0.595762 0.000954
v -0.081363 0.588405 0.001974
v -0.081731 0.585623 0.003338
v -0.082273 0.582864 0.004634
v -0.035836 0.600419 0.009406
v -0.035947 0.598090 0.010045
v -0.036070 0.595484 0.010763
v -0.055379 0.595684 0.017622
v -0.055122 0.598034 0.016752
v -0.054888 0.600119 0.015957
v -0.057361 0.591220 0.009920
v -0.057556 0.588891 0.010518
v -0.057811 0.586869 0.011043
v -0.019323 0.635422 0.004903
v -0.017771 0.635397 0.005330
v -0.016081 0.635211 0.005566
v -0.005572 0.629093 -0.001320
v -0.005769 0.628447 -0.003127
v -0.006295 0.627930 -0.004926
v -0.046346 0.595167 0.022210
v -0.046182 0.597405 0.020978
v -0.046034 0.599401 0.019861
v -0.023046 0.609061 0.011030
v -0.021432 0.608286 0.011638
v -0.019707 0.607519 0.012085
v -0.037881 0.595217 0.000522
v -0.037659 0.597922 -0.000057
v -0.037495 0.600349 -0.000551
v -0.036314 0.590006 0.012278
v -0.036374 0.587438 0.012987
v -0.036328 0.585200 0.013595
v -0.021017 0.639870 -0.002920
v -0.021965 0.637926 -0.002393
v -0.022715 0.635783 -0.001770
v -0.007743 0.633543 -0.008064
v -0.007472 0.631743 -0.007807
v -0.007294 0.629735 -0.007287
v -0.045541 0.595186 -0.003409
v -0.045361 0.597883 -0.004032
v -0.045205 0.600311 -0.004537
v -0.016281 0.606277 0.012530
v -0.014695 0.605874 0.012518
v -0.013230 0.605622 0.012323
v -0.039975 0.590066 0.021911
v -0.039983 0.587478 0.023051
v -0.039904 0.584891 0.024246
v -0.026532 0.611079 -0.001588
v -0.027188 0.611311 0.000588
v -0.027448 0.611400 0.002817
v -0.056011 0.590473 0.002153
v -0.056013 0.587869 0.002726
v -0.056050 0.585305 0.003192
v -0.007973 0.606201 0.006199
v -0.007871 0.606297 0.004269
v -0.008183 0.606413 0.002211
v -0.028394 0.589914 0.018693
v -0.027951 0.591834 0.017844
v -0.027580 0.593548 0.017073
v -0.031383 0.587226 0.011584
v -0.031757 0.585373 0.012206
v -0.032131 0.583768 0.012774
v -0.023229 0.616703 0.007986
v -0.023599 0.614597 0.008638
v -0.024017 0.612240 0.009402
v -0.017910 0.601487 -0.004334
v -0.017649 0.603525 -0.004894
v -0.017341 0.605838 -0.005495
v -0.021347 0.587286 0.023066
v -0.020991 0.589229 0.021945
v -0.020679 0.590961 0.020923
v -0.030981 0.581562 0.022467
v -0.030168 0.583664 0.021397
v -0.029489 0.585773 0.020460
v -0.011769 0.584158 0.005744
v -0.011408 0.586821 0.005081
v -0.011095 0.589208 0.004499
v -0.011509 0.578401 0.016235
v -0.011870 0.575641 0.017003
v -0.012223 0.572892 0.017696
v -0.019759 0.584517 0.024452
v -0.017886 0.583830 0.024255
v -0.016173 0.583186 0.023643
v -0.010845 0.581024 0.013215
v -0.010840 0.580989 0.010958
v -0.011246 0.581093 0.008693
v -0.019839 0.586544 -0.001122
v -0.019483 0.589049 -0.001718
v -0.019160 0.591311 -0.002212
v -0.022915 0.578661 0.027697
v -0.022548 0.580923 0.026516
v -0.022145 0.583102 0.025368
v -0.014943 0.580172 0.023695
v -0.015204 0.577701 0.024701
v -0.015445 0.575183 0.025616
v -0.027451 0.593729 -0.000526
v -0.027740 0.591707 -0.000072
v -0.028047 0.589470 0.000465
v -0.028632 0.584851 0.001698
v -0.028924 0.582608 0.002294
v -0.029267 0.580421 0.002767
v -0.010253 0.588859 0.013132
v -0.010517 0.586527 0.013831
v -0.010821 0.583916 0.014610
v -0.106871 0.610812 0.009172
v -0.106843 0.610310 0.009286
v -0.106803 0.609622 0.009453
v -0.103663 0.608298 0.010602
v -0.102952 0.608238 0.010653
v -0.102091 0.608202 0.010676
v -0.101050 0.609139 0.010399
v -0.101079 0.609823 0.010216
v -0.101098 0.610338 0.010091
v -0.105040 0.611015 0.009802
v -0.105659 0.611084 0.009667
v -0.106276 0.611152 0.009441
v -0.106960 0.613023 0.008763
v -0.106931 0.612191 0.008898
v -0.106910 0.611636 0.009000
v -0.101124 0.611193 0.009906
v -0.101138 0.611778 0.009802
v -0.101157 0.612680 0.009664
v -0.105135 0.614212 0.009329
v -0.105761 0.614242 0.009199
v -0.106384 0.614264 0.008963
v -0.093305 0.611190 0.000092
v -0.093241 0.610766 0.000213
v -0.093165 0.610209 0.000360
v -0.094358 0.609403 -0.000861
v -0.095949 0.609336 -0.002105
v -0.097650 0.609258 -0.003131
v -0.099322 0.609999 -0.003969
v -0.099357 0.610538 -0.004025
v -0.099381 0.610886 -0.004069
v -0.097833 0.611251 -0.003431
v -0.096181 0.611363 -0.002496
v -0.094629 0.611465 -0.001345
v -0.093577 0.612982 -0.000441
v -0.093491 0.612353 -0.000256
v -0.093423 0.611905 -0.000124
v -0.099426 0.611402 -0.004172
v -0.099461 0.611769 -0.004264
v -0.099517 0.612342 -0.004412
v -0.098065 0.613382 -0.003989
v -0.096450 0.613555 -0.003100
v -0.094933 0.613727 -0.001996
v -0.099662 0.608254 0.010606
v -0.098160 0.608349 0.010473
v -0.096640 0.608481 0.010229
v -0.095288 0.609477 0.009616
v -0.095322 0.610102 0.009453
v -0.095347 0.610586 0.009333
v -0.096756 0.610894 0.009612
v -0.098270 0.610820 0.009837
v -0.099768 0.610776 0.009951
v -0.095382 0.611416 0.009145
v -0.095403 0.611968 0.009035
v -0.095434 0.612795 0.008887
v -0.096852 0.614022 0.009075
v -0.098351 0.614025 0.009309
v -0.099841 0.614039 0.009428
v -0.105238 0.608877 -0.002771
v -0.106382 0.608884 -0.001626
v -0.107410 0.608904 -0.000297
v -0.108249 0.609862 0.000928
v -0.108266 0.610511 0.000769
v -0.108276 0.610971 0.000643
v -0.103005 0.610950 -0.004424
v -0.101919 0.610982 -0.004619
v -0.100749 0.611049 -0.004513
v -0.108289 0.611697 0.000421
v -0.108295 0.612145 0.000277
v -0.108300 0.612764 0.000072
v -0.103151 0.612994 -0.004930
v -0.102080 0.613021 -0.005112
v -0.100925 0.613101 -0.005012
v -0.092175 0.611116 0.005923
v -0.092132 0.610665 0.006056
v -0.092079 0.610092 0.006222
v -0.091780 0.609429 0.005081
v -0.091832 0.609472 0.003595
v -0.092239 0.609477 0.002056
v -0.092527 0.611593 0.001448
v -0.092098 0.611603 0.002966
v -0.092014 0.611575 0.004449
v -0.092373 0.613122 0.005372
v -0.092302 0.612406 0.005561
v -0.092253 0.611904 0.005697
v -0.092858 0.614002 0.000731
v -0.092418 0.614089 0.002236
v -0.092310 0.614140 0.003721
v -0.108888 0.611039 0.006066
v -0.108862 0.610548 0.006202
v -0.108824 0.609872 0.006380
v -0.108406 0.608869 0.007654
v -0.107919 0.608804 0.008508
v -0.107352 0.608729 0.009187
v -0.107501 0.611288 0.008566
v -0.108068 0.611349 0.007874
v -0.108552 0.611400 0.007004
v -0.108967 0.613062 0.005497
v -0.108946 0.612340 0.005700
v -0.108927 0.611834 0.005841
v -0.107613 0.614258 0.008005
v -0.108176 0.614227 0.007246
v -0.108650 0.614177 0.006308
v -0.094073 0.608832 0.009280
v -0.093154 0.609022 0.008531
v -0.092471 0.609198 0.007585
v -0.092645 0.611399 0.006971
v -0.093308 0.611267 0.007925
v -0.094211 0.611127 0.008679
v -0.092871 0.614144 0.006294
v -0.093494 0.614109 0.007291
v -0.094360 0.614069 0.008086
v -0.108738 0.608945 0.002604
v -0.108976 0.608952 0.004042
v -0.108974 0.608944 0.005398
v -0.109097 0.611450 0.004725
v -0.109081 0.611440 0.003371
v -0.108821 0.611403 0.001954
v -0.109158 0.614024 0.003935
v -0.109119 0.613920 0.002570
v -0.108844 0.613793 0.001163
v -0.081284 0.626099 -0.006112
v -0.081318 0.625585 -0.005978
v -0.081353 0.624818 -0.005808
v -0.082628 0.623685 -0.003756
v -0.083289 0.623672 -0.001794
v -0.083491 0.623621 0.000161
v -0.083329 0.624645 0.001692
v -0.083312 0.625414 0.001498
v -0.083298 0.625941 0.001360
v -0.083404 0.626438 -0.000549
v -0.083176 0.626484 -0.002497
v -0.082495 0.626495 -0.004441
v -0.081151 0.628059 -0.006701
v -0.081188 0.627342 -0.006492
v -0.081221 0.626857 -0.006344
v -0.083275 0.626755 0.001136
v -0.083258 0.627314 0.000982
v -0.083233 0.628178 0.000745
v -0.083277 0.629448 -0.001420
v -0.083019 0.629360 -0.003356
v -0.082327 0.629248 -0.005267
v -0.066482 0.625176 0.005698
v -0.066500 0.624633 0.005857
v -0.066522 0.623848 0.006099
v -0.065436 0.622926 0.005628
v -0.064579 0.623154 0.004574
v -0.063950 0.623356 0.003327
v -0.063556 0.624640 0.001649
v -0.063571 0.625404 0.001462
v -0.063583 0.625927 0.001329
v -0.063976 0.626188 0.002599
v -0.064567 0.626008 0.003797
v -0.065392 0.625806 0.004798
v -0.066548 0.627676 0.005150
v -0.066513 0.626670 0.005341
v -0.066487 0.626040 0.005474
v -0.063612 0.626737 0.001118
v -0.063639 0.627284 0.000974
v -0.063679 0.628110 0.000753
v -0.064104 0.629361 0.001823
v -0.064687 0.629339 0.003051
v -0.065507 0.629296 0.004075
v -0.082962 0.623339 0.003514
v -0.082324 0.623117 0.004785
v -0.081408 0.622872 0.005799
v -0.080159 0.623811 0.006212
v -0.080144 0.624614 0.005977
v -0.080138 0.625168 0.005824
v -0.081356 0.625810 0.004982
v -0.082274 0.626017 0.004008
v -0.082910 0.626201 0.002771
v -0.080134 0.626042 0.005603
v -0.080134 0.626681 0.005464
v -0.080135 0.627705 0.005265
v -0.081341 0.629387 0.004218
v -0.082238 0.629455 0.003208
v -0.082849 0.629497 0.001934
v -0.063317 0.623619 0.000372
v -0.063371 0.623674 -0.001261
v -0.063766 0.623692 -0.002936
v -0.064618 0.624823 -0.004840
v -0.064651 0.625585 -0.005005
v -0.064682 0.626098 -0.005123
v -0.063898 0.626491 -0.003586
v -0.063490 0.626474 -0.001926
v -0.063413 0.626424 -0.000303
v -0.064749 0.626863 -0.005321
v -0.064794 0.627348 -0.005464
v -0.064855 0.628048 -0.005688
v -0.064104 0.629166 -0.004432
v -0.063672 0.629251 -0.002777
v -0.063573 0.629317 -0.001138
v -0.072030 0.626055 -0.009486
v -0.072023 0.625567 -0.009422
v -0.072022 0.624804 -0.009315
v -0.074601 0.623635 -0.009013
v -0.077173 0.623646 -0.008313
v -0.079513 0.623662 -0.007136
v -0.079395 0.626459 -0.007711
v -0.077093 0.626432 -0.008806
v -0.074568 0.626410 -0.009438
v -0.072143 0.627833 -0.009842
v -0.072095 0.627174 -0.009677
v -0.072063 0.626735 -0.009584
v -0.079310 0.629014 -0.008419
v -0.077093 0.628919 -0.009449
v -0.074659 0.628852 -0.010032
v -0.073044 0.624650 0.006871
v -0.073050 0.624099 0.007038
v -0.073062 0.623294 0.007302
v -0.071217 0.622159 0.007645
v -0.069474 0.622290 0.007440
v -0.067899 0.622475 0.007057
v -0.067832 0.625403 0.006139
v -0.069416 0.625238 0.006496
v -0.071172 0.625124 0.006688
v -0.073082 0.627322 0.006287
v -0.073060 0.626211 0.006490
v -0.073048 0.625534 0.006635
v -0.067936 0.629181 0.005423
v -0.069511 0.629127 0.005765
v -0.071257 0.629090 0.005942
v -0.065865 0.623675 -0.006206
v -0.067579 0.623657 -0.007598
v -0.069655 0.623642 -0.008627
v -0.069714 0.626412 -0.009044
v -0.067674 0.626435 -0.008075
v -0.065985 0.626462 -0.006756
v -0.069931 0.628843 -0.009658
v -0.067912 0.628899 -0.008755
v -0.066224 0.628980 -0.007510
v -0.078656 0.622415 0.007118
v -0.076895 0.622244 0.007471
v -0.075002 0.622134 0.007658
v -0.074968 0.625122 0.006711
v -0.076856 0.625235 0.006546
v -0.078610 0.625400 0.006224
v -0.075025 0.629103 0.005961
v -0.076896 0.629155 0.005807
v -0.078633 0.629225 0.005492
v -0.053286 0.629412 -0.005709
v -0.053351 0.628886 -0.005591
v -0.053437 0.628087 -0.005427
v -0.054098 0.626869 -0.003823
v -0.054396 0.626831 -0.002279
v -0.054473 0.626752 -0.000653
v -0.054246 0.627826 0.000664
v -0.054177 0.628632 0.000462
v -0.054129 0.629171 0.000324
v -0.054189 0.629698 -0.001355
v -0.054092 0.629770 -0.002952
v -0.053778 0.629801 -0.004471
v -0.052974 0.631538 -0.006329
v -0.053089 0.630722 -0.006082
v -0.053169 0.630191 -0.005922
v -0.054046 0.629984 0.000110
v -0.053983 0.630562 -0.000043
v -0.053887 0.631482 -0.000285
v -0.053819 0.632939 -0.002251
v -0.053697 0.632918 -0.003856
v -0.053364 0.632863 -0.005374
v -0.038411 0.628157 0.005707
v -0.038427 0.627597 0.005876
v -0.038459 0.626764 0.006146
v -0.037218 0.625801 0.005936
v -0.036136 0.626081 0.005070
v -0.035280 0.626328 0.003926
v -0.034608 0.627705 0.002155
v -0.034574 0.628503 0.001951
v -0.034551 0.629038 0.001810
v -0.035153 0.629278 0.003121
v -0.036014 0.629061 0.004208
v -0.037101 0.628816 0.005013
v -0.038282 0.630709 0.005071
v -0.038355 0.629643 0.005311
v -0.038389 0.629004 0.005470
v -0.034512 0.629842 0.001572
v -0.034480 0.630417 0.001391
v -0.034429 0.631335 0.001108
v -0.034948 0.632733 0.002108
v -0.035791 0.632644 0.003236
v -0.036863 0.632530 0.004092
v -0.054051 0.626421 0.002471
v -0.053598 0.626184 0.003822
v -0.053013 0.625936 0.004966
v -0.052230 0.626944 0.005437
v -0.052179 0.627777 0.005167
v -0.052149 0.628336 0.004998
v -0.052806 0.628958 0.004048
v -0.053376 0.629181 0.002966
v -0.053811 0.629396 0.001676
v -0.052087 0.629177 0.004772
v -0.052030 0.629804 0.004630
v -0.051944 0.630847 0.004414
v -0.052497 0.632624 0.003236
v -0.053059 0.632739 0.002133
v -0.053481 0.632844 0.000818
v -0.034306 0.626605 0.000657
v -0.034303 0.626633 -0.001358
v -0.034757 0.626625 -0.003427
v -0.035721 0.627809 -0.005644
v -0.035693 0.628597 -0.005823
v -0.035679 0.629111 -0.005951
v -0.034652 0.629514 -0.004124
v -0.034190 0.629534 -0.002077
v -0.034184 0.629518 -0.000080
v -0.035659 0.629851 -0.006147
v -0.035641 0.630359 -0.006276
v -0.035610 0.631153 -0.006481
v -0.034540 0.632521 -0.004953
v -0.034060 0.632647 -0.002990
v -0.034028 0.632738 -0.001064
v -0.043520 0.629183 -0.010456
v -0.043548 0.628717 -0.010395
v -0.043594 0.627945 -0.010289
v -0.050644 0.626847 -0.007990
v -0.051770 0.626865 -0.007217
v -0.052763 0.626877 -0.006305
v -0.047996 0.629608 -0.009788
v -0.046711 0.629562 -0.010299
v -0.045243 0.629521 -0.010576
v -0.043392 0.630909 -0.010843
v -0.043454 0.630209 -0.010659
v -0.043485 0.629784 -0.010556
v -0.047678 0.632224 -0.010511
v -0.046424 0.632122 -0.010987
v -0.044988 0.632050 -0.011235
v -0.044488 0.627580 0.006534
v -0.044512 0.626987 0.006729
v -0.044551 0.626119 0.007039
v -0.043156 0.624926 0.007462
v -0.041583 0.625072 0.007304
v -0.040000 0.625275 0.007016
v -0.039883 0.628368 0.005983
v -0.041458 0.628203 0.006230
v -0.043022 0.628087 0.006360
v -0.044320 0.630330 0.005881
v -0.044403 0.629163 0.006116
v -0.044447 0.628479 0.006276
v -0.039620 0.632334 0.005125
v -0.041184 0.632276 0.005373
v -0.042739 0.632242 0.005493
v -0.037390 0.626620 -0.007118
v -0.039417 0.626646 -0.008520
v -0.041594 0.626683 -0.009538
v -0.041453 0.629468 -0.009980
v -0.039295 0.629459 -0.009035
v -0.037283 0.629464 -0.007711
v -0.041271 0.632055 -0.010621
v -0.039147 0.632133 -0.009692
v -0.037161 0.632246 -0.008403
v -0.047951 0.624993 0.007319
v -0.046968 0.624899 0.007428
v -0.045874 0.624843 0.007501
v -0.049621 0.628345 0.005983
v -0.050508 0.628455 0.005785
v -0.051349 0.628587 0.005442
v -0.049323 0.632341 0.005165
v -0.050209 0.632382 0.004981
v -0.051049 0.632438 0.004646
v -0.023418 0.621924 -0.005456
v -0.023537 0.621433 -0.005348
v -0.023707 0.620656 -0.005195
v -0.025076 0.619767 -0.003140
v -0.025748 0.619938 -0.001093
v -0.026022 0.619980 0.000972
v -0.025750 0.621091 0.002578
v -0.025607 0.621882 0.002378
v -0.025508 0.622407 0.002237
v -0.025464 0.622847 0.000254
v -0.025156 0.622778 -0.001771
v -0.024461 0.622584 -0.003766
v -0.023063 0.623566 -0.005911
v -0.023176 0.622978 -0.005738
v -0.023258 0.622578 -0.005626
v -0.025360 0.623180 0.001998
v -0.025268 0.623684 0.001836
v -0.025135 0.624435 0.001600
v -0.024971 0.625446 -0.000590
v -0.024673 0.625219 -0.002560
v -0.023997 0.624883 -0.004479
v -0.010229 0.616609 0.007959
v -0.010313 0.616063 0.008124
v -0.010436 0.615258 0.008384
v -0.009529 0.614013 0.008360
v -0.008623 0.614081 0.007710
v -0.007898 0.614204 0.006790
v -0.007198 0.615490 0.005222
v -0.007096 0.616268 0.005002
v -0.007022 0.616792 0.004845
v -0.007483 0.617081 0.005939
v -0.008185 0.616987 0.006829
v -0.009075 0.616956 0.007442
v -0.009809 0.619184 0.007318
v -0.009968 0.618149 0.007545
v -0.010078 0.617492 0.007709
v -0.006890 0.617598 0.004555
v -0.006800 0.618155 0.004340
v -0.006676 0.619011 0.004022
v -0.006971 0.620366 0.004855
v -0.007633 0.620437 0.005830
v -0.008500 0.620560 0.006529
v -0.025608 0.619706 0.004444
v -0.024983 0.619395 0.005706
v -0.024090 0.618966 0.006702
v -0.022726 0.619635 0.007124
v -0.022593 0.620454 0.006898
v -0.022508 0.621004 0.006756
v -0.023600 0.621938 0.005905
v -0.024487 0.622341 0.004926
v -0.025102 0.622627 0.003678
v -0.022389 0.621839 0.006555
v -0.022310 0.622429 0.006431
v -0.022191 0.623358 0.006258
v -0.023149 0.625161 0.005209
v -0.024019 0.625412 0.004159
v -0.024617 0.625545 0.002848
v -0.006987 0.614431 0.003955
v -0.006905 0.614537 0.002101
v -0.007214 0.614699 0.000100
v -0.007893 0.616145 -0.002227
v -0.007810 0.616932 -0.002436
v -0.007759 0.617454 -0.002592
v -0.006903 0.617564 -0.000740
v -0.006573 0.617395 0.001252
v -0.006627 0.617286 0.003114
v -0.007693 0.618211 -0.002881
v -0.007652 0.618684 -0.003085
v -0.007596 0.619373 -0.003381
v -0.006653 0.620251 -0.001897
v -0.006260 0.620220 0.000060
v -0.006242 0.620254 0.001924
v -0.015386 0.619698 -0.008089
v -0.015455 0.619203 -0.008026
v -0.015566 0.618407 -0.007915
v -0.018096 0.617834 -0.007887
v -0.020338 0.618458 -0.007434
v -0.022333 0.619012 -0.006440
v -0.021751 0.621818 -0.006931
v -0.019810 0.621275 -0.007861
v -0.017633 0.620666 -0.008279
v -0.015165 0.621251 -0.008452
v -0.015242 0.620683 -0.008287
v -0.015296 0.620313 -0.008191
v -0.021346 0.623925 -0.007502
v -0.019442 0.623343 -0.008394
v -0.017304 0.622734 -0.008813
v -0.016163 0.618270 0.008174
v -0.016242 0.617694 0.008342
v -0.016366 0.616849 0.008613
v -0.014904 0.615014 0.009153
v -0.013340 0.614556 0.009164
v -0.011901 0.614231 0.009050
v -0.011437 0.617264 0.008069
v -0.012879 0.617633 0.008168
v -0.014447 0.618123 0.008156
v -0.015830 0.620929 0.007624
v -0.015957 0.619855 0.007809
v -0.016042 0.619183 0.007944
v -0.010877 0.621102 0.007287
v -0.012349 0.621532 0.007424
v -0.013953 0.622039 0.007440
v -0.009404 0.615380 -0.003880
v -0.011249 0.615910 -0.005595
v -0.013410 0.616522 -0.006929
v -0.013057 0.619383 -0.007406
v -0.010929 0.618780 -0.006183
v -0.009102 0.618253 -0.004584
v -0.012810 0.621568 -0.008090
v -0.010714 0.621071 -0.007001
v -0.008902 0.620670 -0.005543
v -0.021530 0.617748 0.008072
v -0.019947 0.617017 0.008516
v -0.018264 0.616279 0.008830
v -0.017804 0.619390 0.007882
v -0.019479 0.620099 0.007611
v -0.021053 0.620792 0.007212
v -0.017365 0.623192 0.007224
v -0.019051 0.623779 0.006979
v -0.020625 0.624325 0.006590
v -0.096052 0.625409 0.006664
v -0.096267 0.627651 0.006142
v -0.096568 0.629414 0.005629
v -0.101306 0.621224 0.008554
v -0.101259 0.618473 0.008911
v -0.101217 0.616030 0.009222
v -0.095023 0.604868 0.010949
v -0.095102 0.606279 0.010518
v -0.095176 0.607563 0.010145
v -0.100653 0.600544 0.013252
v -0.100589 0.598995 0.013886
v -0.100533 0.597597 0.014486
v -0.107189 0.620639 0.007606
v -0.107130 0.618196 0.008003
v -0.107063 0.616027 0.008326
v -0.106341 0.600398 0.012086
v -0.106288 0.598709 0.012658
v -0.106250 0.597188 0.013194
v -0.107849 0.621222 -0.002601
v -0.107586 0.622778 -0.002928
v -0.107313 0.624131 -0.003080
v -0.100029 0.617761 -0.005595
v -0.099865 0.616033 -0.005283
v -0.099719 0.614483 -0.004942
v -0.108058 0.604349 0.002101
v -0.108125 0.606085 0.001734
v -0.108180 0.607645 0.001409
v -0.098739 0.601690 -0.002594
v -0.098615 0.600216 -0.002131
v -0.098505 0.598913 -0.001681
v -0.094286 0.618267 -0.001953
v -0.094034 0.616603 -0.001495
v -0.093839 0.615110 -0.001066
v -0.092449 0.603211 0.002038
v -0.092343 0.601926 0.002384
v -0.092249 0.600753 0.002707
v -0.093720 0.623361 0.002636
v -0.094210 0.625312 0.002106
v -0.094893 0.627102 0.001623
v -0.091729 0.605944 0.007352
v -0.091832 0.607212 0.007009
v -0.091928 0.608364 0.006698
v -0.108727 0.623468 0.002463
v -0.108466 0.625445 0.001877
v -0.108115 0.627224 0.001349
v -0.108521 0.604313 0.007706
v -0.108614 0.606056 0.007295
v -0.108699 0.607623 0.006926
v -0.073426 0.645796 0.003319
v -0.073489 0.649144 0.002604
v -0.073537 0.651885 0.001749
v -0.080134 0.637716 0.003456
v -0.080150 0.634481 0.004060
v -0.080148 0.631610 0.004570
v -0.073166 0.616130 0.009895
v -0.073132 0.618401 0.009035
v -0.073103 0.620440 0.008294
v -0.080467 0.612107 0.010150
v -0.080519 0.609941 0.010994
v -0.080567 0.608010 0.011771
v -0.082885 0.636332 -0.001479
v -0.083039 0.633705 -0.000761
v -0.083136 0.631375 -0.000126
v -0.083501 0.613237 0.004450
v -0.083524 0.611057 0.004986
v -0.083544 0.609102 0.005473
v -0.066952 0.643980 0.002076
v -0.067159 0.646890 0.001374
v -0.067472 0.649171 0.000702
v -0.066551 0.616919 0.008332
v -0.066552 0.619120 0.007606
v -0.066549 0.621089 0.006972
v -0.072762 0.638060 -0.012110
v -0.072872 0.640137 -0.012173
v -0.072978 0.642221 -0.011935
v -0.065412 0.634207 -0.007785
v -0.065206 0.632244 -0.007128
v -0.065052 0.630496 -0.006527
v -0.072052 0.617575 -0.008071
v -0.072044 0.619900 -0.008510
v -0.072035 0.621966 -0.008868
v -0.064329 0.613320 -0.002451
v -0.064282 0.611129 -0.001963
v -0.064241 0.609165 -0.001519
v -0.064072 0.635740 -0.001348
v -0.063920 0.633289 -0.000666
v -0.063812 0.631114 -0.000066
v -0.063280 0.613318 0.004291
v -0.063229 0.611155 0.004802
v -0.063183 0.609211 0.005263
v -0.080321 0.638941 -0.009382
v -0.079938 0.640991 -0.009706
v -0.079474 0.642771 -0.009838
v -0.081482 0.617889 -0.004532
v -0.081459 0.620111 -0.004930
v -0.081426 0.622080 -0.005285
v -0.042782 0.650635 0.002469
v -0.042483 0.654297 0.001803
v -0.042207 0.657319 0.001014
v -0.051162 0.641468 0.002321
v -0.051429 0.638014 0.003010
v -0.051648 0.634957 0.003608
v -0.044946 0.618554 0.010077
v -0.044817 0.620943 0.009072
v -0.044703 0.623090 0.008205
v -0.053282 0.614555 0.009955
v -0.053503 0.612265 0.010895
v -0.053704 0.610229 0.011753
v -0.052892 0.640448 -0.002635
v -0.053254 0.637545 -0.001875
v -0.053534 0.634976 -0.001202
v -0.055316 0.615499 0.003678
v -0.055519 0.613147 0.004263
v -0.055701 0.611042 0.004789
v -0.036912 0.648907 0.001242
v -0.036797 0.652152 0.000451
v -0.036855 0.654703 -0.000268
v -0.038830 0.619269 0.008862
v -0.038709 0.621653 0.007962
v -0.038600 0.623786 0.007184
v -0.042164 0.642912 -0.013313
v -0.041944 0.645349 -0.013364
v -0.041752 0.647761 -0.013092
v -0.035419 0.638802 -0.008457
v -0.035438 0.636328 -0.007834
v -0.035496 0.634138 -0.007265
v -0.044030 0.620225 -0.009000
v -0.043890 0.622728 -0.009459
v -0.043766 0.624946 -0.009831
v -0.036414 0.615404 -0.003243
v -0.036597 0.613011 -0.002785
v -0.036773 0.610880 -0.002381
v -0.034068 0.640344 -0.001549
v -0.034141 0.637423 -0.000695
v -0.034246 0.634840 0.000063
v -0.035176 0.615521 0.005324
v -0.035287 0.613188 0.005951
v -0.035386 0.611100 0.006514
v -0.050743 0.644425 -0.009835
v -0.050100 0.646810 -0.010307
v -0.049502 0.648790 -0.010549
v -0.054110 0.620680 -0.003990
v -0.053906 0.623063 -0.004448
v -0.053717 0.625175 -0.004856
v -0.013961 0.638313 0.005188
v -0.013619 0.641463 0.004630
v -0.013320 0.644048 0.003907
v -0.021069 0.632284 0.004773
v -0.021440 0.629409 0.005260
v -0.021759 0.626853 0.005678
v -0.017565 0.609305 0.011357
v -0.017181 0.611693 0.010436
v -0.016836 0.613841 0.009652
v -0.024907 0.607339 0.011155
v -0.025332 0.605048 0.012053
v -0.025712 0.603010 0.012886
v -0.023851 0.631249 -0.000423
v -0.024296 0.629074 0.000218
v -0.024659 0.627133 0.000791
v -0.027779 0.608881 0.005467
v -0.028149 0.606539 0.006008
v -0.028476 0.604443 0.006494
v -0.007781 0.635553 0.004150
v -0.007560 0.638484 0.003476
v -0.007540 0.640810 0.002828
v -0.011561 0.607933 0.010990
v -0.011210 0.610259 0.010127
v -0.010887 0.612349 0.009380
v -0.014048 0.630588 -0.010627
v -0.013830 0.632496 -0.010664
v -0.013619 0.634441 -0.010390
v -0.007227 0.625545 -0.005841
v -0.007302 0.623567 -0.005087
v -0.007409 0.621813 -0.004391
v -0.016649 0.610838 -0.006617
v -0.016304 0.613260 -0.007075
v -0.015993 0.615424 -0.007449
v -0.009310 0.604205 0.000725
v -0.009585 0.601943 0.001315
v -0.009830 0.599921 0.001851
v -0.005808 0.627038 0.001285
v -0.006037 0.624450 0.002151
v -0.006282 0.622159 0.002924
v -0.008650 0.603724 0.008606
v -0.008901 0.601491 0.009279
v -0.009121 0.599492 0.009888
v -0.020946 0.632478 -0.008349
v -0.020345 0.634131 -0.008604
v -0.019706 0.635591 -0.008656
v -0.025029 0.613237 -0.003928
v -0.024638 0.615633 -0.004328
v -0.024265 0.617753 -0.004685
v -0.073163 0.631622 0.005601
v -0.073221 0.634795 0.005112
v -0.073287 0.638369 0.004555
v -0.079522 0.649787 0.000554
v -0.079819 0.647446 0.001272
v -0.079998 0.644457 0.002030
v -0.081085 0.646865 -0.004345
v -0.081811 0.644489 -0.003715
v -0.082312 0.641861 -0.002998
v -0.066626 0.631485 0.004478
v -0.066673 0.634277 0.003984
v -0.066736 0.637423 0.003406
v -0.072302 0.630227 -0.010501
v -0.072410 0.631963 -0.010962
v -0.072528 0.633919 -0.011428
v -0.066935 0.642007 -0.009711
v -0.066447 0.640293 -0.009493
v -0.066025 0.638341 -0.009044
v -0.065664 0.645705 -0.004129
v -0.064996 0.643396 -0.003505
v -0.064561 0.640907 -0.002806
v -0.081046 0.630628 -0.007409
v -0.080957 0.632481 -0.007895
v -0.080819 0.634564 -0.008416
v -0.066959 0.636052 -0.009754
v -0.068601 0.635951 -0.010803
v -0.070525 0.635939 -0.011520
v -0.078692 0.641518 0.003379
v -0.077043 0.641848 0.003740
v -0.075234 0.642062 0.003912
v -0.081719 0.637245 -0.007401
v -0.082375 0.637835 -0.005706
v -0.082659 0.638472 -0.003950
v -0.082411 0.639677 -0.000665
v -0.081926 0.640199 0.000720
v -0.081163 0.640676 0.001879
v -0.064193 0.637708 -0.003683
v -0.064353 0.637137 -0.005332
v -0.064827 0.636647 -0.006944
v -0.065794 0.640164 0.001885
v -0.065050 0.639566 0.000756
v -0.064557 0.638948 -0.000578
v -0.074870 0.636060 -0.011693
v -0.077046 0.636192 -0.011128
v -0.079014 0.636413 -0.010190
v -0.071501 0.641976 0.003904
v -0.069743 0.641673 0.003726
v -0.068159 0.641243 0.003364
v -0.073318 0.607349 0.013701
v -0.073283 0.609278 0.012802
v -0.073243 0.611449 0.011828
v -0.080231 0.620991 0.007081
v -0.080287 0.618985 0.007726
v -0.080348 0.616746 0.008473
v -0.083378 0.621938 0.002349
v -0.083410 0.620001 0.002814
v -0.083443 0.617825 0.003337
v -0.066574 0.608251 0.011422
v -0.066567 0.610178 0.010706
v -0.066559 0.612333 0.009922
v -0.072028 0.608415 -0.005853
v -0.072041 0.610430 -0.006403
v -0.072050 0.612709 -0.006989
v -0.064536 0.622101 -0.004285
v -0.064486 0.620145 -0.003890
v -0.064433 0.617947 -0.003439
v -0.063493 0.621953 0.002281
v -0.063446 0.620030 0.002727
v -0.063392 0.617869 0.003227
v -0.081426 0.608940 -0.002858
v -0.081455 0.610939 -0.003248
v -0.081479 0.613180 -0.003672
v -0.078870 0.614135 0.010009
v -0.077084 0.613920 0.010492
v -0.075159 0.613790 0.010762
v -0.065715 0.615489 -0.004561
v -0.067490 0.615331 -0.005967
v -0.069629 0.615198 -0.007017
v -0.071316 0.613866 0.010736
v -0.069549 0.614063 0.010431
v -0.067947 0.614323 0.009901
v -0.074666 0.615163 -0.007479
v -0.077260 0.615266 -0.006821
v -0.079611 0.615403 -0.005669
v -0.063092 0.615703 0.002109
v -0.063133 0.615744 0.000422
v -0.063536 0.615718 -0.001275
v -0.083114 0.615317 0.005628
v -0.082507 0.615036 0.007106
v -0.081618 0.614722 0.008327
v -0.065399 0.614906 0.008065
v -0.064486 0.615178 0.006786
v -0.063801 0.615413 0.005332
v -0.082728 0.615636 -0.002229
v -0.083390 0.615678 -0.000172
v -0.083598 0.615648 0.001917
v -0.082028 0.583887 0.022104
v -0.081655 0.586451 0.020990
v -0.081456 0.588975 0.019952
v -0.083691 0.599046 0.008056
v -0.083724 0.596959 0.008616
v -0.083791 0.594571 0.009307
v -0.073078 0.584635 0.025864
v -0.073139 0.586973 0.024560
v -0.073215 0.589248 0.023329
v -0.063568 0.584457 0.003672
v -0.063798 0.586906 0.003248
v -0.063906 0.589390 0.002721
v -0.062882 0.599252 0.007755
v -0.062801 0.597315 0.008265
v -0.062695 0.595170 0.008833
v -0.071692 0.583537 0.000392
v -0.071641 0.586066 -0.000403
v -0.071612 0.588647 -0.001280
v -0.066279 0.598449 0.015384
v -0.066148 0.596539 0.016206
v -0.065975 0.594425 0.017123
v -0.081183 0.598885 -0.001169
v -0.081104 0.596567 -0.000769
v -0.081078 0.593958 -0.000149
v -0.079689 0.591371 0.020376
v -0.077704 0.591356 0.021406
v -0.075523 0.591401 0.021998
v -0.065319 0.591682 0.000670
v -0.067094 0.591516 -0.000607
v -0.069214 0.591391 -0.001571
v -0.071123 0.591621 0.021770
v -0.069105 0.591785 0.020957
v -0.067295 0.591984 0.019719
v -0.074207 0.591189 -0.002168
v -0.076801 0.591121 -0.001701
v -0.079187 0.591114 -0.000724
v -0.064523 0.592485 0.016116
v -0.063597 0.592729 0.013923
v -0.062950 0.592895 0.011648
v -0.062409 0.592788 0.007376
v -0.062551 0.592526 0.005494
v -0.063046 0.592211 0.003761
v -0.082533 0.591389 0.002717
v -0.083385 0.591629 0.005029
v -0.083809 0.591845 0.007551
v -0.083759 0.591934 0.012647
v -0.083323 0.591797 0.015001
v -0.082536 0.591618 0.017123
v -0.106802 0.576579 0.019447
v -0.106794 0.578965 0.018946
v -0.106761 0.581214 0.018430
v -0.107892 0.588407 0.011647
v -0.107841 0.586667 0.012046
v -0.107772 0.584701 0.012472
v -0.099320 0.579196 0.024521
v -0.099408 0.581233 0.023317
v -0.099532 0.583128 0.022207
v -0.092607 0.581024 0.021657
v -0.093021 0.582828 0.020520
v -0.093357 0.584585 0.019549
v -0.090117 0.580479 0.006654
v -0.090544 0.582506 0.006449
v -0.090864 0.584537 0.006101
v -0.090639 0.592712 0.010985
v -0.090541 0.591055 0.011406
v -0.090404 0.589231 0.011875
v -0.097353 0.578285 0.002793
v -0.097460 0.580390 0.002330
v -0.097588 0.582461 0.001796
v -0.106335 0.574957 0.008322
v -0.106539 0.577301 0.007896
v -0.106740 0.579601 0.007431
v -0.107567 0.582782 0.014304
v -0.107374 0.582970 0.015625
v -0.107089 0.583149 0.016834
v -0.103159 0.584242 0.020960
v -0.102149 0.584433 0.021183
v -0.100997 0.584652 0.021259
v -0.092445 0.586147 0.004243
v -0.094129 0.585642 0.002979
v -0.095957 0.585097 0.001958
v -0.089910 0.587322 0.010616
v -0.089902 0.587187 0.008901
v -0.090272 0.586938 0.007249
v -0.092429 0.586684 0.017361
v -0.091468 0.586988 0.015820
v -0.090731 0.587214 0.014129
v -0.104155 0.582271 0.002902
v -0.105239 0.582039 0.004110
v -0.106187 0.581907 0.005482
v -0.098183 0.585229 0.020901
v -0.096604 0.585583 0.020416
v -0.095048 0.585957 0.019683
v -0.107401 0.581971 0.008449
v -0.107650 0.582139 0.009953
v -0.107726 0.582353 0.011443
v -0.094764 0.599313 0.012926
v -0.094820 0.600573 0.012441
v -0.094880 0.601953 0.011931
v -0.100948 0.606966 0.011032
v -0.100878 0.605489 0.011493
v -0.100801 0.603866 0.012029
v -0.106670 0.607342 0.010041
v -0.106582 0.605760 0.010469
v -0.106492 0.604008 0.010966
v -0.107717 0.597535 0.003662
v -0.107801 0.599058 0.003299
v -0.107891 0.600749 0.002901
v -0.099194 0.607994 -0.003765
v -0.099099 0.606545 -0.003589
v -0.098989 0.604937 -0.003344
v -0.092958 0.608450 0.000776
v -0.092831 0.607253 0.001049
v -0.092697 0.605934 0.001356
v -0.091344 0.600901 0.008762
v -0.091432 0.602056 0.008432
v -0.091525 0.603312 0.008077
v -0.108193 0.597424 0.009386
v -0.108261 0.598975 0.009000
v -0.108340 0.600688 0.008577
v -0.108463 0.602564 0.004012
v -0.108672 0.602565 0.005486
v -0.108647 0.602541 0.006876
v -0.093767 0.603769 0.010765
v -0.092827 0.604110 0.009931
v -0.092116 0.604402 0.008916
v -0.108055 0.602422 0.009241
v -0.107567 0.602340 0.010171
v -0.107006 0.602258 0.010929
v -0.091356 0.604756 0.006326
v -0.091373 0.604791 0.004814
v -0.091751 0.604728 0.003245
v -0.105076 0.602421 -0.001678
v -0.106205 0.602442 -0.000435
v -0.107204 0.602490 0.000985
v -0.099380 0.602402 0.012496
v -0.097879 0.602693 0.012269
v -0.096356 0.603036 0.011920
v -0.093854 0.604304 0.000214
v -0.095462 0.603979 -0.001109
v -0.097197 0.603627 -0.002208
v -0.103381 0.602036 0.012591
v -0.102672 0.602030 0.012654
v -0.101810 0.602071 0.012669
v -0.095556 0.615785 0.008396
v -0.095650 0.617943 0.008043
v -0.095764 0.620366 0.007630
v -0.101468 0.631723 0.006578
v -0.101439 0.629581 0.007232
v -0.101400 0.626972 0.007740
v -0.107127 0.629785 0.005389
v -0.107202 0.628031 0.005984
v -0.107236 0.625758 0.006580
v -0.108299 0.614832 -0.000634
v -0.108272 0.616276 -0.001121
v -0.108200 0.617883 -0.001641
v -0.100704 0.624654 -0.005381
v -0.100543 0.623000 -0.005753
v -0.100374 0.621300 -0.005884
v -0.095974 0.624666 -0.003180
v -0.095468 0.623310 -0.003077
v -0.095005 0.621719 -0.002799
v -0.092622 0.615584 0.004722
v -0.092814 0.617327 0.004260
v -0.093056 0.619277 0.003740
v -0.109017 0.615554 0.004782
v -0.109026 0.617321 0.004268
v -0.108995 0.619303 0.003689
v -0.100040 0.623921 0.008094
v -0.098598 0.623637 0.007938
v -0.097170 0.623290 0.007645
v -0.108658 0.621912 0.004324
v -0.108275 0.622404 0.005447
v -0.107786 0.622844 0.006398
v -0.108564 0.619898 -0.000910
v -0.108866 0.620341 0.000409
v -0.108975 0.620851 0.001755
v -0.105570 0.619267 -0.005024
v -0.106513 0.619274 -0.004232
v -0.107364 0.619361 -0.003267
v -0.094890 0.622514 0.006464
v -0.094151 0.622116 0.005550
v -0.093649 0.621718 0.004451
v -0.095780 0.619822 -0.003562
v -0.097210 0.619700 -0.004527
v -0.098737 0.619615 -0.005283
v -0.104045 0.624124 0.008151
v -0.103306 0.624196 0.008181
v -0.102432 0.624201 0.008188
v -0.093250 0.620937 0.001800
v -0.093385 0.620577 0.000352
v -0.093817 0.620260 -0.001075
v -0.034649 0.581374 0.014386
v -0.035222 0.581670 0.014410
v -0.035740 0.582312 0.014311
v -0.034432 0.578809 0.004944
v -0.035673 0.579242 0.004715
v -0.037054 0.579941 0.004238
v -0.037199 0.579770 0.024773
v -0.037824 0.580118 0.025093
v -0.038548 0.580744 0.025406
v -0.060751 0.583688 0.011980
v -0.061119 0.583933 0.011901
v -0.061429 0.584462 0.011740
v -0.059622 0.580728 0.005077
v -0.060557 0.580741 0.004927
v -0.061641 0.581001 0.004590
v -0.061553 0.581403 0.022483
v -0.062161 0.581646 0.022560
v -0.062904 0.582117 0.022698
v -0.087569 0.579447 0.014434
v -0.088023 0.579641 0.014391
v -0.088453 0.580113 0.014284
v -0.086990 0.577259 0.007481
v -0.087550 0.577305 0.007347
v -0.088289 0.577562 0.007086
v -0.088972 0.577848 0.023089
v -0.089806 0.577920 0.023184
v -0.090727 0.578225 0.023260
v -0.021908 0.564313 0.033564
v -0.019709 0.563296 0.032301
v -0.017762 0.562321 0.030636
v -0.031175 0.568275 0.033499
v -0.029024 0.567298 0.034103
v -0.026677 0.566324 0.034434
v -0.041478 0.571093 0.033445
v -0.043363 0.571113 0.033893
v -0.045334 0.571217 0.034232
v -0.054526 0.571443 0.033370
v -0.055813 0.571518 0.033029
v -0.057019 0.571741 0.032648
v -0.065932 0.571733 0.033093
v -0.068084 0.571265 0.033647
v -0.070543 0.570912 0.034013
v -0.076058 0.570455 0.033838
v -0.078868 0.570351 0.033327
v -0.081489 0.570363 0.032690
v -0.093766 0.568043 0.032701
v -0.095668 0.567375 0.032571
v -0.097632 0.566780 0.032204
v -0.105562 0.563887 0.026287
v -0.106157 0.563466 0.024854
v -0.106596 0.563073 0.023348
v -0.037021 0.572676 0.031253
v -0.037653 0.572064 0.031837
v -0.038572 0.571558 0.032399
v -0.061217 0.574746 0.030471
v -0.061871 0.573932 0.031125
v -0.062827 0.573098 0.031787
v -0.088861 0.571550 0.030775
v -0.089661 0.570609 0.031531
v -0.090716 0.569672 0.032158
v -0.023441 0.573781 0.030269
v -0.023643 0.571127 0.031639
v -0.023893 0.568314 0.033000
v -0.016047 0.564373 0.028168
v -0.015936 0.567210 0.027645
v -0.015809 0.569950 0.027077
v -0.047160 0.580188 0.029939
v -0.047216 0.577408 0.031375
v -0.047240 0.574470 0.032868
v -0.040096 0.574027 0.031481
v -0.040197 0.576725 0.029896
v -0.040094 0.579327 0.028091
v -0.073078 0.579631 0.028862
v -0.073133 0.576883 0.030554
v -0.073193 0.573905 0.032315
v -0.064366 0.575120 0.030547
v -0.064433 0.577783 0.028392
v -0.064364 0.580359 0.025962
v -0.032285 0.576659 0.026759
v -0.032450 0.574240 0.029029
v -0.032669 0.571789 0.031044
v -0.099301 0.574576 0.027270
v -0.099361 0.571973 0.028760
v -0.099437 0.569189 0.030237
v -0.092320 0.571388 0.030653
v -0.092395 0.573924 0.028467
v -0.092310 0.576389 0.026063
v -0.057420 0.579868 0.025856
v -0.057571 0.577350 0.028213
v -0.057790 0.574803 0.030328
v -0.083319 0.573282 0.030175
v -0.082999 0.575895 0.028208
v -0.082810 0.578392 0.026098
v -0.106755 0.571396 0.020406
v -0.106740 0.568611 0.020869
v -0.106777 0.565714 0.021329
v -0.023775 0.551621 0.036883
v -0.021113 0.550793 0.035175
v -0.018668 0.550070 0.033082
v -0.033891 0.556094 0.038525
v -0.031453 0.554752 0.038737
v -0.029006 0.553588 0.038643
v -0.051080 0.570657 0.001008
v -0.049838 0.570460 0.000965
v -0.048452 0.570304 0.000928
v -0.055684 0.557846 0.039032
v -0.057351 0.558096 0.038719
v -0.059171 0.558511 0.038418
v -0.045000 0.570197 0.000885
v -0.042995 0.570280 0.000902
v -0.040970 0.570476 0.000972
v -0.076889 0.555413 0.039987
v -0.080472 0.555616 0.039632
v -0.084119 0.556102 0.039072
v -0.080780 0.569530 0.001610
v -0.077968 0.569590 0.001451
v -0.074941 0.569783 0.001338
v -0.106404 0.550889 0.028951
v -0.107083 0.550532 0.027258
v -0.107596 0.550189 0.025495
v -0.016594 0.560393 0.007587
v -0.018357 0.561294 0.005524
v -0.020363 0.562323 0.003749
v -0.039452 0.568314 0.034311
v -0.038885 0.565254 0.035619
v -0.038056 0.561960 0.036864
v -0.062598 0.563174 0.036815
v -0.063309 0.566387 0.035534
v -0.063818 0.569432 0.034096
v -0.107139 0.559631 0.022265
v -0.107437 0.556459 0.022742
v -0.107732 0.553205 0.023219
v -0.099601 0.556490 0.034894
v -0.099577 0.559878 0.033957
v -0.099550 0.563130 0.032869
v -0.073234 0.567087 0.035844
v -0.073238 0.563306 0.037480
v -0.073292 0.559412 0.038919
v -0.039628 0.557419 0.038734
v -0.042236 0.557215 0.039269
v -0.044710 0.557145 0.039712
v -0.033495 0.566687 0.034332
v -0.034197 0.564014 0.035659
v -0.035165 0.561222 0.036865
v -0.026002 0.555706 0.037406
v -0.025413 0.558947 0.036537
v -0.024797 0.562186 0.035491
v -0.024652 0.564522 0.001392
v -0.026733 0.565649 0.000836
v -0.028653 0.566820 0.000620
v -0.084296 0.567585 0.033855
v -0.085055 0.564464 0.035531
v -0.086168 0.561103 0.037010
v -0.047189 0.567980 0.035992
v -0.047126 0.564455 0.037515
v -0.047053 0.560827 0.038881
v -0.060027 0.563387 0.036638
v -0.059151 0.566562 0.035290
v -0.058537 0.569459 0.033839
v -0.064367 0.557764 0.038826
v -0.067196 0.556699 0.039422
v -0.070212 0.555948 0.039868
v -0.016542 0.552301 0.030344
v -0.016421 0.555307 0.029833
v -0.016288 0.558380 0.029265
v -0.091736 0.555459 0.037966
v -0.094707 0.554434 0.037396
v -0.097343 0.553627 0.036625
v -0.089878 0.560607 0.036820
v -0.090941 0.563499 0.035545
v -0.091640 0.566195 0.034169
v -0.069275 0.570289 0.001220
v -0.066901 0.570593 0.001222
v -0.064847 0.571013 0.001282
v -0.101203 0.563881 0.004082
v -0.099984 0.564479 0.003457
v -0.098586 0.565095 0.002952
v -0.095042 0.566327 0.002235
v -0.093035 0.566962 0.002021
v -0.091122 0.567653 0.001923
v -0.034816 0.572323 0.001815
v -0.035950 0.571785 0.001593
v -0.037372 0.571253 0.001339
v -0.059668 0.574322 0.002118
v -0.060543 0.573381 0.001873
v -0.061683 0.572434 0.001623
v -0.086999 0.571180 0.002752
v -0.087521 0.570269 0.002399
v -0.088321 0.569326 0.002119
v -0.039152 0.578605 0.002470
v -0.039331 0.576145 0.001978
v -0.039302 0.573574 0.001567
v -0.046754 0.573534 0.000954
v -0.046670 0.576467 0.000905
v -0.046580 0.579150 0.000709
v -0.063252 0.579116 0.003024
v -0.063335 0.576685 0.002378
v -0.063299 0.574211 0.001844
v -0.071931 0.573219 0.001358
v -0.071879 0.576024 0.001403
v -0.071818 0.578589 0.001309
v -0.089628 0.575723 0.005182
v -0.089693 0.573370 0.004018
v -0.089659 0.570952 0.002938
v -0.097111 0.568644 0.002997
v -0.097194 0.571324 0.003239
v -0.097235 0.573795 0.003279
v -0.082887 0.577248 0.004613
v -0.082850 0.574839 0.003642
v -0.082933 0.572342 0.002690
v -0.056014 0.579847 0.002747
v -0.056026 0.577396 0.002237
v -0.056209 0.574891 0.001802
v -0.029578 0.575313 0.002137
v -0.029616 0.572866 0.001608
v -0.029860 0.570465 0.001157
v -0.021686 0.571310 0.002529
v -0.021894 0.568765 0.002669
v -0.022147 0.566146 0.002610
v -0.014251 0.567766 0.009413
v -0.014613 0.565136 0.009661
v -0.014929 0.562460 0.009800
v -0.105764 0.564669 0.009277
v -0.105824 0.567425 0.009169
v -0.105958 0.570043 0.008971
v -0.052791 0.555078 0.001419
v -0.051386 0.554504 0.001416
v -0.049730 0.554129 0.001305
v -0.082001 0.554910 0.000217
v -0.078583 0.554271 0.000803
v -0.075191 0.553997 0.001331
v -0.017510 0.548788 0.007023
v -0.019661 0.549573 0.004533
v -0.022076 0.550513 0.002357
v -0.027127 0.552650 -0.000489
v -0.029673 0.553818 -0.001112
v -0.032325 0.555103 -0.001317
v -0.100650 0.549733 0.002168
v -0.099052 0.550269 0.001294
v -0.097305 0.550906 0.000598
v -0.062733 0.568844 0.001096
v -0.062168 0.565893 0.000904
v -0.061410 0.562730 0.000868
v -0.087561 0.559908 -0.000126
v -0.088582 0.562985 0.000375
v -0.089178 0.565797 0.001086
v -0.093302 0.552441 -0.000279
v -0.091041 0.553364 -0.000468
v -0.088597 0.554460 -0.000487
v -0.071960 0.558255 0.001359
v -0.071988 0.562395 0.001212
v -0.071989 0.566382 0.001195
v -0.015376 0.556790 0.009835
v -0.015519 0.553846 0.009781
v -0.015642 0.550953 0.009719
v -0.024102 0.554572 0.000932
v -0.023536 0.557588 0.001395
v -0.022978 0.560552 0.001910
v -0.057077 0.569437 0.001083
v -0.057801 0.566399 0.000851
v -0.058792 0.563074 0.000798
v -0.046982 0.566413 0.000793
v -0.047158 0.562306 0.000719
v -0.047392 0.558112 0.000768
v -0.096664 0.562504 0.001908
v -0.096290 0.559053 0.001191
v -0.095855 0.555411 0.000535
v -0.106403 0.552077 0.009041
v -0.106178 0.555426 0.009116
v -0.105958 0.558663 0.009220
v -0.084462 0.560253 0.000039
v -0.083796 0.563667 0.000494
v -0.083377 0.566793 0.001086
v -0.033359 0.560279 -0.000947
v -0.032008 0.563048 -0.000462
v -0.031022 0.565607 0.000117
v -0.068801 0.554765 0.001782
v -0.065891 0.555783 0.001668
v -0.063148 0.557121 0.001420
v -0.045203 0.554341 0.000567
v -0.042323 0.554930 -0.000020
v -0.039155 0.555734 -0.000630
v -0.038583 0.567765 0.000547
v -0.037872 0.564487 -0.000082
v -0.036908 0.560966 -0.000678
v -0.032850 0.581762 0.013637
v -0.033217 0.581369 0.013922
v -0.033623 0.581243 0.014130
v -0.030967 0.577856 0.003881
v -0.031768 0.577941 0.004433
v -0.032520 0.578183 0.004790
v -0.033762 0.578945 0.023899
v -0.034903 0.579003 0.024009
v -0.035814 0.579236 0.024209
v -0.034405 0.570310 0.032194
v -0.035444 0.571368 0.031648
v -0.036194 0.572401 0.031152
v -0.031673 0.569367 0.000947
v -0.032736 0.570673 0.001320
v -0.033553 0.571872 0.001694
v -0.033509 0.577099 0.003686
v -0.033704 0.575533 0.002845
v -0.033918 0.573952 0.002290
v -0.036782 0.578026 0.026566
v -0.036807 0.576271 0.028371
v -0.036734 0.574513 0.029828
v -0.034714 0.581343 0.016985
v -0.035416 0.581126 0.019623
v -0.036074 0.580541 0.022137
v -0.033335 0.579593 0.006779
v -0.033423 0.580409 0.009037
v -0.033667 0.580959 0.011588
v -0.058642 0.584315 0.011740
v -0.059196 0.583796 0.011905
v -0.059770 0.583607 0.011983
v -0.056955 0.581541 0.004187
v -0.057546 0.581102 0.004635
v -0.058148 0.580909 0.004925
v -0.058476 0.581618 0.022798
v -0.059409 0.581254 0.022654
v -0.060232 0.581190 0.022538
v -0.059030 0.572888 0.031684
v -0.059804 0.573759 0.031096
v -0.060425 0.574660 0.030469
v -0.057408 0.572931 0.001629
v -0.058131 0.573699 0.001873
v -0.058721 0.574458 0.002114
v -0.058760 0.579400 0.004045
v -0.058839 0.577826 0.003253
v -0.058986 0.576244 0.002663
v -0.060934 0.579863 0.024904
v -0.060900 0.578253 0.027044
v -0.060861 0.576616 0.028800
v -0.060600 0.583520 0.014474
v -0.060794 0.583107 0.017131
v -0.060902 0.582360 0.019842
v -0.059078 0.581962 0.006366
v -0.059466 0.582816 0.007946
v -0.059903 0.583367 0.009821
v -0.085525 0.580881 0.014130
v -0.086035 0.580057 0.014358
v -0.086564 0.579626 0.014438
v -0.084636 0.578499 0.006744
v -0.085484 0.577827 0.007251
v -0.086061 0.577491 0.007471
v -0.084633 0.579511 0.023301
v -0.085984 0.578685 0.023148
v -0.087128 0.578204 0.023053
v -0.085522 0.570832 0.031508
v -0.086843 0.571282 0.031019
v -0.087784 0.571819 0.030536
v -0.084761 0.570081 0.002088
v -0.085812 0.570668 0.002408
v -0.086416 0.571328 0.002763
v -0.086543 0.576061 0.006080
v -0.086602 0.574570 0.004801
v -0.086664 0.573041 0.003749
v -0.088246 0.576653 0.025217
v -0.088318 0.575091 0.027248
v -0.088345 0.573496 0.028976
v -0.087352 0.579488 0.016483
v -0.087634 0.579306 0.018618
v -0.087898 0.578823 0.020813
v -0.086568 0.578272 0.009079
v -0.086681 0.578897 0.010747
v -0.086855 0.579270 0.012533
v -0.107078 0.570390 0.014658
v -0.107013 0.567616 0.014922
v -0.107024 0.564733 0.015162
v -0.107380 0.558669 0.015590
v -0.107685 0.555501 0.015802
v -0.107987 0.552252 0.016036
v -0.107104 0.562404 0.020208
v -0.107206 0.562138 0.018606
v -0.107216 0.561919 0.016994
v -0.108195 0.549579 0.021864
v -0.108310 0.549324 0.020024
v -0.108313 0.549107 0.018172
v -0.106336 0.561615 0.010709
v -0.106721 0.561580 0.012215
v -0.106982 0.561631 0.013781
v -0.107225 0.548653 0.010798
v -0.107697 0.548702 0.012603
v -0.108017 0.548794 0.014449
v -0.012860 0.567443 0.018735
v -0.013115 0.564722 0.019085
v -0.013311 0.561970 0.019370
v -0.013472 0.556285 0.019882
v -0.013462 0.553408 0.020121
v -0.013441 0.550611 0.020317
v -0.014973 0.560651 0.026594
v -0.014163 0.560006 0.024366
v -0.013670 0.559506 0.022036
v -0.015166 0.548947 0.028275
v -0.014208 0.548538 0.025721
v -0.013668 0.548218 0.023103
v -0.014216 0.559224 0.012232
v -0.013646 0.558998 0.014684
v -0.013408 0.558984 0.017162
v -0.014558 0.547881 0.012370
v -0.013822 0.547764 0.015067
v -0.013480 0.547812 0.017761
v -0.022775 0.539668 0.037421
v -0.019886 0.539404 0.035452
v -0.017276 0.539205 0.033142
v -0.033791 0.541401 0.040887
v -0.031161 0.540947 0.040538
v -0.028492 0.540463 0.039941
v -0.056248 0.542148 0.041949
v -0.058022 0.542136 0.041855
v -0.060007 0.542051 0.041818
v -0.078499 0.540266 0.042351
v -0.082141 0.540152 0.042109
v -0.085701 0.540030 0.041725
v -0.106392 0.536496 0.030849
v -0.107022 0.536275 0.029115
v -0.107483 0.536063 0.027314
v -0.039224 0.541966 0.041441
v -0.041993 0.542054 0.041752
v -0.044658 0.542069 0.042031
v -0.065007 0.541538 0.042014
v -0.068051 0.541147 0.042205
v -0.071366 0.540760 0.042369
v -0.092193 0.539458 0.040569
v -0.095014 0.538993 0.039807
v -0.097531 0.538488 0.038915
v -0.054721 0.539181 0.005039
v -0.053388 0.538935 0.004870
v -0.051780 0.538833 0.004582
v -0.080615 0.537900 0.002377
v -0.077544 0.538017 0.003158
v -0.074456 0.538149 0.003919
v -0.017632 0.538131 0.007132
v -0.019976 0.538383 0.004914
v -0.022647 0.538743 0.003029
v -0.028511 0.539689 0.000809
v -0.031578 0.540148 0.000522
v -0.034720 0.540460 0.000663
v -0.099874 0.534770 0.002741
v -0.097968 0.535056 0.001847
v -0.095903 0.535426 0.001203
v -0.091393 0.536379 0.000688
v -0.088951 0.536894 0.000802
v -0.086354 0.537356 0.001138
v -0.068602 0.538807 0.004996
v -0.065975 0.539310 0.005256
v -0.063613 0.539782 0.005380
v -0.047245 0.539313 0.003435
v -0.044332 0.539804 0.002635
v -0.041176 0.540260 0.001828
v -0.108007 0.535650 0.023596
v -0.108105 0.535450 0.021706
v -0.108101 0.535259 0.019802
v -0.107002 0.534654 0.012170
v -0.107478 0.534777 0.014059
v -0.107800 0.534919 0.015969
v -0.013788 0.538914 0.027938
v -0.013004 0.538787 0.025204
v -0.012692 0.538651 0.022453
v -0.014367 0.538021 0.012001
v -0.013470 0.538138 0.014515
v -0.012949 0.538311 0.017089
v -0.046936 0.553506 0.040770
v -0.046926 0.549814 0.041319
v -0.046976 0.546020 0.041761
v -0.036587 0.545714 0.040623
v -0.036680 0.549513 0.040065
v -0.036720 0.553372 0.039339
v -0.108073 0.546453 0.024151
v -0.108071 0.542971 0.024602
v -0.107976 0.539434 0.025040
v -0.099768 0.541839 0.037399
v -0.099744 0.545628 0.036896
v -0.099691 0.549348 0.036339
v -0.071816 0.550201 0.002216
v -0.071704 0.546344 0.002912
v -0.071578 0.542450 0.003713
v -0.084006 0.541909 0.000980
v -0.084497 0.546219 0.000375
v -0.085035 0.550741 -0.000082
v -0.026681 0.549532 0.038503
v -0.026642 0.546538 0.038755
v -0.026323 0.543417 0.038882
v -0.016078 0.541759 0.030916
v -0.016528 0.544304 0.031039
v -0.016670 0.546823 0.030979
v -0.015915 0.545678 0.009674
v -0.016011 0.543238 0.009677
v -0.015977 0.540733 0.009645
v -0.025423 0.542438 0.001203
v -0.025249 0.545539 0.000846
v -0.024983 0.548556 0.000634
v -0.060702 0.553867 0.002006
v -0.060987 0.549495 0.003094
v -0.061260 0.545019 0.004262
v -0.088886 0.543777 0.040687
v -0.088598 0.547818 0.040134
v -0.088296 0.552050 0.039424
v -0.037324 0.544321 0.000358
v -0.036718 0.548090 -0.000355
v -0.036115 0.552030 -0.000908
v -0.049118 0.542942 0.003203
v -0.048559 0.546647 0.002326
v -0.048086 0.550278 0.001571
v -0.094932 0.547761 -0.000083
v -0.094489 0.543829 0.000029
v -0.094076 0.539858 0.000350
v -0.106497 0.538122 0.009874
v -0.106602 0.541666 0.009497
v -0.106634 0.545176 0.009215
v -0.013252 0.540937 0.020144
v -0.013470 0.543248 0.020381
v -0.013491 0.545553 0.020473
v -0.061723 0.554350 0.039490
v -0.061903 0.550062 0.040415
v -0.062087 0.545939 0.041168
v -0.108312 0.545541 0.016643
v -0.108291 0.542096 0.017024
v -0.108179 0.538606 0.017442
v -0.074499 0.544208 0.041964
v -0.074097 0.547943 0.041495
v -0.073726 0.551698 0.040908
v -0.018097 0.522831 0.037387
v -0.014314 0.523502 0.034909
v -0.010717 0.524354 0.032094
v -0.032774 0.522838 0.043193
v -0.029249 0.522506 0.042297
v -0.025635 0.522336 0.041082
v -0.057748 0.525181 0.044980
v -0.059496 0.525262 0.044928
v -0.061453 0.525318 0.044904
v -0.079177 0.524886 0.044941
v -0.082481 0.524707 0.044681
v -0.085705 0.524486 0.044291
v -0.105578 0.521803 0.032530
v -0.106167 0.521692 0.030787
v -0.106594 0.521585 0.029006
v -0.039600 0.523627 0.044349
v -0.042828 0.523980 0.044710
v -0.045818 0.524288 0.044954
v -0.066376 0.525317 0.044984
v -0.069347 0.525254 0.045059
v -0.072536 0.525158 0.045105
v -0.091718 0.523882 0.043091
v -0.094424 0.523519 0.042268
v -0.096880 0.523152 0.041289
v -0.057647 0.518658 0.008460
v -0.056520 0.519109 0.008214
v -0.055058 0.519672 0.007819
v -0.079415 0.521337 0.005392
v -0.076429 0.521415 0.006181
v -0.073517 0.521286 0.006955
v -0.015311 0.524680 0.005519
v -0.018553 0.524734 0.004097
v -0.021996 0.524829 0.002954
v -0.029239 0.524952 0.001880
v -0.032939 0.524871 0.001993
v -0.036652 0.524610 0.002464
v -0.099151 0.519599 0.004859
v -0.097123 0.519651 0.004069
v -0.094926 0.519775 0.003555
v -0.090218 0.520233 0.003336
v -0.087730 0.520536 0.003591
v -0.085115 0.520845 0.004043
v -0.068409 0.520163 0.008183
v -0.066320 0.519289 0.008577
v -0.064519 0.518446 0.008834
v -0.050519 0.521327 0.006325
v -0.047432 0.522341 0.005283
v -0.043991 0.523310 0.004206
v -0.107107 0.521329 0.025369
v -0.107229 0.521173 0.023525
v -0.107258 0.521006 0.021669
v -0.106285 0.520331 0.014197
v -0.106730 0.520499 0.016058
v -0.107023 0.520667 0.017930
v -0.006607 0.527857 0.025248
v -0.006680 0.528887 0.022326
v -0.007122 0.529216 0.019570
v -0.010496 0.526614 0.009893
v -0.009407 0.527781 0.012203
v -0.008525 0.528584 0.014535
v -0.024804 0.536220 0.038984
v -0.023757 0.532009 0.039058
v -0.022737 0.527405 0.039204
v -0.009785 0.529387 0.029005
v -0.011919 0.532833 0.029542
v -0.013765 0.536064 0.030115
v -0.038535 0.536549 0.001886
v -0.039140 0.532443 0.002537
v -0.039745 0.528271 0.003009
v -0.052167 0.525030 0.006527
v -0.051296 0.529809 0.005785
v -0.050491 0.534522 0.004980
v -0.062650 0.522996 0.008237
v -0.062281 0.528721 0.007404
v -0.061906 0.534568 0.006463
v -0.036331 0.537497 0.041739
v -0.036224 0.532950 0.042400
v -0.036177 0.528177 0.043111
v -0.107783 0.531531 0.018349
v -0.107557 0.527966 0.018824
v -0.107350 0.524398 0.019309
v -0.107085 0.525031 0.026737
v -0.107323 0.528632 0.026304
v -0.107574 0.532247 0.025885
v -0.071315 0.534088 0.005391
v -0.071174 0.529638 0.006194
v -0.071010 0.525187 0.006949
v -0.082632 0.525253 0.003918
v -0.082914 0.529388 0.003163
v -0.083220 0.533536 0.002409
v -0.062597 0.537745 0.042596
v -0.062939 0.533605 0.043359
v -0.063320 0.529462 0.044139
v -0.048041 0.529065 0.044289
v -0.047655 0.533532 0.043515
v -0.047338 0.537882 0.042815
v -0.106164 0.530961 0.010795
v -0.105978 0.527358 0.011301
v -0.105804 0.523754 0.011823
v -0.015222 0.534954 0.009306
v -0.014455 0.531675 0.008918
v -0.013459 0.528313 0.008317
v -0.025591 0.528544 0.002408
v -0.025595 0.532181 0.002322
v -0.025578 0.535754 0.002030
v -0.089124 0.535875 0.041789
v -0.089053 0.531951 0.042427
v -0.088926 0.528058 0.043094
v -0.075640 0.528905 0.044369
v -0.075428 0.532780 0.043666
v -0.075181 0.536636 0.043008
v -0.009122 0.530880 0.017689
v -0.010504 0.533233 0.018439
v -0.011753 0.535860 0.019147
v -0.099259 0.526525 0.039541
v -0.099459 0.530317 0.038961
v -0.099626 0.534155 0.038410
v -0.093384 0.531890 0.001370
v -0.093104 0.527914 0.001985
v -0.092851 0.523942 0.002640
v -0.007516 0.488519 0.009198
v -0.010792 0.486671 0.009413
v -0.014445 0.484799 0.009647
v -0.022686 0.481135 0.010321
v -0.027156 0.479424 0.010825
v -0.031766 0.477849 0.011475
v -0.049498 0.473550 0.015382
v -0.045528 0.474302 0.014364
v -0.041101 0.475268 0.013294
v -0.040147 0.486725 0.005146
v -0.039059 0.482916 0.007050
v -0.037811 0.479454 0.009436
v -0.055814 0.508083 0.008799
v -0.054991 0.512025 0.008345
v -0.054059 0.516091 0.007811
v -0.021929 0.491626 0.002153
v -0.020809 0.488242 0.004201
v -0.019622 0.485295 0.006793
v -0.007894 0.497115 0.002308
v -0.006795 0.494339 0.003983
v -0.005694 0.492016 0.006190
v -0.040952 0.519983 0.003146
v -0.041498 0.515897 0.002865
v -0.041934 0.511802 0.002515
v -0.042258 0.503438 0.002124
v -0.042086 0.499182 0.002290
v -0.041679 0.494941 0.002801
v -0.053996 0.476396 0.014237
v -0.055023 0.480023 0.012687
v -0.055848 0.483845 0.011522
v -0.056825 0.491887 0.010122
v -0.056953 0.496002 0.009742
v -0.056830 0.500105 0.009454
v -0.025568 0.521352 0.001617
v -0.025528 0.517815 0.000832
v -0.025424 0.514247 0.000023
v -0.024880 0.506814 -0.000943
v -0.024392 0.502960 -0.000869
v -0.023744 0.499096 -0.000356
v -0.012261 0.521502 0.005055
v -0.012196 0.518702 0.003345
v -0.011968 0.515909 0.001947
v -0.011124 0.509902 0.000301
v -0.010523 0.506674 0.000129
v -0.009790 0.503406 0.000403
v -0.014274 0.512422 0.000564
v -0.017530 0.511829 0.000076
v -0.021226 0.511219 -0.000377
v -0.011694 0.499027 0.000993
v -0.015026 0.497801 0.000792
v -0.018803 0.496543 0.000635
v -0.029377 0.509945 -0.000515
v -0.033632 0.509256 -0.000013
v -0.037926 0.508502 0.000897
v -0.027287 0.494075 0.000903
v -0.031811 0.492909 0.001481
v -0.036419 0.491804 0.002411
v -0.046382 0.506718 0.003946
v -0.050284 0.505758 0.005844
v -0.053707 0.504868 0.007669
v -0.045548 0.489815 0.005436
v -0.049770 0.488980 0.007325
v -0.053479 0.488301 0.009157
v -0.077813 0.473093 0.016774
v -0.075203 0.473067 0.016914
v -0.072748 0.473097 0.017075
v -0.097879 0.479731 0.017765
v -0.095874 0.478371 0.017374
v -0.093651 0.477099 0.017056
v -0.088675 0.474990 0.016672
v -0.086000 0.474209 0.016605
v -0.083265 0.473629 0.016608
v -0.080299 0.483861 0.011997
v -0.080350 0.480125 0.013325
v -0.080433 0.476585 0.014871
v -0.091925 0.508061 0.005419
v -0.092144 0.512026 0.004688
v -0.092375 0.515997 0.003993
v -0.105447 0.509586 0.014006
v -0.105500 0.513056 0.013435
v -0.105565 0.516587 0.012888
v -0.069715 0.484924 0.013723
v -0.069975 0.480858 0.014736
v -0.070257 0.476900 0.015899
v -0.082033 0.516997 0.005368
v -0.081705 0.512856 0.006061
v -0.081378 0.508692 0.006751
v -0.080794 0.500253 0.008186
v -0.080566 0.496020 0.008976
v -0.080400 0.491843 0.009855
v -0.091202 0.478798 0.014905
v -0.091177 0.481909 0.013182
v -0.091176 0.485253 0.011642
v -0.091285 0.492476 0.009069
v -0.091399 0.496282 0.008004
v -0.091547 0.500170 0.007056
v -0.104047 0.487292 0.019603
v -0.104340 0.489185 0.018933
v -0.104613 0.491446 0.018199
v -0.105039 0.496783 0.016694
v -0.105190 0.499766 0.015967
v -0.105304 0.502915 0.015271
v -0.070562 0.516814 0.008263
v -0.070291 0.512932 0.008838
v -0.070022 0.509125 0.009399
v -0.069593 0.501342 0.010595
v -0.069476 0.497295 0.011271
v -0.069448 0.493185 0.012012
v -0.072274 0.505329 0.009399
v -0.075096 0.505133 0.008752
v -0.078082 0.504816 0.008086
v -0.071825 0.488819 0.012368
v -0.074490 0.488438 0.011848
v -0.077368 0.488043 0.011323
v -0.102035 0.505257 0.009835
v -0.103391 0.505587 0.011292
v -0.104503 0.505907 0.012904
v -0.101491 0.492198 0.013568
v -0.102836 0.492883 0.014736
v -0.103949 0.493494 0.016034
v -0.083923 0.504252 0.006906
v -0.086634 0.504113 0.006488
v -0.089227 0.504067 0.006239
v -0.083185 0.487739 0.010486
v -0.085966 0.487925 0.010254
v -0.088643 0.488289 0.010177
v -0.063250 0.513520 0.009596
v -0.063465 0.509879 0.010154
v -0.063644 0.506583 0.010666
v -0.063957 0.499802 0.011669
v -0.064096 0.496066 0.012215
v -0.064210 0.492170 0.012831
v -0.064306 0.484178 0.014381
v -0.064257 0.480202 0.015353
v -0.064114 0.476305 0.016466
v -0.061637 0.502961 0.011140
v -0.062254 0.502932 0.011200
v -0.062961 0.503027 0.011215
v -0.062136 0.487659 0.013166
v -0.062793 0.487779 0.013345
v -0.063500 0.487947 0.013479
v -0.060403 0.472395 0.017578
v -0.061477 0.472403 0.017669
v -0.062618 0.472445 0.017725
v -0.067742 0.504944 0.010437
v -0.066118 0.504400 0.010783
v -0.064832 0.503805 0.011022
v -0.067700 0.489028 0.013169
v -0.066287 0.488813 0.013398
v -0.065183 0.488500 0.013521
v -0.068523 0.473013 0.017412
v -0.066777 0.472861 0.017559
v -0.065234 0.472688 0.017671
v -0.016486 0.500301 0.037476
v -0.012434 0.502471 0.035587
v -0.008960 0.504313 0.033933
v -0.034481 0.501672 0.045778
v -0.030619 0.500446 0.044410
v -0.026523 0.499117 0.042567
v -0.059792 0.508567 0.047974
v -0.061452 0.508859 0.047909
v -0.063304 0.509136 0.047853
v -0.079815 0.509932 0.047357
v -0.082847 0.509837 0.047065
v -0.085805 0.509697 0.046669
v -0.041735 0.503925 0.047428
v -0.045080 0.504938 0.047841
v -0.048134 0.505834 0.048064
v -0.067934 0.509613 0.047781
v -0.070712 0.509792 0.047745
v -0.073681 0.509913 0.047679
v -0.091354 0.509363 0.045512
v -0.093883 0.509195 0.044726
v -0.096215 0.509034 0.043783
v -0.076057 0.521188 0.045756
v -0.076282 0.517384 0.046397
v -0.076512 0.513637 0.046998
v -0.064991 0.513273 0.047143
v -0.064556 0.517233 0.046433
v -0.064135 0.521259 0.045689
v -0.050105 0.511017 0.047453
v -0.049494 0.515498 0.046696
v -0.048959 0.520012 0.045906
v -0.021419 0.517073 0.039842
v -0.021227 0.511320 0.040195
v -0.021281 0.505068 0.040324
v -0.006507 0.510580 0.032676
v -0.006714 0.515459 0.031977
v -0.006881 0.520329 0.030644
v -0.098860 0.519202 0.040782
v -0.098679 0.515689 0.041424
v -0.098503 0.512255 0.042059
v -0.088666 0.513079 0.045614
v -0.088682 0.516713 0.045031
v -0.088720 0.520427 0.044412
v -0.037336 0.507944 0.046076
v -0.036759 0.513078 0.045352
v -0.036403 0.518190 0.044605
v -0.012126 0.484618 0.025453
v -0.008739 0.487101 0.024836
v -0.005664 0.489410 0.024151
v -0.019164 0.491873 0.036753
v -0.017484 0.487656 0.033480
v -0.016329 0.484318 0.029869
v -0.003545 0.494082 0.026716
v -0.004404 0.497424 0.029432
v -0.005324 0.501397 0.031429
v -0.003792 0.489341 0.012299
v -0.003158 0.489193 0.015991
v -0.002854 0.489909 0.019789
v -0.017299 0.481324 0.013609
v -0.016375 0.480557 0.017638
v -0.015810 0.480740 0.021822
v -0.006727 0.521881 0.004373
v -0.006726 0.519900 0.002686
v -0.006506 0.517662 0.001269
v -0.001380 0.526268 0.022270
v -0.002028 0.527340 0.019810
v -0.002778 0.527692 0.017296
v -0.009912 0.523615 0.007296
v -0.008511 0.523313 0.007034
v -0.007428 0.523373 0.006659
v 0.003595 0.500352 0.023701
v 0.002685 0.502880 0.026251
v 0.001708 0.505940 0.028118
v 0.036419 0.547703 0.001000
v 0.035510 0.548155 0.000081
v 0.034693 0.548425 -0.000871
v 0.034019 0.547730 -0.005723
v 0.034046 0.548153 -0.004089
v 0.034083 0.548417 -0.002624
v 0.039354 0.541274 -0.010079
v 0.040033 0.540787 -0.009138
v 0.040483 0.540388 -0.008162
v 0.034153 0.546451 -0.008865
v 0.034312 0.545674 -0.010140
v 0.034474 0.544905 -0.011116
v 0.035350 0.543874 -0.011782
v 0.036384 0.543231 -0.011721
v 0.037463 0.542530 -0.011421
v 0.040013 0.544539 0.002843
v 0.039308 0.545416 0.002696
v 0.038393 0.546291 0.002347
v 0.041493 0.542649 -0.000357
v 0.041234 0.543151 0.001019
v 0.040823 0.543578 0.002138
v 0.041027 0.540466 -0.006448
v 0.041351 0.540967 -0.005065
v 0.041545 0.541526 -0.003504
v -0.005516 0.512475 -0.000409
v -0.004756 0.509653 -0.000586
v -0.003800 0.506826 -0.000325
v -0.004705 0.524277 0.026958
v -0.003121 0.523981 0.025948
v -0.001916 0.524041 0.025208
v -0.003256 0.516692 -0.000634
v -0.004206 0.516207 -0.000389
v -0.005158 0.515699 -0.000106
v 0.000253 0.513480 0.029076
v -0.000153 0.517534 0.028175
v -0.000487 0.521265 0.026606
v -0.004456 0.526997 0.012496
v -0.005275 0.526160 0.010296
v -0.005976 0.525022 0.008216
v -0.002270 0.491996 0.008683
v -0.000271 0.493600 0.008357
v 0.001409 0.495130 0.007999
v 0.041458 0.542994 -0.002572
v 0.041012 0.543809 -0.003355
v 0.040285 0.544554 -0.004184
v 0.038045 0.546823 0.000366
v 0.038605 0.546432 -0.001321
v 0.039037 0.545905 -0.003153
v 0.035408 0.546877 -0.006948
v 0.036794 0.546440 -0.006404
v 0.038121 0.545883 -0.005748
v 0.038979 0.542713 -0.009722
v 0.039283 0.543599 -0.008334
v 0.039393 0.544461 -0.006745
v 0.010413 0.528065 0.017946
v 0.010901 0.528266 0.017754
v 0.011381 0.528464 0.017569
v 0.010689 0.529883 0.015652
v 0.009687 0.530519 0.013615
v 0.008864 0.530681 0.011400
v 0.007851 0.530176 0.009321
v 0.007455 0.529875 0.009534
v 0.007034 0.529585 0.009760
v 0.007189 0.529647 0.012196
v 0.007941 0.529624 0.014359
v 0.008844 0.529081 0.016377
v 0.008178 0.527191 0.018915
v 0.008822 0.527434 0.018601
v 0.009390 0.527653 0.018354
v 0.006065 0.529062 0.010230
v 0.005492 0.528838 0.010481
v 0.004842 0.528643 0.010763
v 0.004900 0.528874 0.013241
v 0.005686 0.528870 0.015393
v 0.006512 0.528279 0.017453
v 0.004389 0.525728 0.002452
v 0.003371 0.525407 0.002802
v 0.002282 0.525117 0.003153
v 0.001728 0.526033 0.005207
v 0.002444 0.527030 0.007054
v 0.003263 0.527851 0.009019
v 0.006084 0.528755 0.007845
v 0.005709 0.528015 0.005794
v 0.005438 0.527111 0.003875
v 0.006911 0.527077 0.001280
v 0.006473 0.526720 0.001534
v 0.005945 0.526386 0.001812
v 0.007800 0.530026 0.006914
v 0.007531 0.529353 0.004803
v 0.007386 0.528494 0.002835
v 0.008555 0.513681 -0.002859
v 0.009172 0.514197 -0.003142
v 0.009785 0.514760 -0.003472
v 0.011565 0.513998 -0.002898
v 0.012829 0.512844 -0.001543
v 0.014099 0.511989 0.000154
v 0.014621 0.510934 0.002541
v 0.014005 0.510382 0.002898
v 0.013409 0.509815 0.003221
v 0.011636 0.509683 0.001511
v 0.010338 0.510530 -0.000213
v 0.009053 0.511712 -0.001603
v 0.005690 0.511574 -0.001970
v 0.006472 0.512148 -0.002173
v 0.007213 0.512679 -0.002384
v 0.012225 0.508578 0.003803
v 0.011616 0.507881 0.004082
v 0.010984 0.507113 0.004367
v 0.009084 0.506863 0.002520
v 0.007678 0.507891 0.000696
v 0.006231 0.509274 -0.000752
v 0.007312 0.526328 -0.000520
v 0.007365 0.525048 -0.001855
v 0.007509 0.523635 -0.002942
v 0.007273 0.521577 -0.003497
v 0.006778 0.521157 -0.003235
v 0.006214 0.520783 -0.002969
v 0.005297 0.522062 -0.001873
v 0.005188 0.523544 -0.000782
v 0.005180 0.524873 0.000557
v 0.004624 0.520016 -0.002390
v 0.003602 0.519596 -0.002087
v 0.002520 0.519169 -0.001801
v 0.001066 0.520525 -0.000637
v 0.000880 0.522132 0.000532
v 0.000916 0.523581 0.001921
v 0.008168 0.520414 -0.004308
v 0.008728 0.518687 -0.004533
v 0.009471 0.516987 -0.004398
v 0.007004 0.514889 -0.003197
v 0.006329 0.516732 -0.003384
v 0.005844 0.518609 -0.003203
v 0.003716 0.512817 -0.002322
v 0.002766 0.514809 -0.002439
v 0.002015 0.516820 -0.002165
v 0.015126 0.518475 0.020184
v 0.015680 0.518868 0.019876
v 0.016216 0.519241 0.019581
v 0.015724 0.522001 0.019747
v 0.014487 0.524485 0.019527
v 0.013157 0.526792 0.018712
v 0.011135 0.525882 0.019554
v 0.012404 0.523378 0.020495
v 0.013583 0.520664 0.020853
v 0.012390 0.516503 0.021823
v 0.013203 0.517085 0.021311
v 0.013909 0.517596 0.020883
v 0.008466 0.524678 0.020910
v 0.009545 0.521842 0.022061
v 0.010569 0.518772 0.022624
v 0.016012 0.511695 0.012769
v 0.016624 0.512196 0.012421
v 0.017242 0.512662 0.012077
v 0.017992 0.514277 0.014147
v 0.017862 0.515737 0.016332
v 0.017457 0.517505 0.018104
v 0.015173 0.515802 0.019418
v 0.015496 0.513927 0.017698
v 0.015554 0.512388 0.015540
v 0.013387 0.509080 0.014426
v 0.014095 0.509852 0.013947
v 0.014760 0.510536 0.013520
v 0.012074 0.513315 0.021427
v 0.012472 0.511240 0.019711
v 0.012649 0.509555 0.017493
v 0.016238 0.511369 0.004364
v 0.016998 0.511623 0.006752
v 0.017544 0.512214 0.009231
v 0.015053 0.510173 0.010639
v 0.014521 0.509498 0.008156
v 0.013783 0.509166 0.005758
v 0.012399 0.507161 0.012320
v 0.011960 0.506452 0.009657
v 0.011276 0.506134 0.007074
v -0.001258 0.501618 0.001491
v 0.000206 0.499462 0.003060
v 0.001621 0.497752 0.005096
v -0.004549 0.527407 0.015309
v -0.005523 0.527492 0.015805
v -0.006578 0.527977 0.016349
v 0.004540 0.525892 0.021159
v 0.005585 0.526252 0.020477
v 0.006558 0.526598 0.019855
v -0.003803 0.507041 0.031444
v -0.002003 0.507997 0.030565
v -0.000508 0.508789 0.029816
v 0.007768 0.513363 0.024921
v 0.009095 0.514226 0.024029
v 0.010332 0.515062 0.023190
v -0.007041 0.514647 0.000552
v -0.008148 0.514110 0.000840
v -0.009606 0.513561 0.000989
v -0.001744 0.524478 0.004406
v -0.000801 0.524584 0.004105
v 0.000171 0.524709 0.003805
v -0.006741 0.501251 0.001101
v -0.005072 0.502241 0.000937
v -0.003752 0.503185 0.000678
v 0.003763 0.496094 0.010617
v 0.004321 0.496236 0.013922
v 0.004493 0.497006 0.017337
v 0.007870 0.502508 0.018461
v 0.006749 0.501196 0.019206
v 0.005547 0.499825 0.019942
v 0.002825 0.496864 0.021365
v 0.001203 0.495235 0.022055
v -0.000701 0.493468 0.022744
v 0.008045 0.503155 0.005691
v 0.008853 0.504274 0.005331
v 0.009609 0.505312 0.004988
v 0.002264 0.508645 -0.001119
v 0.003160 0.509468 -0.001351
v 0.004031 0.510237 -0.001566
v -0.000637 0.527935 0.013352
v -0.001641 0.527806 0.013850
v -0.002632 0.527666 0.014345
v 0.017662 0.531858 0.014435
v 0.018216 0.532321 0.014126
v 0.018978 0.533013 0.013744
v 0.018351 0.535001 0.011871
v 0.016862 0.535789 0.009924
v 0.015648 0.536409 0.007623
v 0.013744 0.535766 0.005656
v 0.013087 0.535078 0.006033
v 0.012676 0.534645 0.006360
v 0.013129 0.533930 0.009055
v 0.014240 0.533357 0.011308
v 0.015631 0.532565 0.013256
v 0.016009 0.530576 0.015581
v 0.016412 0.530874 0.015296
v 0.016812 0.531189 0.015004
v 0.012087 0.533995 0.007015
v 0.011778 0.533647 0.007359
v 0.011456 0.533293 0.007683
v 0.011852 0.532751 0.010241
v 0.012888 0.532279 0.012413
v 0.014160 0.531479 0.014331
v 0.012327 0.533759 -0.001608
v 0.011948 0.533097 -0.001180
v 0.011523 0.532401 -0.000770
v 0.010812 0.532277 0.001471
v 0.010677 0.532682 0.003526
v 0.010752 0.532914 0.005704
v 0.012042 0.534570 0.004332
v 0.012043 0.534664 0.002078
v 0.012278 0.534590 -0.000050
v 0.013700 0.535879 -0.003121
v 0.013206 0.535267 -0.002729
v 0.012898 0.534799 -0.002378
v 0.014300 0.537121 0.002804
v 0.014152 0.537201 0.000529
v 0.014252 0.537089 -0.001615
v 0.018725 0.525242 -0.010034
v 0.019238 0.525796 -0.010374
v 0.019944 0.526495 -0.010753
v 0.022759 0.526142 -0.010508
v 0.024705 0.525109 -0.009357
v 0.026585 0.524369 -0.007802
v 0.027234 0.522631 -0.005511
v 0.026397 0.521435 -0.005122
v 0.025627 0.520365 -0.004723
v 0.023359 0.520251 -0.006295
v 0.021632 0.521509 -0.007889
v 0.019881 0.523051 -0.009039
v 0.016788 0.523100 -0.008551
v 0.017339 0.523711 -0.008967
v 0.017837 0.524254 -0.009348
v 0.024106 0.518551 -0.003851
v 0.023310 0.517773 -0.003367
v 0.022490 0.517053 -0.002851
v 0.020365 0.517438 -0.004408
v 0.018944 0.518919 -0.006126
v 0.017507 0.520631 -0.007380
v 0.014876 0.536261 -0.005414
v 0.015326 0.535531 -0.007029
v 0.015874 0.534577 -0.008434
v 0.015707 0.532613 -0.009105
v 0.015190 0.532071 -0.008689
v 0.014850 0.531632 -0.008313
v 0.013993 0.532306 -0.006748
v 0.013496 0.533206 -0.005370
v 0.013050 0.533877 -0.003792
v 0.014199 0.530551 -0.007483
v 0.013768 0.529822 -0.007012
v 0.013275 0.529022 -0.006547
v 0.012201 0.529288 -0.004952
v 0.011760 0.530234 -0.003622
v 0.011389 0.531044 -0.002116
v 0.017312 0.531985 -0.010541
v 0.018270 0.530447 -0.011160
v 0.019466 0.528889 -0.011403
v 0.017004 0.526491 -0.009851
v 0.015998 0.528188 -0.009550
v 0.015204 0.529768 -0.008880
v 0.015051 0.524053 -0.008229
v 0.014122 0.525578 -0.007866
v 0.013358 0.526961 -0.007125
v 0.024500 0.526232 0.013778
v 0.025222 0.527115 0.013209
v 0.026053 0.528136 0.012599
v 0.025472 0.530531 0.013135
v 0.023711 0.531759 0.013813
v 0.021865 0.532952 0.013880
v 0.018927 0.530182 0.015544
v 0.020660 0.528657 0.015733
v 0.022329 0.527044 0.015315
v 0.022002 0.523479 0.015837
v 0.022607 0.524082 0.015348
v 0.023218 0.524737 0.014842
v 0.017112 0.528720 0.016841
v 0.018640 0.526863 0.017264
v 0.020094 0.524879 0.017094
v 0.027928 0.521550 0.005395
v 0.028679 0.522741 0.004829
v 0.029466 0.524038 0.004259
v 0.029960 0.526262 0.006096
v 0.029292 0.527188 0.008331
v 0.028318 0.528213 0.010307
v 0.025125 0.523967 0.012788
v 0.026129 0.522629 0.010814
v 0.026826 0.521454 0.008502
v 0.024845 0.517799 0.007607
v 0.025645 0.518594 0.007064
v 0.026425 0.519480 0.006513
v 0.022474 0.521128 0.014908
v 0.023291 0.519539 0.012996
v 0.023818 0.518184 0.010698
v 0.029341 0.523931 -0.003704
v 0.030051 0.524211 -0.001312
v 0.030362 0.524737 0.001183
v 0.027178 0.519684 0.003283
v 0.026795 0.519192 0.000602
v 0.026030 0.519072 -0.001967
v 0.023898 0.516287 0.005450
v 0.023444 0.515850 0.002738
v 0.022687 0.515851 0.000117
v 0.009358 0.531399 0.008700
v 0.008987 0.531095 0.008825
v 0.008611 0.530789 0.008967
v 0.014232 0.529610 0.016506
v 0.014700 0.529821 0.016307
v 0.015155 0.530048 0.016090
v 0.025061 0.539121 0.010851
v 0.023184 0.537244 0.011794
v 0.021473 0.535499 0.012595
v 0.039024 0.541948 0.004734
v 0.039758 0.542804 0.004043
v 0.040213 0.543463 0.003377
v 0.020253 0.542274 0.003148
v 0.018153 0.540308 0.003909
v 0.016281 0.538424 0.004599
v 0.019560 0.521488 0.017599
v 0.020169 0.521932 0.017191
v 0.020784 0.522409 0.016760
v 0.019161 0.541189 -0.005584
v 0.017334 0.539582 -0.004891
v 0.015750 0.538053 -0.004209
v 0.009563 0.524219 -0.004627
v 0.008924 0.523438 -0.004337
v 0.008320 0.522715 -0.004047
v 0.009668 0.530007 0.000182
v 0.010143 0.530542 0.000031
v 0.010611 0.531107 -0.000159
v 0.021090 0.537293 -0.011581
v 0.019306 0.535843 -0.010926
v 0.017752 0.534498 -0.010241
v 0.031814 0.528673 -0.007017
v 0.030510 0.527030 -0.006668
v 0.029287 0.525446 -0.006289
v 0.035817 0.539450 -0.012836
v 0.036899 0.540283 -0.012383
v 0.037787 0.541062 -0.011744
v 0.019962 0.514419 0.010563
v 0.019234 0.513977 0.010973
v 0.018540 0.513542 0.011360
v 0.019069 0.514421 -0.000509
v 0.019925 0.515055 -0.001115
v 0.020789 0.515705 -0.001717
v 0.033387 0.530114 0.001981
v 0.032286 0.528512 0.002535
v 0.031260 0.526941 0.003106
v 0.014030 0.519726 -0.006510
v 0.014781 0.520674 -0.007064
v 0.015503 0.521575 -0.007597
v 0.036664 0.547177 0.002839
v 0.035830 0.547094 0.003656
v 0.034844 0.546778 0.004390
v 0.032246 0.545284 0.006214
v 0.030633 0.544092 0.007373
v 0.028866 0.542643 0.008591
v 0.028206 0.530722 0.011213
v 0.029526 0.532253 0.010438
v 0.030956 0.533852 0.009622
v 0.033968 0.536976 0.007924
v 0.035444 0.538411 0.007072
v 0.036819 0.539731 0.006245
v 0.033532 0.548634 -0.001418
v 0.032652 0.548652 -0.001173
v 0.031525 0.548502 -0.000880
v 0.028490 0.547570 0.000078
v 0.026620 0.546725 0.000766
v 0.024585 0.545579 0.001538
v 0.032754 0.547244 -0.007632
v 0.031481 0.547144 -0.007764
v 0.030143 0.546865 -0.007774
v 0.026958 0.545798 -0.007470
v 0.025094 0.544992 -0.007165
v 0.023128 0.543968 -0.006751
v 0.033935 0.544149 -0.012024
v 0.032947 0.543844 -0.012345
v 0.031724 0.543403 -0.012554
v 0.028633 0.542040 -0.012712
v 0.026831 0.541100 -0.012659
v 0.024933 0.539990 -0.012473
v 0.040422 0.539518 -0.007543
v 0.039889 0.538634 -0.007688
v 0.039121 0.537572 -0.007783
v 0.037039 0.534993 -0.007792
v 0.035809 0.533518 -0.007701
v 0.034503 0.531954 -0.007542
v 0.022353 0.528626 -0.011733
v 0.024047 0.530046 -0.012291
v 0.025915 0.531587 -0.012803
v 0.029696 0.534667 -0.013410
v 0.031454 0.536082 -0.013456
v 0.033080 0.537368 -0.013361
v 0.041400 0.541108 -0.001366
v 0.040913 0.540025 -0.000951
v 0.040181 0.538847 -0.000600
v 0.038172 0.536217 0.000110
v 0.036996 0.534778 0.000519
v 0.035773 0.533271 0.000968
v 0.031284 0.536777 0.009814
v 0.029918 0.538202 0.010374
v 0.028453 0.539630 0.010386
v 0.037124 0.542217 0.006020
v 0.036021 0.543620 0.006152
v 0.034829 0.544988 0.005874
v 0.025619 0.542129 0.008512
v 0.024381 0.543065 0.006733
v 0.023311 0.543733 0.004618
v 0.032600 0.547100 0.004166
v 0.031664 0.547722 0.002825
v 0.030846 0.548067 0.001252
v 0.034362 0.532444 0.003601
v 0.033969 0.533295 0.005592
v 0.033344 0.534288 0.007346
v 0.039217 0.538197 0.001528
v 0.039038 0.538933 0.003136
v 0.038661 0.539826 0.004477
v 0.023972 0.537338 -0.012967
v 0.025125 0.535888 -0.013475
v 0.026423 0.534461 -0.013574
v 0.031202 0.541702 -0.013306
v 0.032265 0.540574 -0.013628
v 0.033402 0.539485 -0.013590
v 0.029312 0.532058 -0.012298
v 0.030763 0.531206 -0.010953
v 0.032081 0.530621 -0.009258
v 0.035625 0.537659 -0.012283
v 0.036611 0.537007 -0.011051
v 0.037466 0.536563 -0.009536
v 0.021791 0.544120 0.000074
v 0.021364 0.543857 -0.002137
v 0.021145 0.543363 -0.004249
v 0.029543 0.547990 -0.002301
v 0.029079 0.547623 -0.004148
v 0.028774 0.547085 -0.005959
v 0.033915 0.530339 -0.005208
v 0.034370 0.530610 -0.003008
v 0.034568 0.531086 -0.000768
v 0.038660 0.536387 -0.005977
v 0.038992 0.536634 -0.004068
v 0.039180 0.537045 -0.002145
v 0.021297 0.541909 -0.008020
v 0.021663 0.540992 -0.009619
v 0.022227 0.539931 -0.010993
v 0.028744 0.545647 -0.009231
v 0.029045 0.544788 -0.010602
v 0.029557 0.543840 -0.011758
v 0.010784 0.532619 0.008178
v 0.010437 0.532306 0.008341
v 0.010084 0.532002 0.008470
v 0.012332 0.528847 0.017215
v 0.012807 0.529034 0.017043
v 0.013283 0.529221 0.016870
v 0.017281 0.519958 0.018986
v 0.017827 0.520317 0.018671
v 0.018387 0.520686 0.018338
v 0.012138 0.527392 -0.005762
v 0.011516 0.526600 -0.005456
v 0.010873 0.525813 -0.005179
v 0.007760 0.527933 0.000838
v 0.008224 0.528431 0.000647
v 0.008703 0.528953 0.000474
v 0.023193 0.516453 0.008665
v 0.022355 0.515882 0.009173
v 0.021528 0.515361 0.009662
v 0.015950 0.512044 0.001690
v 0.016673 0.512616 0.001193
v 0.017436 0.513202 0.000656
v 0.011086 0.516133 -0.004319
v 0.011790 0.516952 -0.004831
v 0.012521 0.517836 -0.005378
v 0.012474 0.530643 0.015048
v 0.011343 0.531381 0.013063
v 0.010411 0.531707 0.010865
v 0.017841 0.523279 0.018581
v 0.016535 0.525545 0.018525
v 0.015141 0.527659 0.017875
v 0.019216 0.513467 0.002424
v 0.019969 0.513565 0.004935
v 0.020478 0.514052 0.007532
v 0.010743 0.523565 -0.005684
v 0.011415 0.522007 -0.006173
v 0.012252 0.520393 -0.006288
v 0.020702 0.516003 0.012618
v 0.020402 0.517414 0.014862
v 0.019823 0.519106 0.016702
v 0.009328 0.528557 -0.001306
v 0.009532 0.527511 -0.002717
v 0.009821 0.526335 -0.003916
v 0.009309 0.531436 0.006338
v 0.009123 0.530954 0.004183
v 0.009104 0.530291 0.002163
v 0.014470 0.517192 -0.005078
v 0.015766 0.515765 -0.003738
v 0.017055 0.514598 -0.001993
v 0.000450 0.518353 -0.001348
v -0.000493 0.517964 -0.001178
v -0.001406 0.517567 -0.001018
v 0.000190 0.524560 0.023933
v 0.001268 0.524866 0.023263
v 0.002361 0.525191 0.022572
v 0.002214 0.510214 0.028351
v 0.003599 0.510946 0.027549
v 0.004994 0.511708 0.026705
v -0.005539 0.523822 0.005829
v -0.004585 0.524031 0.005437
v -0.003629 0.524213 0.005067
v 0.011789 0.507224 0.015585
v 0.010892 0.506144 0.016259
v 0.009936 0.504987 0.016975
v 0.004111 0.498021 0.007232
v 0.005238 0.499391 0.006841
v 0.006252 0.500707 0.006450
v -0.001582 0.505038 0.000047
v -0.000573 0.505966 -0.000272
v 0.000400 0.506883 -0.000578
v 0.003263 0.528352 0.011473
v 0.002345 0.528247 0.011904
v 0.001373 0.528150 0.012370
v 0.005621 0.515929 0.025889
v 0.004886 0.519511 0.025120
v 0.004169 0.522849 0.023714
v 0.002735 0.527257 0.019758
v 0.001991 0.528118 0.017493
v 0.001208 0.528315 0.015163
v 0.008139 0.501694 0.008760
v 0.008742 0.501939 0.011689
v 0.009002 0.502647 0.014718
v -0.001713 0.514836 -0.001466
v -0.000913 0.512429 -0.001692
v 0.000099 0.510039 -0.001499
v 0.008547 0.505276 0.020531
v 0.007935 0.507200 0.022965
v 0.007185 0.509595 0.024801
v -0.002956 0.522875 0.002994
v -0.002967 0.521177 0.001447
v -0.002745 0.519267 0.000147
v 0.002811 0.505760 0.000232
v 0.004376 0.504065 0.001768
v 0.005884 0.502772 0.003721
v -0.000516 0.527491 0.010649
v -0.001380 0.526681 0.008557
v -0.002132 0.525634 0.006581
v -0.107103 0.517292 0.020302
v -0.107069 0.513793 0.020807
v -0.107064 0.510366 0.021321
v -0.107050 0.503835 0.022373
v -0.106997 0.500757 0.022901
v -0.106887 0.497801 0.023415
v -0.106422 0.492247 0.024348
v -0.106028 0.489639 0.024732
v -0.105502 0.487133 0.025031
v -0.098475 0.473785 0.025187
v -0.096490 0.471717 0.025327
v -0.094235 0.469562 0.025677
v -0.106061 0.506443 0.016378
v -0.106549 0.506654 0.018176
v -0.106875 0.506847 0.020000
v -0.105554 0.494369 0.018941
v -0.106085 0.494632 0.020521
v -0.106462 0.494819 0.022177
v -0.104060 0.485706 0.020950
v -0.104361 0.485338 0.022192
v -0.104625 0.485004 0.023633
v -0.091285 0.473413 0.018928
v -0.091335 0.471115 0.021207
v -0.091389 0.468996 0.023644
v -0.080593 0.470137 0.018728
v -0.080679 0.467124 0.020964
v -0.080813 0.464097 0.023265
v -0.070691 0.469471 0.018783
v -0.070831 0.465889 0.020419
v -0.070967 0.462194 0.022036
v -0.063483 0.468912 0.019132
v -0.063037 0.465286 0.020588
v -0.062584 0.461483 0.021996
v -0.051420 0.469882 0.018676
v -0.050027 0.466877 0.021513
v -0.048741 0.463796 0.024653
v -0.035025 0.474018 0.015608
v -0.033679 0.472240 0.019256
v -0.032557 0.471198 0.023110
v -0.088520 0.465065 0.026085
v -0.085977 0.463521 0.025921
v -0.083497 0.462127 0.025773
v -0.078553 0.459981 0.025092
v -0.076068 0.459243 0.024547
v -0.073591 0.458674 0.023988
v -0.068727 0.457866 0.023207
v -0.066400 0.457589 0.023070
v -0.064205 0.457405 0.023090
v -0.054252 0.458015 0.025353
v -0.052598 0.458328 0.025970
v -0.050586 0.458867 0.026837
v -0.044057 0.463567 0.027994
v -0.040196 0.466175 0.027646
v -0.036055 0.468557 0.027321
v -0.019567 0.479195 0.026324
v -0.023529 0.476368 0.026589
v -0.027618 0.473594 0.026809
v -0.106784 0.517959 0.027694
v -0.106733 0.514516 0.028219
v -0.106719 0.511145 0.028762
v -0.107141 0.507244 0.023697
v -0.107107 0.507455 0.025560
v -0.106965 0.507661 0.027431
v -0.105194 0.508293 0.034887
v -0.105866 0.508164 0.033057
v -0.106362 0.508019 0.031191
v -0.106133 0.492476 0.031702
v -0.105752 0.489584 0.032023
v -0.105236 0.486763 0.032266
v -0.104946 0.484494 0.026916
v -0.104961 0.484312 0.028697
v -0.104843 0.484161 0.030539
v -0.106677 0.495334 0.029405
v -0.106815 0.495222 0.027526
v -0.106821 0.495099 0.025688
v -0.097049 0.492726 0.045099
v -0.096625 0.489614 0.045421
v -0.096103 0.486544 0.045642
v -0.100302 0.483496 0.041523
v -0.098852 0.483460 0.043083
v -0.097233 0.483465 0.044496
v -0.104586 0.495629 0.037015
v -0.105374 0.495575 0.035148
v -0.105972 0.495510 0.033237
v -0.088184 0.493086 0.048289
v -0.087951 0.490002 0.048604
v -0.087658 0.486968 0.048837
v -0.093567 0.483629 0.046791
v -0.091562 0.483763 0.047666
v -0.089467 0.483891 0.048382
v -0.090832 0.496147 0.047334
v -0.093173 0.496054 0.046617
v -0.095366 0.495961 0.045749
v -0.077822 0.492871 0.049694
v -0.078005 0.489690 0.049970
v -0.078158 0.486559 0.050158
v -0.085085 0.483997 0.049413
v -0.082831 0.483926 0.049765
v -0.080554 0.483752 0.050033
v -0.080378 0.496254 0.049109
v -0.083106 0.496303 0.048797
v -0.085776 0.496287 0.048406
v -0.068120 0.491251 0.050234
v -0.068746 0.487861 0.050489
v -0.069371 0.484532 0.050644
v -0.075999 0.483040 0.050395
v -0.073810 0.482513 0.050516
v -0.071777 0.481908 0.050610
v -0.069732 0.495164 0.049804
v -0.072214 0.495561 0.049692
v -0.074873 0.495885 0.049545
v -0.055969 0.485469 0.050465
v -0.057275 0.481540 0.050664
v -0.058639 0.477775 0.050866
v -0.037109 0.472117 0.041112
v -0.039937 0.468045 0.041070
v -0.042398 0.463939 0.041103
v -0.048882 0.461599 0.048622
v -0.046725 0.460892 0.046442
v -0.045184 0.460227 0.044002
v -0.047033 0.484827 0.049482
v -0.049828 0.486553 0.049929
v -0.052430 0.488154 0.050138
v -0.045573 0.459053 0.031996
v -0.044474 0.458903 0.035250
v -0.044045 0.459148 0.038369
v -0.031563 0.471597 0.030915
v -0.031857 0.472866 0.034628
v -0.032707 0.474528 0.038069
v -0.106708 0.504641 0.029852
v -0.106665 0.501506 0.030376
v -0.106570 0.498438 0.030867
v -0.098137 0.505569 0.043243
v -0.097927 0.502297 0.043774
v -0.097684 0.499067 0.044262
v -0.088625 0.506081 0.046651
v -0.088573 0.502718 0.047107
v -0.088488 0.499437 0.047529
v -0.076971 0.506372 0.048071
v -0.077193 0.502869 0.048542
v -0.077410 0.499451 0.048969
v -0.065917 0.505592 0.048424
v -0.066416 0.501881 0.048980
v -0.066947 0.498254 0.049470
v -0.059812 0.492052 0.050169
v -0.058349 0.491405 0.050205
v -0.056691 0.490590 0.050221
v -0.058335 0.472237 0.051176
v -0.056420 0.469731 0.051169
v -0.054353 0.466632 0.051046
v -0.036114 0.478065 0.043721
v -0.038542 0.479735 0.045838
v -0.041268 0.481390 0.047492
v -0.049940 0.468534 0.049537
v -0.047995 0.473573 0.049105
v -0.046045 0.478353 0.048891
v -0.051633 0.502208 0.048803
v -0.052564 0.497903 0.049368
v -0.053602 0.493672 0.049841
v -0.039325 0.497771 0.047391
v -0.040733 0.492786 0.047940
v -0.042356 0.487885 0.048384
v -0.025185 0.490967 0.040477
v -0.028214 0.485678 0.040830
v -0.031168 0.480828 0.041041
v -0.083952 0.460638 0.044100
v -0.083347 0.462138 0.045122
v -0.082864 0.463413 0.045879
v -0.089805 0.468889 0.044115
v -0.088155 0.465920 0.043494
v -0.086466 0.462776 0.042910
v -0.085804 0.475344 0.048507
v -0.086379 0.478145 0.048790
v -0.086877 0.481032 0.048942
v -0.080108 0.453875 0.048812
v -0.079449 0.456551 0.048695
v -0.078933 0.459038 0.048627
v -0.083300 0.456018 0.043877
v -0.082415 0.453984 0.045445
v -0.081674 0.452318 0.047166
v -0.079715 0.462255 0.047880
v -0.080811 0.463041 0.047213
v -0.081809 0.463760 0.046690
v -0.076088 0.450302 0.053927
v -0.075437 0.453237 0.053113
v -0.074848 0.455967 0.052383
v -0.079983 0.449668 0.050655
v -0.078952 0.448610 0.052251
v -0.077879 0.447745 0.053659
v -0.075239 0.459168 0.051065
v -0.076294 0.459870 0.050287
v -0.077418 0.460638 0.049464
v -0.069305 0.449791 0.057006
v -0.069319 0.452397 0.055972
v -0.069331 0.454497 0.055139
v -0.072505 0.446059 0.057551
v -0.071612 0.446074 0.057878
v -0.070576 0.446266 0.058115
v -0.072147 0.457337 0.053103
v -0.072776 0.457672 0.052736
v -0.073478 0.458069 0.052296
v -0.098937 0.472172 0.032209
v -0.097519 0.470364 0.032115
v -0.096172 0.468877 0.032055
v -0.078278 0.468899 0.049265
v -0.078282 0.466336 0.048993
v -0.078366 0.463861 0.048775
v -0.059870 0.453922 0.055490
v -0.057566 0.456281 0.054178
v -0.055082 0.458971 0.052621
v -0.063898 0.477690 0.050972
v -0.062770 0.476823 0.051024
v -0.061508 0.475706 0.051077
v -0.071601 0.471814 0.050392
v -0.071078 0.474858 0.050495
v -0.070541 0.478017 0.050617
v -0.066810 0.460371 0.053467
v -0.067882 0.458496 0.053914
v -0.068756 0.456937 0.054312
v -0.092951 0.467020 0.028429
v -0.093964 0.467290 0.029922
v -0.094714 0.467613 0.031172
v -0.092585 0.465488 0.035490
v -0.093693 0.466458 0.034143
v -0.094587 0.467293 0.032911
v -0.082613 0.449703 0.032157
v -0.081880 0.453810 0.029812
v -0.081371 0.457524 0.027668
v -0.072095 0.443396 0.026699
v -0.071693 0.448927 0.025808
v -0.071376 0.453840 0.024764
v -0.061670 0.441705 0.025798
v -0.061731 0.447455 0.025113
v -0.061902 0.452659 0.024283
v -0.048909 0.443195 0.032375
v -0.048863 0.448943 0.031483
v -0.048544 0.454400 0.030303
v -0.045998 0.444391 0.043283
v -0.045945 0.449899 0.042427
v -0.045427 0.454968 0.041754
v -0.050870 0.443525 0.054249
v -0.051341 0.449500 0.052823
v -0.051711 0.455499 0.051607
v -0.069830 0.434987 0.062738
v -0.069595 0.439302 0.061086
v -0.069424 0.443219 0.059576
v -0.079719 0.435296 0.057961
v -0.078664 0.439621 0.056818
v -0.077696 0.443543 0.055775
v -0.083915 0.439268 0.049423
v -0.082828 0.443682 0.049192
v -0.081815 0.447534 0.049049
v -0.084537 0.448580 0.038180
v -0.084617 0.451944 0.039805
v -0.084628 0.455205 0.041155
v -0.086853 0.457903 0.033700
v -0.085793 0.455178 0.034144
v -0.084766 0.451310 0.034704
v -0.049125 0.055424 0.113785
v -0.052404 0.057075 0.117017
v -0.055577 0.058786 0.119271
v -0.045539 0.081798 0.108529
v -0.049212 0.082475 0.111813
v -0.053291 0.082846 0.114506
v -0.041600 0.187104 0.098560
v -0.045683 0.187121 0.101693
v -0.050242 0.187163 0.104148
v -0.052466 0.436530 0.058139
v -0.054866 0.435486 0.060113
v -0.057448 0.434364 0.061736
v -0.043742 0.338396 0.084218
v -0.046884 0.339033 0.088286
v -0.050622 0.339544 0.091743
v -0.069583 0.301053 0.106974
v -0.064396 0.301071 0.106422
v -0.059076 0.300948 0.105041
v -0.042273 0.259948 0.095047
v -0.045580 0.260503 0.099812
v -0.049526 0.261018 0.104005
v -0.041681 0.223117 0.097589
v -0.045319 0.223284 0.101815
v -0.049551 0.223478 0.105460
v -0.044556 0.115405 0.103691
v -0.048498 0.115692 0.106711
v -0.052850 0.115795 0.109119
v -0.042916 0.150970 0.100383
v -0.047078 0.151027 0.103193
v -0.051660 0.151018 0.105336
v -0.049954 0.409581 0.066124
v -0.052632 0.409307 0.068516
v -0.055626 0.408993 0.070447
v -0.101961 0.626267 -0.004855
v -0.102923 0.626202 -0.004884
v -0.103784 0.626085 -0.004813
v -0.106716 0.631491 0.005041
v -0.106219 0.632187 0.005168
v -0.105620 0.632679 0.005283
v -0.102500 0.632165 0.000237
v -0.103495 0.632138 0.000160
v -0.104356 0.631945 0.000124
v -0.105449 0.572674 0.007410
v -0.104592 0.572927 0.006242
v -0.103613 0.573290 0.005211
v -0.100838 0.576556 0.025740
v -0.102224 0.576154 0.025424
v -0.103431 0.575772 0.024904
v -0.099701 0.591676 -0.000791
v -0.101035 0.591284 -0.000860
v -0.102251 0.590937 -0.000573
v -0.106757 0.593456 0.003121
v -0.105760 0.593631 0.001746
v -0.104629 0.593838 0.000555
v -0.106855 0.596275 0.002517
v -0.105836 0.596314 0.001173
v -0.104684 0.596390 0.000010
v -0.105752 0.590013 0.016580
v -0.105137 0.590091 0.017057
v -0.104488 0.590173 0.017392
v -0.101485 0.593342 0.016464
v -0.102372 0.593214 0.016453
v -0.103107 0.593150 0.016363
v -0.101573 0.596193 0.015100
v -0.102444 0.596079 0.015094
v -0.103166 0.596027 0.015019
v -0.106135 0.608579 0.010055
v -0.105524 0.608509 0.010288
v -0.104911 0.608439 0.010434
v -0.102198 0.610780 0.010004
v -0.103063 0.610822 0.009986
v -0.103779 0.610881 0.009944
v -0.102269 0.614087 0.009489
v -0.103137 0.614115 0.009479
v -0.103859 0.614145 0.009448
v -0.100659 0.609084 -0.004325
v -0.101864 0.609003 -0.004435
v -0.102973 0.608936 -0.004213
v -0.107452 0.611237 -0.000828
v -0.106408 0.611128 -0.002066
v -0.105255 0.611030 -0.003119
v -0.107487 0.613467 -0.001536
v -0.106472 0.613290 -0.002714
v -0.105352 0.613137 -0.003706
v -0.106196 0.583507 0.018799
v -0.105582 0.583692 0.019540
v -0.104866 0.583878 0.020138
v -0.099270 0.583991 0.000898
v -0.100621 0.583472 0.000907
v -0.101844 0.583001 0.001257
v -0.100321 0.602985 -0.003466
v -0.101595 0.602741 -0.003555
v -0.102764 0.602562 -0.003283
v -0.105811 0.602141 0.011923
v -0.105215 0.602110 0.012198
v -0.104615 0.602086 0.012376
v -0.101481 0.619484 -0.006111
v -0.102597 0.619419 -0.006173
v -0.103614 0.619358 -0.006008
v -0.106632 0.623500 0.007614
v -0.106009 0.623716 0.007894
v -0.105366 0.623881 0.008036
v -0.101167 0.565727 0.030862
v -0.102595 0.565242 0.029929
v -0.103798 0.564777 0.028845
v -0.101567 0.552445 0.034600
v -0.103166 0.552001 0.033379
v -0.104477 0.551613 0.032027
v -0.105112 0.562006 0.007984
v -0.104279 0.562363 0.006800
v -0.103333 0.562806 0.005749
v -0.105714 0.548696 0.007405
v -0.104670 0.548808 0.005866
v -0.103462 0.549006 0.004464
v -0.101619 0.537600 0.036732
v -0.103202 0.537263 0.035442
v -0.104509 0.536979 0.034027
v -0.105477 0.534477 0.008516
v -0.104396 0.534443 0.006811
v -0.103101 0.534469 0.005250
v -0.100916 0.522523 0.038850
v -0.102479 0.522283 0.037411
v -0.103763 0.522088 0.035860
v -0.104836 0.519986 0.010547
v -0.103788 0.519825 0.008831
v -0.102501 0.519696 0.007271
v -0.103236 0.485116 0.019724
v -0.102318 0.483883 0.019233
v -0.101116 0.482534 0.018717
v -0.094135 0.504224 0.006410
v -0.096422 0.504410 0.006876
v -0.098533 0.504652 0.007601
v -0.093654 0.489382 0.010564
v -0.095941 0.490043 0.011044
v -0.098034 0.490749 0.011708
v -0.103979 0.482394 0.025289
v -0.102941 0.480145 0.025272
v -0.101691 0.477967 0.025218
v -0.100192 0.508755 0.041378
v -0.101812 0.508636 0.039928
v -0.103185 0.508524 0.038346
v -0.104110 0.483895 0.034321
v -0.103461 0.483771 0.036210
v -0.102614 0.483659 0.038059
v -0.099247 0.495812 0.043471
v -0.100904 0.495761 0.042061
v -0.102355 0.495717 0.040499
v -0.094688 0.480543 0.045686
v -0.093752 0.477603 0.045489
v -0.092638 0.474690 0.045154
v -0.083005 0.465713 0.046631
v -0.083678 0.467755 0.047069
v -0.084419 0.470100 0.047592
v -0.103732 0.481384 0.032486
v -0.102736 0.478856 0.032474
v -0.101595 0.476462 0.032410
v -0.078330 0.480383 0.050194
v -0.078350 0.477355 0.050046
v -0.078339 0.474410 0.049823
v -0.067816 0.447515 0.058134
v -0.066067 0.448646 0.057846
v -0.064131 0.450100 0.057325
v -0.073741 0.461089 0.051213
v -0.073193 0.463616 0.050798
v -0.072653 0.466206 0.050515
v -0.061472 0.470890 0.051504
v -0.062892 0.467826 0.051963
v -0.064275 0.465039 0.052468
v -0.086605 0.460162 0.040748
v -0.088253 0.461581 0.039376
v -0.089829 0.463017 0.038108
v -0.089867 0.464158 0.028859
v -0.088813 0.462158 0.030761
v -0.088092 0.460571 0.032338
v -0.088172 0.460251 0.034115
v -0.088960 0.461355 0.035051
v -0.090016 0.462733 0.035982
v -0.061410 0.447873 0.057897
v -0.060899 0.443404 0.059433
v -0.060486 0.438515 0.061135
v -0.095865 0.472414 0.040664
v -0.094412 0.472076 0.042125
v -0.092877 0.471849 0.043473
v -0.099883 0.473914 0.034071
v -0.099205 0.473567 0.035800
v -0.098299 0.473194 0.037485
v -0.098500 0.475319 0.039444
v -0.099676 0.477960 0.039685
v -0.100699 0.480713 0.039820
v -0.092713 0.466184 0.037569
v -0.094218 0.468218 0.038184
v -0.095731 0.470431 0.038695
v -0.100514 0.474506 0.030542
v -0.100518 0.474820 0.028759
v -0.100395 0.475243 0.026968
v -0.083494 0.472636 0.048604
v -0.081787 0.472435 0.048996
v -0.080051 0.472075 0.049304
v -0.076591 0.470988 0.049768
v -0.074948 0.470323 0.049967
v -0.073439 0.469622 0.050165
v -0.069356 0.466984 0.051164
v -0.070132 0.467609 0.050884
v -0.071034 0.468252 0.050620
v -0.062847 0.455324 0.055390
v -0.063744 0.458254 0.054421
v -0.064680 0.460660 0.053623
v -0.089792 0.471938 0.045760
v -0.088272 0.472203 0.046683
v -0.086734 0.472478 0.047462
v -0.103843 0.498812 0.038347
v -0.104040 0.501978 0.037828
v -0.104191 0.505178 0.037262
v -0.102262 0.486501 0.039735
v -0.102817 0.489508 0.039518
v -0.103250 0.492570 0.039204
v -0.104414 0.511685 0.036026
v -0.104517 0.515016 0.035393
v -0.104636 0.518424 0.034783
v -0.100016 0.476716 0.023378
v -0.099844 0.477868 0.021604
v -0.099710 0.479332 0.019876
v -0.100285 0.501401 0.009432
v -0.100152 0.497958 0.010368
v -0.100021 0.494639 0.011406
v -0.100814 0.515891 0.006522
v -0.100679 0.512196 0.007151
v -0.100548 0.508541 0.007835
v -0.099776 0.488501 0.013811
v -0.099681 0.485757 0.015178
v -0.099629 0.483286 0.016648
v -0.101431 0.530849 0.004326
v -0.101269 0.527106 0.004823
v -0.101110 0.523357 0.005361
v -0.105401 0.532982 0.032894
v -0.105197 0.529243 0.033300
v -0.104983 0.525546 0.033736
v -0.102017 0.545627 0.003127
v -0.101893 0.541952 0.003236
v -0.101749 0.538272 0.003503
v -0.105651 0.547725 0.031117
v -0.105691 0.544118 0.031621
v -0.105662 0.540447 0.032074
v -0.102268 0.560084 0.004477
v -0.102232 0.556614 0.004006
v -0.102185 0.552994 0.003548
v -0.102475 0.571414 0.004733
v -0.102405 0.568936 0.004959
v -0.102349 0.566257 0.005003
v -0.104960 0.561224 0.028426
v -0.105167 0.558007 0.029190
v -0.105373 0.554680 0.029902
v -0.104517 0.572855 0.025085
v -0.104580 0.570152 0.025952
v -0.104661 0.567306 0.026799
v -0.104885 0.631578 0.006313
v -0.104823 0.629445 0.007041
v -0.104767 0.626846 0.007624
v -0.104549 0.624335 -0.005256
v -0.104564 0.622707 -0.005594
v -0.104591 0.621033 -0.005702
v -0.104233 0.607081 0.010897
v -0.104160 0.605534 0.011359
v -0.104083 0.603828 0.011899
v -0.104062 0.607612 -0.003505
v -0.104032 0.606028 -0.003295
v -0.103983 0.604267 -0.003014
v -0.103346 0.588968 0.000397
v -0.103247 0.586992 0.000825
v -0.103130 0.584827 0.001341
v -0.103851 0.589023 0.018239
v -0.103904 0.587557 0.018955
v -0.103973 0.585889 0.019754
v -0.104103 0.611222 -0.003986
v -0.104119 0.611585 -0.004085
v -0.104157 0.612154 -0.004236
v -0.104088 0.609783 -0.003756
v -0.104093 0.610353 -0.003823
v -0.104095 0.610711 -0.003873
v -0.104434 0.611371 0.009800
v -0.104451 0.611947 0.009702
v -0.104473 0.612830 0.009574
v -0.104342 0.609330 0.010268
v -0.104376 0.610021 0.010091
v -0.104400 0.610530 0.009973
v -0.103765 0.593650 0.015959
v -0.103771 0.594265 0.015670
v -0.103785 0.595025 0.015326
v -0.103786 0.591209 0.017159
v -0.103771 0.591959 0.016787
v -0.103765 0.592568 0.016486
v -0.103438 0.594543 -0.000414
v -0.103432 0.595042 -0.000495
v -0.103448 0.595671 -0.000645
v -0.103460 0.591913 -0.000141
v -0.103473 0.592851 -0.000265
v -0.103468 0.593541 -0.000331
v -0.103806 0.600705 -0.002208
v -0.103690 0.599092 -0.001731
v -0.103581 0.597678 -0.001275
v -0.103943 0.600332 0.013132
v -0.103887 0.598704 0.013769
v -0.103842 0.597239 0.014371
v -0.104158 0.582105 0.021492
v -0.104264 0.580017 0.022393
v -0.104365 0.577787 0.023299
v -0.102883 0.580389 0.002571
v -0.102766 0.578202 0.003220
v -0.102656 0.576000 0.003828
v -0.104534 0.617535 -0.005401
v -0.104436 0.615821 -0.005094
v -0.104324 0.614281 -0.004761
v -0.104657 0.621167 0.008519
v -0.104600 0.618476 0.008873
v -0.104548 0.616094 0.009167
v -0.105160 0.632703 0.001574
v -0.105122 0.633418 0.002973
v -0.105046 0.633585 0.004269
v -0.104701 0.627481 -0.003741
v -0.104862 0.628973 -0.002594
v -0.105021 0.630367 -0.001278
v -0.057322 0.124346 0.109699
v -0.057093 0.133110 0.108600
v -0.056820 0.141978 0.107638
v -0.057723 0.090765 0.115062
v -0.057699 0.098872 0.113604
v -0.057626 0.107198 0.112217
v -0.054860 0.196292 0.106458
v -0.054635 0.205368 0.107175
v -0.054460 0.214483 0.107891
v -0.054257 0.232959 0.108630
v -0.054210 0.242352 0.108510
v -0.054175 0.251851 0.108106
v -0.054536 0.330198 0.096829
v -0.054271 0.320399 0.099024
v -0.054097 0.310540 0.100999
v -0.059197 0.415444 0.069405
v -0.059514 0.421774 0.067105
v -0.059821 0.427697 0.064971
v -0.054077 0.271157 0.106605
v -0.054019 0.280941 0.105540
v -0.053987 0.290781 0.104256
v -0.056163 0.159960 0.106219
v -0.055805 0.169034 0.105831
v -0.055455 0.178129 0.105718
v -0.057756 0.063543 0.120192
v -0.057643 0.068826 0.119394
v -0.057649 0.075456 0.118107
v -0.041037 0.375622 0.058900
v -0.041549 0.375910 0.063433
v -0.042668 0.376115 0.067767
v -0.074407 0.365057 0.029474
v -0.070636 0.365683 0.028625
v -0.067015 0.366506 0.028265
v -0.091776 0.373236 0.071773
v -0.093245 0.372310 0.067961
v -0.094317 0.371334 0.063703
v -0.061073 0.376912 0.084461
v -0.065182 0.376866 0.085043
v -0.069116 0.376761 0.085107
v -0.051799 0.370506 0.032463
v -0.049722 0.371089 0.033749
v -0.047730 0.371711 0.035496
v -0.088030 0.366364 0.038470
v -0.085071 0.365572 0.035407
v -0.081753 0.364996 0.032859
v -0.084324 0.375391 0.080296
v -0.086295 0.375064 0.079011
v -0.088214 0.374629 0.077294
v -0.044183 0.373141 0.041221
v -0.042765 0.373902 0.045194
v -0.041707 0.374611 0.049618
v -0.094710 0.369552 0.054667
v -0.093922 0.368777 0.050210
v -0.092520 0.368017 0.045952
v -0.046816 0.376470 0.075477
v -0.049777 0.376646 0.078667
v -0.053209 0.376794 0.081287
v -0.093117 0.336686 0.044193
v -0.092352 0.346702 0.043466
v -0.091488 0.356893 0.042737
v -0.078799 0.354025 0.030864
v -0.079372 0.343173 0.030815
v -0.079869 0.332361 0.030773
v -0.092725 0.345387 0.082286
v -0.091909 0.355104 0.079910
v -0.091019 0.364707 0.077433
v -0.095851 0.360647 0.060826
v -0.096737 0.350901 0.062425
v -0.097517 0.341251 0.063969
v -0.041935 0.347590 0.077879
v -0.042714 0.357392 0.075939
v -0.043556 0.366985 0.073908
v -0.056454 0.368011 0.086175
v -0.055891 0.358855 0.089049
v -0.055361 0.349468 0.091814
v -0.043670 0.340088 0.039658
v -0.044446 0.351038 0.039094
v -0.045195 0.361889 0.038511
v -0.040328 0.365274 0.055582
v -0.039515 0.354959 0.056889
v -0.038702 0.344440 0.058153
v -0.073262 0.349289 0.094188
v -0.073069 0.358670 0.091095
v -0.072866 0.367802 0.087932
v -0.063447 0.334598 0.027537
v -0.063595 0.345714 0.027826
v -0.063703 0.356706 0.028111
v -0.086796 0.399259 0.067857
v -0.087935 0.391352 0.070102
v -0.089026 0.382931 0.072471
v -0.091199 0.398471 0.054600
v -0.092480 0.389446 0.056055
v -0.093709 0.380039 0.057604
v -0.087420 0.398026 0.039789
v -0.088472 0.387942 0.040528
v -0.089524 0.377617 0.041267
v -0.076016 0.395535 0.030346
v -0.076758 0.385622 0.030621
v -0.077479 0.375350 0.030795
v -0.063020 0.396310 0.028376
v -0.063334 0.387150 0.028475
v -0.063579 0.377512 0.028462
v -0.047280 0.400540 0.036325
v -0.046885 0.391723 0.036860
v -0.046424 0.382347 0.037390
v -0.043081 0.401909 0.050325
v -0.042464 0.393475 0.051624
v -0.041812 0.384592 0.052936
v -0.046910 0.401997 0.065385
v -0.046107 0.393806 0.067519
v -0.045275 0.385235 0.069672
v -0.058460 0.401366 0.074559
v -0.058021 0.393612 0.077377
v -0.057539 0.385438 0.080288
v -0.071862 0.400433 0.075885
v -0.072151 0.392958 0.078714
v -0.072412 0.385004 0.081688
v -0.077086 0.056230 0.121221
v -0.080421 0.055710 0.120150
v -0.083468 0.055218 0.118853
v -0.078987 0.080826 0.118418
v -0.081962 0.080418 0.117483
v -0.084611 0.080047 0.116328
v -0.058020 0.063337 0.051136
v -0.054853 0.063708 0.052281
v -0.052049 0.064296 0.053666
v -0.042362 0.038727 0.066231
v -0.045000 0.036683 0.064748
v -0.048213 0.035223 0.063549
v -0.077790 0.187707 0.106157
v -0.080809 0.187875 0.105006
v -0.083459 0.188060 0.103665
v -0.061281 0.190751 0.044144
v -0.058228 0.190554 0.045085
v -0.055264 0.190336 0.046220
v -0.071926 0.430005 0.064279
v -0.073434 0.429871 0.063875
v -0.074743 0.429841 0.063368
v -0.059633 0.435409 0.026786
v -0.057817 0.435533 0.027326
v -0.056178 0.435735 0.027963
v -0.059948 0.324344 0.027909
v -0.057036 0.325044 0.028929
v -0.054429 0.325694 0.030222
v -0.042986 0.289407 0.038462
v -0.045490 0.288684 0.035903
v -0.048163 0.287983 0.033916
v -0.076981 0.339407 0.096415
v -0.079916 0.338998 0.095369
v -0.082453 0.338540 0.094108
v -0.093787 0.298844 0.094450
v -0.091513 0.299143 0.097105
v -0.089101 0.299465 0.099251
v -0.079073 0.262136 0.111758
v -0.082379 0.262043 0.110325
v -0.085216 0.261912 0.108477
v -0.061285 0.258032 0.030262
v -0.057921 0.257972 0.031429
v -0.054770 0.257914 0.032950
v -0.063168 0.228533 0.036111
v -0.060004 0.228246 0.037334
v -0.056889 0.227939 0.038837
v -0.078646 0.224393 0.112088
v -0.081800 0.224526 0.110881
v -0.084502 0.224660 0.109325
v -0.079227 0.113266 0.111899
v -0.082201 0.112696 0.110967
v -0.084839 0.112133 0.109852
v -0.078434 0.149779 0.106606
v -0.081371 0.149544 0.105550
v -0.083963 0.149320 0.104340
v -0.056584 0.106018 0.048710
v -0.053565 0.106328 0.049895
v -0.050894 0.106625 0.051307
v -0.057787 0.149093 0.047331
v -0.054776 0.149154 0.048297
v -0.051987 0.149174 0.049442
v -0.073918 0.407203 0.072811
v -0.075920 0.407064 0.072213
v -0.077674 0.406962 0.071499
v -0.060239 0.405414 0.028539
v -0.058120 0.405865 0.029114
v -0.056219 0.406359 0.029822
v -0.042860 0.650156 -0.012502
v -0.043963 0.650211 -0.012432
v -0.044957 0.650292 -0.012253
v -0.048881 0.656570 -0.001057
v -0.048134 0.657424 -0.000840
v -0.047261 0.658042 -0.000630
v -0.042724 0.658451 -0.006259
v -0.043878 0.658271 -0.006310
v -0.044931 0.657927 -0.006362
v -0.055109 0.582394 0.002366
v -0.054024 0.582271 0.001753
v -0.052896 0.582172 0.001337
v -0.048621 0.582896 0.028410
v -0.050003 0.582877 0.028036
v -0.051275 0.582812 0.027517
v -0.045962 0.617609 -0.008548
v -0.047484 0.617663 -0.008257
v -0.048830 0.617745 -0.007715
v -0.043958 0.640468 -0.013145
v -0.045285 0.640565 -0.012954
v -0.046461 0.640718 -0.012556
v -0.050107 0.645401 0.002187
v -0.049270 0.645667 0.002549
v -0.048368 0.645910 0.002745
v -0.054814 0.593065 0.019913
v -0.053830 0.592995 0.020882
v -0.052746 0.592953 0.021563
v -0.047455 0.592446 -0.002681
v -0.048957 0.592514 -0.002435
v -0.050314 0.592591 -0.002024
v -0.046844 0.602308 -0.004916
v -0.048383 0.602322 -0.004648
v -0.049771 0.602339 -0.004199
v -0.054314 0.606007 -0.002319
v -0.053253 0.605974 -0.003136
v -0.052054 0.605932 -0.003763
v -0.054070 0.609297 -0.002951
v -0.053022 0.609202 -0.003786
v -0.051836 0.609094 -0.004445
v -0.053851 0.601691 0.016463
v -0.052892 0.601564 0.017226
v -0.051852 0.601445 0.017719
v -0.047047 0.604321 0.017056
v -0.048252 0.604391 0.016904
v -0.049360 0.604502 0.016675
v -0.046862 0.607616 0.015302
v -0.048034 0.607687 0.015167
v -0.049108 0.607800 0.014963
v -0.052250 0.616789 0.009760
v -0.051369 0.616622 0.010242
v -0.050438 0.616481 0.010533
v -0.045430 0.626753 -0.010201
v -0.046922 0.626780 -0.009911
v -0.048232 0.626804 -0.009367
v -0.052442 0.629782 -0.006894
v -0.051463 0.629749 -0.007766
v -0.050358 0.629705 -0.008498
v -0.052024 0.632686 -0.007763
v -0.051062 0.632578 -0.008605
v -0.049982 0.632462 -0.009299
v -0.051535 0.625515 0.006455
v -0.050686 0.625360 0.006828
v -0.049793 0.625228 0.007048
v -0.045723 0.628027 0.006379
v -0.046811 0.628074 0.006314
v -0.047789 0.628152 0.006218
v -0.045430 0.632233 0.005506
v -0.046515 0.632251 0.005449
v -0.047492 0.632278 0.005367
v -0.048929 0.571410 0.034410
v -0.050450 0.571443 0.034255
v -0.051853 0.571449 0.033997
v -0.055589 0.571746 0.001267
v -0.054528 0.571377 0.001167
v -0.053405 0.571102 0.001102
v -0.049006 0.557240 0.040042
v -0.050816 0.557360 0.039914
v -0.052485 0.557508 0.039664
v -0.058245 0.557911 0.001172
v -0.056700 0.557153 0.001242
v -0.055343 0.556443 0.001307
v -0.049263 0.542057 0.042304
v -0.051172 0.542071 0.042282
v -0.052918 0.542095 0.042193
v -0.059838 0.540189 0.005389
v -0.058384 0.540071 0.005329
v -0.057106 0.539819 0.005244
v -0.050753 0.524735 0.045158
v -0.052712 0.524880 0.045155
v -0.054460 0.524993 0.045111
v -0.061678 0.517573 0.008983
v -0.060554 0.517630 0.008914
v -0.059551 0.517895 0.008788
v -0.058376 0.503645 0.010147
v -0.059641 0.503341 0.010693
v -0.060463 0.503165 0.010948
v -0.058551 0.487549 0.011734
v -0.059933 0.487456 0.012372
v -0.060839 0.487480 0.012736
v -0.055228 0.472676 0.016799
v -0.056987 0.472497 0.017148
v -0.058289 0.472424 0.017347
v -0.053066 0.507162 0.048186
v -0.054977 0.507606 0.048165
v -0.056659 0.507959 0.048112
v -0.060379 0.457347 0.023540
v -0.058739 0.457453 0.023924
v -0.057212 0.457615 0.024371
v -0.065621 0.494221 0.049962
v -0.063993 0.493702 0.050022
v -0.062541 0.493163 0.050074
v -0.075871 0.446653 0.055682
v -0.074982 0.446385 0.056312
v -0.074143 0.446230 0.056784
v -0.069789 0.456119 0.054372
v -0.070377 0.456428 0.054073
v -0.070968 0.456733 0.053756
v -0.068453 0.480567 0.050752
v -0.067161 0.479865 0.050811
v -0.066022 0.479151 0.050866
v -0.066431 0.463950 0.052476
v -0.067205 0.464968 0.052076
v -0.067934 0.465731 0.051746
v -0.060841 0.368122 0.028778
v -0.058333 0.368783 0.029499
v -0.056065 0.369380 0.030406
v -0.075617 0.376406 0.084161
v -0.078115 0.376176 0.083343
v -0.080300 0.375925 0.082388
v -0.081620 0.384230 0.078510
v -0.080881 0.392300 0.075764
v -0.080109 0.399856 0.073160
v -0.054181 0.380003 0.031288
v -0.054325 0.389492 0.031122
v -0.054393 0.398440 0.030895
v -0.052476 0.337276 0.031603
v -0.053010 0.348360 0.031553
v -0.053512 0.359331 0.031492
v -0.084240 0.347703 0.090065
v -0.083642 0.357276 0.087222
v -0.083002 0.366641 0.084295
v -0.069479 0.463882 0.051778
v -0.070257 0.461560 0.052219
v -0.070956 0.459308 0.052771
v -0.073866 0.442641 0.058400
v -0.074491 0.438770 0.059742
v -0.075190 0.434512 0.061210
v -0.054723 0.442179 0.027997
v -0.054897 0.447921 0.027205
v -0.055215 0.453148 0.026186
v -0.065918 0.475157 0.051005
v -0.066855 0.472030 0.051098
v -0.067764 0.469088 0.051235
v -0.063986 0.481823 0.050807
v -0.063017 0.485322 0.050648
v -0.062074 0.488921 0.050426
v -0.072876 0.449259 0.056073
v -0.072466 0.452075 0.055082
v -0.072044 0.454645 0.054203
v -0.058872 0.504229 0.048678
v -0.059577 0.500272 0.049241
v -0.060345 0.496400 0.049726
v -0.056511 0.461878 0.023156
v -0.057444 0.465531 0.021239
v -0.058431 0.468971 0.019284
v -0.056587 0.520806 0.045839
v -0.057094 0.516567 0.046612
v -0.057637 0.512384 0.047351
v -0.061217 0.483614 0.013728
v -0.060764 0.479744 0.014710
v -0.060145 0.475994 0.015945
v -0.061630 0.491548 0.012379
v -0.061595 0.495504 0.011910
v -0.061405 0.499362 0.011491
v -0.059321 0.513906 0.009337
v -0.059991 0.510092 0.009980
v -0.060584 0.506561 0.010556
v -0.054855 0.537956 0.042736
v -0.055217 0.533701 0.043470
v -0.055641 0.529399 0.044249
v -0.056513 0.534312 0.006141
v -0.057177 0.528791 0.007045
v -0.057884 0.523315 0.007872
v -0.054521 0.551978 0.002070
v -0.054954 0.548160 0.003009
v -0.055407 0.544075 0.004073
v -0.054205 0.553936 0.040216
v -0.054297 0.550108 0.040895
v -0.054406 0.546174 0.041482
v -0.052623 0.567349 0.000912
v -0.053082 0.563555 0.000859
v -0.053580 0.559639 0.000982
v -0.051776 0.579513 0.001244
v -0.051851 0.576864 0.001285
v -0.051999 0.574022 0.001200
v -0.053430 0.568228 0.035355
v -0.053674 0.564842 0.036886
v -0.053903 0.561313 0.038234
v -0.052667 0.580066 0.028484
v -0.052830 0.577326 0.030181
v -0.053002 0.574464 0.031941
v -0.046194 0.648162 -0.012539
v -0.046611 0.645814 -0.012654
v -0.047087 0.643380 -0.012462
v -0.046545 0.656500 0.000604
v -0.046819 0.653582 0.001448
v -0.047123 0.650037 0.002176
v -0.049586 0.625074 -0.008401
v -0.049746 0.622893 -0.008018
v -0.049918 0.620431 -0.007562
v -0.048991 0.623358 0.007857
v -0.049136 0.621218 0.008698
v -0.049303 0.618835 0.009669
v -0.051215 0.600413 -0.003279
v -0.051357 0.598045 -0.002789
v -0.051492 0.595411 -0.002202
v -0.050944 0.599664 0.018903
v -0.051149 0.597637 0.019894
v -0.051375 0.595355 0.020982
v -0.048680 0.628688 0.005989
v -0.048629 0.629353 0.005838
v -0.048544 0.630481 0.005613
v -0.048805 0.626370 0.006726
v -0.048761 0.627227 0.006425
v -0.048734 0.627809 0.006236
v -0.049148 0.629987 -0.009239
v -0.049088 0.630452 -0.009370
v -0.048992 0.631190 -0.009586
v -0.049351 0.628046 -0.008892
v -0.049281 0.628829 -0.009015
v -0.049231 0.629318 -0.009094
v -0.050367 0.605165 0.016131
v -0.050308 0.605815 0.015796
v -0.050234 0.606698 0.015346
v -0.050643 0.602565 0.017459
v -0.050548 0.603449 0.017014
v -0.050477 0.604099 0.016682
v -0.050745 0.606346 -0.004388
v -0.050703 0.606920 -0.004517
v -0.050651 0.607749 -0.004716
v -0.050979 0.603769 -0.003923
v -0.050898 0.604735 -0.004095
v -0.050836 0.605395 -0.004209
v -0.051850 0.590437 0.023205
v -0.052081 0.587907 0.024336
v -0.052297 0.585337 0.025555
v -0.051668 0.589958 -0.000799
v -0.051705 0.587291 -0.000077
v -0.051725 0.584668 0.000554
v -0.049665 0.613914 0.011830
v -0.049841 0.611627 0.012909
v -0.050000 0.609598 0.013897
v -0.050241 0.615267 -0.006494
v -0.050376 0.612845 -0.005942
v -0.050491 0.610706 -0.005434
v -0.047730 0.642163 0.003540
v -0.047999 0.638363 0.004200
v -0.048230 0.634993 0.004793
v -0.047982 0.638422 -0.011529
v -0.048338 0.636077 -0.010952
v -0.048625 0.634003 -0.010393
v -0.046010 0.658698 -0.004737
v -0.046083 0.659423 -0.003141
v -0.046179 0.659440 -0.001685
v -0.045767 0.652454 -0.011039
v -0.045765 0.654342 -0.009691
v -0.045838 0.656030 -0.008106
v -0.048397 0.117563 0.052305
v -0.048536 0.128162 0.051768
v -0.048834 0.138701 0.051223
v -0.049047 0.075181 0.054487
v -0.048737 0.085632 0.053892
v -0.048515 0.096244 0.053352
v -0.087150 0.120517 0.107074
v -0.086918 0.129801 0.105574
v -0.086649 0.139353 0.104211
v -0.087236 0.087103 0.113435
v -0.087333 0.094876 0.111826
v -0.087364 0.103027 0.110231
v -0.086074 0.197591 0.103426
v -0.086322 0.206728 0.104962
v -0.086635 0.215763 0.106473
v -0.053022 0.199999 0.045960
v -0.053530 0.209626 0.044214
v -0.053809 0.218873 0.042344
v -0.053473 0.235800 0.038742
v -0.052931 0.243484 0.037170
v -0.052305 0.250797 0.035796
v -0.087311 0.233903 0.108052
v -0.087594 0.243103 0.107908
v -0.087779 0.252390 0.107314
v -0.085293 0.328449 0.095180
v -0.085756 0.318882 0.097384
v -0.086194 0.309338 0.099367
v -0.051559 0.315714 0.031715
v -0.051244 0.305597 0.031813
v -0.051030 0.296085 0.031972
v -0.078464 0.413357 0.068487
v -0.077611 0.419321 0.066432
v -0.076767 0.424810 0.064545
v -0.087685 0.271210 0.105352
v -0.087408 0.280715 0.104124
v -0.087037 0.290252 0.102724
v -0.054460 0.414826 0.030216
v -0.054504 0.422313 0.029759
v -0.054560 0.429357 0.029234
v -0.051302 0.264807 0.033748
v -0.051038 0.271868 0.033067
v -0.050916 0.279283 0.032568
v -0.086150 0.158967 0.102171
v -0.085981 0.168852 0.101669
v -0.085898 0.178649 0.101652
v -0.049965 0.159567 0.050111
v -0.050741 0.169865 0.049450
v -0.051560 0.180051 0.048595
v -0.050987 0.039213 0.059377
v -0.050383 0.046454 0.057323
v -0.049868 0.055244 0.056027
v -0.086575 0.060083 0.118248
v -0.086764 0.066078 0.117845
v -0.086939 0.072654 0.116647
v -0.068962 0.029604 0.062354
v -0.071394 0.029131 0.066790
v -0.073955 0.030080 0.071832
v -0.081665 0.032722 0.075541
v -0.086590 0.034646 0.073831
v -0.090858 0.037682 0.072244
v -0.052546 0.031558 0.066914
v -0.053567 0.031126 0.072354
v -0.054816 0.032211 0.078463
v -0.061417 0.033077 0.083204
v -0.066413 0.032157 0.081319
v -0.071412 0.031651 0.079340
v -0.042002 0.039804 0.087814
v -0.046270 0.037137 0.087239
v -0.051185 0.035431 0.086246
v -0.078878 0.033660 0.083324
v -0.081011 0.035681 0.089460
v -0.082820 0.037898 0.095575
v -0.088848 0.040362 0.099397
v -0.093190 0.041184 0.097399
v -0.096922 0.043144 0.095471
v -0.058173 0.036567 0.091283
v -0.060262 0.039120 0.097486
v -0.062538 0.041755 0.103343
v -0.070039 0.043080 0.107280
v -0.074890 0.041891 0.105510
v -0.079585 0.040941 0.103524
v -0.049629 0.049889 0.110199
v -0.054294 0.047392 0.110180
v -0.059553 0.045691 0.109681
v -0.085188 0.043184 0.106857
v -0.085788 0.046441 0.111519
v -0.086145 0.050267 0.115145
v -0.067351 0.046908 0.113424
v -0.069662 0.049620 0.117323
v -0.071702 0.052799 0.120226
v -0.086024 0.044730 0.058524
v -0.089611 0.045513 0.061338
v -0.092957 0.046509 0.064991
v -0.086242 0.051081 0.057247
v -0.090145 0.052192 0.060130
v -0.093641 0.053270 0.063764
v -0.085930 0.058705 0.055994
v -0.089996 0.059830 0.058917
v -0.093586 0.060861 0.062537
v -0.100746 0.053234 0.097657
v -0.099515 0.055192 0.102884
v -0.097903 0.057245 0.107200
v -0.101412 0.059389 0.095964
v -0.100111 0.061042 0.101337
v -0.098345 0.062702 0.106022
v -0.101543 0.066470 0.094286
v -0.100272 0.067885 0.099713
v -0.098505 0.069275 0.104553
v -0.098313 0.048480 0.074499
v -0.100077 0.049345 0.080076
v -0.101116 0.050324 0.085937
v -0.099062 0.055112 0.073096
v -0.100817 0.055915 0.078563
v -0.101836 0.056811 0.084324
v -0.099081 0.062572 0.071720
v -0.100856 0.063332 0.077086
v -0.101895 0.064169 0.082750
v -0.084445 0.072981 0.117916
v -0.084223 0.066411 0.119127
v -0.083910 0.060452 0.119569
v -0.081790 0.073323 0.119075
v -0.081526 0.066760 0.120296
v -0.081094 0.060850 0.120778
v -0.078813 0.073694 0.120010
v -0.078512 0.067128 0.121242
v -0.077972 0.061262 0.121763
v -0.053289 0.075282 0.116023
v -0.053452 0.068484 0.117395
v -0.054051 0.062901 0.118448
v -0.049252 0.074789 0.113321
v -0.049543 0.067756 0.114771
v -0.050447 0.061753 0.116020
v -0.045608 0.073967 0.110012
v -0.045957 0.066728 0.111478
v -0.046992 0.060433 0.112780
v -0.039795 0.071254 0.101687
v -0.040142 0.063569 0.103049
v -0.041188 0.056823 0.104219
v -0.037766 0.069455 0.096774
v -0.038086 0.061507 0.098041
v -0.039093 0.054522 0.099097
v -0.036404 0.067519 0.091462
v -0.036689 0.059321 0.092602
v -0.037634 0.052120 0.093516
v -0.035901 0.063714 0.080004
v -0.036101 0.055203 0.080792
v -0.036869 0.047771 0.081363
v -0.036709 0.062008 0.074309
v -0.036862 0.053518 0.074956
v -0.037508 0.046252 0.075469
v -0.038083 0.060482 0.069112
v -0.038193 0.052148 0.069734
v -0.038678 0.045353 0.070416
v -0.066942 0.054017 0.051333
v -0.068030 0.045347 0.053030
v -0.069443 0.038222 0.055228
v -0.071717 0.054981 0.051540
v -0.072707 0.046615 0.053149
v -0.073973 0.039810 0.055172
v -0.076636 0.056196 0.052333
v -0.077419 0.048207 0.053811
v -0.078300 0.041862 0.055573
v -0.052624 0.054448 0.054661
v -0.053330 0.045567 0.056116
v -0.054190 0.038252 0.058291
v -0.055548 0.053792 0.053402
v -0.056424 0.044849 0.054992
v -0.057514 0.037484 0.057257
v -0.058809 0.053417 0.052357
v -0.059818 0.044470 0.054042
v -0.061090 0.037102 0.056350
v -0.051289 0.160016 0.104738
v -0.046683 0.160024 0.102601
v -0.042505 0.159995 0.099787
v -0.050915 0.169053 0.104321
v -0.046303 0.169050 0.102145
v -0.042130 0.169036 0.099284
v -0.050559 0.178109 0.104115
v -0.045962 0.178088 0.101838
v -0.041819 0.178077 0.098875
v -0.099514 0.156242 0.080637
v -0.098659 0.156749 0.085754
v -0.097166 0.157415 0.090338
v -0.099556 0.165951 0.080069
v -0.098696 0.166593 0.085126
v -0.097179 0.167519 0.089695
v -0.099828 0.175033 0.079659
v -0.098962 0.175911 0.084636
v -0.097428 0.177387 0.089245
v -0.033333 0.159511 0.071406
v -0.034858 0.159446 0.066256
v -0.036942 0.159403 0.061622
v -0.033350 0.169109 0.070657
v -0.035020 0.169184 0.065504
v -0.037251 0.169276 0.060877
v -0.033476 0.178622 0.069890
v -0.035275 0.178832 0.064720
v -0.037636 0.179055 0.060081
v -0.065482 0.159549 0.045906
v -0.069347 0.159410 0.045934
v -0.073305 0.159265 0.046321
v -0.066224 0.170205 0.045355
v -0.069935 0.170154 0.045403
v -0.073708 0.170086 0.045801
v -0.067025 0.180713 0.044500
v -0.070591 0.180738 0.044573
v -0.074193 0.180736 0.044996
v -0.094049 0.157693 0.059581
v -0.096587 0.156956 0.064429
v -0.098480 0.156353 0.069729
v -0.093886 0.168185 0.059070
v -0.096491 0.167051 0.063979
v -0.098451 0.166184 0.069283
v -0.094098 0.178360 0.058790
v -0.096740 0.176555 0.063831
v -0.098718 0.175353 0.069114
v -0.080965 0.159063 0.048223
v -0.084528 0.158960 0.049898
v -0.087905 0.158755 0.052257
v -0.080990 0.169975 0.047671
v -0.084410 0.169899 0.049315
v -0.087712 0.169709 0.051658
v -0.081128 0.180699 0.046903
v -0.084440 0.180693 0.048569
v -0.087737 0.180652 0.050965
v -0.036048 0.159861 0.092062
v -0.033996 0.159773 0.087299
v -0.032823 0.159681 0.082152
v -0.035720 0.169007 0.091455
v -0.033716 0.169006 0.086641
v -0.032613 0.169020 0.081450
v -0.035499 0.178122 0.090871
v -0.033555 0.178191 0.085991
v -0.032528 0.178296 0.080749
v -0.052703 0.159631 0.048923
v -0.055534 0.159678 0.047823
v -0.058552 0.159690 0.046897
v -0.053540 0.169990 0.048282
v -0.056415 0.170101 0.047202
v -0.059442 0.170182 0.046298
v -0.054420 0.180232 0.047415
v -0.057340 0.180400 0.046326
v -0.060379 0.180544 0.045419
v -0.083724 0.159060 0.103490
v -0.081125 0.159159 0.104732
v -0.078179 0.159271 0.105821
v -0.083541 0.168827 0.103021
v -0.080926 0.168809 0.104295
v -0.077960 0.168805 0.105411
v -0.083443 0.178525 0.103043
v -0.080809 0.178409 0.104349
v -0.077818 0.178309 0.105486
v -0.101471 0.275003 0.078353
v -0.100635 0.274095 0.084076
v -0.099296 0.272579 0.089476
v -0.100943 0.281938 0.077709
v -0.100071 0.281582 0.083446
v -0.098702 0.280931 0.088736
v -0.100455 0.289547 0.076896
v -0.099551 0.289643 0.082587
v -0.098161 0.289563 0.087781
v -0.054299 0.264676 0.032065
v -0.057418 0.264550 0.030560
v -0.060782 0.264436 0.029414
v -0.053977 0.271523 0.031400
v -0.057048 0.271188 0.029910
v -0.060383 0.270872 0.028774
v -0.053787 0.278740 0.030920
v -0.056796 0.278209 0.029444
v -0.060083 0.277701 0.028315
v -0.049498 0.270686 0.103152
v -0.045584 0.270110 0.098943
v -0.042312 0.269467 0.094152
v -0.049465 0.280452 0.102126
v -0.045570 0.279834 0.097935
v -0.042317 0.279119 0.093154
v -0.049457 0.290291 0.100911
v -0.045575 0.289647 0.096773
v -0.042332 0.288880 0.092035
v -0.056172 0.414373 0.029470
v -0.057989 0.413952 0.028785
v -0.060017 0.413592 0.028222
v -0.056145 0.421938 0.029036
v -0.057888 0.421600 0.028368
v -0.059832 0.421335 0.027814
v -0.056145 0.429058 0.028530
v -0.057827 0.428798 0.027878
v -0.059698 0.428616 0.027330
v -0.035683 0.266047 0.059810
v -0.036758 0.265765 0.053837
v -0.038349 0.265550 0.048374
v -0.035787 0.274675 0.058963
v -0.036828 0.274165 0.053022
v -0.038373 0.273718 0.047588
v -0.035965 0.283550 0.058166
v -0.037002 0.282827 0.052292
v -0.038527 0.282162 0.046921
v -0.085078 0.271413 0.107402
v -0.082238 0.271595 0.109250
v -0.078933 0.271736 0.110694
v -0.084815 0.280961 0.106125
v -0.081991 0.281187 0.107935
v -0.078706 0.281370 0.109361
v -0.084471 0.290540 0.104646
v -0.081677 0.290806 0.106388
v -0.078428 0.291032 0.107773
v -0.098583 0.271483 0.054872
v -0.100279 0.273435 0.060644
v -0.101329 0.274691 0.066534
v -0.098165 0.278266 0.054153
v -0.099824 0.279910 0.059860
v -0.100853 0.281132 0.065761
v -0.097851 0.285449 0.053530
v -0.099462 0.287014 0.059158
v -0.100446 0.288266 0.065004
v -0.056116 0.415939 0.068037
v -0.053235 0.416420 0.066213
v -0.050637 0.416857 0.063957
v -0.056571 0.422448 0.065789
v -0.053800 0.423121 0.064048
v -0.051279 0.423747 0.061903
v -0.057010 0.428572 0.063693
v -0.054339 0.429460 0.062017
v -0.051886 0.430291 0.059963
v -0.046611 0.417492 0.058250
v -0.045301 0.417657 0.054919
v -0.044512 0.417717 0.051395
v -0.047300 0.424674 0.056488
v -0.045966 0.424929 0.053329
v -0.045134 0.425041 0.049985
v -0.047937 0.431508 0.054814
v -0.046574 0.431832 0.051819
v -0.045693 0.431973 0.048646
v -0.065086 0.413187 0.027709
v -0.068106 0.413220 0.027890
v -0.071296 0.413473 0.028455
v -0.064693 0.421172 0.027270
v -0.067598 0.421347 0.027411
v -0.070679 0.421741 0.027925
v -0.064364 0.428642 0.026758
v -0.067152 0.428918 0.026862
v -0.070120 0.429407 0.027324
v -0.086026 0.265713 0.036337
v -0.089754 0.266682 0.039979
v -0.093182 0.267818 0.044324
v -0.085986 0.271944 0.035836
v -0.089730 0.273247 0.039536
v -0.093061 0.274769 0.043876
v -0.085790 0.278441 0.035322
v -0.089551 0.280002 0.039040
v -0.092853 0.281804 0.043372
v -0.068674 0.264275 0.028881
v -0.073113 0.264310 0.029673
v -0.077619 0.264516 0.031180
v -0.068315 0.270354 0.028247
v -0.072821 0.270271 0.029043
v -0.077411 0.270442 0.030568
v -0.067982 0.276825 0.027761
v -0.072505 0.276609 0.028532
v -0.077127 0.276722 0.030037
v -0.037607 0.268121 0.083508
v -0.036170 0.267483 0.077848
v -0.035361 0.266907 0.071992
v -0.037666 0.277533 0.082538
v -0.036258 0.276729 0.076903
v -0.035472 0.275964 0.071078
v -0.037729 0.287101 0.081507
v -0.036359 0.286157 0.075923
v -0.035610 0.285227 0.070154
v -0.077683 0.414784 0.030996
v -0.080635 0.415678 0.033003
v -0.083267 0.416454 0.035455
v -0.076915 0.423301 0.030352
v -0.079840 0.424332 0.032304
v -0.082470 0.425263 0.034712
v -0.076194 0.431128 0.029610
v -0.079107 0.432352 0.031485
v -0.081790 0.433678 0.033838
v -0.076940 0.413408 0.069204
v -0.075298 0.413486 0.069865
v -0.073420 0.413616 0.070412
v -0.076192 0.419343 0.067096
v -0.074662 0.419399 0.067704
v -0.072908 0.419524 0.068203
v -0.075453 0.424807 0.065156
v -0.074033 0.424847 0.065714
v -0.072403 0.424973 0.066165
v -0.044615 0.417511 0.044170
v -0.045425 0.417263 0.040746
v -0.046587 0.416942 0.037683
v -0.045124 0.424842 0.043115
v -0.045872 0.424568 0.039852
v -0.046971 0.424222 0.036927
v -0.045568 0.431747 0.042097
v -0.046259 0.431438 0.038969
v -0.047302 0.431065 0.036158
v -0.087091 0.416746 0.041531
v -0.088164 0.416227 0.044988
v -0.088683 0.415523 0.048560
v -0.086171 0.425192 0.040783
v -0.087121 0.424180 0.044234
v -0.087531 0.423044 0.047730
v -0.085398 0.433203 0.040144
v -0.086158 0.431446 0.043673
v -0.086426 0.429826 0.047106
v -0.037178 0.324657 0.065928
v -0.037715 0.325742 0.071272
v -0.038879 0.326751 0.076444
v -0.036613 0.314480 0.067093
v -0.037202 0.315612 0.072568
v -0.038418 0.316687 0.077870
v -0.036160 0.304489 0.068179
v -0.036805 0.305611 0.073770
v -0.038076 0.306698 0.079185
v -0.076180 0.311118 0.028913
v -0.071654 0.311406 0.027659
v -0.067265 0.312050 0.027089
v -0.076386 0.301167 0.029032
v -0.071802 0.301339 0.027700
v -0.067349 0.301896 0.027077
v -0.076596 0.291981 0.029261
v -0.071982 0.292045 0.027860
v -0.067491 0.292503 0.027183
v -0.095915 0.325465 0.082407
v -0.097360 0.324597 0.077609
v -0.098365 0.323640 0.072307
v -0.096528 0.316267 0.084008
v -0.097961 0.315533 0.079084
v -0.098945 0.314690 0.073654
v -0.097096 0.307240 0.085423
v -0.098518 0.306694 0.080395
v -0.099479 0.306020 0.074862
v -0.059369 0.330408 0.098749
v -0.064389 0.330445 0.099816
v -0.069258 0.330334 0.100153
v -0.059201 0.320638 0.101078
v -0.064341 0.320698 0.102251
v -0.069335 0.320610 0.102657
v -0.059105 0.310806 0.103178
v -0.064343 0.310895 0.104456
v -0.069442 0.310839 0.104933
v -0.049058 0.316399 0.033288
v -0.046624 0.317124 0.035122
v -0.044324 0.317927 0.037481
v -0.048657 0.306331 0.033443
v -0.046142 0.307095 0.035343
v -0.043773 0.307918 0.037784
v -0.048356 0.296830 0.033643
v -0.045761 0.297595 0.035593
v -0.043323 0.298399 0.038099
v -0.091627 0.315593 0.041121
v -0.088407 0.313844 0.037091
v -0.084710 0.312360 0.033653
v -0.092020 0.306259 0.041698
v -0.088759 0.304349 0.037540
v -0.085018 0.302702 0.033979
v -0.092337 0.297444 0.042276
v -0.089047 0.295450 0.038024
v -0.085279 0.293717 0.034374
v -0.087646 0.327967 0.093639
v -0.089941 0.327455 0.091840
v -0.092124 0.326886 0.089525
v -0.088157 0.318438 0.095725
v -0.090496 0.317974 0.093808
v -0.092713 0.317471 0.091373
v -0.088637 0.308948 0.097589
v -0.091015 0.308551 0.095555
v -0.093262 0.308140 0.093006
v -0.040396 0.319914 0.044723
v -0.038907 0.321081 0.049584
v -0.037828 0.322296 0.054922
v -0.039762 0.309856 0.045270
v -0.038262 0.310967 0.050288
v -0.037192 0.312130 0.055789
v -0.039229 0.300201 0.045797
v -0.037719 0.301205 0.050955
v -0.036660 0.302264 0.056605
v -0.098648 0.321499 0.061216
v -0.097828 0.320285 0.055785
v -0.096376 0.318917 0.050563
v -0.099173 0.312619 0.062309
v -0.098324 0.311345 0.056750
v -0.096840 0.309873 0.051400
v -0.099639 0.304093 0.063305
v -0.098750 0.302784 0.057638
v -0.097227 0.301236 0.052181
v -0.088088 0.414255 0.055571
v -0.087107 0.413845 0.058764
v -0.085840 0.413567 0.061576
v -0.086818 0.421114 0.054423
v -0.085829 0.420445 0.057416
v -0.084584 0.419955 0.060033
v -0.085569 0.427331 0.053453
v -0.084567 0.426450 0.056240
v -0.083339 0.425789 0.058657
v -0.036711 0.231860 0.087028
v -0.035182 0.231840 0.081532
v -0.034418 0.231950 0.075819
v -0.037034 0.240776 0.086207
v -0.035533 0.240629 0.080634
v -0.034751 0.240602 0.074853
v -0.037305 0.249764 0.085339
v -0.035825 0.249466 0.079711
v -0.035023 0.249273 0.073879
v -0.069758 0.237157 0.033285
v -0.073319 0.237328 0.033685
v -0.076879 0.237433 0.034668
v -0.069621 0.244695 0.031832
v -0.073436 0.244875 0.032363
v -0.077265 0.245023 0.033518
v -0.069363 0.251682 0.030644
v -0.073443 0.251849 0.031297
v -0.077552 0.252038 0.032614
v -0.083692 0.237379 0.038308
v -0.086899 0.237208 0.040854
v -0.090008 0.236941 0.043758
v -0.084518 0.245209 0.037634
v -0.087866 0.245200 0.040486
v -0.091063 0.245039 0.043725
v -0.085271 0.252537 0.037178
v -0.088794 0.252800 0.040374
v -0.092153 0.252933 0.044096
v -0.105545 0.235190 0.064677
v -0.106892 0.235440 0.068505
v -0.107664 0.235639 0.072285
v -0.105339 0.240946 0.064532
v -0.106499 0.241236 0.068282
v -0.107161 0.241459 0.072068
v -0.104919 0.246102 0.064369
v -0.105860 0.246641 0.067932
v -0.106410 0.246973 0.071720
v -0.084807 0.233837 0.109885
v -0.082071 0.233766 0.111527
v -0.078870 0.233686 0.112789
v -0.085052 0.243112 0.109841
v -0.082275 0.243111 0.111572
v -0.079028 0.243090 0.112900
v -0.085200 0.252474 0.109327
v -0.082386 0.252543 0.111132
v -0.079102 0.252581 0.112523
v -0.035371 0.232643 0.064006
v -0.036979 0.233182 0.058264
v -0.039132 0.233760 0.053022
v -0.035499 0.240994 0.062873
v -0.036940 0.241377 0.057029
v -0.038921 0.241811 0.051688
v -0.035572 0.249283 0.061770
v -0.036851 0.249464 0.055849
v -0.038666 0.249706 0.050434
v -0.049518 0.232707 0.105447
v -0.045374 0.232439 0.101576
v -0.041844 0.232188 0.097138
v -0.049518 0.242034 0.105180
v -0.045453 0.241682 0.101148
v -0.042017 0.241332 0.096553
v -0.049528 0.251468 0.104688
v -0.045531 0.251031 0.100552
v -0.042169 0.250576 0.095851
v -0.056574 0.236104 0.037045
v -0.059715 0.236401 0.035500
v -0.062936 0.236680 0.034262
v -0.056028 0.243751 0.035454
v -0.059186 0.244011 0.033901
v -0.062468 0.244259 0.032676
v -0.055382 0.250985 0.034083
v -0.058545 0.251170 0.032542
v -0.061879 0.251349 0.031346
v -0.107222 0.235272 0.079346
v -0.106128 0.234712 0.082580
v -0.104702 0.234111 0.085676
v -0.106739 0.240923 0.079241
v -0.105764 0.240206 0.082498
v -0.104505 0.239500 0.085550
v -0.106039 0.246287 0.079124
v -0.105212 0.245359 0.082434
v -0.104176 0.244387 0.085390
v -0.101854 0.203873 0.085456
v -0.102767 0.202642 0.082459
v -0.103490 0.202056 0.079010
v -0.100607 0.199163 0.086448
v -0.101596 0.197327 0.082948
v -0.102316 0.196446 0.079049
v -0.099261 0.193531 0.087627
v -0.100462 0.191330 0.083555
v -0.101241 0.190267 0.079169
v -0.103252 0.202300 0.071392
v -0.102271 0.203124 0.067619
v -0.101082 0.204575 0.064210
v -0.101784 0.196752 0.070594
v -0.100544 0.197933 0.066377
v -0.099078 0.200056 0.062479
v -0.100430 0.190619 0.069831
v -0.098849 0.192037 0.065109
v -0.096884 0.194602 0.060594
v -0.101436 0.235229 0.057207
v -0.101780 0.241488 0.057396
v -0.102106 0.246942 0.058111
v -0.098843 0.235603 0.053650
v -0.099488 0.242460 0.053984
v -0.100202 0.248662 0.055025
v -0.096014 0.236088 0.050216
v -0.096910 0.243592 0.050578
v -0.097942 0.250702 0.051710
v -0.101183 0.220988 0.091280
v -0.100976 0.215135 0.090548
v -0.100891 0.210026 0.089438
v -0.099496 0.219734 0.094034
v -0.099324 0.213142 0.093042
v -0.099353 0.207161 0.091524
v -0.097722 0.218490 0.096632
v -0.097546 0.210985 0.095436
v -0.097606 0.203730 0.093664
v -0.103279 0.253888 0.062437
v -0.104034 0.255517 0.066146
v -0.104555 0.256277 0.070379
v -0.102027 0.257184 0.060438
v -0.102956 0.259282 0.064691
v -0.103602 0.260281 0.069414
v -0.100611 0.260836 0.058151
v -0.101872 0.263223 0.063111
v -0.102707 0.264407 0.068382
v -0.104385 0.255496 0.079044
v -0.103751 0.254065 0.082944
v -0.102983 0.251968 0.086283
v -0.103560 0.259603 0.079055
v -0.102921 0.257998 0.083514
v -0.102086 0.255429 0.087470
v -0.102780 0.263944 0.079001
v -0.102076 0.262333 0.084060
v -0.101061 0.259579 0.088754
v -0.101952 0.244742 0.090372
v -0.101753 0.239444 0.091254
v -0.101592 0.233484 0.091657
v -0.100716 0.246440 0.092746
v -0.100326 0.240248 0.093982
v -0.100024 0.233542 0.094542
v -0.099266 0.248700 0.095208
v -0.098756 0.241316 0.096641
v -0.098356 0.233725 0.097287
v -0.099979 0.211006 0.059787
v -0.100226 0.216205 0.058662
v -0.100620 0.222194 0.057887
v -0.097377 0.208503 0.056942
v -0.097412 0.214650 0.055407
v -0.097750 0.221405 0.054405
v -0.094390 0.205477 0.054031
v -0.094338 0.212986 0.052270
v -0.094672 0.220679 0.051104
v -0.105702 0.212807 0.079144
v -0.104782 0.212787 0.082186
v -0.103589 0.212656 0.084916
v -0.106558 0.218281 0.079264
v -0.105507 0.218054 0.082337
v -0.104118 0.217591 0.085222
v -0.107144 0.223854 0.079360
v -0.106008 0.223500 0.082501
v -0.104508 0.222925 0.085508
v -0.055997 0.200266 0.044636
v -0.059004 0.200524 0.043418
v -0.062072 0.200761 0.042412
v -0.056554 0.209922 0.042776
v -0.059601 0.210207 0.041454
v -0.062691 0.210473 0.040365
v -0.056872 0.219185 0.040791
v -0.059955 0.219487 0.039367
v -0.063076 0.219769 0.038200
v -0.049982 0.196205 0.104421
v -0.045485 0.196138 0.101703
v -0.041492 0.196106 0.098329
v -0.049781 0.205253 0.104823
v -0.045364 0.205156 0.101792
v -0.041483 0.205096 0.098130
v -0.049638 0.214334 0.105215
v -0.045312 0.214197 0.101861
v -0.041553 0.214093 0.097904
v -0.034052 0.197319 0.068189
v -0.035986 0.197789 0.062901
v -0.038479 0.198271 0.058139
v -0.034444 0.206454 0.067231
v -0.036368 0.207028 0.061843
v -0.038848 0.207617 0.056970
v -0.034831 0.215404 0.066209
v -0.036695 0.216038 0.060704
v -0.039111 0.216692 0.055707
v -0.083609 0.197368 0.104919
v -0.080949 0.197152 0.106300
v -0.077900 0.196951 0.107455
v -0.083860 0.206509 0.106522
v -0.081193 0.206296 0.107949
v -0.078113 0.206095 0.109110
v -0.084172 0.215575 0.108111
v -0.081493 0.215392 0.109595
v -0.078379 0.215216 0.110770
v -0.103814 0.213115 0.065674
v -0.105101 0.213069 0.068975
v -0.105913 0.212941 0.072421
v -0.104622 0.218037 0.065496
v -0.106049 0.218311 0.069027
v -0.106891 0.218398 0.072559
v -0.105191 0.223451 0.065190
v -0.106683 0.223808 0.068894
v -0.107547 0.223996 0.072538
v -0.081583 0.201251 0.044272
v -0.084707 0.201261 0.046034
v -0.087891 0.201548 0.048345
v -0.081901 0.210957 0.042526
v -0.084960 0.210880 0.044385
v -0.088037 0.211016 0.046673
v -0.082336 0.220235 0.040803
v -0.085392 0.220063 0.042843
v -0.088442 0.219997 0.045270
v -0.068505 0.201135 0.041435
v -0.071837 0.201253 0.041558
v -0.075165 0.201313 0.042077
v -0.069078 0.210903 0.039329
v -0.072346 0.211040 0.039485
v -0.075603 0.211102 0.040078
v -0.069495 0.220232 0.037124
v -0.072768 0.220380 0.037331
v -0.076027 0.220441 0.038023
v -0.035503 0.196200 0.089719
v -0.033710 0.196351 0.084655
v -0.032827 0.196583 0.079276
v -0.035717 0.205159 0.089120
v -0.034006 0.205316 0.083943
v -0.033181 0.205576 0.078482
v -0.036018 0.214079 0.088482
v -0.034384 0.214212 0.083190
v -0.033601 0.214466 0.077643
v -0.084750 0.087513 0.114686
v -0.082099 0.087941 0.115831
v -0.079121 0.088405 0.116763
v -0.084848 0.095355 0.113058
v -0.082198 0.095848 0.114189
v -0.079218 0.096369 0.115116
v -0.084885 0.103564 0.111446
v -0.082239 0.104110 0.112565
v -0.079259 0.104671 0.113490
v -0.084696 0.121046 0.108287
v -0.082073 0.121575 0.109413
v -0.079110 0.122107 0.110366
v -0.084481 0.130253 0.106805
v -0.081873 0.130705 0.107954
v -0.078924 0.131161 0.108937
v -0.084226 0.139697 0.105469
v -0.081630 0.140043 0.106647
v -0.078691 0.140396 0.107665
v -0.051584 0.074591 0.052903
v -0.054310 0.074075 0.051445
v -0.057413 0.073708 0.050239
v -0.051232 0.085147 0.052288
v -0.053915 0.084704 0.050809
v -0.056975 0.084346 0.049581
v -0.050999 0.095860 0.051772
v -0.053667 0.095490 0.050313
v -0.056700 0.095150 0.049095
v -0.050925 0.117356 0.050851
v -0.053613 0.117130 0.049504
v -0.056623 0.116867 0.048368
v -0.051106 0.128029 0.050392
v -0.053822 0.127872 0.049116
v -0.056828 0.127670 0.048037
v -0.051455 0.138637 0.049924
v -0.054205 0.138549 0.048718
v -0.057211 0.138415 0.047699
v -0.039532 0.087987 0.099019
v -0.037503 0.086682 0.094241
v -0.036161 0.085239 0.089112
v -0.039218 0.096635 0.097862
v -0.037168 0.095539 0.093128
v -0.035823 0.094315 0.088049
v -0.038809 0.105424 0.096812
v -0.036732 0.104514 0.092108
v -0.035383 0.103493 0.087058
v -0.037859 0.123337 0.094969
v -0.035745 0.122753 0.090288
v -0.034406 0.122095 0.085247
v -0.037372 0.132416 0.094154
v -0.035254 0.131977 0.089469
v -0.033938 0.131480 0.084413
v -0.036898 0.141546 0.093402
v -0.034789 0.141238 0.088702
v -0.033507 0.140889 0.083622
v -0.084770 0.076014 0.053715
v -0.088946 0.076765 0.056533
v -0.092639 0.077497 0.060008
v -0.084171 0.085214 0.052706
v -0.088366 0.085764 0.055389
v -0.092096 0.086326 0.058726
v -0.083572 0.094797 0.051795
v -0.087762 0.095161 0.054313
v -0.091512 0.095557 0.057486
v -0.082385 0.115235 0.050294
v -0.086469 0.115321 0.052459
v -0.090187 0.115439 0.055290
v -0.081843 0.126002 0.049691
v -0.085829 0.126003 0.051696
v -0.089490 0.126015 0.054372
v -0.081397 0.136978 0.049161
v -0.085259 0.136921 0.051026
v -0.088840 0.136846 0.053566
v -0.098340 0.078772 0.068837
v -0.100226 0.079354 0.074027
v -0.101387 0.079998 0.079543
v -0.097922 0.087289 0.067327
v -0.099890 0.087716 0.072443
v -0.101136 0.088206 0.077912
v -0.097459 0.096189 0.065844
v -0.099516 0.096443 0.070893
v -0.100855 0.096764 0.076326
v -0.096304 0.115471 0.063178
v -0.098537 0.115408 0.068117
v -0.100067 0.115421 0.073487
v -0.095646 0.125792 0.062056
v -0.097959 0.125592 0.066952
v -0.099582 0.125471 0.072293
v -0.095009 0.136373 0.061081
v -0.097399 0.136028 0.065945
v -0.099114 0.135770 0.071263
v -0.065421 0.073697 0.049077
v -0.070236 0.074067 0.049295
v -0.075246 0.074616 0.050110
v -0.064899 0.084044 0.048367
v -0.069678 0.084132 0.048545
v -0.074660 0.084365 0.049302
v -0.064523 0.094615 0.047849
v -0.069232 0.094464 0.047975
v -0.074147 0.094427 0.048653
v -0.064186 0.116170 0.047140
v -0.068672 0.115784 0.047183
v -0.073347 0.115459 0.047703
v -0.064237 0.127046 0.046857
v -0.068580 0.126668 0.046878
v -0.073094 0.126329 0.047340
v -0.064460 0.137930 0.046580
v -0.068647 0.137612 0.046591
v -0.072983 0.137314 0.047011
v -0.035738 0.082204 0.078207
v -0.036582 0.080739 0.072831
v -0.037967 0.079389 0.067899
v -0.035444 0.091692 0.077307
v -0.036326 0.090406 0.072035
v -0.037743 0.089216 0.067201
v -0.035061 0.101282 0.076413
v -0.035993 0.100190 0.071210
v -0.037462 0.099182 0.066449
v -0.034252 0.120660 0.074652
v -0.035320 0.119952 0.069509
v -0.036932 0.119304 0.064827
v -0.033903 0.130398 0.073795
v -0.035058 0.129865 0.068655
v -0.036763 0.129381 0.063989
v -0.033621 0.140134 0.072964
v -0.034880 0.139767 0.067819
v -0.036692 0.139438 0.063163
v -0.101324 0.081754 0.090943
v -0.100206 0.082834 0.096388
v -0.098573 0.083909 0.101283
v -0.101227 0.089668 0.089298
v -0.100170 0.090620 0.094765
v -0.098586 0.091597 0.099687
v -0.101100 0.097932 0.087704
v -0.100094 0.098773 0.093184
v -0.098548 0.099669 0.098122
v -0.100606 0.116060 0.084767
v -0.099681 0.116696 0.090190
v -0.098186 0.117429 0.095072
v -0.100259 0.125885 0.083477
v -0.099364 0.126434 0.088827
v -0.097885 0.127089 0.093638
v -0.099920 0.135985 0.082343
v -0.099049 0.136473 0.087609
v -0.097576 0.137076 0.092336
v -0.053267 0.090761 0.113032
v -0.049139 0.090479 0.110386
v -0.045420 0.089919 0.107151
v -0.053183 0.098915 0.111640
v -0.048987 0.098704 0.109063
v -0.045202 0.098248 0.105892
v -0.053043 0.107272 0.110335
v -0.048769 0.107120 0.107840
v -0.044906 0.106753 0.104743
v -0.052610 0.124450 0.107997
v -0.048184 0.124389 0.105676
v -0.044170 0.124174 0.102729
v -0.052327 0.133218 0.106983
v -0.047838 0.133190 0.104739
v -0.043761 0.133039 0.101856
v -0.052009 0.142079 0.106091
v -0.047466 0.142076 0.103908
v -0.043339 0.141978 0.101073
v -0.014788 0.642536 -0.005362
v -0.014874 0.640649 -0.007075
v -0.014998 0.638655 -0.008553
v -0.016618 0.642136 -0.005336
v -0.016643 0.640377 -0.006989
v -0.016693 0.638550 -0.008393
v -0.018321 0.641349 -0.005216
v -0.018270 0.639778 -0.006798
v -0.018198 0.638211 -0.008099
v -0.014736 0.646610 0.001524
v -0.014687 0.646438 -0.000013
v -0.014692 0.645577 -0.001727
v -0.016444 0.646184 0.001327
v -0.016474 0.645954 -0.000150
v -0.016533 0.645072 -0.001808
v -0.017928 0.645306 0.001139
v -0.018089 0.645003 -0.000231
v -0.018230 0.644114 -0.001808
v -0.008158 0.643839 0.001470
v -0.007910 0.643601 0.000148
v -0.007806 0.642772 -0.001389
v -0.009475 0.645164 0.001549
v -0.009311 0.645007 0.000102
v -0.009251 0.644183 -0.001534
v -0.011111 0.646086 0.001635
v -0.010990 0.645961 0.000113
v -0.010950 0.645134 -0.001592
v -0.008028 0.640043 -0.004818
v -0.008299 0.638439 -0.006443
v -0.008616 0.636818 -0.007769
v -0.009458 0.641276 -0.005087
v -0.009684 0.639483 -0.006774
v -0.009932 0.637593 -0.008197
v -0.011119 0.642109 -0.005242
v -0.011299 0.640201 -0.006975
v -0.011503 0.638167 -0.008462
v -0.009815 0.629580 0.005883
v -0.011319 0.630203 0.006106
v -0.012969 0.630806 0.006178
v -0.010211 0.626328 0.006421
v -0.011707 0.626876 0.006606
v -0.013341 0.627441 0.006653
v -0.010574 0.623435 0.006896
v -0.012058 0.623917 0.007053
v -0.013677 0.624449 0.007083
v -0.020481 0.628360 -0.008721
v -0.018672 0.627819 -0.009570
v -0.016637 0.627300 -0.010002
v -0.020836 0.626662 -0.008280
v -0.018983 0.626100 -0.009151
v -0.016901 0.625542 -0.009583
v -0.021125 0.625148 -0.007856
v -0.019242 0.624571 -0.008741
v -0.017126 0.623983 -0.009167
v -0.006146 0.627514 0.002721
v -0.006697 0.627977 0.003891
v -0.007482 0.628457 0.004802
v -0.006429 0.624765 0.003537
v -0.007029 0.625079 0.004636
v -0.007851 0.625426 0.005468
v -0.006716 0.622329 0.004262
v -0.007352 0.622509 0.005293
v -0.008201 0.622733 0.006052
v -0.006315 0.625712 -0.004089
v -0.005825 0.626068 -0.002234
v -0.005681 0.626536 -0.000401
v -0.006405 0.623616 -0.003269
v -0.005950 0.623821 -0.001370
v -0.005855 0.624120 0.000480
v -0.006530 0.621757 -0.002520
v -0.006108 0.621830 -0.000587
v -0.006055 0.621981 0.001272
v -0.022167 0.632201 0.003852
v -0.022993 0.631995 0.002662
v -0.023552 0.631675 0.001228
v -0.022557 0.629500 0.004384
v -0.023405 0.629472 0.003244
v -0.023985 0.629329 0.001851
v -0.022889 0.627097 0.004841
v -0.023750 0.627226 0.003750
v -0.024341 0.627238 0.002400
v -0.023886 0.630730 -0.002245
v -0.023614 0.630149 -0.004121
v -0.022985 0.629538 -0.005913
v -0.024332 0.628714 -0.001619
v -0.024052 0.628269 -0.003534
v -0.023404 0.627763 -0.005379
v -0.024694 0.626911 -0.001054
v -0.024405 0.626587 -0.003000
v -0.023741 0.626175 -0.004886
v -0.022585 0.591596 0.020413
v -0.024439 0.592272 0.019580
v -0.026138 0.592939 0.018455
v -0.022924 0.589884 0.021389
v -0.024799 0.590562 0.020494
v -0.026510 0.591225 0.019299
v -0.023316 0.587963 0.022462
v -0.025221 0.588644 0.021499
v -0.026951 0.589302 0.020227
v -0.046814 0.655679 -0.008083
v -0.046716 0.654139 -0.009596
v -0.046696 0.652406 -0.010866
v -0.047774 0.655167 -0.008014
v -0.047650 0.653785 -0.009453
v -0.047599 0.652230 -0.010636
v -0.048705 0.654334 -0.007851
v -0.048552 0.653124 -0.009225
v -0.048448 0.651796 -0.010313
v -0.047131 0.658922 -0.001874
v -0.047056 0.658883 -0.003295
v -0.046999 0.658170 -0.004841
v -0.048033 0.658237 -0.002035
v -0.047997 0.658172 -0.003398
v -0.047965 0.657476 -0.004888
v -0.048839 0.657236 -0.002125
v -0.048873 0.657124 -0.003392
v -0.048884 0.656447 -0.004819
v -0.037540 0.657950 -0.001639
v -0.037247 0.657832 -0.002890
v -0.037061 0.657112 -0.004310
v -0.038825 0.659195 -0.001526
v -0.038618 0.659157 -0.002899
v -0.038480 0.658424 -0.004424
v -0.040298 0.660015 -0.001366
v -0.040128 0.660019 -0.002822
v -0.040009 0.659274 -0.004437
v -0.037014 0.654694 -0.007421
v -0.037130 0.653240 -0.008901
v -0.037310 0.651665 -0.010128
v -0.038437 0.655732 -0.007722
v -0.038512 0.654034 -0.009298
v -0.038620 0.652159 -0.010641
v -0.039944 0.656365 -0.007915
v -0.039990 0.654475 -0.009585
v -0.040067 0.652386 -0.011029
v -0.038836 0.641866 0.003323
v -0.040386 0.642135 0.003602
v -0.041949 0.642351 0.003730
v -0.039136 0.638192 0.004019
v -0.040694 0.638336 0.004278
v -0.042255 0.638456 0.004395
v -0.039406 0.634933 0.004632
v -0.040968 0.634964 0.004882
v -0.042526 0.634998 0.004999
v -0.046852 0.638257 -0.012066
v -0.045641 0.638117 -0.012495
v -0.044268 0.638025 -0.012706
v -0.047189 0.635927 -0.011514
v -0.045956 0.635798 -0.011965
v -0.044554 0.635713 -0.012191
v -0.047467 0.633868 -0.010972
v -0.046221 0.633753 -0.011437
v -0.044799 0.633674 -0.011676
v -0.034546 0.640686 -0.000095
v -0.035261 0.640995 0.001127
v -0.036217 0.641287 0.002108
v -0.034671 0.637618 0.000755
v -0.035444 0.637774 0.001945
v -0.036453 0.637910 0.002880
v -0.034816 0.634904 0.001504
v -0.035631 0.634923 0.002661
v -0.036678 0.634919 0.003554
v -0.030507 0.586372 0.018551
v -0.031116 0.586870 0.016437
v -0.031386 0.587181 0.014117
v -0.031144 0.584355 0.019377
v -0.031663 0.584951 0.017159
v -0.031840 0.585319 0.014773
v -0.031886 0.582484 0.020231
v -0.032260 0.583259 0.017844
v -0.032309 0.583703 0.015371
v -0.034432 0.639166 -0.006771
v -0.033934 0.639562 -0.004987
v -0.033841 0.639963 -0.003210
v -0.034433 0.636606 -0.006081
v -0.033941 0.636897 -0.004225
v -0.033872 0.637177 -0.002389
v -0.034480 0.634340 -0.005458
v -0.033994 0.634539 -0.003542
v -0.033946 0.634713 -0.001656
v -0.051805 0.641250 0.001420
v -0.052318 0.641007 0.000252
v -0.052685 0.640740 -0.001121
v -0.052090 0.637921 0.002130
v -0.052627 0.637817 0.000985
v -0.053021 0.637695 -0.000370
v -0.052320 0.634975 0.002747
v -0.052873 0.634995 0.001624
v -0.053285 0.635001 0.000291
v -0.052926 0.640135 -0.004222
v -0.052772 0.639814 -0.005795
v -0.052420 0.639504 -0.007262
v -0.053307 0.637364 -0.003468
v -0.053168 0.637161 -0.005059
v -0.052823 0.636950 -0.006551
v -0.053601 0.634910 -0.002795
v -0.053472 0.634810 -0.004396
v -0.053134 0.634686 -0.005905
v -0.016449 0.631762 0.006038
v -0.018143 0.632062 0.005813
v -0.019708 0.632237 0.005411
v -0.016800 0.628471 0.006487
v -0.018493 0.628880 0.006262
v -0.020065 0.629198 0.005871
v -0.017111 0.625545 0.006891
v -0.018802 0.626052 0.006657
v -0.020376 0.626497 0.006269
v -0.075240 0.650350 -0.007155
v -0.075128 0.648473 -0.008765
v -0.075016 0.646462 -0.010152
v -0.077027 0.649885 -0.007021
v -0.076887 0.648132 -0.008571
v -0.076741 0.646269 -0.009889
v -0.078634 0.648969 -0.006771
v -0.078455 0.647410 -0.008255
v -0.078233 0.645807 -0.009482
v -0.075396 0.654400 -0.000675
v -0.075404 0.654249 -0.002146
v -0.075385 0.653383 -0.003755
v -0.077077 0.653786 -0.000793
v -0.077142 0.653618 -0.002195
v -0.077164 0.652771 -0.003738
v -0.078486 0.652696 -0.000873
v -0.078656 0.652470 -0.002160
v -0.078744 0.651642 -0.003615
v -0.068518 0.652036 -0.000689
v -0.068279 0.651680 -0.001959
v -0.068099 0.650740 -0.003417
v -0.069982 0.653312 -0.000652
v -0.069854 0.653046 -0.002044
v -0.069738 0.652117 -0.003592
v -0.071710 0.654152 -0.000599
v -0.071647 0.653949 -0.002066
v -0.071573 0.653041 -0.003678
v -0.068014 0.648019 -0.006647
v -0.068097 0.646532 -0.008180
v -0.068219 0.645031 -0.009436
v -0.069643 0.649195 -0.006936
v -0.069656 0.647494 -0.008528
v -0.069666 0.645706 -0.009873
v -0.071456 0.649989 -0.007112
v -0.071412 0.648138 -0.008746
v -0.071355 0.646167 -0.010149
v -0.068081 0.637774 0.003988
v -0.069667 0.638066 0.004335
v -0.071426 0.638273 0.004505
v -0.068022 0.634470 0.004551
v -0.069605 0.634628 0.004892
v -0.071360 0.634741 0.005061
v -0.067975 0.631536 0.005036
v -0.069554 0.631576 0.005376
v -0.071303 0.631604 0.005548
v -0.079152 0.634285 -0.009739
v -0.077099 0.634097 -0.010719
v -0.074833 0.633982 -0.011301
v -0.079236 0.632264 -0.009261
v -0.077114 0.632110 -0.010266
v -0.074777 0.632012 -0.010852
v -0.079283 0.630468 -0.008805
v -0.077107 0.630346 -0.009824
v -0.074715 0.630264 -0.010409
v -0.064384 0.636186 0.000132
v -0.064911 0.636620 0.001446
v -0.065685 0.637035 0.002551
v -0.064259 0.633564 0.000791
v -0.064812 0.633822 0.002075
v -0.065607 0.634060 0.003152
v -0.064169 0.631238 0.001365
v -0.064740 0.631339 0.002619
v -0.065551 0.631420 0.003667
v -0.056563 0.590796 0.017403
v -0.057003 0.591001 0.015027
v -0.057263 0.591161 0.012468
v -0.056876 0.588296 0.018221
v -0.057285 0.588599 0.015731
v -0.057506 0.588817 0.013100
v -0.057284 0.585950 0.019058
v -0.057649 0.586456 0.016369
v -0.057818 0.586771 0.013648
v -0.064558 0.634498 -0.006242
v -0.064097 0.634869 -0.004606
v -0.063958 0.635292 -0.002951
v -0.064357 0.632458 -0.005556
v -0.063907 0.632717 -0.003908
v -0.063785 0.633001 -0.002254
v -0.064210 0.630643 -0.004936
v -0.063770 0.630804 -0.003283
v -0.063661 0.630966 -0.001636
v -0.081257 0.637424 0.002598
v -0.082072 0.637103 0.001471
v -0.082606 0.636742 0.000103
v -0.081309 0.634332 0.003240
v -0.082162 0.634161 0.002153
v -0.082731 0.633956 0.000815
v -0.081333 0.631590 0.003786
v -0.082212 0.631552 0.002741
v -0.082806 0.631485 0.001437
v -0.082917 0.635872 -0.003230
v -0.082640 0.635395 -0.005048
v -0.081968 0.634945 -0.006816
v -0.083092 0.633405 -0.002539
v -0.082821 0.633079 -0.004409
v -0.082138 0.632761 -0.006238
v -0.083205 0.631215 -0.001922
v -0.082941 0.631023 -0.003831
v -0.082251 0.630820 -0.005708
v -0.048660 0.642005 0.003442
v -0.049562 0.641840 0.003261
v -0.050405 0.641663 0.002915
v -0.048922 0.638277 0.004104
v -0.049819 0.638190 0.003928
v -0.050663 0.638103 0.003590
v -0.049146 0.634974 0.004692
v -0.050037 0.634958 0.004513
v -0.050879 0.634951 0.004177
v -0.105755 0.629988 -0.001164
v -0.105601 0.628650 -0.002440
v -0.105451 0.627225 -0.003540
v -0.106441 0.629464 -0.000979
v -0.106292 0.628208 -0.002209
v -0.106147 0.626892 -0.003248
v -0.107065 0.628723 -0.000714
v -0.106919 0.627581 -0.001901
v -0.106762 0.626436 -0.002869
v -0.105721 0.633208 0.004186
v -0.105817 0.633009 0.002938
v -0.105873 0.632279 0.001593
v -0.106333 0.632656 0.004135
v -0.106453 0.632424 0.002961
v -0.106532 0.631686 0.001681
v -0.106849 0.631849 0.004138
v -0.107008 0.631577 0.003069
v -0.107119 0.630841 0.001862
v -0.097519 0.631643 0.004515
v -0.097307 0.631425 0.003457
v -0.097147 0.630789 0.002234
v -0.098775 0.632626 0.004544
v -0.098660 0.632464 0.003369
v -0.098555 0.631818 0.002057
v -0.100151 0.633341 0.004588
v -0.100091 0.633210 0.003328
v -0.100019 0.632556 0.001939
v -0.097060 0.628958 -0.000484
v -0.097116 0.627958 -0.001780
v -0.097194 0.626918 -0.002857
v -0.098451 0.629807 -0.000762
v -0.098440 0.628643 -0.002101
v -0.098416 0.627392 -0.003248
v -0.099885 0.630394 -0.000978
v -0.099818 0.629096 -0.002352
v -0.099730 0.627691 -0.003549
v -0.093481 0.618481 -0.000580
v -0.093048 0.618730 0.000880
v -0.092927 0.618999 0.002346
v -0.093216 0.616782 -0.000091
v -0.092781 0.616967 0.001391
v -0.092667 0.617151 0.002869
v -0.093013 0.615257 0.000358
v -0.092574 0.615388 0.001854
v -0.092464 0.615497 0.003337
v -0.075179 0.638338 0.004522
v -0.077012 0.638199 0.004366
v -0.078694 0.637982 0.004030
v -0.075122 0.634785 0.005081
v -0.076972 0.634719 0.004931
v -0.078679 0.634613 0.004609
v -0.075068 0.631631 0.005568
v -0.076931 0.631631 0.005417
v -0.078656 0.631623 0.005101
v -0.105306 0.621084 0.008460
v -0.105948 0.620979 0.008328
v -0.106577 0.620836 0.008064
v -0.105243 0.618439 0.008814
v -0.105881 0.618389 0.008686
v -0.106511 0.618312 0.008435
v -0.105184 0.616098 0.009103
v -0.105816 0.616093 0.008974
v -0.106443 0.616073 0.008732
v -0.098527 0.617852 -0.005013
v -0.096958 0.617960 -0.004197
v -0.095488 0.618095 -0.003170
v -0.098343 0.616151 -0.004669
v -0.096749 0.616286 -0.003815
v -0.095256 0.616437 -0.002748
v -0.098188 0.614624 -0.004308
v -0.096581 0.614783 -0.003432
v -0.095073 0.614948 -0.002342
v -0.093388 0.619552 0.004991
v -0.093934 0.619825 0.006070
v -0.094717 0.620096 0.006956
v -0.093173 0.617489 0.005494
v -0.093752 0.617642 0.006545
v -0.094571 0.617791 0.007399
v -0.093001 0.615647 0.005936
v -0.093605 0.615695 0.006958
v -0.094451 0.615737 0.007781
v -0.103520 0.617563 -0.005822
v -0.102477 0.617613 -0.005998
v -0.101337 0.617681 -0.005923
v -0.103396 0.615823 -0.005539
v -0.102337 0.615863 -0.005719
v -0.101185 0.615936 -0.005634
v -0.103265 0.614259 -0.005221
v -0.102198 0.614291 -0.005403
v -0.101043 0.614369 -0.005309
v -0.109100 0.618900 0.002372
v -0.109011 0.618510 0.001010
v -0.108716 0.618162 -0.000345
v -0.109157 0.617043 0.002966
v -0.109087 0.616766 0.001597
v -0.108799 0.616505 0.000217
v -0.109169 0.615384 0.003499
v -0.109116 0.615204 0.002131
v -0.108835 0.615019 0.000734
v -0.107773 0.620376 0.006910
v -0.108295 0.620056 0.005999
v -0.108715 0.619694 0.004912
v -0.107729 0.618032 0.007351
v -0.108272 0.617826 0.006492
v -0.108719 0.617586 0.005455
v -0.107670 0.615948 0.007717
v -0.108226 0.615840 0.006912
v -0.108690 0.615707 0.005927
v -0.082679 0.589068 0.018081
v -0.083479 0.589185 0.015921
v -0.083927 0.589261 0.013560
v -0.082901 0.586515 0.019037
v -0.083704 0.586610 0.016821
v -0.084159 0.586644 0.014469
v -0.083282 0.584062 0.019963
v -0.084044 0.584236 0.017634
v -0.084478 0.584270 0.015284
v -0.107582 0.580103 0.011853
v -0.107481 0.579871 0.010376
v -0.107219 0.579691 0.008896
v -0.107423 0.577774 0.012238
v -0.107298 0.577546 0.010775
v -0.107020 0.577375 0.009321
v -0.107261 0.575355 0.012591
v -0.107111 0.575146 0.011139
v -0.106817 0.575001 0.009709
v -0.094793 0.584217 0.020634
v -0.096374 0.583839 0.021415
v -0.097989 0.583469 0.021927
v -0.094499 0.582426 0.021695
v -0.096137 0.582017 0.022517
v -0.097807 0.581613 0.023044
v -0.094184 0.580530 0.022945
v -0.095918 0.580068 0.023780
v -0.097660 0.579620 0.024287
v -0.101730 0.580831 0.001898
v -0.100508 0.581339 0.001529
v -0.099150 0.581890 0.001487
v -0.101625 0.578681 0.002549
v -0.100406 0.579223 0.002159
v -0.099041 0.579803 0.002076
v -0.101532 0.576513 0.003160
v -0.100320 0.577085 0.002744
v -0.098950 0.577686 0.002612
v -0.090464 0.585381 0.014708
v -0.091196 0.585196 0.016497
v -0.092156 0.584921 0.018143
v -0.090135 0.583662 0.015262
v -0.090858 0.583495 0.017167
v -0.091810 0.583201 0.018969
v -0.089757 0.582152 0.015747
v -0.090458 0.581969 0.017790
v -0.091383 0.581569 0.019828
v -0.090016 0.584920 0.007658
v -0.089642 0.585213 0.009320
v -0.089649 0.585395 0.011065
v -0.089684 0.582964 0.008016
v -0.089318 0.583341 0.009707
v -0.089329 0.583586 0.011488
v -0.089262 0.581134 0.008285
v -0.088936 0.581671 0.010035
v -0.088964 0.582002 0.011859
v -0.095798 0.583028 0.002464
v -0.093941 0.583575 0.003446
v -0.092226 0.584083 0.004678
v -0.095640 0.580962 0.002937
v -0.093736 0.581507 0.003859
v -0.091957 0.582020 0.005047
v -0.095501 0.578857 0.003308
v -0.093533 0.579399 0.004138
v -0.091643 0.579920 0.005258
v -0.104987 0.581878 0.020937
v -0.105699 0.581653 0.020244
v -0.106291 0.581430 0.019409
v -0.105102 0.579745 0.021741
v -0.105801 0.579476 0.020945
v -0.106363 0.579215 0.020011
v -0.105204 0.577469 0.022542
v -0.105881 0.577158 0.021637
v -0.106410 0.576860 0.020600
v -0.104551 0.600340 0.013003
v -0.105151 0.600347 0.012814
v -0.105746 0.600363 0.012522
v -0.104498 0.598695 0.013632
v -0.105100 0.598686 0.013430
v -0.105696 0.598687 0.013121
v -0.104457 0.597216 0.014225
v -0.105062 0.597192 0.014011
v -0.105659 0.597179 0.013683
v -0.097069 0.602095 -0.001806
v -0.095335 0.602514 -0.000726
v -0.093731 0.602901 0.000578
v -0.096948 0.600671 -0.001370
v -0.095220 0.601141 -0.000323
v -0.093621 0.601576 0.000950
v -0.096843 0.599402 -0.000950
v -0.095119 0.599908 0.000063
v -0.093525 0.600377 0.001300
v -0.096290 0.601534 0.012464
v -0.097812 0.601139 0.012849
v -0.099311 0.600799 0.013105
v -0.096231 0.600110 0.013014
v -0.097752 0.599669 0.013434
v -0.099249 0.599286 0.013719
v -0.096178 0.598814 0.013538
v -0.097698 0.598336 0.013990
v -0.099193 0.597918 0.014300
v -0.102654 0.600837 -0.002838
v -0.101477 0.601050 -0.003113
v -0.100198 0.601337 -0.003033
v -0.102534 0.599252 -0.002350
v -0.101353 0.599496 -0.002624
v -0.100072 0.599820 -0.002551
v -0.102421 0.597865 -0.001880
v -0.101240 0.598136 -0.002150
v -0.099960 0.598487 -0.002084
v -0.091636 0.603408 0.003586
v -0.091262 0.603488 0.005154
v -0.091250 0.603455 0.006674
v -0.091533 0.602149 0.003917
v -0.091160 0.602242 0.005482
v -0.091151 0.602209 0.007009
v -0.091440 0.600994 0.004223
v -0.091068 0.601096 0.005783
v -0.091061 0.601062 0.007319
v -0.106933 0.600459 0.011471
v -0.107489 0.600536 0.010676
v -0.107971 0.600617 0.009709
v -0.106874 0.598759 0.012007
v -0.107423 0.598829 0.011172
v -0.107898 0.598905 0.010165
v -0.106830 0.597227 0.012507
v -0.107371 0.597288 0.011631
v -0.107837 0.597358 0.010585
v -0.092025 0.603069 0.009308
v -0.092745 0.602745 0.010358
v -0.093694 0.602365 0.011231
v -0.091940 0.601793 0.009694
v -0.092669 0.601441 0.010782
v -0.093627 0.601026 0.011698
v -0.091860 0.600621 0.010055
v -0.092598 0.600245 0.011182
v -0.093565 0.599800 0.012141
v -0.108558 0.600739 0.007293
v -0.108583 0.600767 0.005892
v -0.108374 0.600770 0.004415
v -0.108475 0.599026 0.007693
v -0.108498 0.599058 0.006281
v -0.108287 0.599069 0.004803
v -0.108401 0.597476 0.008057
v -0.108421 0.597511 0.006634
v -0.108207 0.597531 0.005156
v -0.083613 0.613346 0.002416
v -0.083393 0.613362 0.000284
v -0.082722 0.613301 -0.001796
v -0.083622 0.611155 0.002893
v -0.083388 0.611156 0.000718
v -0.082705 0.611078 -0.001380
v -0.083627 0.609190 0.003324
v -0.083377 0.609180 0.001113
v -0.082682 0.609091 -0.001001
v -0.063759 0.613139 0.005920
v -0.064460 0.612904 0.007442
v -0.065390 0.612630 0.008796
v -0.063720 0.610979 0.006485
v -0.064436 0.610748 0.008074
v -0.065384 0.610476 0.009504
v -0.063684 0.609039 0.006996
v -0.064415 0.608813 0.008650
v -0.065377 0.608545 0.010150
v -0.081672 0.612425 0.009113
v -0.082555 0.612744 0.007815
v -0.083152 0.613027 0.006259
v -0.081722 0.610259 0.009884
v -0.082598 0.610577 0.008505
v -0.083187 0.610855 0.006869
v -0.081767 0.608325 0.010591
v -0.082639 0.608637 0.009136
v -0.083218 0.608909 0.007424
v -0.063477 0.613428 -0.000789
v -0.063070 0.613464 0.000907
v -0.063030 0.613427 0.002609
v -0.063422 0.611251 -0.000321
v -0.063011 0.611294 0.001370
v -0.062972 0.611261 0.003086
v -0.063374 0.609296 0.000101
v -0.062959 0.609344 0.001788
v -0.062920 0.609314 0.003516
v -0.079601 0.613019 -0.005207
v -0.077254 0.612858 -0.006318
v -0.074663 0.612740 -0.006935
v -0.079578 0.610760 -0.004748
v -0.077237 0.610584 -0.005808
v -0.074651 0.610458 -0.006378
v -0.079550 0.608751 -0.004321
v -0.077214 0.608568 -0.005332
v -0.074635 0.608440 -0.005855
v -0.067965 0.612032 0.010774
v -0.069576 0.611761 0.011360
v -0.071349 0.611555 0.011704
v -0.067985 0.609874 0.011627
v -0.069604 0.609598 0.012271
v -0.071383 0.609387 0.012657
v -0.068003 0.607948 0.012409
v -0.069629 0.607672 0.013108
v -0.071414 0.607459 0.013534
v -0.069617 0.612793 -0.006445
v -0.067466 0.612956 -0.005413
v -0.065676 0.613149 -0.004034
v -0.069602 0.610529 -0.005862
v -0.067442 0.610716 -0.004855
v -0.065641 0.610935 -0.003511
v -0.069587 0.608523 -0.005317
v -0.067419 0.608725 -0.004337
v -0.065609 0.608958 -0.003032
v -0.075205 0.611471 0.011747
v -0.077136 0.611604 0.011452
v -0.078927 0.611824 0.010925
v -0.075249 0.609299 0.012719
v -0.077185 0.609433 0.012400
v -0.078978 0.609656 0.011829
v -0.075290 0.607370 0.013617
v -0.077229 0.607504 0.013275
v -0.079025 0.607727 0.012664
v -0.070342 0.633895 -0.011067
v -0.068373 0.633922 -0.010283
v -0.066702 0.634019 -0.009160
v -0.070180 0.631956 -0.010563
v -0.068184 0.631997 -0.009726
v -0.066499 0.632091 -0.008549
v -0.070042 0.630235 -0.010071
v -0.068031 0.630286 -0.009196
v -0.066343 0.630375 -0.007980
v -0.084010 0.589083 0.008574
v -0.083603 0.588842 0.006144
v -0.082760 0.588589 0.003906
v -0.084293 0.586393 0.009673
v -0.083928 0.586124 0.007373
v -0.083127 0.585828 0.005237
v -0.084643 0.583969 0.010711
v -0.084340 0.583647 0.008555
v -0.083633 0.583220 0.006524
v -0.062979 0.589762 0.004304
v -0.062457 0.590163 0.006031
v -0.062279 0.590504 0.007928
v -0.062851 0.587395 0.004810
v -0.062313 0.587929 0.006537
v -0.062110 0.588365 0.008450
v -0.062605 0.585198 0.005243
v -0.062088 0.585950 0.006984
v -0.061893 0.586504 0.008913
v -0.062736 0.590703 0.012315
v -0.063344 0.590546 0.014688
v -0.064245 0.590293 0.016992
v -0.062490 0.588647 0.012947
v -0.063051 0.588474 0.015432
v -0.063910 0.588161 0.017891
v -0.062225 0.586847 0.013503
v -0.062729 0.586617 0.016118
v -0.063513 0.586148 0.018806
v -0.079353 0.588349 0.000449
v -0.076905 0.588400 -0.000623
v -0.074250 0.588512 -0.001209
v -0.079647 0.585604 0.001748
v -0.077091 0.585720 0.000548
v -0.074343 0.585891 -0.000187
v -0.080046 0.582879 0.002941
v -0.077327 0.583084 0.001609
v -0.074464 0.583322 0.000741
v -0.067046 0.589777 0.020796
v -0.068908 0.589574 0.022104
v -0.070988 0.589400 0.022961
v -0.066749 0.587551 0.021943
v -0.068688 0.587339 0.023306
v -0.070843 0.587152 0.024191
v -0.066421 0.585262 0.023248
v -0.068471 0.585038 0.024630
v -0.070712 0.584838 0.025511
v -0.069188 0.588777 -0.000829
v -0.067059 0.588922 0.000058
v -0.065279 0.589114 0.001277
v -0.069180 0.586217 -0.000079
v -0.067023 0.586371 0.000707
v -0.065206 0.586577 0.001851
v -0.069188 0.583703 0.000586
v -0.066981 0.583855 0.001256
v -0.065078 0.584057 0.002312
v -0.075510 0.589115 0.023181
v -0.077743 0.589012 0.022544
v -0.079774 0.588959 0.021455
v -0.075497 0.586795 0.024387
v -0.077799 0.586629 0.023705
v -0.079910 0.586499 0.022562
v -0.075504 0.584416 0.025662
v -0.077898 0.584189 0.024948
v -0.080144 0.583977 0.023767
v -0.055435 0.615623 0.001822
v -0.055357 0.615679 0.000032
v -0.055053 0.615681 -0.001612
v -0.055629 0.613258 0.002343
v -0.055540 0.613304 0.000511
v -0.055226 0.613298 -0.001156
v -0.055800 0.611141 0.002809
v -0.055700 0.611180 0.000937
v -0.055375 0.611169 -0.000751
v -0.035792 0.615304 0.007143
v -0.036661 0.615000 0.008671
v -0.037763 0.614658 0.009911
v -0.035894 0.612981 0.007864
v -0.036763 0.612685 0.009492
v -0.037868 0.612350 0.010828
v -0.035983 0.610905 0.008517
v -0.036849 0.610621 0.010239
v -0.037957 0.610295 0.011666
v -0.053990 0.614799 0.008752
v -0.054576 0.615059 0.007240
v -0.055023 0.615303 0.005516
v -0.054212 0.612496 0.009612
v -0.054794 0.612740 0.008005
v -0.055235 0.612967 0.006185
v -0.054414 0.610446 0.010395
v -0.054993 0.610672 0.008701
v -0.055426 0.610879 0.006791
v -0.035371 0.615527 -0.001201
v -0.034879 0.615608 0.001011
v -0.034845 0.615617 0.003237
v -0.035543 0.613150 -0.000741
v -0.035031 0.613247 0.001502
v -0.034974 0.613271 0.003786
v -0.035709 0.611027 -0.000337
v -0.035175 0.611135 0.001936
v -0.035093 0.611170 0.004274
v -0.048976 0.615157 -0.007135
v -0.047625 0.615064 -0.007656
v -0.046101 0.615004 -0.007938
v -0.049106 0.612728 -0.006548
v -0.047751 0.612628 -0.007042
v -0.046227 0.612565 -0.007311
v -0.049216 0.610587 -0.006004
v -0.047859 0.610486 -0.006470
v -0.046337 0.610422 -0.006726
v -0.040572 0.614047 0.011546
v -0.042160 0.613832 0.011986
v -0.043741 0.613686 0.012229
v -0.040686 0.611745 0.012603
v -0.042277 0.611531 0.013081
v -0.043862 0.611387 0.013345
v -0.040784 0.609702 0.013572
v -0.042378 0.609491 0.014085
v -0.043966 0.609347 0.014368
v -0.042242 0.615045 -0.007327
v -0.040069 0.615142 -0.006355
v -0.038043 0.615269 -0.004980
v -0.042391 0.612612 -0.006746
v -0.040234 0.612721 -0.005822
v -0.038223 0.612861 -0.004494
v -0.042527 0.610470 -0.006208
v -0.040391 0.610580 -0.005337
v -0.038395 0.610724 -0.004059
v -0.050635 0.614044 0.011617
v -0.051579 0.614186 0.011301
v -0.052470 0.614353 0.010781
v -0.050826 0.611760 0.012677
v -0.051783 0.611904 0.012337
v -0.052685 0.612068 0.011779
v -0.050999 0.609734 0.013648
v -0.051969 0.609879 0.013284
v -0.052880 0.610041 0.012691
v -0.040769 0.638085 -0.012068
v -0.038786 0.638249 -0.011166
v -0.036928 0.638492 -0.009943
v -0.040954 0.635753 -0.011552
v -0.038907 0.635888 -0.010631
v -0.036990 0.636083 -0.009373
v -0.041129 0.633696 -0.011047
v -0.039036 0.633801 -0.010119
v -0.037077 0.633953 -0.008840
v -0.057305 0.591139 0.007552
v -0.057077 0.590951 0.005435
v -0.056654 0.590710 0.003619
v -0.057443 0.588792 0.008135
v -0.057160 0.588545 0.006011
v -0.056690 0.588201 0.004188
v -0.057634 0.586749 0.008659
v -0.057289 0.586409 0.006531
v -0.056770 0.585871 0.004686
v -0.037304 0.589692 0.004010
v -0.036562 0.589810 0.006577
v -0.036241 0.589923 0.009388
v -0.037548 0.587001 0.004648
v -0.036743 0.587183 0.007227
v -0.036357 0.587333 0.010059
v -0.037616 0.584499 0.005199
v -0.036768 0.584842 0.007805
v -0.036342 0.585067 0.010650
v -0.036755 0.590044 0.015096
v -0.037533 0.590050 0.017718
v -0.038616 0.590048 0.020030
v -0.036779 0.587497 0.015869
v -0.037537 0.587508 0.018594
v -0.038613 0.587479 0.021044
v -0.036714 0.585271 0.016520
v -0.037457 0.585238 0.019352
v -0.038518 0.585071 0.022003
v -0.050409 0.589869 -0.001256
v -0.049081 0.589784 -0.001638
v -0.047615 0.589706 -0.001867
v -0.050478 0.587200 -0.000490
v -0.049186 0.587112 -0.000834
v -0.047761 0.587028 -0.001040
v -0.050531 0.584578 0.000195
v -0.049273 0.584490 -0.000105
v -0.047890 0.584402 -0.000284
v -0.041566 0.590126 0.023270
v -0.043288 0.590213 0.024147
v -0.045029 0.590305 0.024614
v -0.041608 0.587562 0.024479
v -0.043373 0.587697 0.025384
v -0.045151 0.587828 0.025864
v -0.041600 0.584960 0.025749
v -0.043431 0.585136 0.026653
v -0.045254 0.585303 0.027131
v -0.044030 0.589585 -0.001561
v -0.042027 0.589554 -0.000885
v -0.040119 0.589554 0.000230
v -0.044286 0.586881 -0.000763
v -0.042329 0.586829 -0.000135
v -0.040431 0.586807 0.000922
v -0.044523 0.584233 -0.000039
v -0.042595 0.584154 0.000525
v -0.040664 0.584097 0.001500
v -0.052999 0.590431 0.022616
v -0.054097 0.590444 0.021881
v -0.055091 0.590496 0.020857
v -0.053247 0.587867 0.023706
v -0.054368 0.587850 0.022932
v -0.055393 0.587885 0.021863
v -0.053484 0.585268 0.024909
v -0.054642 0.585223 0.024123
v -0.055735 0.585238 0.023041
v -0.027822 0.608914 0.003321
v -0.027543 0.608804 0.001041
v -0.026870 0.608555 -0.001165
v -0.028164 0.606550 0.003792
v -0.027856 0.606420 0.001461
v -0.027161 0.606157 -0.000771
v -0.028459 0.604435 0.004211
v -0.028120 0.604290 0.001833
v -0.027398 0.604018 -0.000420
v -0.009268 0.603557 0.010082
v -0.010075 0.603374 0.011278
v -0.011065 0.603229 0.012211
v -0.009523 0.601340 0.010814
v -0.010337 0.601173 0.012081
v -0.011337 0.601041 0.013087
v -0.009743 0.599360 0.011479
v -0.010562 0.599216 0.012812
v -0.011571 0.599102 0.013887
v -0.026046 0.607931 0.010114
v -0.026896 0.608388 0.008845
v -0.027470 0.608705 0.007309
v -0.026468 0.605631 0.010926
v -0.027308 0.606076 0.009564
v -0.027863 0.606380 0.007935
v -0.026847 0.603581 0.011674
v -0.027677 0.604013 0.010222
v -0.028215 0.604301 0.008503
v -0.008463 0.604035 0.002825
v -0.008145 0.603927 0.004898
v -0.008244 0.603838 0.006855
v -0.008727 0.601778 0.003414
v -0.008401 0.601675 0.005499
v -0.008496 0.601594 0.007484
v -0.008963 0.599755 0.003946
v -0.008629 0.599655 0.006042
v -0.008719 0.599581 0.008052
v -0.024099 0.607658 -0.004540
v -0.022065 0.607065 -0.005455
v -0.019767 0.606441 -0.005788
v -0.024377 0.605270 -0.004101
v -0.022352 0.604699 -0.004959
v -0.020066 0.604103 -0.005232
v -0.024599 0.603152 -0.003702
v -0.022586 0.602608 -0.004501
v -0.020315 0.602040 -0.004715
v -0.013567 0.603261 0.013346
v -0.015049 0.603494 0.013581
v -0.016652 0.603877 0.013616
v -0.013870 0.601068 0.014350
v -0.015370 0.601283 0.014630
v -0.016994 0.601645 0.014692
v -0.014131 0.599133 0.015275
v -0.015650 0.599333 0.015599
v -0.017295 0.599676 0.015691
v -0.014927 0.605300 -0.004565
v -0.012678 0.604843 -0.003116
v -0.010753 0.604475 -0.001302
v -0.015233 0.603007 -0.003946
v -0.012977 0.602564 -0.002501
v -0.011040 0.602206 -0.000700
v -0.015499 0.600982 -0.003372
v -0.013239 0.600544 -0.001934
v -0.011295 0.600186 -0.000150
v -0.020116 0.605091 0.013152
v -0.021858 0.605853 0.012666
v -0.023486 0.606627 0.012002
v -0.020500 0.602825 0.014219
v -0.022261 0.603576 0.013694
v -0.023903 0.604342 0.012973
v -0.020842 0.600820 0.015212
v -0.022621 0.601560 0.014652
v -0.024277 0.602315 0.013876
v -0.012359 0.626311 -0.009510
v -0.010355 0.625897 -0.008619
v -0.008603 0.625620 -0.007375
v -0.012521 0.624483 -0.009005
v -0.010472 0.624041 -0.008035
v -0.008689 0.623719 -0.006704
v -0.012677 0.622866 -0.008511
v -0.010599 0.622396 -0.007475
v -0.008798 0.622033 -0.006073
v -0.031150 0.586953 0.008869
v -0.030651 0.586413 0.006163
v -0.029832 0.585684 0.003695
v -0.031469 0.585065 0.009478
v -0.030943 0.584441 0.006765
v -0.030120 0.583579 0.004287
v -0.031784 0.583432 0.010041
v -0.031242 0.582712 0.007318
v -0.030445 0.581652 0.004803
v -0.011658 0.578275 0.009422
v -0.011240 0.578166 0.011701
v -0.011224 0.578218 0.013983
v -0.012083 0.575483 0.010121
v -0.011652 0.575364 0.012410
v -0.011614 0.575426 0.014715
v -0.012511 0.572725 0.010752
v -0.012065 0.572593 0.013051
v -0.012001 0.572657 0.015377
v -0.012013 0.578694 0.018413
v -0.012738 0.579089 0.020440
v -0.013707 0.579582 0.022230
v -0.012340 0.575985 0.019231
v -0.013033 0.576448 0.021318
v -0.013978 0.577023 0.023172
v -0.012656 0.573275 0.019965
v -0.013314 0.573792 0.022103
v -0.014232 0.574432 0.024017
v -0.027019 0.583987 0.000363
v -0.025070 0.583112 -0.000297
v -0.022887 0.582236 -0.000314
v -0.027308 0.581643 0.000990
v -0.025359 0.580696 0.000373
v -0.023195 0.579758 0.000391
v -0.027602 0.579313 0.001498
v -0.025622 0.578293 0.000950
v -0.023468 0.577299 0.001021
v -0.016454 0.580850 0.024762
v -0.018197 0.581587 0.025406
v -0.020114 0.582349 0.025612
v -0.016726 0.578470 0.025827
v -0.018498 0.579292 0.026518
v -0.020459 0.580124 0.026754
v -0.016973 0.576028 0.026819
v -0.018769 0.576923 0.027586
v -0.020771 0.577818 0.027888
v -0.018224 0.580518 0.001451
v -0.016004 0.579737 0.003075
v -0.014070 0.579072 0.005028
v -0.018594 0.577918 0.002180
v -0.016401 0.577074 0.003796
v -0.014487 0.576352 0.005737
v -0.018939 0.575348 0.002843
v -0.016783 0.574446 0.004452
v -0.014898 0.573670 0.006379
v -0.024223 0.583818 0.024673
v -0.026227 0.584497 0.023579
v -0.028028 0.585146 0.022154
v -0.024694 0.581658 0.025800
v -0.026779 0.582339 0.024663
v -0.028666 0.582996 0.023176
v -0.025132 0.579417 0.027000
v -0.027322 0.580113 0.025861
v -0.029357 0.580795 0.024347
v -0.107928 0.591060 0.006575
v -0.108137 0.591011 0.008102
v -0.108133 0.590984 0.009593
v -0.107966 0.591957 0.006383
v -0.108175 0.591890 0.007904
v -0.108167 0.591845 0.009389
v -0.107992 0.592642 0.006236
v -0.108202 0.592569 0.007749
v -0.108193 0.592517 0.009226
v -0.108031 0.593784 0.005991
v -0.108247 0.593719 0.007488
v -0.108236 0.593668 0.008949
v -0.108056 0.594422 0.005854
v -0.108273 0.594368 0.007343
v -0.108262 0.594320 0.008796
v -0.108091 0.595211 0.005681
v -0.108308 0.595169 0.007165
v -0.108295 0.595125 0.008608
v -0.093066 0.594055 0.014368
v -0.092072 0.594519 0.013179
v -0.091315 0.594907 0.011830
v -0.093134 0.594840 0.014056
v -0.092141 0.595316 0.012903
v -0.091385 0.595716 0.011588
v -0.093198 0.595467 0.013807
v -0.092207 0.595949 0.012681
v -0.091451 0.596356 0.011394
v -0.093321 0.596561 0.013371
v -0.092335 0.597049 0.012291
v -0.091582 0.597461 0.011049
v -0.093382 0.597162 0.013135
v -0.092399 0.597649 0.012079
v -0.091647 0.598059 0.010860
v -0.093443 0.597870 0.012863
v -0.092464 0.598350 0.011833
v -0.091714 0.598755 0.010640
v -0.107669 0.590950 0.012382
v -0.107274 0.590938 0.013617
v -0.106800 0.590939 0.014689
v -0.107680 0.591775 0.012155
v -0.107269 0.591747 0.013371
v -0.106779 0.591733 0.014423
v -0.107691 0.592429 0.011967
v -0.107270 0.592392 0.013166
v -0.106771 0.592369 0.014198
v -0.107716 0.593568 0.011637
v -0.107281 0.593520 0.012797
v -0.106768 0.593486 0.013789
v -0.107732 0.594215 0.011453
v -0.107290 0.594162 0.012592
v -0.106771 0.594123 0.013562
v -0.107755 0.595016 0.011230
v -0.107306 0.594958 0.012344
v -0.106780 0.594913 0.013288
v -0.090499 0.595354 0.008781
v -0.090509 0.595385 0.007163
v -0.090897 0.595285 0.005550
v -0.090570 0.596184 0.008586
v -0.090583 0.596224 0.006981
v -0.090971 0.596132 0.005379
v -0.090639 0.596834 0.008430
v -0.090652 0.596877 0.006836
v -0.091039 0.596787 0.005244
v -0.090770 0.597943 0.008152
v -0.090781 0.597984 0.006578
v -0.091163 0.597888 0.005005
v -0.090835 0.598540 0.007996
v -0.090845 0.598579 0.006433
v -0.091224 0.598477 0.004868
v -0.090903 0.599230 0.007813
v -0.090912 0.599266 0.006259
v -0.091288 0.599161 0.004699
v -0.104627 0.591661 0.000834
v -0.105738 0.591447 0.002081
v -0.106710 0.591273 0.003510
v -0.104642 0.592601 0.000694
v -0.105759 0.592382 0.001924
v -0.106738 0.592199 0.003339
v -0.104640 0.593296 0.000611
v -0.105763 0.593078 0.001821
v -0.106751 0.592893 0.003217
v -0.104618 0.594324 0.000497
v -0.105758 0.594139 0.001671
v -0.106764 0.593988 0.003028
v -0.104618 0.594848 0.000408
v -0.105764 0.594695 0.001569
v -0.106777 0.594578 0.002912
v -0.104636 0.595504 0.000256
v -0.105787 0.595390 0.001412
v -0.106806 0.595312 0.002750
v -0.098889 0.592054 0.017122
v -0.097336 0.592505 0.016725
v -0.095762 0.593015 0.016146
v -0.098944 0.592794 0.016732
v -0.097398 0.593254 0.016344
v -0.095828 0.593775 0.015780
v -0.098981 0.593398 0.016419
v -0.097444 0.593862 0.016038
v -0.095882 0.594389 0.015487
v -0.099038 0.594477 0.015876
v -0.097521 0.594944 0.015509
v -0.095978 0.595474 0.014980
v -0.099069 0.595084 0.015582
v -0.097561 0.595549 0.015223
v -0.096027 0.596078 0.014706
v -0.099104 0.595821 0.015237
v -0.097603 0.596280 0.014889
v -0.096077 0.596800 0.014388
v -0.093063 0.594699 0.002549
v -0.094721 0.594261 0.001271
v -0.096514 0.593784 0.000221
v -0.093132 0.595559 0.002405
v -0.094783 0.595126 0.001145
v -0.096568 0.594657 0.000111
v -0.093190 0.596214 0.002301
v -0.094833 0.595781 0.001062
v -0.096606 0.595313 0.000046
v -0.093286 0.597284 0.002117
v -0.094905 0.596828 0.000913
v -0.096653 0.596336 -0.000067
v -0.093331 0.597851 0.001995
v -0.094938 0.597379 0.000800
v -0.096675 0.596869 -0.000170
v -0.093382 0.598520 0.001829
v -0.094980 0.598036 0.000633
v -0.096707 0.597513 -0.000337
v -0.103104 0.591263 0.017327
v -0.102340 0.591337 0.017433
v -0.101424 0.591470 0.017453
v -0.103104 0.592006 0.016943
v -0.102356 0.592074 0.017042
v -0.101455 0.592203 0.017058
v -0.103105 0.592612 0.016634
v -0.102365 0.592677 0.016728
v -0.101473 0.592805 0.016741
v -0.103112 0.593691 0.016096
v -0.102380 0.593755 0.016182
v -0.101498 0.593882 0.016191
v -0.103122 0.594304 0.015802
v -0.102393 0.594366 0.015884
v -0.101515 0.594492 0.015891
v -0.103139 0.595059 0.015452
v -0.102414 0.595118 0.015531
v -0.101540 0.595240 0.015537
v -0.082614 0.602181 0.000326
v -0.083362 0.602182 0.002548
v -0.083674 0.602134 0.004928
v -0.082632 0.603130 0.000205
v -0.083370 0.603124 0.002398
v -0.083672 0.603063 0.004741
v -0.082635 0.603800 0.000115
v -0.083369 0.603803 0.002285
v -0.083664 0.603745 0.004601
v -0.082632 0.604823 -0.000080
v -0.083359 0.604866 0.002063
v -0.083647 0.604838 0.004346
v -0.082635 0.605430 -0.000226
v -0.083358 0.605495 0.001911
v -0.083640 0.605486 0.004184
v -0.082645 0.606267 -0.000420
v -0.083361 0.606350 0.001712
v -0.083634 0.606356 0.003971
v -0.065212 0.601496 0.012636
v -0.064229 0.601735 0.010856
v -0.063488 0.601938 0.008948
v -0.065255 0.602375 0.012305
v -0.064270 0.602617 0.010563
v -0.063524 0.602824 0.008690
v -0.065284 0.603041 0.012058
v -0.064298 0.603287 0.010344
v -0.063549 0.603496 0.008497
v -0.065324 0.604166 0.011651
v -0.064337 0.604419 0.009983
v -0.063587 0.604633 0.008178
v -0.065341 0.604840 0.011414
v -0.064356 0.605095 0.009773
v -0.063606 0.605311 0.007992
v -0.065357 0.605730 0.011107
v -0.064375 0.605988 0.009500
v -0.063628 0.606206 0.007751
v -0.083406 0.601819 0.009526
v -0.082887 0.601564 0.011538
v -0.082057 0.601284 0.013293
v -0.083379 0.602728 0.009252
v -0.082850 0.602468 0.011218
v -0.082013 0.602184 0.012930
v -0.083358 0.603407 0.009048
v -0.082822 0.603145 0.010980
v -0.081980 0.602857 0.012661
v -0.083318 0.604529 0.008709
v -0.082769 0.604267 0.010592
v -0.081919 0.603973 0.012224
v -0.083296 0.605196 0.008508
v -0.082740 0.604935 0.010366
v -0.081885 0.604637 0.011970
v -0.083273 0.606081 0.008245
v -0.082709 0.605819 0.010069
v -0.081848 0.605518 0.011638
v -0.062727 0.602165 0.005134
v -0.062777 0.602188 0.003333
v -0.063208 0.602172 0.001620
v -0.062752 0.603069 0.004920
v -0.062798 0.603104 0.003130
v -0.063225 0.603097 0.001424
v -0.062771 0.603750 0.004760
v -0.062815 0.603787 0.002979
v -0.063240 0.603775 0.001281
v -0.062803 0.604891 0.004498
v -0.062844 0.604922 0.002733
v -0.063268 0.604890 0.001047
v -0.062822 0.605572 0.004346
v -0.062862 0.605601 0.002588
v -0.063284 0.605560 0.000905
v -0.062846 0.606470 0.004146
v -0.062885 0.606497 0.002397
v -0.063305 0.606451 0.000715
v -0.074514 0.602039 -0.004407
v -0.077089 0.602070 -0.003963
v -0.079429 0.602111 -0.003016
v -0.074544 0.602918 -0.004509
v -0.077120 0.602973 -0.004056
v -0.079458 0.603038 -0.003108
v -0.074559 0.603492 -0.004572
v -0.077133 0.603570 -0.004116
v -0.079468 0.603665 -0.003171
v -0.074576 0.604322 -0.004719
v -0.077146 0.604434 -0.004265
v -0.079476 0.604581 -0.003330
v -0.074588 0.604856 -0.004863
v -0.077157 0.604977 -0.004408
v -0.079485 0.605141 -0.003472
v -0.074601 0.605641 -0.005086
v -0.077171 0.605767 -0.004622
v -0.079500 0.605944 -0.003676
v -0.071422 0.600579 0.016944
v -0.069580 0.600753 0.016359
v -0.067905 0.600982 0.015440
v -0.071437 0.601436 0.016487
v -0.069607 0.601615 0.015923
v -0.067942 0.601850 0.015034
v -0.071446 0.602078 0.016147
v -0.069625 0.602262 0.015600
v -0.067966 0.602505 0.014733
v -0.071456 0.603155 0.015590
v -0.069647 0.603351 0.015068
v -0.067997 0.603608 0.014237
v -0.071456 0.603806 0.015265
v -0.069654 0.604007 0.014758
v -0.068009 0.604271 0.013948
v -0.071451 0.604674 0.014844
v -0.069655 0.604881 0.014357
v -0.068015 0.605150 0.013573
v -0.065473 0.602095 -0.001499
v -0.067294 0.602057 -0.002792
v -0.069469 0.602031 -0.003774
v -0.065490 0.603003 -0.001671
v -0.067315 0.602946 -0.002946
v -0.069493 0.602904 -0.003909
v -0.065505 0.603641 -0.001790
v -0.067330 0.603552 -0.003048
v -0.069509 0.603483 -0.003994
v -0.065530 0.604649 -0.001993
v -0.067354 0.604486 -0.003232
v -0.069532 0.604350 -0.004160
v -0.065544 0.605272 -0.002135
v -0.067367 0.605075 -0.003375
v -0.069544 0.604909 -0.004304
v -0.065561 0.606128 -0.002338
v -0.067382 0.605906 -0.003589
v -0.069557 0.605716 -0.004527
v -0.079300 0.600778 0.015874
v -0.077449 0.600601 0.016656
v -0.075438 0.600498 0.017095
v -0.079260 0.601661 0.015441
v -0.077420 0.601472 0.016200
v -0.075424 0.601360 0.016627
v -0.079230 0.602320 0.015120
v -0.077398 0.602123 0.015862
v -0.075412 0.602003 0.016280
v -0.079174 0.603413 0.014600
v -0.077356 0.603204 0.015313
v -0.075388 0.603076 0.015713
v -0.079142 0.604067 0.014298
v -0.077331 0.603854 0.014994
v -0.075372 0.603724 0.015384
v -0.079107 0.604938 0.013903
v -0.077302 0.604721 0.014578
v -0.075351 0.604588 0.014955
v -0.055997 0.603807 0.000728
v -0.056337 0.603787 0.002500
v -0.056456 0.603743 0.004510
v -0.055904 0.604772 0.000512
v -0.056246 0.604742 0.002278
v -0.056368 0.604686 0.004278
v -0.055828 0.605469 0.000354
v -0.056174 0.605438 0.002114
v -0.056298 0.605379 0.004107
v -0.055711 0.606568 0.000119
v -0.056059 0.606553 0.001865
v -0.056185 0.606503 0.003838
v -0.055655 0.607228 -0.000009
v -0.056001 0.607224 0.001727
v -0.056124 0.607181 0.003684
v -0.055587 0.608135 -0.000179
v -0.055928 0.608140 0.001543
v -0.056046 0.608104 0.003479
v -0.038160 0.603086 0.014699
v -0.037066 0.603339 0.012933
v -0.036235 0.603564 0.010849
v -0.038130 0.604021 0.014303
v -0.037035 0.604291 0.012580
v -0.036202 0.604531 0.010540
v -0.038115 0.604695 0.014016
v -0.037019 0.604976 0.012324
v -0.036183 0.605224 0.010318
v -0.038103 0.605783 0.013550
v -0.037001 0.606077 0.011912
v -0.036156 0.606333 0.009964
v -0.038092 0.606447 0.013268
v -0.036987 0.606746 0.011664
v -0.036136 0.607006 0.009751
v -0.038069 0.607347 0.012890
v -0.036960 0.607654 0.011328
v -0.036103 0.607919 0.009462
v -0.056157 0.603552 0.008960
v -0.055772 0.603410 0.011173
v -0.055232 0.603253 0.013171
v -0.056062 0.604475 0.008688
v -0.055669 0.604326 0.010872
v -0.055121 0.604164 0.012838
v -0.055989 0.605157 0.008485
v -0.055589 0.605002 0.010646
v -0.055035 0.604834 0.012587
v -0.055866 0.606278 0.008148
v -0.055456 0.606113 0.010264
v -0.054893 0.605934 0.012159
v -0.055797 0.606958 0.007945
v -0.055382 0.606787 0.010030
v -0.054815 0.606601 0.011896
v -0.055707 0.607877 0.007672
v -0.055287 0.607699 0.009715
v -0.054716 0.607503 0.011541
v -0.035471 0.603812 0.005948
v -0.035627 0.603830 0.003360
v -0.036222 0.603809 0.000915
v -0.035437 0.604797 0.005712
v -0.035594 0.604818 0.003150
v -0.036191 0.604795 0.000725
v -0.035417 0.605495 0.005548
v -0.035576 0.605509 0.003009
v -0.036173 0.605477 0.000603
v -0.035372 0.606589 0.005306
v -0.035523 0.606578 0.002814
v -0.036116 0.606513 0.000445
v -0.035332 0.607252 0.005163
v -0.035472 0.607228 0.002699
v -0.036056 0.607143 0.000351
v -0.035274 0.608161 0.004962
v -0.035399 0.608125 0.002533
v -0.035970 0.608024 0.000207
v -0.052263 0.603783 -0.003359
v -0.053476 0.603797 -0.002703
v -0.054548 0.603806 -0.001861
v -0.052177 0.604755 -0.003543
v -0.053385 0.604771 -0.002897
v -0.054453 0.604782 -0.002064
v -0.052109 0.605425 -0.003668
v -0.053312 0.605452 -0.003032
v -0.054376 0.605471 -0.002208
v -0.052008 0.606412 -0.003858
v -0.053203 0.606472 -0.003234
v -0.054261 0.606522 -0.002421
v -0.051962 0.607005 -0.003983
v -0.053154 0.607084 -0.003355
v -0.054209 0.607152 -0.002541
v -0.051908 0.607852 -0.004168
v -0.053097 0.607948 -0.003530
v -0.054149 0.608032 -0.002708
v -0.044279 0.602322 0.018115
v -0.042642 0.602443 0.017756
v -0.041011 0.602618 0.017105
v -0.044229 0.603202 0.017624
v -0.042600 0.603332 0.017275
v -0.040976 0.603520 0.016643
v -0.044198 0.603848 0.017265
v -0.042576 0.603982 0.016924
v -0.040958 0.604176 0.016306
v -0.044161 0.604905 0.016682
v -0.042552 0.605042 0.016355
v -0.040943 0.605241 0.015760
v -0.044139 0.605552 0.016334
v -0.042536 0.605691 0.016014
v -0.040931 0.605893 0.015432
v -0.044104 0.606435 0.015868
v -0.042506 0.606576 0.015557
v -0.040905 0.606781 0.014992
v -0.038933 0.603747 -0.002860
v -0.040894 0.603730 -0.004045
v -0.042987 0.603723 -0.004798
v -0.038897 0.604721 -0.003020
v -0.040853 0.604698 -0.004195
v -0.042938 0.604684 -0.004942
v -0.038877 0.605380 -0.003115
v -0.040828 0.605344 -0.004281
v -0.042908 0.605321 -0.005023
v -0.038815 0.606333 -0.003235
v -0.040767 0.606258 -0.004400
v -0.042848 0.606204 -0.005148
v -0.038753 0.606915 -0.003323
v -0.040712 0.606815 -0.004500
v -0.042800 0.606742 -0.005263
v -0.038665 0.607754 -0.003471
v -0.040633 0.607633 -0.004670
v -0.042734 0.607542 -0.005458
v -0.049560 0.602444 0.017761
v -0.048427 0.602342 0.018021
v -0.047198 0.602276 0.018195
v -0.049473 0.603323 0.017299
v -0.048350 0.603216 0.017544
v -0.047129 0.603149 0.017708
v -0.049410 0.603970 0.016957
v -0.048294 0.603861 0.017193
v -0.047082 0.603792 0.017349
v -0.049315 0.605033 0.016392
v -0.048214 0.604921 0.016616
v -0.047016 0.604849 0.016765
v -0.049264 0.605681 0.016051
v -0.048171 0.605568 0.016270
v -0.046980 0.605496 0.016415
v -0.049198 0.606564 0.015594
v -0.048114 0.606451 0.015806
v -0.046932 0.606379 0.015947
v -0.028234 0.596986 0.000855
v -0.029050 0.597213 0.003248
v -0.029494 0.597327 0.005826
v -0.028089 0.597851 0.000683
v -0.028907 0.598060 0.003054
v -0.029352 0.598158 0.005607
v -0.027983 0.598486 0.000566
v -0.028799 0.598694 0.002917
v -0.029244 0.598794 0.005447
v -0.027844 0.599502 0.000377
v -0.028647 0.599737 0.002692
v -0.029078 0.599862 0.005183
v -0.027783 0.600125 0.000255
v -0.028572 0.600376 0.002556
v -0.028988 0.600516 0.005028
v -0.027701 0.601003 0.000093
v -0.028472 0.601268 0.002379
v -0.028868 0.601419 0.004827
v -0.012397 0.592122 0.016955
v -0.011353 0.592115 0.015580
v -0.010516 0.592144 0.013963
v -0.012301 0.593040 0.016549
v -0.011257 0.593062 0.015213
v -0.010416 0.593114 0.013635
v -0.012228 0.593711 0.016248
v -0.011185 0.593749 0.014944
v -0.010345 0.593815 0.013396
v -0.012096 0.594798 0.015751
v -0.011062 0.594855 0.014501
v -0.010228 0.594937 0.013005
v -0.012014 0.595447 0.015457
v -0.010985 0.595513 0.014238
v -0.010155 0.595606 0.012770
v -0.011905 0.596312 0.015076
v -0.010883 0.596392 0.013893
v -0.010057 0.596497 0.012459
v -0.029435 0.597194 0.010643
v -0.028960 0.596942 0.012661
v -0.028171 0.596565 0.014421
v -0.029285 0.598011 0.010371
v -0.028802 0.597757 0.012360
v -0.028006 0.597379 0.014089
v -0.029169 0.598648 0.010164
v -0.028681 0.598393 0.012129
v -0.027879 0.598010 0.013834
v -0.028979 0.599741 0.009815
v -0.028480 0.599483 0.011737
v -0.027672 0.599090 0.013397
v -0.028867 0.600409 0.009609
v -0.028363 0.600148 0.011503
v -0.027551 0.599748 0.013133
v -0.028716 0.601317 0.009341
v -0.028204 0.601051 0.011194
v -0.027388 0.600643 0.012783
v -0.009500 0.592212 0.010135
v -0.009430 0.592266 0.008019
v -0.009784 0.592383 0.005852
v -0.009391 0.593213 0.009862
v -0.009317 0.593272 0.007762
v -0.009666 0.593391 0.005609
v -0.009316 0.593929 0.009666
v -0.009239 0.593991 0.007579
v -0.009586 0.594109 0.005436
v -0.009201 0.595071 0.009345
v -0.009122 0.595134 0.007276
v -0.009467 0.595245 0.005150
v -0.009131 0.595752 0.009148
v -0.009051 0.595815 0.007088
v -0.009396 0.595922 0.004969
v -0.009035 0.596661 0.008886
v -0.008953 0.596726 0.006838
v -0.009297 0.596828 0.004726
v -0.021077 0.595137 -0.003323
v -0.023327 0.595701 -0.003214
v -0.025339 0.596214 -0.002485
v -0.020939 0.596080 -0.003454
v -0.023186 0.596625 -0.003346
v -0.025195 0.597118 -0.002625
v -0.020848 0.596744 -0.003527
v -0.023089 0.597278 -0.003421
v -0.025094 0.597762 -0.002709
v -0.020746 0.597741 -0.003655
v -0.022983 0.598264 -0.003549
v -0.024979 0.598748 -0.002849
v -0.020700 0.598333 -0.003778
v -0.022939 0.598856 -0.003664
v -0.024934 0.599345 -0.002960
v -0.020626 0.599164 -0.003978
v -0.022872 0.599694 -0.003847
v -0.024869 0.600194 -0.003127
v -0.018406 0.592978 0.019545
v -0.016679 0.592608 0.019359
v -0.015080 0.592350 0.018862
v -0.018273 0.593779 0.019056
v -0.016559 0.593433 0.018875
v -0.014972 0.593205 0.018394
v -0.018169 0.594380 0.018684
v -0.016465 0.594049 0.018509
v -0.014887 0.593838 0.018042
v -0.017986 0.595393 0.018050
v -0.016296 0.595075 0.017890
v -0.014731 0.594883 0.017452
v -0.017876 0.596018 0.017676
v -0.016192 0.595702 0.017525
v -0.014635 0.595515 0.017106
v -0.017734 0.596871 0.017190
v -0.016059 0.596552 0.017054
v -0.014511 0.596366 0.016658
v -0.012132 0.592961 0.001631
v -0.014069 0.593428 -0.000231
v -0.016311 0.593970 -0.001759
v -0.012008 0.593959 0.001426
v -0.013941 0.594415 -0.000411
v -0.016181 0.594944 -0.001916
v -0.011925 0.594666 0.001288
v -0.013857 0.595113 -0.000527
v -0.016096 0.595632 -0.002011
v -0.011810 0.595764 0.001053
v -0.013749 0.596184 -0.000726
v -0.015992 0.596673 -0.002177
v -0.011743 0.596415 0.000887
v -0.013686 0.596816 -0.000882
v -0.015936 0.597286 -0.002321
v -0.011645 0.597295 0.000649
v -0.013593 0.597677 -0.001116
v -0.015848 0.598131 -0.002549
v -0.025611 0.595442 0.017209
v -0.023925 0.594761 0.018228
v -0.022097 0.594082 0.018970
v -0.025440 0.596243 0.016810
v -0.023759 0.595551 0.017795
v -0.021939 0.594865 0.018509
v -0.025310 0.596857 0.016502
v -0.023632 0.596154 0.017462
v -0.021818 0.595461 0.018154
v -0.025098 0.597902 0.015971
v -0.023423 0.597181 0.016887
v -0.021614 0.596475 0.017544
v -0.024976 0.598544 0.015649
v -0.023301 0.597816 0.016540
v -0.021495 0.597104 0.017179
v -0.024812 0.599421 0.015223
v -0.023140 0.598686 0.016084
v -0.021339 0.597967 0.016702
v -0.107109 0.581005 0.017306
v -0.107348 0.580796 0.016060
v -0.107497 0.580580 0.014719
v -0.107101 0.578728 0.017760
v -0.107299 0.578497 0.016473
v -0.107408 0.578265 0.015109
v -0.107071 0.576318 0.018196
v -0.107233 0.576072 0.016865
v -0.107309 0.575833 0.015474
v -0.103708 0.609257 0.010336
v -0.102996 0.609193 0.010385
v -0.102134 0.609150 0.010407
v -0.103740 0.609949 0.010157
v -0.103026 0.609886 0.010202
v -0.102163 0.609840 0.010224
v -0.103762 0.610461 0.010035
v -0.103047 0.610400 0.010078
v -0.102183 0.610356 0.010098
v -0.103794 0.611307 0.009858
v -0.103077 0.611251 0.009898
v -0.102211 0.611210 0.009915
v -0.103810 0.611887 0.009758
v -0.103092 0.611834 0.009796
v -0.102225 0.611796 0.009812
v -0.103831 0.612780 0.009627
v -0.103111 0.612735 0.009662
v -0.102244 0.612700 0.009676
v -0.094447 0.610174 -0.001022
v -0.096029 0.610125 -0.002237
v -0.097717 0.610066 -0.003235
v -0.094518 0.610726 -0.001148
v -0.096089 0.610672 -0.002338
v -0.097765 0.610607 -0.003311
v -0.094577 0.611132 -0.001252
v -0.096138 0.611057 -0.002420
v -0.097802 0.610972 -0.003372
v -0.094684 0.611801 -0.001442
v -0.096226 0.611672 -0.002579
v -0.097867 0.611533 -0.003500
v -0.094747 0.612229 -0.001566
v -0.096280 0.612077 -0.002691
v -0.097912 0.611917 -0.003601
v -0.094827 0.612841 -0.001742
v -0.096352 0.612674 -0.002857
v -0.097975 0.612501 -0.003757
v -0.099706 0.609169 0.010348
v -0.098205 0.609237 0.010225
v -0.096686 0.609342 0.009993
v -0.099735 0.609842 0.010170
v -0.098235 0.609896 0.010053
v -0.096718 0.609983 0.009826
v -0.099755 0.610352 0.010046
v -0.098256 0.610399 0.009931
v -0.096740 0.610478 0.009706
v -0.099781 0.611205 0.009862
v -0.098283 0.611247 0.009747
v -0.096770 0.611317 0.009521
v -0.099794 0.611786 0.009757
v -0.098298 0.611820 0.009642
v -0.096787 0.611881 0.009415
v -0.099814 0.612677 0.009619
v -0.098319 0.612695 0.009502
v -0.096813 0.612733 0.009272
v -0.105247 0.609781 -0.002898
v -0.106395 0.609800 -0.001783
v -0.107430 0.609830 -0.000482
v -0.105251 0.610371 -0.002988
v -0.106402 0.610411 -0.001897
v -0.107441 0.610462 -0.000622
v -0.105253 0.610752 -0.003055
v -0.106405 0.610820 -0.001986
v -0.107448 0.610899 -0.000731
v -0.105259 0.611310 -0.003195
v -0.106412 0.611437 -0.002156
v -0.107456 0.611575 -0.000930
v -0.105272 0.611690 -0.003304
v -0.106421 0.611839 -0.002278
v -0.107463 0.612001 -0.001064
v -0.105301 0.612267 -0.003468
v -0.106440 0.612426 -0.002456
v -0.107473 0.612602 -0.001257
v -0.091855 0.610176 0.004871
v -0.091916 0.610217 0.003387
v -0.092330 0.610226 0.001856
v -0.091917 0.610742 0.004704
v -0.091985 0.610781 0.003221
v -0.092405 0.610787 0.001696
v -0.091968 0.611189 0.004567
v -0.092044 0.611223 0.003085
v -0.092469 0.611221 0.001564
v -0.092062 0.611967 0.004334
v -0.092152 0.611989 0.002850
v -0.092586 0.611968 0.001334
v -0.092119 0.612459 0.004195
v -0.092217 0.612468 0.002709
v -0.092655 0.612434 0.001195
v -0.092199 0.613150 0.004001
v -0.092302 0.613137 0.002515
v -0.092742 0.613081 0.001004
v -0.108462 0.609828 0.007416
v -0.107977 0.609767 0.008268
v -0.107410 0.609696 0.008944
v -0.108502 0.610508 0.007242
v -0.108018 0.610451 0.008097
v -0.107451 0.610383 0.008776
v -0.108530 0.611001 0.007111
v -0.108047 0.610947 0.007973
v -0.107480 0.610882 0.008658
v -0.108571 0.611803 0.006900
v -0.108088 0.611757 0.007776
v -0.107520 0.611700 0.008475
v -0.108592 0.612322 0.006768
v -0.108110 0.612289 0.007656
v -0.107541 0.612244 0.008366
v -0.108618 0.613074 0.006581
v -0.108138 0.613071 0.007488
v -0.107571 0.613053 0.008216
v -0.094124 0.609638 0.009061
v -0.093209 0.609806 0.008316
v -0.092531 0.609964 0.007373
v -0.094162 0.610246 0.008900
v -0.093250 0.610400 0.008155
v -0.092577 0.610546 0.007209
v -0.094189 0.610721 0.008779
v -0.093282 0.610866 0.008030
v -0.092614 0.611004 0.007080
v -0.094231 0.611540 0.008583
v -0.093333 0.611674 0.007824
v -0.092677 0.611801 0.006864
v -0.094258 0.612080 0.008467
v -0.093366 0.612202 0.007702
v -0.092718 0.612316 0.006734
v -0.094298 0.612879 0.008310
v -0.093417 0.612972 0.007532
v -0.092779 0.613059 0.006554
v -0.108774 0.609886 0.002379
v -0.109019 0.609898 0.003809
v -0.109023 0.609895 0.005162
v -0.108797 0.610547 0.002207
v -0.109047 0.610567 0.003631
v -0.109056 0.610568 0.004983
v -0.108811 0.611022 0.002071
v -0.109066 0.611050 0.003491
v -0.109080 0.611055 0.004843
v -0.108831 0.611782 0.001836
v -0.109093 0.611829 0.003252
v -0.109113 0.611844 0.004608
v -0.108839 0.612248 0.001687
v -0.109105 0.612309 0.003102
v -0.109129 0.612338 0.004461
v -0.108844 0.612888 0.001474
v -0.109114 0.612975 0.002886
v -0.109144 0.613031 0.004248
v -0.082593 0.624818 -0.003996
v -0.083259 0.624801 -0.002046
v -0.083465 0.624748 -0.000102
v -0.082559 0.625584 -0.004177
v -0.083230 0.625566 -0.002233
v -0.083443 0.625514 -0.000292
v -0.082527 0.626103 -0.004319
v -0.083203 0.626087 -0.002376
v -0.083423 0.626037 -0.000433
v -0.082463 0.626880 -0.004566
v -0.083149 0.626877 -0.002621
v -0.083385 0.626839 -0.000667
v -0.082427 0.627383 -0.004723
v -0.083117 0.627398 -0.002781
v -0.083360 0.627379 -0.000826
v -0.082383 0.628130 -0.004946
v -0.083076 0.628181 -0.003013
v -0.083326 0.628201 -0.001063
v -0.065425 0.624070 0.005290
v -0.064580 0.624289 0.004263
v -0.063963 0.624485 0.003041
v -0.065409 0.624849 0.005063
v -0.064573 0.625062 0.004050
v -0.063968 0.625252 0.002843
v -0.065395 0.625387 0.004910
v -0.064566 0.625594 0.003906
v -0.063970 0.625780 0.002705
v -0.065404 0.626238 0.004692
v -0.064580 0.626431 0.003693
v -0.063991 0.626602 0.002495
v -0.065430 0.626849 0.004559
v -0.064606 0.627019 0.003557
v -0.064017 0.627169 0.002356
v -0.065466 0.627810 0.004364
v -0.064642 0.627935 0.003355
v -0.064054 0.628038 0.002144
v -0.082940 0.624481 0.003219
v -0.082300 0.624271 0.004470
v -0.081381 0.624040 0.005461
v -0.082926 0.625257 0.003017
v -0.082285 0.625057 0.004258
v -0.081366 0.624836 0.005238
v -0.082917 0.625790 0.002879
v -0.082278 0.625598 0.004115
v -0.081359 0.625385 0.005091
v -0.082903 0.626619 0.002662
v -0.082270 0.626444 0.003900
v -0.081354 0.626246 0.004874
v -0.082893 0.627199 0.002512
v -0.082264 0.627045 0.003756
v -0.081351 0.626867 0.004733
v -0.082876 0.628104 0.002283
v -0.082254 0.627991 0.003537
v -0.081347 0.627853 0.004525
v -0.063351 0.624741 0.000116
v -0.063410 0.624796 -0.001510
v -0.063807 0.624819 -0.003179
v -0.063376 0.625502 -0.000065
v -0.063440 0.625557 -0.001688
v -0.063840 0.625580 -0.003353
v -0.063395 0.626024 -0.000197
v -0.063466 0.626077 -0.001819
v -0.063870 0.626097 -0.003481
v -0.063435 0.626825 -0.000411
v -0.063517 0.626870 -0.002036
v -0.063930 0.626880 -0.003694
v -0.063466 0.627354 -0.000559
v -0.063552 0.627384 -0.002187
v -0.063971 0.627380 -0.003844
v -0.063510 0.628142 -0.000788
v -0.063602 0.628137 -0.002420
v -0.064027 0.628104 -0.004076
v -0.074585 0.624804 -0.009194
v -0.077147 0.624808 -0.008506
v -0.079480 0.624813 -0.007346
v -0.074573 0.625569 -0.009309
v -0.077125 0.625574 -0.008638
v -0.079449 0.625580 -0.007498
v -0.074568 0.626060 -0.009382
v -0.077107 0.626072 -0.008731
v -0.079421 0.626087 -0.007613
v -0.074574 0.626747 -0.009501
v -0.077084 0.626779 -0.008887
v -0.079373 0.626820 -0.007812
v -0.074590 0.627190 -0.009600
v -0.077081 0.627232 -0.009002
v -0.079352 0.627288 -0.007945
v -0.074617 0.627853 -0.009767
v -0.077083 0.627907 -0.009180
v -0.079331 0.627980 -0.008138
v -0.071199 0.623344 0.007239
v -0.069454 0.623465 0.007042
v -0.067877 0.623640 0.006674
v -0.071184 0.624145 0.006976
v -0.069434 0.624262 0.006782
v -0.067855 0.624431 0.006422
v -0.071174 0.624695 0.006808
v -0.069420 0.624810 0.006615
v -0.067838 0.624977 0.006257
v -0.071179 0.625576 0.006572
v -0.069424 0.625688 0.006382
v -0.067842 0.625850 0.006029
v -0.071195 0.626249 0.006429
v -0.069444 0.626351 0.006243
v -0.067865 0.626498 0.005893
v -0.071221 0.627350 0.006229
v -0.069474 0.627430 0.006047
v -0.067898 0.627544 0.005701
v -0.065896 0.624820 -0.006425
v -0.067600 0.624814 -0.007799
v -0.069663 0.624808 -0.008813
v -0.065925 0.625582 -0.006573
v -0.067621 0.625576 -0.007929
v -0.069675 0.625570 -0.008927
v -0.065954 0.626087 -0.006675
v -0.067645 0.626073 -0.008012
v -0.069692 0.626061 -0.008995
v -0.066022 0.626828 -0.006843
v -0.067709 0.626786 -0.008145
v -0.069745 0.626751 -0.009101
v -0.066070 0.627297 -0.006972
v -0.067757 0.627241 -0.008257
v -0.069787 0.627195 -0.009199
v -0.066135 0.627978 -0.007182
v -0.067822 0.627909 -0.008448
v -0.069847 0.627855 -0.009374
v -0.078630 0.623604 0.006741
v -0.076872 0.623437 0.007079
v -0.074983 0.623328 0.007255
v -0.078617 0.624412 0.006496
v -0.076860 0.624247 0.006825
v -0.074972 0.624137 0.006995
v -0.078611 0.624968 0.006338
v -0.076856 0.624802 0.006662
v -0.074968 0.624690 0.006829
v -0.078610 0.625850 0.006113
v -0.076857 0.625688 0.006432
v -0.074971 0.625576 0.006595
v -0.078612 0.626504 0.005972
v -0.076862 0.626354 0.006290
v -0.074979 0.626250 0.006451
v -0.078619 0.627562 0.005775
v -0.076874 0.627441 0.006091
v -0.074996 0.627355 0.006249
v -0.053980 0.628073 -0.004071
v -0.054282 0.628035 -0.002539
v -0.054363 0.627957 -0.000928
v -0.053896 0.628874 -0.004244
v -0.054201 0.628836 -0.002719
v -0.054288 0.628760 -0.001117
v -0.053833 0.629405 -0.004367
v -0.054142 0.629370 -0.002847
v -0.054234 0.629296 -0.001250
v -0.053720 0.630198 -0.004585
v -0.054038 0.630172 -0.003065
v -0.054141 0.630104 -0.001466
v -0.053642 0.630742 -0.004746
v -0.053965 0.630728 -0.003225
v -0.054073 0.630671 -0.001623
v -0.053529 0.631581 -0.004996
v -0.053856 0.631592 -0.003475
v -0.053971 0.631562 -0.001870
v -0.037163 0.627030 0.005542
v -0.036081 0.627296 0.004708
v -0.035226 0.627531 0.003596
v -0.037130 0.627852 0.005289
v -0.036047 0.628109 0.004474
v -0.035191 0.628336 0.003379
v -0.037112 0.628403 0.005129
v -0.036028 0.628653 0.004323
v -0.035169 0.628875 0.003235
v -0.037087 0.629237 0.004893
v -0.035996 0.629476 0.004086
v -0.035133 0.629688 0.002996
v -0.037054 0.629860 0.004728
v -0.035963 0.630082 0.003912
v -0.035099 0.630278 0.002816
v -0.036985 0.630889 0.004474
v -0.035899 0.631073 0.003643
v -0.035042 0.631231 0.002535
v -0.053952 0.627635 0.002146
v -0.053503 0.627406 0.003466
v -0.052922 0.627167 0.004578
v -0.053888 0.628447 0.001929
v -0.053444 0.628224 0.003230
v -0.052867 0.627992 0.004324
v -0.053846 0.628989 0.001783
v -0.053407 0.628772 0.003076
v -0.052834 0.628545 0.004162
v -0.053771 0.629808 0.001569
v -0.053338 0.629597 0.002859
v -0.052769 0.629378 0.003941
v -0.053711 0.630398 0.001420
v -0.053280 0.630200 0.002714
v -0.052712 0.629993 0.003798
v -0.053619 0.631350 0.001184
v -0.053191 0.631183 0.002486
v -0.052624 0.631008 0.003577
v -0.034254 0.627794 0.000371
v -0.034253 0.627821 -0.001631
v -0.034708 0.627816 -0.003690
v -0.034222 0.628589 0.000174
v -0.034223 0.628614 -0.001824
v -0.034679 0.628607 -0.003878
v -0.034201 0.629121 0.000034
v -0.034205 0.629142 -0.001964
v -0.034663 0.629129 -0.004015
v -0.034164 0.629917 -0.000202
v -0.034173 0.629927 -0.002192
v -0.034639 0.629897 -0.004231
v -0.034135 0.630477 -0.000375
v -0.034149 0.630472 -0.002353
v -0.034618 0.630425 -0.004375
v -0.034092 0.631362 -0.000647
v -0.034112 0.631326 -0.002604
v -0.034587 0.631249 -0.004602
v -0.050537 0.628063 -0.008198
v -0.051657 0.628078 -0.007435
v -0.052646 0.628087 -0.006534
v -0.050461 0.628851 -0.008332
v -0.051576 0.628870 -0.007580
v -0.052561 0.628883 -0.006689
v -0.050405 0.629351 -0.008422
v -0.051515 0.629381 -0.007681
v -0.052497 0.629402 -0.006800
v -0.050309 0.630053 -0.008589
v -0.051408 0.630112 -0.007866
v -0.052382 0.630160 -0.007001
v -0.050242 0.630535 -0.008729
v -0.051334 0.630612 -0.008016
v -0.052304 0.630676 -0.007158
v -0.050139 0.631291 -0.008954
v -0.051224 0.631387 -0.008250
v -0.052190 0.631471 -0.007399
v -0.043096 0.626194 0.006987
v -0.041525 0.626333 0.006840
v -0.039943 0.626527 0.006569
v -0.043059 0.627056 0.006682
v -0.041490 0.627188 0.006542
v -0.039911 0.627371 0.006283
v -0.043038 0.627644 0.006491
v -0.041471 0.627767 0.006357
v -0.039893 0.627941 0.006105
v -0.043003 0.628535 0.006237
v -0.041443 0.628645 0.006110
v -0.039870 0.628803 0.005864
v -0.042962 0.629213 0.006079
v -0.041405 0.629313 0.005953
v -0.039835 0.629458 0.005708
v -0.042881 0.630367 0.005845
v -0.041326 0.630444 0.005721
v -0.039759 0.630559 0.005475
v -0.037337 0.627824 -0.007350
v -0.039359 0.627859 -0.008732
v -0.041530 0.627903 -0.009731
v -0.037307 0.628608 -0.007512
v -0.039325 0.628637 -0.008873
v -0.041490 0.628677 -0.009852
v -0.037291 0.629109 -0.007625
v -0.039306 0.629124 -0.008966
v -0.041467 0.629150 -0.009926
v -0.037273 0.629812 -0.007794
v -0.039285 0.629785 -0.009106
v -0.041441 0.629774 -0.010042
v -0.037254 0.630295 -0.007911
v -0.039264 0.630244 -0.009215
v -0.041415 0.630213 -0.010145
v -0.037220 0.631059 -0.008101
v -0.039222 0.630979 -0.009398
v -0.041364 0.630925 -0.010326
v -0.047881 0.626259 0.006847
v -0.046901 0.626168 0.006951
v -0.045810 0.626115 0.007021
v -0.047838 0.627122 0.006541
v -0.046859 0.627035 0.006641
v -0.045769 0.626984 0.006709
v -0.047811 0.627710 0.006349
v -0.046833 0.627627 0.006447
v -0.045743 0.627578 0.006514
v -0.047759 0.628598 0.006097
v -0.046783 0.628524 0.006190
v -0.045697 0.628479 0.006255
v -0.047709 0.629272 0.005943
v -0.046735 0.629204 0.006033
v -0.045651 0.629164 0.006096
v -0.047625 0.630417 0.005713
v -0.046651 0.630364 0.005800
v -0.045567 0.630332 0.005860
v -0.024838 0.620957 -0.003376
v -0.025519 0.621125 -0.001348
v -0.025805 0.621167 0.000699
v -0.024669 0.621735 -0.003545
v -0.025356 0.621906 -0.001530
v -0.025652 0.621953 0.000507
v -0.024549 0.622233 -0.003667
v -0.025242 0.622413 -0.001663
v -0.025545 0.622469 0.000368
v -0.024384 0.622917 -0.003865
v -0.025079 0.623129 -0.001883
v -0.025389 0.623216 0.000134
v -0.024297 0.623341 -0.003995
v -0.024989 0.623580 -0.002029
v -0.025297 0.623695 -0.000024
v -0.024176 0.623961 -0.004189
v -0.024861 0.624240 -0.002243
v -0.025165 0.624399 -0.000254
v -0.009350 0.615205 0.007974
v -0.008453 0.615259 0.007348
v -0.007738 0.615370 0.006450
v -0.009230 0.616000 0.007726
v -0.008338 0.616045 0.007112
v -0.007629 0.616151 0.006224
v -0.009146 0.616537 0.007565
v -0.008256 0.616576 0.006955
v -0.007551 0.616677 0.006068
v -0.008993 0.617400 0.007308
v -0.008105 0.617417 0.006689
v -0.007406 0.617499 0.005792
v -0.008882 0.618035 0.007132
v -0.007997 0.618027 0.006499
v -0.007306 0.618081 0.005588
v -0.008724 0.619032 0.006882
v -0.007846 0.618979 0.006224
v -0.007166 0.618985 0.005289
v -0.025403 0.620901 0.004138
v -0.024779 0.620597 0.005386
v -0.023884 0.620176 0.006366
v -0.025265 0.621699 0.003932
v -0.024643 0.621401 0.005175
v -0.023749 0.620987 0.006149
v -0.025172 0.622230 0.003791
v -0.024554 0.621938 0.005034
v -0.023662 0.621530 0.006009
v -0.025033 0.623022 0.003558
v -0.024422 0.622744 0.004813
v -0.023538 0.622349 0.005800
v -0.024943 0.623549 0.003401
v -0.024337 0.623293 0.004667
v -0.023456 0.622918 0.005666
v -0.024812 0.624345 0.003174
v -0.024209 0.624132 0.004458
v -0.023333 0.623802 0.005478
v -0.006846 0.615587 0.003638
v -0.006770 0.615695 0.001788
v -0.007083 0.615864 -0.000207
v -0.006750 0.616364 0.003418
v -0.006681 0.616474 0.001567
v -0.006997 0.616646 -0.000426
v -0.006683 0.616889 0.003256
v -0.006620 0.616999 0.001400
v -0.006943 0.617171 -0.000593
v -0.006567 0.617685 0.002952
v -0.006524 0.617788 0.001087
v -0.006864 0.617949 -0.000903
v -0.006491 0.618221 0.002729
v -0.006462 0.618305 0.000862
v -0.006815 0.618446 -0.001123
v -0.006386 0.619032 0.002401
v -0.006377 0.619073 0.000534
v -0.006748 0.619174 -0.001440
v -0.017901 0.619063 -0.008065
v -0.020123 0.619679 -0.007617
v -0.022102 0.620221 -0.006638
v -0.017773 0.619855 -0.008173
v -0.019977 0.620465 -0.007734
v -0.021941 0.621001 -0.006772
v -0.017690 0.620345 -0.008235
v -0.019880 0.620952 -0.007808
v -0.021830 0.621489 -0.006863
v -0.017581 0.620949 -0.008329
v -0.019750 0.621562 -0.007917
v -0.021683 0.622117 -0.007000
v -0.017519 0.621313 -0.008416
v -0.019681 0.621930 -0.008005
v -0.021606 0.622497 -0.007097
v -0.017432 0.621870 -0.008567
v -0.019584 0.622486 -0.008154
v -0.021501 0.623064 -0.007255
v -0.014713 0.616263 0.008723
v -0.013149 0.615794 0.008735
v -0.011712 0.615455 0.008629
v -0.014589 0.617104 0.008448
v -0.013025 0.616625 0.008461
v -0.011588 0.616273 0.008360
v -0.014509 0.617677 0.008276
v -0.012944 0.617190 0.008290
v -0.011505 0.616829 0.008191
v -0.014381 0.618593 0.008040
v -0.012807 0.618102 0.008048
v -0.011360 0.617729 0.007946
v -0.014289 0.619273 0.007898
v -0.012708 0.618782 0.007901
v -0.011254 0.618401 0.007791
v -0.014153 0.620356 0.007707
v -0.012562 0.619861 0.007701
v -0.011099 0.619464 0.007580
v -0.009268 0.616573 -0.004148
v -0.011103 0.617120 -0.005832
v -0.013252 0.617746 -0.007135
v -0.009183 0.617364 -0.004334
v -0.011014 0.617915 -0.005988
v -0.013154 0.618543 -0.007263
v -0.009134 0.617881 -0.004469
v -0.010962 0.618425 -0.006094
v -0.013096 0.619045 -0.007344
v -0.009072 0.618604 -0.004713
v -0.010897 0.619107 -0.006284
v -0.013021 0.619688 -0.007481
v -0.009034 0.619049 -0.004892
v -0.010857 0.619522 -0.006432
v -0.012974 0.620076 -0.007598
v -0.008980 0.619700 -0.005156
v -0.010798 0.620139 -0.006659
v -0.012907 0.620664 -0.007791
v -0.021325 0.618981 0.007700
v -0.019747 0.618261 0.008123
v -0.018068 0.617531 0.008419
v -0.021194 0.619809 0.007463
v -0.019618 0.619098 0.007873
v -0.017942 0.618375 0.008157
v -0.021111 0.620368 0.007315
v -0.019537 0.619665 0.007718
v -0.017862 0.618949 0.007994
v -0.020995 0.621224 0.007114
v -0.019422 0.620544 0.007509
v -0.017746 0.619847 0.007775
v -0.020918 0.621837 0.006992
v -0.019345 0.621180 0.007386
v -0.017666 0.620504 0.007646
v -0.020801 0.622811 0.006825
v -0.019227 0.622196 0.007217
v -0.017545 0.621554 0.007470
v -0.097071 0.620633 0.008082
v -0.098524 0.620879 0.008353
v -0.099983 0.621083 0.008493
v -0.096983 0.618100 0.008473
v -0.098456 0.618251 0.008727
v -0.099928 0.618380 0.008856
v -0.096909 0.615846 0.008806
v -0.098397 0.615913 0.009049
v -0.099880 0.615977 0.009172
v -0.016769 0.590675 -0.001104
v -0.014519 0.590088 0.000473
v -0.012574 0.589587 0.002386
v -0.017094 0.588372 -0.000589
v -0.014843 0.587750 0.001012
v -0.012893 0.587220 0.002947
v -0.017457 0.585817 0.000026
v -0.015210 0.585149 0.001643
v -0.013259 0.584583 0.003594
v -0.015413 0.589571 0.020359
v -0.017047 0.589944 0.020894
v -0.018816 0.590408 0.021084
v -0.015641 0.587641 0.021378
v -0.017299 0.588097 0.021937
v -0.019098 0.588629 0.022128
v -0.015898 0.585478 0.022496
v -0.017582 0.586026 0.023080
v -0.019415 0.586634 0.023273
v -0.025795 0.593194 -0.001908
v -0.023788 0.592596 -0.002639
v -0.021540 0.591960 -0.002736
v -0.026094 0.591097 -0.001453
v -0.024097 0.590435 -0.002177
v -0.021856 0.589746 -0.002259
v -0.026412 0.588776 -0.000909
v -0.024428 0.588044 -0.001618
v -0.022201 0.587294 -0.001683
v -0.010856 0.588901 0.015057
v -0.011673 0.588972 0.016789
v -0.012705 0.589095 0.018280
v -0.011100 0.586627 0.015820
v -0.011900 0.586774 0.017625
v -0.012921 0.586983 0.019191
v -0.011382 0.584082 0.016666
v -0.012160 0.584313 0.018549
v -0.013167 0.584618 0.020192
v -0.010200 0.588975 0.006692
v -0.009831 0.588864 0.008897
v -0.009883 0.588838 0.011061
v -0.010504 0.586579 0.007292
v -0.010124 0.586472 0.009519
v -0.010163 0.586466 0.011714
v -0.010857 0.583903 0.007971
v -0.010464 0.583798 0.010219
v -0.010487 0.583814 0.012446
v -0.029919 0.594726 0.006548
v -0.029477 0.594515 0.003916
v -0.028671 0.594176 0.001480
v -0.030199 0.592962 0.007056
v -0.029755 0.592672 0.004397
v -0.028953 0.592242 0.001943
v -0.030507 0.591011 0.007630
v -0.030054 0.590634 0.004948
v -0.029252 0.590104 0.002481
v -0.028680 0.594056 0.015458
v -0.029442 0.594443 0.013606
v -0.029888 0.594692 0.011505
v -0.029038 0.592353 0.016162
v -0.029777 0.592753 0.014249
v -0.030199 0.593005 0.012094
v -0.029463 0.590450 0.016937
v -0.030171 0.590871 0.014959
v -0.030558 0.591132 0.012748
v -0.018547 0.614530 0.009425
v -0.020236 0.615277 0.009085
v -0.021824 0.616022 0.008612
v -0.018898 0.612385 0.010187
v -0.020596 0.613143 0.009815
v -0.022191 0.613902 0.009304
v -0.019294 0.609998 0.011084
v -0.021003 0.610763 0.010675
v -0.022607 0.611533 0.010119
v -0.013642 0.614786 -0.006622
v -0.011463 0.614202 -0.005256
v -0.009605 0.613701 -0.003507
v -0.013931 0.612645 -0.006219
v -0.011732 0.612095 -0.004821
v -0.009857 0.611633 -0.003041
v -0.014256 0.610249 -0.005733
v -0.012037 0.609736 -0.004308
v -0.010144 0.609313 -0.002503
v -0.012172 0.612510 0.009662
v -0.013614 0.612818 0.009787
v -0.015179 0.613265 0.009777
v -0.012504 0.610397 0.010438
v -0.013950 0.610687 0.010580
v -0.015518 0.611122 0.010572
v -0.012867 0.608049 0.011339
v -0.014320 0.608320 0.011503
v -0.015895 0.608741 0.011502
v -0.022645 0.617289 -0.006164
v -0.020634 0.616717 -0.007166
v -0.018370 0.616081 -0.007619
v -0.023011 0.615148 -0.005819
v -0.020985 0.614558 -0.006822
v -0.018703 0.613913 -0.007264
v -0.023397 0.612733 -0.005422
v -0.021362 0.612130 -0.006413
v -0.019066 0.611481 -0.006833
v -0.007403 0.613068 0.000518
v -0.007096 0.612916 0.002530
v -0.007184 0.612812 0.004394
v -0.007638 0.611057 0.001028
v -0.007331 0.610917 0.003054
v -0.007426 0.610815 0.004936
v -0.007903 0.608796 0.001602
v -0.007595 0.608668 0.003644
v -0.007695 0.608569 0.005548
v -0.024383 0.617267 0.007184
v -0.025272 0.617708 0.006162
v -0.025893 0.618026 0.004874
v -0.024749 0.615175 0.007796
v -0.025630 0.615627 0.006735
v -0.026244 0.615952 0.005407
v -0.025163 0.612830 0.008508
v -0.026034 0.613289 0.007394
v -0.026638 0.613618 0.006012
v -0.008121 0.612564 0.007276
v -0.008862 0.612423 0.008232
v -0.009782 0.612334 0.008918
v -0.008392 0.610544 0.007884
v -0.009152 0.610382 0.008888
v -0.010091 0.610268 0.009622
v -0.008688 0.608280 0.008578
v -0.009467 0.608099 0.009640
v -0.010426 0.607965 0.010434
v -0.026317 0.618304 0.001346
v -0.026054 0.618257 -0.000749
v -0.025392 0.618076 -0.002823
v -0.026670 0.616227 0.001799
v -0.026416 0.616170 -0.000334
v -0.025762 0.615975 -0.002441
v -0.027056 0.613882 0.002300
v -0.026804 0.613810 0.000121
v -0.026152 0.613597 -0.002021
v -0.011842 0.634090 -0.010194
v -0.010207 0.633729 -0.009740
v -0.008818 0.633471 -0.009019
v -0.011965 0.632120 -0.010402
v -0.010221 0.631789 -0.009834
v -0.008697 0.631613 -0.008964
v -0.012081 0.630176 -0.010291
v -0.010231 0.629830 -0.009606
v -0.008602 0.629649 -0.008596
v -0.015082 0.644202 0.003783
v -0.016721 0.644005 0.003506
v -0.018131 0.643497 0.003075
v -0.015375 0.641684 0.004512
v -0.017037 0.641628 0.004232
v -0.018518 0.641329 0.003756
v -0.015716 0.638601 0.005079
v -0.017396 0.638672 0.004818
v -0.018924 0.638545 0.004356
v -0.021012 0.638683 -0.004601
v -0.020821 0.637495 -0.006194
v -0.020412 0.636409 -0.007565
v -0.021967 0.636901 -0.004108
v -0.021734 0.635872 -0.005786
v -0.021215 0.634917 -0.007314
v -0.022730 0.634925 -0.003527
v -0.022475 0.634049 -0.005286
v -0.021899 0.633212 -0.006931
v -0.019996 0.642424 0.001462
v -0.020520 0.641833 0.000198
v -0.020855 0.640959 -0.001289
v -0.020683 0.640343 0.002010
v -0.021340 0.639693 0.000731
v -0.021759 0.638876 -0.000757
v -0.021245 0.637817 0.002632
v -0.021986 0.637253 0.001363
v -0.022469 0.636568 -0.000120
v -0.006992 0.634198 -0.006882
v -0.006481 0.635234 -0.005446
v -0.006167 0.636422 -0.003808
v -0.006599 0.632285 -0.006390
v -0.006042 0.633134 -0.004782
v -0.005744 0.634136 -0.003070
v -0.006379 0.630157 -0.005720
v -0.005824 0.630837 -0.003995
v -0.005570 0.631661 -0.002225
v -0.006063 0.638675 -0.000551
v -0.006306 0.639535 0.000835
v -0.006795 0.640171 0.001980
v -0.005772 0.636108 0.000157
v -0.006097 0.636949 0.001501
v -0.006682 0.637707 0.002616
v -0.005750 0.633320 0.000979
v -0.006161 0.634071 0.002276
v -0.006827 0.634802 0.003339
v -0.018590 0.635172 -0.009474
v -0.017124 0.634939 -0.010039
v -0.015423 0.634717 -0.010341
v -0.019084 0.633576 -0.009591
v -0.017506 0.633179 -0.010263
v -0.015716 0.632840 -0.010619
v -0.019591 0.631888 -0.009447
v -0.017915 0.631410 -0.010199
v -0.016030 0.630992 -0.010595
v -0.008577 0.641754 0.003364
v -0.009930 0.642758 0.003694
v -0.011554 0.643553 0.003875
v -0.008747 0.639361 0.004066
v -0.010202 0.640233 0.004426
v -0.011860 0.640961 0.004606
v -0.009038 0.636346 0.004704
v -0.010539 0.637122 0.005034
v -0.012208 0.637801 0.005182
v -0.052035 0.599765 0.018511
v -0.053084 0.599871 0.017981
v -0.054049 0.599987 0.017176
v -0.052253 0.597718 0.019458
v -0.053313 0.597807 0.018883
v -0.054284 0.597910 0.018027
v -0.052494 0.595412 0.020497
v -0.053565 0.595479 0.019870
v -0.054543 0.595566 0.018959
v -0.043188 0.600300 -0.004180
v -0.041086 0.600301 -0.003422
v -0.039117 0.600316 -0.002225
v -0.043349 0.597865 -0.003680
v -0.041253 0.597863 -0.002929
v -0.039285 0.597881 -0.001735
v -0.043547 0.595158 -0.003067
v -0.041466 0.595151 -0.002330
v -0.039508 0.595169 -0.001149
v -0.041159 0.599618 0.018634
v -0.042808 0.599502 0.019344
v -0.044467 0.599428 0.019732
v -0.041266 0.597516 0.019693
v -0.042927 0.597445 0.020442
v -0.044600 0.597409 0.020849
v -0.041378 0.595158 0.020862
v -0.043054 0.595139 0.021655
v -0.044746 0.595144 0.022082
v -0.049900 0.600382 -0.003820
v -0.048510 0.600354 -0.004270
v -0.046970 0.600330 -0.004539
v -0.050045 0.597997 -0.003323
v -0.048658 0.597952 -0.003768
v -0.047121 0.597913 -0.004034
v -0.050189 0.595345 -0.002720
v -0.048812 0.595283 -0.003152
v -0.047287 0.595229 -0.003411
v -0.036372 0.600308 0.011884
v -0.037199 0.600143 0.014109
v -0.038291 0.599955 0.016015
v -0.036472 0.598017 0.012608
v -0.037293 0.597897 0.014928
v -0.038385 0.597755 0.016930
v -0.036578 0.595452 0.013414
v -0.037390 0.595378 0.015837
v -0.038480 0.595287 0.017942
v -0.036390 0.600399 0.001604
v -0.035786 0.600444 0.004099
v -0.035623 0.600459 0.006759
v -0.036544 0.597987 0.002111
v -0.035926 0.598054 0.004632
v -0.035747 0.598097 0.007335
v -0.036750 0.595296 0.002697
v -0.036106 0.595384 0.005241
v -0.035897 0.595455 0.007986
v -0.056712 0.600661 0.005253
v -0.056589 0.600648 0.003210
v -0.056250 0.600608 0.001419
v -0.056871 0.598524 0.005765
v -0.056738 0.598468 0.003699
v -0.056392 0.598381 0.001897
v -0.057031 0.596141 0.006337
v -0.056879 0.596039 0.004250
v -0.056519 0.595902 0.002437
v -0.055567 0.600267 0.014240
v -0.056084 0.600416 0.012142
v -0.056445 0.600544 0.009835
v -0.055791 0.598182 0.014970
v -0.056293 0.598331 0.012806
v -0.056635 0.598455 0.010435
v -0.056038 0.595835 0.015771
v -0.056521 0.595991 0.013535
v -0.056841 0.596116 0.011099
v -0.049912 0.623480 0.007705
v -0.050811 0.623616 0.007472
v -0.051665 0.623776 0.007080
v -0.050066 0.621342 0.008533
v -0.050974 0.621480 0.008284
v -0.051836 0.621644 0.007866
v -0.050245 0.618961 0.009490
v -0.051164 0.619100 0.009221
v -0.052034 0.619266 0.008773
v -0.041688 0.624922 -0.009252
v -0.039504 0.624907 -0.008221
v -0.037472 0.624905 -0.006802
v -0.041806 0.622725 -0.008877
v -0.039617 0.622740 -0.007840
v -0.037580 0.622772 -0.006412
v -0.041942 0.620244 -0.008424
v -0.039752 0.620293 -0.007392
v -0.037714 0.620361 -0.005966
v -0.040086 0.623527 0.007662
v -0.041670 0.623318 0.007972
v -0.043244 0.623168 0.008143
v -0.040196 0.621384 0.008480
v -0.041780 0.621171 0.008817
v -0.043355 0.621021 0.009004
v -0.040319 0.618993 0.009429
v -0.041904 0.618778 0.009797
v -0.043480 0.618629 0.010001
v -0.048358 0.625039 -0.009082
v -0.047039 0.625005 -0.009633
v -0.045539 0.624974 -0.009926
v -0.048508 0.622838 -0.008703
v -0.047180 0.622789 -0.009259
v -0.045671 0.622751 -0.009554
v -0.048670 0.620355 -0.008244
v -0.047332 0.620289 -0.008797
v -0.045816 0.620242 -0.009092
v -0.034832 0.624946 -0.003076
v -0.034378 0.624962 -0.000987
v -0.034381 0.624936 0.001052
v -0.034933 0.622866 -0.002652
v -0.034476 0.622895 -0.000537
v -0.034478 0.622872 0.001537
v -0.035059 0.620515 -0.002182
v -0.034595 0.620561 -0.000036
v -0.034591 0.620545 0.002083
v -0.053151 0.624212 0.005519
v -0.053739 0.624471 0.004327
v -0.054195 0.624717 0.002926
v -0.053330 0.622094 0.006212
v -0.053920 0.622361 0.004957
v -0.054376 0.622616 0.003492
v -0.053537 0.619724 0.007008
v -0.054127 0.619996 0.005676
v -0.054583 0.620255 0.004134
v -0.035359 0.624641 0.004398
v -0.036217 0.624377 0.005591
v -0.037302 0.624080 0.006506
v -0.035458 0.622559 0.004990
v -0.036319 0.622277 0.006249
v -0.037407 0.621962 0.007228
v -0.035568 0.620219 0.005668
v -0.036433 0.619923 0.007006
v -0.037525 0.619591 0.008063
v -0.054625 0.625058 -0.000272
v -0.054553 0.625137 -0.001920
v -0.054258 0.625171 -0.003479
v -0.054810 0.622964 0.000196
v -0.054741 0.623041 -0.001481
v -0.054448 0.623069 -0.003059
v -0.055015 0.620605 0.000720
v -0.054947 0.620677 -0.000991
v -0.054654 0.620697 -0.002589
v -0.040247 0.647840 -0.012731
v -0.038705 0.647961 -0.012123
v -0.037315 0.648103 -0.011302
v -0.040342 0.645455 -0.012944
v -0.038675 0.645661 -0.012233
v -0.037128 0.645960 -0.011268
v -0.040456 0.643017 -0.012844
v -0.038665 0.643238 -0.012047
v -0.036987 0.643567 -0.010967
v -0.047473 0.656081 0.000407
v -0.048344 0.655567 0.000168
v -0.049103 0.654911 -0.000162
v -0.047748 0.653223 0.001276
v -0.048633 0.652819 0.001035
v -0.049428 0.652341 0.000651
v -0.048056 0.649741 0.002036
v -0.048952 0.649423 0.001815
v -0.049774 0.649067 0.001431
v -0.050421 0.651105 -0.007089
v -0.050219 0.650243 -0.008474
v -0.049928 0.649414 -0.009636
v -0.051181 0.648702 -0.006485
v -0.050972 0.647997 -0.007936
v -0.050620 0.647341 -0.009229
v -0.051861 0.645967 -0.005777
v -0.051666 0.645397 -0.007283
v -0.051297 0.644872 -0.008663
v -0.050099 0.653894 -0.001570
v -0.050358 0.653456 -0.002741
v -0.050500 0.652784 -0.004113
v -0.050606 0.651334 -0.000900
v -0.050962 0.650787 -0.002094
v -0.051177 0.650138 -0.003475
v -0.051061 0.648204 -0.000138
v -0.051488 0.647694 -0.001337
v -0.051766 0.647138 -0.002724
v -0.035526 0.649166 -0.009189
v -0.035122 0.650125 -0.007875
v -0.034949 0.651110 -0.006411
v -0.035023 0.647049 -0.008735
v -0.034552 0.647814 -0.007256
v -0.034380 0.648621 -0.005709
v -0.034695 0.644556 -0.008153
v -0.034198 0.645179 -0.006547
v -0.034047 0.645839 -0.004915
v -0.035129 0.652958 -0.003482
v -0.035480 0.653684 -0.002195
v -0.036050 0.654193 -0.001101
v -0.034686 0.650197 -0.002757
v -0.035137 0.650900 -0.001485
v -0.035830 0.651525 -0.000403
v -0.034495 0.647139 -0.001906
v -0.035046 0.647748 -0.000645
v -0.035843 0.648332 0.000414
v -0.045229 0.647997 -0.012849
v -0.044205 0.647859 -0.013090
v -0.043066 0.647771 -0.013194
v -0.045603 0.645621 -0.013037
v -0.044532 0.645459 -0.013338
v -0.043333 0.645358 -0.013474
v -0.046030 0.643187 -0.012909
v -0.044904 0.643024 -0.013263
v -0.043639 0.642922 -0.013429
v -0.037936 0.655514 0.000269
v -0.039268 0.656362 0.000628
v -0.040751 0.656983 0.000878
v -0.038046 0.652846 0.001054
v -0.039492 0.653507 0.001449
v -0.041020 0.654010 0.001690
v -0.038252 0.649477 0.001821
v -0.039762 0.649994 0.002189
v -0.041316 0.650398 0.002390
v -0.071113 0.642093 -0.011779
v -0.069417 0.641951 -0.011338
v -0.067997 0.641859 -0.010631
v -0.070928 0.640047 -0.011967
v -0.069151 0.639996 -0.011430
v -0.067632 0.640043 -0.010592
v -0.070725 0.637996 -0.011849
v -0.068868 0.637989 -0.011217
v -0.067273 0.638086 -0.010265
v -0.075350 0.651774 0.001661
v -0.077025 0.651306 0.001448
v -0.078439 0.650554 0.001104
v -0.075321 0.649052 0.002528
v -0.077050 0.648681 0.002307
v -0.078576 0.648102 0.001909
v -0.075282 0.645723 0.003261
v -0.077058 0.645435 0.003060
v -0.078660 0.644991 0.002668
v -0.081010 0.645740 -0.005913
v -0.080751 0.644597 -0.007420
v -0.080265 0.643541 -0.008744
v -0.081760 0.643527 -0.005324
v -0.081478 0.642562 -0.006921
v -0.080898 0.641679 -0.008405
v -0.082291 0.641065 -0.004660
v -0.082003 0.640266 -0.006342
v -0.081372 0.639534 -0.007948
v -0.080266 0.649262 -0.000320
v -0.080746 0.648698 -0.001478
v -0.081006 0.647884 -0.002842
v -0.080727 0.646818 0.000351
v -0.081330 0.646155 -0.000822
v -0.081676 0.645377 -0.002194
v -0.081005 0.643886 0.001110
v -0.081699 0.643273 -0.000065
v -0.082121 0.642600 -0.001449
v -0.066258 0.642622 -0.008594
v -0.065860 0.643542 -0.007250
v -0.065673 0.644596 -0.005718
v -0.065645 0.640822 -0.008175
v -0.065178 0.641571 -0.006689
v -0.064980 0.642450 -0.005099
v -0.065180 0.638792 -0.007611
v -0.064697 0.639404 -0.006040
v -0.064512 0.640125 -0.004411
v -0.065816 0.646797 -0.002622
v -0.066146 0.647749 -0.001272
v -0.066684 0.648479 -0.000141
v -0.065190 0.644354 -0.002005
v -0.065587 0.645264 -0.000659
v -0.066228 0.646092 0.000483
v -0.064800 0.641706 -0.001307
v -0.065251 0.642496 0.000037
v -0.065954 0.643257 0.001180
v -0.078273 0.642460 -0.010722
v -0.076707 0.642371 -0.011389
v -0.074892 0.642309 -0.011801
v -0.078551 0.640576 -0.010767
v -0.076824 0.640358 -0.011551
v -0.074884 0.640231 -0.012029
v -0.078810 0.638538 -0.010560
v -0.076949 0.638292 -0.011434
v -0.074883 0.638148 -0.011963
v -0.068588 0.650089 0.001224
v -0.070027 0.650991 0.001536
v -0.071718 0.651615 0.001708
v -0.068410 0.647700 0.001985
v -0.069935 0.648418 0.002360
v -0.071659 0.648922 0.002554
v -0.068264 0.644651 0.002696
v -0.069834 0.645217 0.003076
v -0.071582 0.645616 0.003268
v -0.075032 0.620469 0.008236
v -0.076931 0.620582 0.008034
v -0.078698 0.620762 0.007658
v -0.075069 0.618428 0.008970
v -0.076977 0.618547 0.008747
v -0.078751 0.618739 0.008341
v -0.075113 0.616154 0.009823
v -0.077030 0.616279 0.009578
v -0.078810 0.616483 0.009135
v -0.069649 0.621985 -0.008349
v -0.067558 0.622021 -0.007306
v -0.065831 0.622064 -0.005898
v -0.069643 0.619932 -0.007982
v -0.067536 0.619998 -0.006928
v -0.065793 0.620076 -0.005511
v -0.069637 0.617623 -0.007535
v -0.067513 0.617722 -0.006478
v -0.065754 0.617841 -0.005060
v -0.067914 0.620853 0.007599
v -0.069492 0.620651 0.008005
v -0.071238 0.620506 0.008225
v -0.067924 0.618865 0.008277
v -0.069509 0.618642 0.008716
v -0.071260 0.618479 0.008958
v -0.067935 0.616643 0.009056
v -0.069528 0.616400 0.009537
v -0.071286 0.616219 0.009807
v -0.079548 0.622043 -0.006853
v -0.077203 0.622004 -0.008041
v -0.074621 0.621975 -0.008746
v -0.079580 0.620042 -0.006507
v -0.077230 0.619971 -0.007695
v -0.074641 0.619918 -0.008396
v -0.079602 0.617786 -0.006108
v -0.077251 0.617681 -0.007285
v -0.074658 0.617600 -0.007971
v -0.063716 0.622121 -0.002606
v -0.063321 0.622110 -0.000924
v -0.063272 0.622058 0.000719
v -0.063659 0.620186 -0.002206
v -0.063262 0.620187 -0.000517
v -0.063216 0.620138 0.001140
v -0.063598 0.618011 -0.001755
v -0.063198 0.618024 -0.000060
v -0.063155 0.617979 0.001612
v -0.081449 0.621251 0.006277
v -0.082360 0.621513 0.005230
v -0.082994 0.621752 0.003925
v -0.081502 0.619264 0.006878
v -0.082406 0.619547 0.005784
v -0.083031 0.619803 0.004433
v -0.081560 0.617044 0.007571
v -0.082457 0.617345 0.006419
v -0.083073 0.617616 0.005010
v -0.063924 0.621787 0.003722
v -0.064566 0.621575 0.005005
v -0.065436 0.621336 0.006100
v -0.063888 0.619858 0.004206
v -0.064543 0.619636 0.005538
v -0.065426 0.619384 0.006684
v -0.063846 0.617692 0.004752
v -0.064515 0.617463 0.006141
v -0.065413 0.617199 0.007350
v -0.083519 0.622051 0.000515
v -0.083321 0.622101 -0.001463
v -0.082663 0.622105 -0.003444
v -0.083549 0.620120 0.000942
v -0.083351 0.620166 -0.001068
v -0.082695 0.620158 -0.003072
v -0.083576 0.617945 0.001417
v -0.083375 0.617986 -0.000630
v -0.082718 0.617961 -0.002661
v -0.075481 0.597719 0.018614
v -0.077540 0.597786 0.018132
v -0.079427 0.597926 0.017274
v -0.075504 0.595799 0.019657
v -0.077598 0.595839 0.019144
v -0.079513 0.595948 0.018233
v -0.075521 0.593657 0.020807
v -0.077656 0.593660 0.020257
v -0.079603 0.593729 0.019288
v -0.069379 0.598864 -0.003226
v -0.067226 0.598902 -0.002209
v -0.065422 0.598957 -0.000887
v -0.069318 0.596583 -0.002782
v -0.067181 0.596648 -0.001759
v -0.065390 0.596737 -0.000436
v -0.069260 0.594038 -0.002229
v -0.067136 0.594134 -0.001221
v -0.065355 0.594263 0.000089
v -0.067765 0.598204 0.016750
v -0.069473 0.597990 0.017770
v -0.071361 0.597827 0.018429
v -0.067649 0.596298 0.017654
v -0.069384 0.596092 0.018743
v -0.071306 0.595932 0.019452
v -0.067494 0.594188 0.018661
v -0.069263 0.593986 0.019824
v -0.071228 0.593827 0.020586
v -0.079278 0.598834 -0.002617
v -0.076942 0.598815 -0.003541
v -0.074380 0.598819 -0.003946
v -0.079188 0.596494 -0.002218
v -0.076850 0.596475 -0.003134
v -0.074294 0.596494 -0.003526
v -0.079143 0.593870 -0.001608
v -0.076791 0.593857 -0.002536
v -0.074227 0.593895 -0.002942
v -0.063360 0.599136 0.009777
v -0.064081 0.598943 0.011795
v -0.065051 0.598704 0.013701
v -0.063259 0.597223 0.010346
v -0.063961 0.597038 0.012442
v -0.064920 0.596797 0.014435
v -0.063124 0.595106 0.010981
v -0.063802 0.594929 0.013164
v -0.064746 0.594686 0.015254
v -0.063163 0.599131 0.002264
v -0.062719 0.599222 0.003993
v -0.062649 0.599273 0.005822
v -0.063132 0.597018 0.002715
v -0.062677 0.597176 0.004449
v -0.062590 0.597290 0.006296
v -0.063094 0.594669 0.003222
v -0.062622 0.594904 0.004958
v -0.062511 0.595089 0.006822
v -0.083653 0.599090 0.005557
v -0.083292 0.599051 0.003074
v -0.082503 0.598969 0.000775
v -0.083654 0.596948 0.006055
v -0.083261 0.596843 0.003524
v -0.082445 0.596697 0.001192
v -0.083697 0.594503 0.006711
v -0.083280 0.594334 0.004160
v -0.082440 0.594130 0.001819
v -0.082198 0.598387 0.014465
v -0.083004 0.598656 0.012571
v -0.083484 0.598891 0.010417
v -0.082298 0.596368 0.015273
v -0.083090 0.596624 0.013293
v -0.083546 0.596839 0.011055
v -0.082412 0.594081 0.016174
v -0.083196 0.594309 0.014114
v -0.083635 0.594493 0.011803
v -0.106901 0.588579 0.015413
v -0.107319 0.588520 0.014294
v -0.107652 0.588466 0.013025
v -0.106973 0.586978 0.015865
v -0.107349 0.586880 0.014719
v -0.107638 0.586778 0.013434
v -0.107040 0.585153 0.016347
v -0.107371 0.585012 0.015171
v -0.107613 0.584864 0.013868
v -0.104557 0.588931 0.017958
v -0.105225 0.588832 0.017577
v -0.105846 0.588735 0.017053
v -0.104646 0.587440 0.018623
v -0.105336 0.587319 0.018182
v -0.105960 0.587197 0.017598
v -0.104751 0.585742 0.019359
v -0.105458 0.585592 0.018845
v -0.106082 0.585441 0.018188
v -0.096348 0.591049 0.000682
v -0.094548 0.591554 0.001748
v -0.092885 0.592019 0.003045
v -0.096235 0.589207 0.001045
v -0.094431 0.589728 0.002106
v -0.092768 0.590209 0.003402
v -0.096104 0.587186 0.001477
v -0.094293 0.587721 0.002523
v -0.092623 0.588216 0.003808
v -0.090725 0.592669 0.006079
v -0.090346 0.592812 0.007709
v -0.090344 0.592826 0.009358
v -0.090613 0.590907 0.006438
v -0.090240 0.591082 0.008075
v -0.090243 0.591133 0.009743
v -0.090467 0.588963 0.006834
v -0.090097 0.589175 0.008478
v -0.090104 0.589267 0.010168
v -0.091166 0.592471 0.012547
v -0.091918 0.592128 0.014000
v -0.092901 0.591712 0.015294
v -0.091067 0.590849 0.013026
v -0.091813 0.590540 0.014549
v -0.092788 0.590159 0.015915
v -0.090928 0.589067 0.013561
v -0.091669 0.588798 0.015163
v -0.092636 0.588455 0.016613
v -0.102176 0.589288 -0.000260
v -0.100956 0.589659 -0.000561
v -0.099617 0.590080 -0.000504
v -0.102076 0.587336 0.000160
v -0.100854 0.587737 -0.000156
v -0.099512 0.588189 -0.000116
v -0.101962 0.585200 0.000670
v -0.100739 0.585635 0.000338
v -0.099394 0.586120 0.000357
v -0.095570 0.590779 0.017234
v -0.097134 0.590322 0.017856
v -0.098689 0.589914 0.018278
v -0.095432 0.589300 0.017965
v -0.096987 0.588879 0.018618
v -0.098542 0.588498 0.019056
v -0.095260 0.587669 0.018790
v -0.096809 0.587278 0.019479
v -0.098371 0.586918 0.019939
v -0.108026 0.588341 0.010197
v -0.108010 0.588284 0.008697
v -0.107793 0.588254 0.007165
v -0.107947 0.586543 0.010591
v -0.107914 0.586426 0.009090
v -0.107688 0.586343 0.007561
v -0.107848 0.584520 0.011015
v -0.107794 0.584348 0.009517
v -0.107558 0.584215 0.007997
v -0.108908 0.607656 0.005702
v -0.108917 0.607668 0.004340
v -0.108687 0.607663 0.002892
v -0.108828 0.606094 0.006062
v -0.108843 0.606110 0.004692
v -0.108622 0.606107 0.003234
v -0.108739 0.604357 0.006459
v -0.108760 0.604377 0.005080
v -0.108547 0.604374 0.003612
v -0.092395 0.608207 0.007855
v -0.093083 0.608007 0.008809
v -0.094007 0.607786 0.009569
v -0.092306 0.607034 0.008176
v -0.093001 0.606806 0.009144
v -0.093929 0.606547 0.009921
v -0.092211 0.605745 0.008534
v -0.092914 0.605484 0.009522
v -0.093847 0.605185 0.010324
v -0.107275 0.607419 0.009521
v -0.107842 0.607498 0.008833
v -0.108331 0.607569 0.007971
v -0.107185 0.605837 0.009935
v -0.107752 0.605918 0.009231
v -0.108242 0.605995 0.008353
v -0.107092 0.604082 0.010410
v -0.107657 0.604166 0.009683
v -0.108147 0.604246 0.008782
v -0.092128 0.608500 0.002304
v -0.091729 0.608506 0.003852
v -0.091687 0.608463 0.005343
v -0.092005 0.607338 0.002592
v -0.091613 0.607362 0.004150
v -0.091580 0.607321 0.005647
v -0.091876 0.606058 0.002910
v -0.091492 0.606102 0.004475
v -0.091468 0.606064 0.005979
v -0.102948 0.607669 -0.004086
v -0.101824 0.607757 -0.004321
v -0.100602 0.607869 -0.004213
v -0.102908 0.606099 -0.003899
v -0.101767 0.606215 -0.004148
v -0.100526 0.606366 -0.004045
v -0.102848 0.604355 -0.003636
v -0.101692 0.604501 -0.003899
v -0.100432 0.604698 -0.003802
v -0.096578 0.607358 0.010550
v -0.098100 0.607183 0.010812
v -0.099603 0.607048 0.010962
v -0.096506 0.606023 0.010947
v -0.098029 0.605796 0.011234
v -0.099532 0.605612 0.011406
v -0.096429 0.604557 0.011408
v -0.097953 0.604271 0.011725
v -0.099456 0.604034 0.011923
v -0.097560 0.608126 -0.002987
v -0.095846 0.608252 -0.001931
v -0.094247 0.608364 -0.000657
v -0.097449 0.606741 -0.002793
v -0.095725 0.606937 -0.001710
v -0.094121 0.607114 -0.000408
v -0.097327 0.605207 -0.002537
v -0.095594 0.605482 -0.001438
v -0.093987 0.605734 -0.000117
v -0.104846 0.607144 0.010796
v -0.105454 0.607207 0.010645
v -0.106062 0.607271 0.010405
v -0.104770 0.605586 0.011253
v -0.105374 0.605638 0.011094
v -0.105977 0.605694 0.010845
v -0.104690 0.603867 0.011785
v -0.105292 0.603905 0.011618
v -0.105891 0.603950 0.011357
v -0.097582 0.630093 0.006062
v -0.098828 0.630801 0.006331
v -0.100181 0.631358 0.006498
v -0.097420 0.628248 0.006644
v -0.098757 0.628815 0.006962
v -0.100147 0.629272 0.007147
v -0.097282 0.625904 0.007167
v -0.098677 0.626354 0.007484
v -0.100097 0.626721 0.007660
v -0.107500 0.629350 0.004686
v -0.107802 0.628834 0.003728
v -0.108015 0.628102 0.002592
v -0.107662 0.627517 0.005237
v -0.108040 0.626926 0.004264
v -0.108316 0.626223 0.003125
v -0.107753 0.625290 0.005827
v -0.108194 0.624740 0.004855
v -0.108528 0.624125 0.003716
v -0.108085 0.626307 0.000073
v -0.107936 0.625424 -0.001139
v -0.107684 0.624651 -0.002196
v -0.108468 0.624647 0.000583
v -0.108323 0.623890 -0.000688
v -0.108032 0.623238 -0.001871
v -0.108765 0.622798 0.001151
v -0.108635 0.622165 -0.000166
v -0.108331 0.621621 -0.001434
v -0.103713 0.624460 -0.005477
v -0.102823 0.624558 -0.005575
v -0.101835 0.624625 -0.005545
v -0.103683 0.622805 -0.005874
v -0.102751 0.622889 -0.005998
v -0.101721 0.622955 -0.005960
v -0.103660 0.621109 -0.006039
v -0.102683 0.621181 -0.006186
v -0.101606 0.621245 -0.006137
v -0.095039 0.627818 0.002889
v -0.095347 0.628448 0.004010
v -0.095843 0.628933 0.004939
v -0.094406 0.625933 0.003366
v -0.094789 0.626534 0.004481
v -0.095395 0.627092 0.005416
v -0.093968 0.623874 0.003898
v -0.094416 0.624391 0.005009
v -0.095099 0.624903 0.005940
v -0.099421 0.624645 -0.005074
v -0.098105 0.624603 -0.004609
v -0.096909 0.624563 -0.003974
v -0.099202 0.623026 -0.005370
v -0.097813 0.623056 -0.004801
v -0.096522 0.623126 -0.004037
v -0.098967 0.621348 -0.005421
v -0.097503 0.621413 -0.004750
v -0.096131 0.621525 -0.003875
v -0.105539 0.631294 0.006192
v -0.106146 0.630893 0.006037
v -0.106678 0.630346 0.005800
v -0.105476 0.629213 0.006932
v -0.106101 0.628906 0.006763
v -0.106679 0.628502 0.006473
v -0.105421 0.626664 0.007536
v -0.106058 0.626435 0.007377
v -0.106666 0.626137 0.007081
v -0.095382 0.625086 -0.002208
v -0.095044 0.625700 -0.001043
v -0.094890 0.626385 0.000273
v -0.094753 0.623663 -0.001926
v -0.094345 0.624149 -0.000631
v -0.094180 0.624709 0.000744
v -0.094237 0.622021 -0.001540
v -0.093806 0.622412 -0.000161
v -0.093652 0.622867 0.001258
v -0.034314 0.581097 0.011644
v -0.034207 0.580610 0.009056
v -0.034268 0.579865 0.006772
v -0.035011 0.581431 0.011599
v -0.035076 0.581002 0.008941
v -0.035339 0.580306 0.006584
v -0.035651 0.582111 0.011431
v -0.035904 0.581736 0.008680
v -0.036435 0.581077 0.006201
v -0.036663 0.580764 0.022416
v -0.035956 0.581295 0.019850
v -0.035235 0.581465 0.017149
v -0.037216 0.581124 0.022672
v -0.036458 0.581623 0.020022
v -0.035741 0.581763 0.017243
v -0.037770 0.581809 0.022839
v -0.036907 0.582280 0.020069
v -0.036188 0.582399 0.017209
v -0.060407 0.583414 0.009812
v -0.060066 0.582824 0.007951
v -0.059786 0.581926 0.006377
v -0.060865 0.583625 0.009731
v -0.060670 0.582994 0.007856
v -0.060568 0.582036 0.006255
v -0.061271 0.584130 0.009561
v -0.061251 0.583468 0.007655
v -0.061397 0.582450 0.005989
v -0.061451 0.582507 0.019828
v -0.061280 0.583247 0.017104
v -0.061046 0.583636 0.014445
v -0.061951 0.582812 0.019832
v -0.061679 0.583553 0.017055
v -0.061396 0.583916 0.014372
v -0.062481 0.583396 0.019805
v -0.062042 0.584138 0.016934
v -0.061688 0.584475 0.014218
v -0.087300 0.579260 0.012519
v -0.087118 0.578875 0.010727
v -0.087018 0.578230 0.009050
v -0.087734 0.579450 0.012466
v -0.087570 0.579047 0.010653
v -0.087521 0.578360 0.008945
v -0.088158 0.579919 0.012350
v -0.088040 0.579502 0.010510
v -0.088107 0.578766 0.008747
v -0.088676 0.578762 0.020830
v -0.088306 0.579273 0.018615
v -0.087919 0.579472 0.016473
v -0.089403 0.578914 0.020857
v -0.088912 0.579457 0.018600
v -0.088431 0.579667 0.016439
v -0.090133 0.579347 0.020822
v -0.089478 0.579921 0.018514
v -0.088903 0.580137 0.016337
v -0.017332 0.570883 0.028525
v -0.019155 0.571870 0.029582
v -0.021214 0.572854 0.030184
v -0.017459 0.568151 0.029256
v -0.019298 0.569153 0.030516
v -0.021383 0.570163 0.031339
v -0.017592 0.565300 0.029948
v -0.019467 0.566298 0.031419
v -0.021594 0.567319 0.032472
v -0.041697 0.579625 0.028793
v -0.043532 0.579853 0.029418
v -0.045397 0.580049 0.029810
v -0.041750 0.576896 0.030420
v -0.043551 0.577085 0.030900
v -0.045424 0.577269 0.031237
v -0.041675 0.574062 0.031962
v -0.043498 0.574184 0.032392
v -0.045405 0.574338 0.032712
v -0.066132 0.580266 0.026954
v -0.068257 0.580068 0.027942
v -0.070596 0.579857 0.028619
v -0.066151 0.577567 0.029133
v -0.068244 0.577337 0.029866
v -0.070599 0.577112 0.030387
v -0.066096 0.574733 0.031198
v -0.068200 0.574414 0.031794
v -0.070593 0.574144 0.032206
v -0.025766 0.574609 0.029807
v -0.028092 0.575362 0.028916
v -0.030312 0.576065 0.027778
v -0.025999 0.572005 0.031376
v -0.028340 0.572809 0.030701
v -0.030537 0.573557 0.029826
v -0.026278 0.569248 0.032945
v -0.028625 0.570128 0.032461
v -0.030800 0.570970 0.031756
v -0.093938 0.576045 0.026590
v -0.095741 0.575560 0.027049
v -0.097561 0.575061 0.027280
v -0.093977 0.573484 0.028767
v -0.095758 0.572984 0.028957
v -0.097594 0.572473 0.028963
v -0.093933 0.570809 0.030839
v -0.095750 0.570247 0.030837
v -0.097630 0.569707 0.030637
v -0.053893 0.579976 0.027929
v -0.055105 0.579915 0.027306
v -0.056287 0.579899 0.026574
v -0.054080 0.577250 0.029718
v -0.055304 0.577212 0.029231
v -0.056478 0.577242 0.028713
v -0.054284 0.574420 0.031564
v -0.055532 0.574427 0.031174
v -0.056712 0.574539 0.030763
v -0.089145 0.576490 0.025342
v -0.090037 0.576413 0.025535
v -0.091042 0.576428 0.025752
v -0.089194 0.574846 0.027464
v -0.090091 0.574559 0.027792
v -0.091121 0.574267 0.028135
v -0.089119 0.573127 0.029315
v -0.089973 0.572570 0.029824
v -0.091013 0.571979 0.030298
v -0.075636 0.579377 0.028613
v -0.078182 0.579101 0.027952
v -0.080618 0.578798 0.027017
v -0.075761 0.576638 0.030291
v -0.078367 0.576388 0.029697
v -0.080827 0.576143 0.028932
v -0.075907 0.573682 0.032046
v -0.078599 0.573489 0.031501
v -0.081120 0.573350 0.030826
v -0.105330 0.572460 0.024093
v -0.105958 0.572081 0.022966
v -0.106425 0.571724 0.021728
v -0.105374 0.569732 0.024838
v -0.105981 0.569330 0.023602
v -0.106427 0.568954 0.022271
v -0.105441 0.566870 0.025568
v -0.106036 0.566455 0.024230
v -0.106472 0.566066 0.022808
v -0.061579 0.579945 0.024947
v -0.062260 0.580040 0.025109
v -0.063123 0.580209 0.025401
v -0.061538 0.578249 0.027139
v -0.062247 0.578123 0.027412
v -0.063165 0.577966 0.027820
v -0.061433 0.576462 0.028995
v -0.062124 0.576053 0.029424
v -0.063066 0.575577 0.029949
v -0.037450 0.578266 0.026855
v -0.038127 0.578517 0.027200
v -0.038948 0.578887 0.027590
v -0.037462 0.576434 0.028635
v -0.038157 0.576500 0.029001
v -0.039025 0.576591 0.029421
v -0.037314 0.574506 0.030100
v -0.037985 0.574298 0.030533
v -0.038881 0.574114 0.031001
v -0.105753 0.560793 0.026998
v -0.106364 0.560377 0.025480
v -0.106818 0.559986 0.023895
v -0.105984 0.557593 0.027689
v -0.106621 0.557190 0.026098
v -0.107098 0.556809 0.024441
v -0.106215 0.554291 0.028345
v -0.106877 0.553908 0.026695
v -0.107376 0.553542 0.024978
v -0.065646 0.568539 0.034792
v -0.067875 0.567871 0.035367
v -0.070428 0.567396 0.035744
v -0.065244 0.565158 0.036304
v -0.067608 0.564275 0.036923
v -0.070294 0.563667 0.037338
v -0.064759 0.561589 0.037644
v -0.067345 0.560535 0.038285
v -0.070199 0.559820 0.038733
v -0.027243 0.563230 0.035772
v -0.029585 0.564307 0.035559
v -0.031709 0.565448 0.035022
v -0.027895 0.560027 0.036933
v -0.030250 0.561190 0.036819
v -0.032397 0.562490 0.036350
v -0.028523 0.556788 0.037897
v -0.030924 0.557993 0.037883
v -0.033192 0.559396 0.037516
v -0.034854 0.568050 0.033625
v -0.035843 0.569511 0.032906
v -0.036546 0.571043 0.032142
v -0.035544 0.565826 0.034849
v -0.036504 0.567827 0.033949
v -0.037179 0.569907 0.032959
v -0.036556 0.563690 0.035928
v -0.037489 0.566355 0.034843
v -0.038129 0.568977 0.033671
v -0.076204 0.566928 0.035618
v -0.079167 0.566938 0.035141
v -0.081932 0.567145 0.034519
v -0.076371 0.563179 0.037300
v -0.079530 0.563299 0.036861
v -0.082515 0.563698 0.036248
v -0.076591 0.559306 0.038788
v -0.079980 0.559501 0.038391
v -0.083292 0.560026 0.037793
v -0.041170 0.567961 0.034896
v -0.043146 0.567850 0.035398
v -0.045207 0.567885 0.035777
v -0.040733 0.564649 0.036290
v -0.042858 0.564416 0.036847
v -0.045044 0.564387 0.037270
v -0.040167 0.561135 0.037589
v -0.042527 0.560852 0.038167
v -0.044867 0.560785 0.038614
v -0.059470 0.570485 0.033228
v -0.060225 0.571776 0.032481
v -0.060812 0.573204 0.031587
v -0.060131 0.568014 0.034564
v -0.060891 0.569847 0.033640
v -0.061465 0.571846 0.032513
v -0.061110 0.565486 0.035760
v -0.061883 0.567998 0.034649
v -0.062442 0.570561 0.033338
v -0.093447 0.565194 0.034292
v -0.095484 0.564383 0.034077
v -0.097574 0.563710 0.033585
v -0.092954 0.562211 0.035665
v -0.095216 0.561250 0.035368
v -0.097481 0.560496 0.034774
v -0.092302 0.559013 0.036889
v -0.094913 0.557946 0.036474
v -0.097388 0.557136 0.035784
v -0.054819 0.568289 0.035052
v -0.056165 0.568447 0.034720
v -0.057421 0.568802 0.034327
v -0.055136 0.564962 0.036574
v -0.056570 0.565194 0.036234
v -0.057938 0.565665 0.035827
v -0.055439 0.561476 0.037910
v -0.056994 0.561746 0.037571
v -0.058568 0.562264 0.037187
v -0.086109 0.568279 0.033222
v -0.087417 0.569187 0.032566
v -0.088313 0.570266 0.031797
v -0.086935 0.565651 0.034757
v -0.088238 0.567140 0.033888
v -0.089111 0.568796 0.032853
v -0.088126 0.562992 0.036027
v -0.089382 0.565188 0.034922
v -0.090202 0.567415 0.033670
v -0.017989 0.559222 0.031340
v -0.020053 0.560157 0.033162
v -0.022361 0.561154 0.034592
v -0.018243 0.556082 0.032020
v -0.020447 0.556961 0.033962
v -0.022886 0.557922 0.035515
v -0.018484 0.552999 0.032619
v -0.020824 0.553806 0.034650
v -0.023388 0.554712 0.036293
v -0.044862 0.579050 0.000875
v -0.042990 0.578945 0.001232
v -0.041048 0.578826 0.001793
v -0.044952 0.576374 0.001024
v -0.043090 0.576291 0.001258
v -0.041179 0.576221 0.001593
v -0.044995 0.573468 0.001016
v -0.043093 0.573444 0.001142
v -0.041157 0.573476 0.001329
v -0.069253 0.578766 0.001315
v -0.066990 0.578893 0.001682
v -0.064991 0.579020 0.002314
v -0.069291 0.576208 0.001367
v -0.067020 0.576342 0.001576
v -0.065039 0.576488 0.001951
v -0.069304 0.573426 0.001309
v -0.067001 0.573613 0.001398
v -0.065005 0.573851 0.001589
v -0.095350 0.574356 0.003484
v -0.093324 0.574883 0.003915
v -0.091338 0.575370 0.004533
v -0.095308 0.571885 0.003247
v -0.093294 0.572416 0.003411
v -0.091350 0.572919 0.003694
v -0.095221 0.569221 0.002823
v -0.093215 0.569785 0.002763
v -0.091293 0.570358 0.002807
v -0.086069 0.576180 0.006024
v -0.085439 0.576380 0.005809
v -0.084468 0.576755 0.005369
v -0.086134 0.574617 0.004732
v -0.085484 0.574615 0.004516
v -0.084459 0.574679 0.004159
v -0.086242 0.572949 0.003635
v -0.085608 0.572680 0.003377
v -0.084563 0.572444 0.003057
v -0.058049 0.579470 0.003905
v -0.057410 0.579537 0.003628
v -0.056766 0.579685 0.003232
v -0.058130 0.577832 0.003131
v -0.057477 0.577707 0.002887
v -0.056799 0.577554 0.002571
v -0.058349 0.576117 0.002551
v -0.057718 0.575736 0.002323
v -0.057017 0.575297 0.002057
v -0.032581 0.576706 0.003504
v -0.031730 0.576277 0.003154
v -0.030797 0.575852 0.002676
v -0.032764 0.575061 0.002658
v -0.031872 0.574428 0.002333
v -0.030872 0.573700 0.001951
v -0.033068 0.573390 0.002096
v -0.032196 0.572527 0.001772
v -0.031161 0.571527 0.001425
v -0.027915 0.574432 0.001668
v -0.025965 0.573404 0.001509
v -0.023864 0.572359 0.001784
v -0.028002 0.571913 0.001408
v -0.026105 0.570884 0.001457
v -0.024039 0.569831 0.001856
v -0.028232 0.569387 0.001067
v -0.026340 0.568308 0.001233
v -0.024281 0.567228 0.001725
v -0.050624 0.579426 0.001009
v -0.049414 0.579337 0.000815
v -0.048086 0.579246 0.000701
v -0.050705 0.576763 0.001117
v -0.049499 0.576663 0.000978
v -0.048174 0.576564 0.000898
v -0.050847 0.573882 0.001096
v -0.049631 0.573749 0.001010
v -0.048288 0.573631 0.000957
v -0.080507 0.577638 0.003538
v -0.077661 0.577985 0.002494
v -0.074683 0.578317 0.001718
v -0.080537 0.575094 0.002972
v -0.077741 0.575411 0.002283
v -0.074766 0.575743 0.001727
v -0.080624 0.572429 0.002284
v -0.077837 0.572655 0.001889
v -0.074849 0.572944 0.001563
v -0.019510 0.570266 0.003747
v -0.017456 0.569283 0.005363
v -0.015658 0.568428 0.007283
v -0.019760 0.567703 0.003929
v -0.017754 0.566699 0.005573
v -0.015997 0.565822 0.007513
v -0.020032 0.565069 0.003930
v -0.018048 0.564052 0.005624
v -0.016309 0.563161 0.007609
v -0.101394 0.571975 0.004061
v -0.100207 0.572578 0.003583
v -0.098844 0.573195 0.003316
v -0.101339 0.569508 0.004274
v -0.100162 0.570113 0.003755
v -0.098803 0.570727 0.003408
v -0.101280 0.566830 0.004289
v -0.100096 0.567432 0.003723
v -0.098728 0.568044 0.003294
v -0.069190 0.566718 0.001169
v -0.066703 0.567208 0.001107
v -0.064544 0.567900 0.001064
v -0.069066 0.562829 0.001211
v -0.066429 0.563537 0.001104
v -0.064105 0.564536 0.000971
v -0.068927 0.558790 0.001398
v -0.066126 0.559692 0.001267
v -0.063576 0.560953 0.001052
v -0.020775 0.559439 0.003404
v -0.018693 0.558398 0.005290
v -0.016853 0.557493 0.007467
v -0.021231 0.556466 0.002987
v -0.019037 0.555424 0.004993
v -0.017089 0.554530 0.007297
v -0.021681 0.553468 0.002602
v -0.019368 0.552456 0.004714
v -0.017307 0.551597 0.007131
v -0.061284 0.570065 0.001242
v -0.060158 0.571464 0.001478
v -0.059313 0.572932 0.001770
v -0.060671 0.567636 0.000978
v -0.059553 0.569611 0.001184
v -0.058727 0.571649 0.001490
v -0.059853 0.565200 0.000835
v -0.058762 0.567865 0.000977
v -0.057973 0.570454 0.001258
v -0.051423 0.567013 0.000915
v -0.050139 0.566718 0.000905
v -0.048687 0.566504 0.000868
v -0.051849 0.563081 0.000896
v -0.050517 0.562673 0.000905
v -0.048986 0.562393 0.000856
v -0.052318 0.559043 0.001037
v -0.050942 0.558532 0.001048
v -0.049338 0.558193 0.000973
v -0.101100 0.560625 0.003649
v -0.099812 0.561219 0.002958
v -0.098351 0.561850 0.002384
v -0.100971 0.557125 0.003098
v -0.099588 0.557710 0.002337
v -0.098042 0.558357 0.001707
v -0.100820 0.553465 0.002560
v -0.099330 0.554034 0.001736
v -0.097685 0.554686 0.001064
v -0.081004 0.566317 0.001034
v -0.078137 0.566132 0.001077
v -0.075044 0.566174 0.001151
v -0.081318 0.562802 0.000585
v -0.078331 0.562353 0.000815
v -0.075140 0.562230 0.001057
v -0.081720 0.559008 0.000285
v -0.078515 0.558363 0.000703
v -0.075201 0.558116 0.001102
v -0.088005 0.567034 0.001269
v -0.087221 0.568410 0.001616
v -0.086719 0.569840 0.002109
v -0.087386 0.564693 0.000608
v -0.086608 0.566637 0.001031
v -0.086118 0.568644 0.001628
v -0.086293 0.562330 0.000170
v -0.085525 0.564997 0.000646
v -0.085054 0.567596 0.001284
v -0.094736 0.563180 0.001519
v -0.092718 0.563917 0.001234
v -0.090798 0.564770 0.001080
v -0.094321 0.559797 0.000779
v -0.092257 0.560641 0.000488
v -0.090266 0.561662 0.000343
v -0.093829 0.556208 0.000139
v -0.091671 0.557128 -0.000115
v -0.089489 0.558268 -0.000214
v -0.029295 0.564167 0.000046
v -0.027321 0.562879 0.000280
v -0.025189 0.561690 0.000881
v -0.030164 0.561379 -0.000561
v -0.028066 0.559988 -0.000325
v -0.025835 0.558749 0.000305
v -0.031236 0.558394 -0.001073
v -0.028893 0.556970 -0.000840
v -0.026511 0.555727 -0.000199
v -0.044981 0.566481 0.000677
v -0.042805 0.566720 0.000561
v -0.040615 0.567143 0.000499
v -0.044977 0.562465 0.000485
v -0.042568 0.562871 0.000212
v -0.040117 0.563526 -0.000014
v -0.045032 0.558351 0.000412
v -0.042359 0.558886 -0.000029
v -0.039539 0.559701 -0.000453
v -0.036851 0.568592 0.000740
v -0.035439 0.569568 0.001030
v -0.034338 0.570641 0.001353
v -0.036044 0.565786 0.000092
v -0.034618 0.567310 0.000441
v -0.033530 0.568938 0.000870
v -0.034922 0.562909 -0.000513
v -0.033486 0.565076 -0.000093
v -0.032430 0.567227 0.000425
v -0.037456 0.578170 0.003051
v -0.035957 0.577749 0.003458
v -0.034634 0.577420 0.003672
v -0.037640 0.576047 0.002351
v -0.036134 0.575933 0.002656
v -0.034820 0.575795 0.002836
v -0.037623 0.573737 0.001839
v -0.036158 0.573922 0.002093
v -0.034925 0.574057 0.002268
v -0.033852 0.577021 0.026324
v -0.035060 0.577344 0.026258
v -0.036011 0.577701 0.026357
v -0.033971 0.574850 0.028538
v -0.035148 0.575404 0.028312
v -0.036066 0.575906 0.028261
v -0.034134 0.572591 0.030499
v -0.035244 0.573367 0.030116
v -0.036083 0.574070 0.029868
v -0.033717 0.580365 0.021373
v -0.033563 0.581272 0.018833
v -0.033256 0.581726 0.016268
v -0.034622 0.580224 0.021622
v -0.034221 0.581003 0.019132
v -0.033731 0.581373 0.016563
v -0.035403 0.580334 0.021871
v -0.034839 0.581001 0.019386
v -0.034213 0.581287 0.016793
v -0.032402 0.581404 0.010932
v -0.031918 0.580647 0.008274
v -0.031406 0.579473 0.005836
v -0.032742 0.581021 0.011237
v -0.032325 0.580332 0.008644
v -0.031983 0.579302 0.006309
v -0.033149 0.580911 0.011454
v -0.032807 0.580293 0.008900
v -0.032597 0.579385 0.006625
v -0.061811 0.579088 0.003545
v -0.060616 0.579120 0.003870
v -0.059607 0.579256 0.004034
v -0.061893 0.576955 0.002752
v -0.060685 0.577280 0.003038
v -0.059677 0.577610 0.003216
v -0.061870 0.574732 0.002122
v -0.060693 0.575340 0.002384
v -0.059743 0.575915 0.002587
v -0.058462 0.579722 0.025430
v -0.059392 0.579662 0.025169
v -0.060214 0.579740 0.024987
v -0.058558 0.577538 0.027786
v -0.059436 0.577790 0.027433
v -0.060211 0.578068 0.027163
v -0.058739 0.575244 0.029872
v -0.059558 0.575788 0.029415
v -0.060259 0.576318 0.029003
v -0.058635 0.582933 0.019957
v -0.058774 0.583748 0.017090
v -0.058788 0.584189 0.014322
v -0.059462 0.582440 0.019946
v -0.059486 0.583233 0.017164
v -0.059412 0.583675 0.014446
v -0.060233 0.582304 0.019889
v -0.060182 0.583069 0.017161
v -0.060039 0.583500 0.014483
v -0.058327 0.584155 0.009418
v -0.057886 0.583683 0.007368
v -0.057386 0.582850 0.005600
v -0.058823 0.583615 0.009637
v -0.058358 0.583122 0.007661
v -0.057894 0.582295 0.005984
v -0.059363 0.583401 0.009766
v -0.058892 0.582883 0.007852
v -0.058454 0.582053 0.006238
v -0.088422 0.575803 0.005614
v -0.087609 0.575837 0.005874
v -0.087020 0.575936 0.006026
v -0.088486 0.573750 0.004307
v -0.087655 0.574080 0.004545
v -0.087066 0.574375 0.004725
v -0.088463 0.571573 0.003138
v -0.087643 0.572188 0.003381
v -0.087082 0.572732 0.003623
v -0.084601 0.577788 0.025583
v -0.086043 0.577248 0.025330
v -0.087235 0.576887 0.025212
v -0.084775 0.575640 0.027701
v -0.086199 0.575419 0.027392
v -0.087351 0.575259 0.027231
v -0.085084 0.573298 0.029669
v -0.086453 0.573389 0.029291
v -0.087505 0.573514 0.029020
v -0.084936 0.580477 0.020910
v -0.085256 0.580888 0.018550
v -0.085453 0.580979 0.016283
v -0.086013 0.579576 0.020898
v -0.086065 0.580013 0.018645
v -0.086078 0.580135 0.016451
v -0.087010 0.579066 0.020844
v -0.086877 0.579524 0.018643
v -0.086726 0.579678 0.016493
v -0.085481 0.580668 0.012100
v -0.085306 0.580284 0.010187
v -0.084989 0.579624 0.008385
v -0.085938 0.579855 0.012394
v -0.085793 0.579478 0.010556
v -0.085621 0.578837 0.008837
v -0.086399 0.579435 0.012512
v -0.086247 0.579063 0.010713
v -0.086126 0.578440 0.009035
v -0.107119 0.570604 0.016134
v -0.107068 0.567812 0.016433
v -0.107090 0.564914 0.016718
v -0.107087 0.570839 0.017594
v -0.107048 0.568042 0.017937
v -0.107076 0.565138 0.018272
v -0.106971 0.571102 0.019023
v -0.106942 0.568307 0.019419
v -0.106975 0.565404 0.019812
v -0.107962 0.552904 0.021440
v -0.107657 0.556151 0.021022
v -0.107348 0.559318 0.020611
v -0.108075 0.552643 0.019647
v -0.107766 0.555887 0.019288
v -0.107453 0.559053 0.018943
v -0.108081 0.552425 0.017845
v -0.107774 0.555670 0.017547
v -0.107462 0.558836 0.017267
v -0.106972 0.570201 0.013181
v -0.106774 0.570060 0.011724
v -0.106447 0.569997 0.010313
v -0.106887 0.567455 0.013416
v -0.106666 0.567352 0.011938
v -0.106322 0.567333 0.010514
v -0.106880 0.564598 0.013615
v -0.106638 0.564527 0.012101
v -0.106274 0.564543 0.010646
v -0.107031 0.552036 0.010706
v -0.107487 0.552054 0.012443
v -0.107796 0.552127 0.014229
v -0.106774 0.555340 0.010693
v -0.107207 0.555329 0.012351
v -0.107503 0.555385 0.014062
v -0.106519 0.558541 0.010711
v -0.106928 0.558510 0.012287
v -0.107208 0.558557 0.013923
v -0.013206 0.567850 0.021059
v -0.013783 0.568414 0.023272
v -0.014635 0.569119 0.025302
v -0.013418 0.565117 0.021430
v -0.013955 0.565673 0.023675
v -0.014778 0.566376 0.025765
v -0.013575 0.562342 0.021740
v -0.014083 0.562876 0.024022
v -0.014888 0.563558 0.026177
v -0.013667 0.550879 0.022919
v -0.013688 0.553702 0.022655
v -0.013699 0.556604 0.022348
v -0.014200 0.551246 0.025468
v -0.014203 0.554116 0.025127
v -0.014198 0.557064 0.024744
v -0.015129 0.551717 0.027948
v -0.015088 0.554651 0.027524
v -0.015038 0.557658 0.027055
v -0.012719 0.567210 0.016366
v -0.013019 0.564508 0.016693
v -0.013255 0.561777 0.016947
v -0.012847 0.567172 0.013998
v -0.013185 0.564492 0.014297
v -0.013458 0.561781 0.014516
v -0.013330 0.567350 0.011667
v -0.013691 0.564695 0.011939
v -0.013993 0.562002 0.012119
v -0.014482 0.550568 0.012362
v -0.014426 0.553421 0.012343
v -0.014351 0.556339 0.012303
v -0.013782 0.550414 0.015021
v -0.013769 0.553232 0.014938
v -0.013739 0.556124 0.014824
v -0.013462 0.550443 0.017678
v -0.013473 0.553240 0.017540
v -0.013469 0.556116 0.017363
v -0.039398 0.553591 0.039649
v -0.042059 0.553553 0.040096
v -0.044600 0.553508 0.040504
v -0.039313 0.549785 0.040340
v -0.041976 0.549845 0.040716
v -0.044549 0.549830 0.041073
v -0.039257 0.545957 0.040897
v -0.041954 0.546042 0.041229
v -0.044565 0.546042 0.041541
v -0.106518 0.547394 0.029496
v -0.107198 0.547067 0.027777
v -0.107710 0.546751 0.025986
v -0.106551 0.543819 0.029987
v -0.107220 0.543526 0.028255
v -0.107720 0.543242 0.026451
v -0.106508 0.540181 0.030435
v -0.107159 0.539924 0.028700
v -0.107640 0.539675 0.026893
v -0.081814 0.550558 0.000487
v -0.078447 0.550172 0.001158
v -0.075084 0.549996 0.001775
v -0.081415 0.546238 0.000998
v -0.078175 0.546102 0.001715
v -0.074904 0.546076 0.002394
v -0.080998 0.542038 0.001648
v -0.077858 0.542068 0.002402
v -0.074685 0.542157 0.003127
v -0.018744 0.547350 0.033364
v -0.021245 0.547976 0.035500
v -0.023960 0.548702 0.037256
v -0.018612 0.544731 0.033463
v -0.021138 0.545242 0.035637
v -0.023888 0.545842 0.037441
v -0.018160 0.542066 0.033387
v -0.020712 0.542436 0.035613
v -0.023509 0.542883 0.037482
v -0.022372 0.547639 0.002330
v -0.019893 0.546826 0.004509
v -0.017692 0.546158 0.007010
v -0.022565 0.544781 0.002480
v -0.020039 0.544125 0.004604
v -0.017809 0.543601 0.007057
v -0.022656 0.541847 0.002737
v -0.020075 0.541351 0.004760
v -0.017807 0.540973 0.007115
v -0.068714 0.550869 0.002395
v -0.065803 0.551881 0.002356
v -0.063102 0.553032 0.002183
v -0.068660 0.547009 0.003184
v -0.065821 0.547922 0.003251
v -0.063238 0.548855 0.003189
v -0.068624 0.543039 0.004075
v -0.065884 0.543792 0.004247
v -0.063411 0.544518 0.004288
v -0.091674 0.551486 0.038825
v -0.094703 0.550701 0.038139
v -0.097378 0.549972 0.037311
v -0.091862 0.547423 0.039489
v -0.094823 0.546831 0.038749
v -0.097456 0.546205 0.037887
v -0.092068 0.543419 0.040040
v -0.094953 0.542919 0.039283
v -0.097524 0.542366 0.038404
v -0.029247 0.550465 0.039164
v -0.031708 0.551483 0.039376
v -0.034163 0.552538 0.039341
v -0.029236 0.547324 0.039511
v -0.031711 0.548149 0.039846
v -0.034163 0.548929 0.039957
v -0.028981 0.544036 0.039747
v -0.031520 0.544679 0.040207
v -0.034026 0.545267 0.040439
v -0.033093 0.551472 -0.001156
v -0.030293 0.550532 -0.001030
v -0.027614 0.549533 -0.000466
v -0.033680 0.547796 -0.000689
v -0.030783 0.547150 -0.000660
v -0.027985 0.546358 -0.000182
v -0.034212 0.544155 -0.000050
v -0.031200 0.543702 -0.000111
v -0.028275 0.543090 0.000273
v -0.045531 0.550574 0.001024
v -0.042579 0.551126 0.000345
v -0.039370 0.551748 -0.000351
v -0.046000 0.546934 0.001719
v -0.043058 0.547418 0.000985
v -0.039899 0.547895 0.000248
v -0.046579 0.543243 0.002555
v -0.043658 0.543697 0.001783
v -0.040518 0.544121 0.001009
v -0.100465 0.545997 0.002024
v -0.098770 0.546484 0.001121
v -0.096927 0.547076 0.000418
v -0.100270 0.542265 0.002106
v -0.098491 0.542688 0.001192
v -0.096562 0.543213 0.000498
v -0.100071 0.538526 0.002362
v -0.098222 0.538880 0.001452
v -0.096217 0.539327 0.000780
v -0.013693 0.545767 0.023173
v -0.014221 0.546042 0.025845
v -0.015179 0.546390 0.028457
v -0.013631 0.543437 0.023104
v -0.014121 0.543668 0.025814
v -0.015050 0.543953 0.028472
v -0.013344 0.541105 0.022871
v -0.013763 0.541291 0.025607
v -0.014634 0.541505 0.028304
v -0.055844 0.554087 0.039929
v -0.057573 0.554256 0.039671
v -0.059489 0.554424 0.039482
v -0.055955 0.550212 0.040662
v -0.057710 0.550285 0.040469
v -0.059659 0.550277 0.040362
v -0.056073 0.546231 0.041309
v -0.057841 0.546243 0.041173
v -0.059811 0.546165 0.041112
v -0.108304 0.546180 0.022295
v -0.108415 0.545936 0.020423
v -0.108415 0.545721 0.018538
v -0.108295 0.542718 0.022729
v -0.108400 0.542486 0.020839
v -0.108396 0.542278 0.018937
v -0.108189 0.539204 0.023163
v -0.108289 0.538987 0.021269
v -0.108283 0.538787 0.019361
v -0.014670 0.545414 0.012369
v -0.013909 0.545336 0.015068
v -0.013545 0.545397 0.017769
v -0.014742 0.543054 0.012331
v -0.013954 0.543021 0.014997
v -0.013559 0.543099 0.017678
v -0.014675 0.540642 0.012220
v -0.013846 0.540671 0.014823
v -0.013402 0.540782 0.017461
v -0.077274 0.551580 0.040836
v -0.080950 0.551713 0.040523
v -0.084662 0.551979 0.040024
v -0.077707 0.547799 0.041428
v -0.081402 0.547829 0.041149
v -0.085074 0.547903 0.040701
v -0.078135 0.544040 0.041890
v -0.081817 0.543986 0.041635
v -0.085437 0.543937 0.041225
v -0.092778 0.548528 -0.000384
v -0.090444 0.549358 -0.000490
v -0.087896 0.550197 -0.000401
v -0.092274 0.544515 -0.000213
v -0.089894 0.545215 -0.000234
v -0.087317 0.545841 -0.000040
v -0.091807 0.540453 0.000167
v -0.089391 0.541047 0.000219
v -0.086801 0.541562 0.000494
v -0.053242 0.551299 0.002095
v -0.051831 0.550722 0.002061
v -0.050156 0.550348 0.001906
v -0.053691 0.547545 0.002994
v -0.052295 0.547024 0.002916
v -0.050629 0.546693 0.002714
v -0.054173 0.543582 0.004009
v -0.052804 0.543173 0.003884
v -0.051164 0.542932 0.003636
v -0.108110 0.545396 0.014744
v -0.107784 0.545287 0.012859
v -0.107302 0.545214 0.011009
v -0.108087 0.541944 0.015106
v -0.107758 0.541822 0.013200
v -0.107274 0.541729 0.011324
v -0.107975 0.538448 0.015520
v -0.107647 0.538315 0.013607
v -0.107165 0.538206 0.011720
v -0.064346 0.553662 0.039843
v -0.067250 0.552813 0.040316
v -0.070379 0.552124 0.040709
v -0.064515 0.549558 0.040671
v -0.067457 0.548918 0.041023
v -0.070664 0.548339 0.041334
v -0.064741 0.545535 0.041361
v -0.067737 0.545040 0.041620
v -0.071011 0.544563 0.041851
v -0.015899 0.536026 0.032756
v -0.018627 0.536015 0.035193
v -0.021681 0.536067 0.037307
v -0.014162 0.532516 0.032327
v -0.017106 0.532244 0.034929
v -0.020393 0.532059 0.037211
v -0.012286 0.528664 0.031999
v -0.015561 0.528084 0.034777
v -0.019124 0.527646 0.037209
v -0.047979 0.535017 0.004279
v -0.045052 0.535619 0.003455
v -0.041855 0.536179 0.002620
v -0.048774 0.530470 0.005053
v -0.045810 0.531224 0.004195
v -0.042550 0.531929 0.003319
v -0.049622 0.525849 0.005742
v -0.046604 0.526753 0.004817
v -0.043262 0.527607 0.003868
v -0.055359 0.534205 0.005997
v -0.054064 0.534162 0.005795
v -0.052488 0.534246 0.005475
v -0.056074 0.528899 0.006878
v -0.054824 0.529066 0.006652
v -0.053280 0.529350 0.006307
v -0.056844 0.523603 0.007695
v -0.055648 0.523948 0.007454
v -0.054141 0.524405 0.007086
v -0.027795 0.536493 0.040150
v -0.030668 0.536839 0.040905
v -0.033491 0.537195 0.041388
v -0.027000 0.532128 0.040400
v -0.030123 0.532368 0.041321
v -0.033181 0.532664 0.041947
v -0.026236 0.527399 0.040705
v -0.029619 0.527576 0.041786
v -0.032921 0.527861 0.042552
v -0.107775 0.532067 0.024025
v -0.107875 0.531885 0.022147
v -0.107877 0.531705 0.020253
v -0.107524 0.528474 0.024459
v -0.107630 0.528308 0.022594
v -0.107640 0.528137 0.020714
v -0.107290 0.524889 0.024904
v -0.107403 0.524732 0.023052
v -0.107424 0.524566 0.021186
v -0.080285 0.533760 0.003136
v -0.077258 0.533897 0.003936
v -0.074235 0.533992 0.004718
v -0.079992 0.529612 0.003903
v -0.076990 0.529730 0.004710
v -0.074016 0.529740 0.005502
v -0.079710 0.525468 0.004661
v -0.076721 0.525557 0.005465
v -0.073781 0.525477 0.006253
v -0.056520 0.537970 0.042646
v -0.058294 0.537958 0.042579
v -0.060283 0.537892 0.042555
v -0.056877 0.533727 0.043398
v -0.058646 0.533733 0.043343
v -0.060630 0.533699 0.043324
v -0.057294 0.529453 0.044183
v -0.059054 0.529491 0.044132
v -0.061027 0.529499 0.044112
v -0.107591 0.531367 0.016441
v -0.107277 0.531216 0.014538
v -0.106811 0.531080 0.012652
v -0.107374 0.527802 0.016928
v -0.107068 0.527644 0.015035
v -0.106612 0.527496 0.013156
v -0.107176 0.524232 0.017426
v -0.106878 0.524069 0.015545
v -0.106430 0.523909 0.013674
v -0.022547 0.535411 0.003285
v -0.019729 0.535140 0.005005
v -0.017245 0.534975 0.007057
v -0.022381 0.531915 0.003417
v -0.019364 0.531700 0.004957
v -0.016666 0.531589 0.006825
v -0.022184 0.528354 0.003337
v -0.018937 0.528185 0.004687
v -0.015952 0.528104 0.006361
v -0.078758 0.536448 0.042910
v -0.082332 0.536296 0.042672
v -0.085816 0.536124 0.042298
v -0.078932 0.532599 0.043555
v -0.082419 0.532425 0.043314
v -0.085818 0.532221 0.042939
v -0.079059 0.528737 0.044246
v -0.082453 0.528556 0.043996
v -0.085762 0.528337 0.043614
v -0.011590 0.536016 0.021842
v -0.011754 0.536089 0.024602
v -0.012419 0.536096 0.027376
v -0.010169 0.533391 0.021105
v -0.010147 0.533360 0.023872
v -0.010639 0.533146 0.026701
v -0.008616 0.531034 0.020322
v -0.008379 0.530847 0.023097
v -0.008623 0.530250 0.025999
v -0.035216 0.536620 0.001361
v -0.031939 0.536449 0.001146
v -0.028720 0.536128 0.001336
v -0.035704 0.532663 0.001954
v -0.032286 0.532636 0.001663
v -0.028909 0.532447 0.001756
v -0.036183 0.528642 0.002351
v -0.032620 0.528761 0.001978
v -0.029081 0.528703 0.001971
v -0.106211 0.532783 0.031242
v -0.106822 0.532599 0.029511
v -0.107266 0.532423 0.027719
v -0.105993 0.529073 0.031637
v -0.106590 0.528922 0.029907
v -0.107022 0.528779 0.028125
v -0.105772 0.525402 0.032058
v -0.106360 0.525276 0.030325
v -0.106786 0.525157 0.028548
v -0.013747 0.535095 0.011644
v -0.012750 0.535342 0.014056
v -0.012121 0.535618 0.016552
v -0.012855 0.532015 0.011145
v -0.011759 0.532480 0.013477
v -0.011014 0.532912 0.015902
v -0.011754 0.529030 0.010523
v -0.010606 0.529837 0.012830
v -0.009769 0.530471 0.015205
v -0.099683 0.530991 0.003197
v -0.097735 0.531215 0.002326
v -0.095623 0.531517 0.001715
v -0.099499 0.527196 0.003711
v -0.097519 0.527363 0.002866
v -0.095373 0.527603 0.002290
v -0.099321 0.523395 0.004270
v -0.097316 0.523506 0.003453
v -0.095143 0.523688 0.002910
v -0.039227 0.537696 0.042069
v -0.042099 0.537807 0.042379
v -0.044839 0.537859 0.042637
v -0.039281 0.533174 0.042781
v -0.042273 0.533336 0.043102
v -0.045099 0.533451 0.043351
v -0.039400 0.528463 0.043550
v -0.042516 0.528706 0.043890
v -0.045429 0.528907 0.044135
v -0.091042 0.532324 0.001290
v -0.088584 0.532776 0.001455
v -0.085985 0.533197 0.001836
v -0.090742 0.528287 0.001946
v -0.088274 0.528686 0.002150
v -0.085674 0.529067 0.002566
v -0.090474 0.524260 0.002635
v -0.087998 0.524610 0.002869
v -0.085393 0.524954 0.003308
v -0.065311 0.537504 0.042711
v -0.068371 0.537205 0.042857
v -0.071690 0.536900 0.042975
v -0.065647 0.533440 0.043453
v -0.068693 0.533227 0.043569
v -0.071985 0.532997 0.043657
v -0.066005 0.529370 0.044218
v -0.069018 0.529236 0.044313
v -0.072263 0.529075 0.044379
v -0.068584 0.534218 0.005885
v -0.066085 0.534363 0.006208
v -0.063848 0.534490 0.006391
v -0.068557 0.529433 0.006720
v -0.066193 0.529173 0.007083
v -0.064096 0.528916 0.007304
v -0.068504 0.524674 0.007490
v -0.066279 0.524046 0.007875
v -0.064329 0.523441 0.008119
v -0.092180 0.535512 0.041149
v -0.094959 0.535069 0.040374
v -0.097445 0.534599 0.039462
v -0.092061 0.531589 0.041776
v -0.094812 0.531167 0.040983
v -0.097285 0.530729 0.040046
v -0.091890 0.527707 0.042430
v -0.094619 0.527310 0.041620
v -0.097086 0.526904 0.040658
v -0.052795 0.484298 0.010116
v -0.049012 0.484945 0.008441
v -0.044722 0.485762 0.006712
v -0.051889 0.480466 0.011446
v -0.048033 0.481103 0.009970
v -0.043681 0.481923 0.008443
v -0.050782 0.476863 0.013187
v -0.046862 0.477529 0.011936
v -0.042462 0.478393 0.010635
v -0.035487 0.487811 0.003918
v -0.030844 0.489002 0.003033
v -0.026299 0.490280 0.002456
v -0.034368 0.484070 0.005938
v -0.029711 0.485359 0.005113
v -0.025165 0.486759 0.004544
v -0.033112 0.480706 0.008461
v -0.028464 0.482120 0.007713
v -0.023942 0.483661 0.007166
v -0.017816 0.493020 0.002076
v -0.014047 0.494425 0.002141
v -0.010710 0.495803 0.002250
v -0.016720 0.489781 0.004046
v -0.012973 0.491336 0.004009
v -0.009640 0.492869 0.004014
v -0.015576 0.486987 0.006563
v -0.011867 0.488697 0.006424
v -0.008553 0.490387 0.006318
v -0.021844 0.521411 0.002224
v -0.018295 0.521449 0.003142
v -0.015034 0.521493 0.004200
v -0.021695 0.518053 0.001296
v -0.018093 0.518269 0.002008
v -0.014866 0.518483 0.002776
v -0.021502 0.514681 0.000366
v -0.017852 0.515094 0.000927
v -0.014623 0.515500 0.001519
v -0.020832 0.507616 -0.000771
v -0.017100 0.508406 -0.000400
v -0.013818 0.509172 0.000011
v -0.020305 0.503922 -0.000756
v -0.016547 0.504876 -0.000455
v -0.013244 0.505801 -0.000112
v -0.019633 0.500206 -0.000298
v -0.015859 0.501315 -0.000066
v -0.012540 0.502392 0.000212
v -0.037104 0.520605 0.002243
v -0.033236 0.521004 0.001656
v -0.029380 0.521234 0.001432
v -0.037499 0.516610 0.001804
v -0.033478 0.517136 0.001094
v -0.029474 0.517523 0.000762
v -0.037788 0.512587 0.001303
v -0.033623 0.513233 0.000481
v -0.029486 0.513775 0.000052
v -0.037871 0.504335 0.000728
v -0.033469 0.505187 -0.000231
v -0.029117 0.506008 -0.000779
v -0.037607 0.500127 0.000878
v -0.033118 0.501067 -0.000096
v -0.028690 0.502009 -0.000666
v -0.037126 0.495931 0.001416
v -0.032569 0.496955 0.000455
v -0.028084 0.498010 -0.000123
v -0.051447 0.517037 0.006793
v -0.048280 0.518087 0.005570
v -0.044726 0.519111 0.004302
v -0.052340 0.512928 0.007158
v -0.049087 0.513952 0.005721
v -0.045413 0.514981 0.004226
v -0.053119 0.508903 0.007443
v -0.049779 0.509867 0.005793
v -0.045986 0.510868 0.004075
v -0.054039 0.500751 0.007868
v -0.050540 0.501575 0.005938
v -0.046543 0.502497 0.003934
v -0.054108 0.496581 0.008121
v -0.050539 0.497349 0.006157
v -0.046460 0.498238 0.004123
v -0.053919 0.492413 0.008520
v -0.050281 0.493133 0.006590
v -0.046128 0.493993 0.004596
v -0.088608 0.484643 0.011509
v -0.085927 0.484181 0.011534
v -0.083152 0.483907 0.011702
v -0.088611 0.481188 0.013024
v -0.085932 0.480630 0.013004
v -0.083169 0.480265 0.013108
v -0.088638 0.477960 0.014740
v -0.085962 0.477298 0.014686
v -0.083214 0.476833 0.014733
v -0.097946 0.487627 0.013039
v -0.095879 0.486775 0.012414
v -0.093611 0.485974 0.011945
v -0.097884 0.484720 0.014496
v -0.095846 0.483709 0.013928
v -0.093599 0.482761 0.013486
v -0.097859 0.482073 0.016074
v -0.095844 0.480893 0.015583
v -0.093614 0.479788 0.015189
v -0.077407 0.484053 0.012396
v -0.074590 0.484382 0.012852
v -0.071982 0.484716 0.013313
v -0.077518 0.480217 0.013637
v -0.074772 0.480448 0.014005
v -0.072221 0.480701 0.014386
v -0.077666 0.476556 0.015084
v -0.074991 0.476666 0.015346
v -0.072493 0.476814 0.015628
v -0.079090 0.517225 0.006085
v -0.076103 0.517331 0.006850
v -0.073213 0.517225 0.007597
v -0.078746 0.513115 0.006753
v -0.075757 0.513282 0.007486
v -0.072888 0.513254 0.008200
v -0.078404 0.508986 0.007414
v -0.075413 0.509228 0.008112
v -0.072567 0.509311 0.008792
v -0.077801 0.500595 0.008788
v -0.074825 0.500972 0.009426
v -0.072033 0.501262 0.010047
v -0.077577 0.496360 0.009545
v -0.074621 0.496774 0.010155
v -0.071865 0.497130 0.010750
v -0.077427 0.492160 0.010381
v -0.074503 0.492582 0.010956
v -0.071789 0.492970 0.011520
v -0.098987 0.515817 0.005472
v -0.096935 0.515807 0.004705
v -0.094713 0.515866 0.004213
v -0.098830 0.512059 0.006122
v -0.096755 0.511980 0.005372
v -0.094508 0.511967 0.004896
v -0.098679 0.508334 0.006826
v -0.096583 0.508179 0.006089
v -0.094314 0.508085 0.005622
v -0.098393 0.501025 0.008466
v -0.096274 0.500685 0.007749
v -0.093976 0.500395 0.007280
v -0.098261 0.497479 0.009431
v -0.096142 0.497029 0.008725
v -0.093839 0.496624 0.008249
v -0.098140 0.494044 0.010509
v -0.096030 0.493472 0.009818
v -0.093731 0.492943 0.009337
v -0.089960 0.516199 0.004033
v -0.087452 0.516451 0.004302
v -0.084820 0.516726 0.004760
v -0.089703 0.512159 0.004739
v -0.087169 0.512354 0.005012
v -0.084513 0.512592 0.005466
v -0.089456 0.508115 0.005468
v -0.086893 0.508241 0.005735
v -0.084209 0.508436 0.006177
v -0.089025 0.500024 0.007069
v -0.086404 0.499976 0.007287
v -0.083666 0.500046 0.007672
v -0.088856 0.496020 0.007983
v -0.086210 0.495867 0.008161
v -0.083450 0.495857 0.008503
v -0.088727 0.492095 0.009010
v -0.086061 0.491835 0.009140
v -0.083287 0.491738 0.009430
v -0.058457 0.514309 0.009182
v -0.057413 0.514768 0.008936
v -0.056007 0.515343 0.008509
v -0.059229 0.510426 0.009848
v -0.058272 0.510819 0.009605
v -0.056925 0.511332 0.009141
v -0.059914 0.506786 0.010442
v -0.059036 0.507073 0.010198
v -0.057739 0.507485 0.009694
v -0.062203 0.491632 0.012546
v -0.062804 0.491745 0.012691
v -0.063464 0.491915 0.012793
v -0.062135 0.495555 0.012039
v -0.062710 0.495642 0.012147
v -0.063352 0.495800 0.012213
v -0.061944 0.499356 0.011589
v -0.062522 0.499396 0.011666
v -0.063180 0.499529 0.011699
v -0.059192 0.475970 0.015739
v -0.059921 0.479686 0.014466
v -0.060470 0.483535 0.013480
v -0.058005 0.475995 0.015445
v -0.058841 0.479679 0.014117
v -0.059486 0.483512 0.013110
v -0.056351 0.476121 0.014973
v -0.057287 0.479774 0.013559
v -0.058024 0.483597 0.012498
v -0.064645 0.514202 0.009453
v -0.064724 0.510535 0.010002
v -0.064779 0.507164 0.010514
v -0.066303 0.515118 0.009188
v -0.066246 0.511397 0.009737
v -0.066176 0.507899 0.010257
v -0.068262 0.516059 0.008795
v -0.068084 0.512262 0.009352
v -0.067901 0.508612 0.009888
v -0.067598 0.493132 0.012385
v -0.067578 0.497180 0.011674
v -0.067629 0.501131 0.011028
v -0.066178 0.492874 0.012638
v -0.066115 0.496859 0.011958
v -0.066096 0.500718 0.011344
v -0.065084 0.492518 0.012783
v -0.064988 0.496449 0.012135
v -0.064902 0.500232 0.011554
v -0.068344 0.476851 0.016133
v -0.068116 0.480835 0.015018
v -0.067885 0.484912 0.014039
v -0.066721 0.476697 0.016315
v -0.066595 0.480671 0.015219
v -0.066436 0.484727 0.014253
v -0.065331 0.476496 0.016430
v -0.065334 0.480436 0.015332
v -0.065275 0.484454 0.014366
v -0.066753 0.521302 0.045732
v -0.069680 0.521306 0.045783
v -0.072815 0.521268 0.045804
v -0.067137 0.517339 0.046453
v -0.070018 0.517404 0.046476
v -0.073100 0.517421 0.046469
v -0.067530 0.513438 0.047138
v -0.070362 0.513562 0.047132
v -0.073389 0.513632 0.047095
v -0.058219 0.520943 0.045772
v -0.059953 0.521071 0.045717
v -0.061891 0.521179 0.045685
v -0.058710 0.516754 0.046543
v -0.060426 0.516933 0.046484
v -0.062342 0.517096 0.046444
v -0.059232 0.512625 0.047282
v -0.060924 0.512859 0.047219
v -0.062811 0.513078 0.047171
v -0.009985 0.519502 0.032918
v -0.013603 0.518490 0.035410
v -0.017473 0.517619 0.037771
v -0.009696 0.514403 0.033823
v -0.013246 0.513179 0.035961
v -0.017159 0.512040 0.038147
v -0.009433 0.509283 0.034265
v -0.012957 0.507755 0.036148
v -0.016966 0.506162 0.038212
v -0.091589 0.520131 0.043738
v -0.094260 0.519812 0.042913
v -0.096696 0.519495 0.041930
v -0.091497 0.516458 0.044363
v -0.094124 0.516192 0.043545
v -0.096530 0.515930 0.042568
v -0.091424 0.512867 0.044957
v -0.094003 0.512653 0.044153
v -0.096373 0.512446 0.043191
v -0.039899 0.518723 0.045153
v -0.043214 0.519216 0.045533
v -0.046262 0.519650 0.045774
v -0.040329 0.513786 0.045945
v -0.043697 0.514440 0.046339
v -0.046780 0.515018 0.046576
v -0.040929 0.508844 0.046709
v -0.044310 0.509674 0.047114
v -0.047395 0.510407 0.047344
v -0.079317 0.521064 0.045605
v -0.082542 0.520896 0.045336
v -0.085691 0.520684 0.044942
v -0.079476 0.517287 0.046230
v -0.082633 0.517138 0.045954
v -0.085715 0.516943 0.045558
v -0.079645 0.513572 0.046815
v -0.082740 0.513446 0.046531
v -0.085759 0.513277 0.046134
v -0.025305 0.516963 0.041527
v -0.029100 0.517200 0.042847
v -0.032799 0.517649 0.043854
v -0.025271 0.511270 0.041957
v -0.029223 0.511701 0.043397
v -0.033053 0.512351 0.044517
v -0.025576 0.505261 0.042289
v -0.029682 0.506070 0.043915
v -0.033591 0.507003 0.045163
v -0.008143 0.499662 0.032628
v -0.011483 0.497584 0.034001
v -0.015250 0.495096 0.035465
v -0.007158 0.495506 0.030450
v -0.010345 0.493279 0.031538
v -0.013851 0.490699 0.032601
v -0.006252 0.492029 0.027571
v -0.009351 0.489725 0.028430
v -0.012745 0.487161 0.029223
v -0.006605 0.487412 0.012641
v -0.005920 0.487147 0.016446
v -0.005571 0.487791 0.020365
v -0.009822 0.485408 0.012960
v -0.009072 0.485003 0.016872
v -0.008669 0.485540 0.020909
v -0.013401 0.483366 0.013276
v -0.012571 0.482795 0.017269
v -0.012099 0.483181 0.021402
v 0.031024 0.544382 -0.011705
v 0.030529 0.545293 -0.010605
v 0.030234 0.546125 -0.009283
v 0.032301 0.544754 -0.011570
v 0.031853 0.545622 -0.010526
v 0.031579 0.546428 -0.009244
v 0.033421 0.544948 -0.011347
v 0.033085 0.545760 -0.010364
v 0.032858 0.546542 -0.009106
v 0.040101 0.538328 -0.002390
v 0.039911 0.537910 -0.004222
v 0.039590 0.537642 -0.006038
v 0.040834 0.539505 -0.002654
v 0.040641 0.539065 -0.004386
v 0.040325 0.538753 -0.006080
v 0.041331 0.540573 -0.003002
v 0.041135 0.540086 -0.004632
v 0.040817 0.539701 -0.006162
v -0.001178 0.525719 0.006221
v -0.000406 0.526754 0.008156
v 0.000475 0.527569 0.010207
v -0.000224 0.525796 0.005877
v 0.000557 0.526820 0.007772
v 0.001446 0.527642 0.009783
v 0.000741 0.525892 0.005542
v 0.001508 0.526904 0.007405
v 0.002380 0.527730 0.009385
v 0.030251 0.547500 -0.006115
v 0.030536 0.548003 -0.004368
v 0.030968 0.548346 -0.002602
v 0.031563 0.547747 -0.006140
v 0.031799 0.548212 -0.004450
v 0.032162 0.548519 -0.002775
v 0.032791 0.547824 -0.006017
v 0.032940 0.548256 -0.004375
v 0.033171 0.548528 -0.002820
v 0.038495 0.537735 -0.009402
v 0.037722 0.538119 -0.010829
v 0.036822 0.538698 -0.011997
v 0.039338 0.538756 -0.009168
v 0.038657 0.539094 -0.010478
v 0.037839 0.539610 -0.011571
v 0.039983 0.539634 -0.008792
v 0.039419 0.539969 -0.009941
v 0.038681 0.540450 -0.010950
v 0.006758 0.503904 0.003396
v 0.005267 0.505121 0.001473
v 0.003719 0.506727 -0.000044
v 0.007582 0.504971 0.003087
v 0.006115 0.506119 0.001196
v 0.004593 0.507643 -0.000298
v 0.008357 0.505960 0.002794
v 0.006919 0.507046 0.000937
v 0.005431 0.508497 -0.000533
v -0.004566 0.520593 0.029075
v -0.004439 0.516183 0.030607
v -0.004233 0.511571 0.031457
v -0.002899 0.520720 0.028035
v -0.002726 0.516684 0.029620
v -0.002474 0.512323 0.030528
v -0.001612 0.520950 0.027268
v -0.001364 0.517114 0.028856
v -0.001041 0.512932 0.029772
v 0.034738 0.540346 -0.013291
v 0.033648 0.541338 -0.013377
v 0.032619 0.542374 -0.013121
v 0.035866 0.541089 -0.012861
v 0.034809 0.541982 -0.013005
v 0.033806 0.542911 -0.012828
v 0.036777 0.541792 -0.012253
v 0.035730 0.542581 -0.012467
v 0.034738 0.543372 -0.012389
v -0.001833 0.519589 -0.000044
v -0.002052 0.521414 0.001221
v -0.002032 0.523043 0.002724
v -0.000916 0.519892 -0.000223
v -0.001128 0.521635 0.001009
v -0.001100 0.523198 0.002468
v 0.000040 0.520196 -0.000413
v -0.000162 0.521866 0.000787
v -0.000127 0.523368 0.002207
v 0.008519 0.510563 0.023901
v 0.009172 0.508273 0.022094
v 0.009665 0.506433 0.019715
v 0.009801 0.511532 0.023013
v 0.010357 0.509325 0.021241
v 0.010731 0.507549 0.018921
v 0.010997 0.512461 0.022177
v 0.011465 0.510325 0.020437
v 0.011731 0.508598 0.018172
v 0.001024 0.510794 -0.001728
v 0.000010 0.513070 -0.001893
v -0.000795 0.515364 -0.001646
v 0.001932 0.511513 -0.001935
v 0.000922 0.513680 -0.002074
v 0.000118 0.515865 -0.001809
v 0.002828 0.512190 -0.002129
v 0.001837 0.514260 -0.002251
v 0.001047 0.516347 -0.001975
v 0.009932 0.503895 0.014073
v 0.009628 0.503191 0.011144
v 0.009004 0.502927 0.008309
v 0.010809 0.505072 0.013449
v 0.010457 0.504368 0.010617
v 0.009812 0.504084 0.007874
v 0.011631 0.506165 0.012861
v 0.011233 0.505458 0.010119
v 0.010568 0.505156 0.007461
v 0.002212 0.528454 0.014628
v 0.003001 0.528311 0.016905
v 0.003767 0.527524 0.019112
v 0.003182 0.528588 0.014116
v 0.003974 0.528501 0.016342
v 0.004761 0.527787 0.018492
v 0.004088 0.528726 0.013647
v 0.004879 0.528687 0.015830
v 0.005687 0.528042 0.017930
v 0.039627 0.540946 0.003835
v 0.039988 0.540124 0.002593
v 0.040156 0.539438 0.001087
v 0.040338 0.541934 0.003221
v 0.040702 0.541215 0.002064
v 0.040880 0.540590 0.000647
v 0.040749 0.542790 0.002634
v 0.041132 0.542214 0.001537
v 0.041342 0.541658 0.000176
v 0.005340 0.523318 0.022941
v 0.006157 0.520104 0.024287
v 0.006972 0.516652 0.025010
v 0.006470 0.523796 0.022191
v 0.007382 0.520712 0.023473
v 0.008273 0.517391 0.024145
v 0.007523 0.524257 0.021502
v 0.008524 0.521302 0.022717
v 0.009486 0.518111 0.023335
v 0.017875 0.515308 -0.002607
v 0.016568 0.516577 -0.004357
v 0.015251 0.518094 -0.005683
v 0.018710 0.516026 -0.003226
v 0.017376 0.517389 -0.004973
v 0.016030 0.518990 -0.006278
v 0.019545 0.516740 -0.003832
v 0.018174 0.518178 -0.005569
v 0.016789 0.519847 -0.006849
v 0.032187 0.548443 0.000736
v 0.032956 0.548149 0.002189
v 0.033839 0.547601 0.003426
v 0.033272 0.548595 0.000307
v 0.034011 0.548329 0.001631
v 0.034863 0.547833 0.002765
v 0.034111 0.548567 -0.000162
v 0.034856 0.548311 0.000990
v 0.035711 0.547849 0.002013
v 0.009538 0.530756 0.002035
v 0.009519 0.531362 0.004064
v 0.009678 0.531789 0.006224
v 0.009968 0.531231 0.001896
v 0.009909 0.531777 0.003932
v 0.010041 0.532147 0.006094
v 0.010392 0.531732 0.001717
v 0.010294 0.532213 0.003761
v 0.010399 0.532519 0.005928
v 0.010438 0.527057 -0.004132
v 0.010106 0.528164 -0.002897
v 0.009856 0.529144 -0.001462
v 0.011045 0.527776 -0.004359
v 0.010671 0.528820 -0.003087
v 0.010377 0.529739 -0.001628
v 0.011635 0.528514 -0.004622
v 0.011224 0.529502 -0.003319
v 0.010888 0.530364 -0.001836
v 0.020469 0.519556 0.016291
v 0.021104 0.517882 0.014433
v 0.021460 0.516480 0.012174
v 0.021132 0.520039 0.015853
v 0.021827 0.518387 0.013977
v 0.022240 0.516995 0.011703
v 0.021804 0.520561 0.015392
v 0.022560 0.518936 0.013497
v 0.023031 0.517559 0.011210
v 0.012989 0.521356 -0.006791
v 0.012129 0.522935 -0.006598
v 0.011430 0.524431 -0.006027
v 0.013714 0.522307 -0.007285
v 0.012829 0.523851 -0.007018
v 0.012104 0.525288 -0.006372
v 0.014408 0.523217 -0.007765
v 0.013499 0.524738 -0.007439
v 0.012751 0.526132 -0.006732
v 0.021307 0.514545 0.007039
v 0.020811 0.514080 0.004406
v 0.020058 0.514020 0.001859
v 0.022163 0.515073 0.006523
v 0.021680 0.514624 0.003857
v 0.020927 0.514597 0.001278
v 0.023032 0.515649 0.005990
v 0.022562 0.515209 0.003298
v 0.021807 0.515205 0.000693
v 0.015644 0.527895 0.017642
v 0.017064 0.525839 0.018239
v 0.018400 0.523638 0.018242
v 0.016145 0.528147 0.017394
v 0.017595 0.526154 0.017933
v 0.018965 0.524022 0.017880
v 0.016636 0.528420 0.017128
v 0.018123 0.526494 0.017608
v 0.019533 0.524434 0.017497
v 0.039037 0.546085 0.000980
v 0.039897 0.545263 0.001444
v 0.040519 0.544408 0.001792
v 0.039597 0.545714 -0.000635
v 0.040413 0.544915 -0.000028
v 0.040980 0.544055 0.000510
v 0.040027 0.545198 -0.002392
v 0.040798 0.544419 -0.001656
v 0.041302 0.543569 -0.000971
v 0.037019 0.547436 -0.000395
v 0.037508 0.547049 -0.002080
v 0.037879 0.546534 -0.003912
v 0.035999 0.547905 -0.001231
v 0.036356 0.547549 -0.002851
v 0.036614 0.547064 -0.004626
v 0.035014 0.548222 -0.002036
v 0.035189 0.547917 -0.003554
v 0.035306 0.547471 -0.005246
v 0.035520 0.546149 -0.008515
v 0.036904 0.545681 -0.008050
v 0.038222 0.545100 -0.007462
v 0.035600 0.545348 -0.009868
v 0.036908 0.544843 -0.009505
v 0.038162 0.544237 -0.009000
v 0.035586 0.544555 -0.010957
v 0.036758 0.544001 -0.010734
v 0.037917 0.543359 -0.010331
v 0.039862 0.542125 -0.008919
v 0.040195 0.542980 -0.007511
v 0.040341 0.543803 -0.005913
v 0.040521 0.541584 -0.008012
v 0.040862 0.542363 -0.006616
v 0.041032 0.543114 -0.005037
v 0.040919 0.541057 -0.007121
v 0.041256 0.541710 -0.005758
v 0.041441 0.542364 -0.004204
v 0.010237 0.529684 0.015822
v 0.009263 0.530292 0.013786
v 0.008465 0.530414 0.011579
v 0.009781 0.529481 0.016001
v 0.008832 0.530063 0.013970
v 0.008056 0.530148 0.011776
v 0.009317 0.529279 0.016187
v 0.008392 0.529838 0.014163
v 0.007632 0.529890 0.011984
v 0.008354 0.528889 0.016573
v 0.007471 0.529423 0.014557
v 0.006716 0.529424 0.012409
v 0.007821 0.528697 0.016798
v 0.006958 0.529234 0.014779
v 0.006194 0.529222 0.012640
v 0.007217 0.528496 0.017082
v 0.006372 0.529051 0.015049
v 0.005596 0.529038 0.012910
v 0.002738 0.526240 0.004866
v 0.003359 0.527213 0.006717
v 0.004081 0.528019 0.008688
v 0.003729 0.526500 0.004526
v 0.004228 0.527447 0.006395
v 0.004828 0.528232 0.008388
v 0.004647 0.526796 0.004192
v 0.005021 0.527719 0.006087
v 0.005497 0.528480 0.008109
v 0.006067 0.527431 0.003579
v 0.006273 0.528326 0.005516
v 0.006588 0.529050 0.007588
v 0.006568 0.527762 0.003307
v 0.006741 0.528650 0.005256
v 0.007026 0.529362 0.007344
v 0.006990 0.528112 0.003059
v 0.007148 0.528991 0.005017
v 0.007422 0.529688 0.007117
v 0.010920 0.513364 -0.002493
v 0.012181 0.512230 -0.001132
v 0.013452 0.511405 0.000562
v 0.010298 0.512787 -0.002150
v 0.011558 0.511652 -0.000781
v 0.012834 0.510836 0.000917
v 0.009681 0.512244 -0.001858
v 0.010949 0.511092 -0.000479
v 0.012233 0.510267 0.001230
v 0.008398 0.511168 -0.001376
v 0.009714 0.509947 0.000026
v 0.011033 0.509066 0.001770
v 0.007712 0.510594 -0.001164
v 0.009068 0.509325 0.000250
v 0.010413 0.508402 0.002017
v 0.006991 0.509969 -0.000959
v 0.008392 0.508646 0.000470
v 0.009766 0.507673 0.002264
v 0.006884 0.525907 -0.000284
v 0.006920 0.524603 -0.001614
v 0.007042 0.523161 -0.002691
v 0.006433 0.525542 -0.000030
v 0.006459 0.524226 -0.001359
v 0.006567 0.522766 -0.002435
v 0.005889 0.525205 0.000249
v 0.005907 0.523884 -0.001084
v 0.006011 0.522413 -0.002165
v 0.004258 0.524526 0.000896
v 0.004254 0.523181 -0.000449
v 0.004377 0.521682 -0.001554
v 0.003184 0.524179 0.001249
v 0.003166 0.522809 -0.000104
v 0.003309 0.521286 -0.001227
v 0.002041 0.523856 0.001597
v 0.002012 0.522452 0.000230
v 0.002177 0.520893 -0.000914
v 0.007636 0.519864 -0.004012
v 0.008158 0.518097 -0.004203
v 0.008866 0.516365 -0.004035
v 0.007112 0.519408 -0.003736
v 0.007600 0.517600 -0.003910
v 0.008276 0.515831 -0.003722
v 0.006534 0.519004 -0.003471
v 0.007006 0.517158 -0.003640
v 0.007667 0.515350 -0.003447
v 0.005001 0.518191 -0.002927
v 0.005535 0.516290 -0.003130
v 0.006261 0.514418 -0.002961
v 0.004043 0.517748 -0.002653
v 0.004651 0.515823 -0.002883
v 0.005452 0.513923 -0.002737
v 0.003028 0.517288 -0.002394
v 0.003714 0.515330 -0.002650
v 0.004596 0.513392 -0.002524
v 0.015210 0.521687 0.020012
v 0.013984 0.524224 0.019759
v 0.012666 0.526575 0.018914
v 0.014690 0.521364 0.020278
v 0.013476 0.523954 0.019993
v 0.012169 0.526351 0.019119
v 0.014151 0.521025 0.020555
v 0.012952 0.523674 0.020236
v 0.011662 0.526121 0.019331
v 0.012971 0.520275 0.021183
v 0.011818 0.523062 0.020779
v 0.010580 0.525630 0.019796
v 0.012286 0.519841 0.021569
v 0.011167 0.522711 0.021116
v 0.009970 0.525354 0.020082
v 0.011496 0.519346 0.022040
v 0.010420 0.522309 0.021533
v 0.009275 0.525042 0.020444
v 0.017378 0.513848 0.014487
v 0.017277 0.515322 0.016661
v 0.016902 0.517111 0.018419
v 0.016775 0.513398 0.014825
v 0.016696 0.514890 0.016990
v 0.016345 0.516703 0.018735
v 0.016171 0.512916 0.015172
v 0.016107 0.514429 0.017332
v 0.015773 0.516270 0.019064
v 0.014910 0.511804 0.015941
v 0.014849 0.513374 0.018100
v 0.014530 0.515290 0.019810
v 0.014223 0.511146 0.016390
v 0.014144 0.512752 0.018558
v 0.013818 0.514716 0.020261
v 0.013476 0.510402 0.016902
v 0.013360 0.512047 0.019089
v 0.013008 0.514064 0.020793
v 0.015592 0.510851 0.004753
v 0.016349 0.511134 0.007128
v 0.016898 0.511749 0.009594
v 0.014974 0.510320 0.005109
v 0.015728 0.510626 0.007481
v 0.016275 0.511263 0.009943
v 0.014375 0.509762 0.005440
v 0.015122 0.510085 0.007820
v 0.015664 0.510742 0.010287
v 0.013186 0.508517 0.006070
v 0.013915 0.508854 0.008497
v 0.014432 0.509543 0.011007
v 0.012576 0.507804 0.006388
v 0.013292 0.508140 0.008855
v 0.013790 0.508839 0.011402
v 0.011942 0.507014 0.006719
v 0.012644 0.507343 0.009238
v 0.013116 0.508049 0.011837
v 0.035961 0.545688 0.005029
v 0.037100 0.544434 0.005315
v 0.038156 0.543144 0.005224
v 0.036899 0.546119 0.004252
v 0.037976 0.545002 0.004532
v 0.038954 0.543857 0.004473
v 0.037692 0.546311 0.003405
v 0.038687 0.545330 0.003697
v 0.039536 0.544338 0.003705
v 0.017276 0.533955 0.012346
v 0.015786 0.534722 0.010389
v 0.014584 0.535322 0.008088
v 0.016537 0.533285 0.012704
v 0.015070 0.534051 0.010746
v 0.013893 0.534641 0.008454
v 0.016024 0.532864 0.012993
v 0.014593 0.533642 0.011037
v 0.013451 0.534224 0.008762
v 0.015266 0.532283 0.013530
v 0.013909 0.533085 0.011594
v 0.012822 0.533641 0.009365
v 0.014905 0.532003 0.013810
v 0.013578 0.532810 0.011885
v 0.012508 0.533342 0.009681
v 0.014539 0.531733 0.014082
v 0.013239 0.532539 0.012164
v 0.012185 0.533042 0.009980
v 0.011225 0.532873 0.001140
v 0.011054 0.533189 0.003213
v 0.011100 0.533335 0.005408
v 0.011619 0.533486 0.000752
v 0.011416 0.533710 0.002845
v 0.011436 0.533766 0.005061
v 0.011975 0.534073 0.000343
v 0.011750 0.534213 0.002456
v 0.011753 0.534185 0.004692
v 0.012536 0.535026 -0.000403
v 0.012308 0.535062 0.001733
v 0.012320 0.534928 0.003998
v 0.012860 0.535492 -0.000749
v 0.012657 0.535522 0.001389
v 0.012698 0.535376 0.003659
v 0.013386 0.536132 -0.001138
v 0.013226 0.536186 0.001002
v 0.013313 0.536059 0.003275
v 0.021735 0.525117 -0.010088
v 0.023692 0.523973 -0.008961
v 0.025598 0.523123 -0.007420
v 0.020981 0.524303 -0.009719
v 0.022897 0.523023 -0.008598
v 0.024773 0.522039 -0.007052
v 0.020396 0.523635 -0.009378
v 0.022237 0.522216 -0.008247
v 0.024048 0.521091 -0.006682
v 0.019351 0.522495 -0.008680
v 0.021012 0.520858 -0.007506
v 0.022654 0.519494 -0.005880
v 0.018783 0.521928 -0.008289
v 0.020361 0.520232 -0.007090
v 0.021920 0.518791 -0.005429
v 0.018171 0.521317 -0.007858
v 0.019673 0.519596 -0.006632
v 0.021157 0.518115 -0.004940
v 0.014089 0.535411 -0.004923
v 0.014547 0.534718 -0.006529
v 0.015082 0.533788 -0.007928
v 0.013612 0.534825 -0.004524
v 0.014070 0.534154 -0.006123
v 0.014592 0.533240 -0.007514
v 0.013310 0.534361 -0.004165
v 0.013764 0.533697 -0.005755
v 0.014273 0.532793 -0.007139
v 0.012723 0.533263 -0.003368
v 0.013158 0.532573 -0.004931
v 0.013645 0.531673 -0.006302
v 0.012324 0.532546 -0.002919
v 0.012744 0.531825 -0.004465
v 0.013220 0.530920 -0.005827
v 0.011873 0.531786 -0.002487
v 0.012271 0.531024 -0.004014
v 0.012734 0.530106 -0.005363
v 0.016440 0.531201 -0.010039
v 0.017343 0.529639 -0.010670
v 0.018487 0.528035 -0.010931
v 0.015885 0.530654 -0.009627
v 0.016741 0.529070 -0.010267
v 0.017834 0.527417 -0.010540
v 0.015516 0.530219 -0.009257
v 0.016335 0.528624 -0.009908
v 0.017381 0.526935 -0.010192
v 0.014841 0.529202 -0.008460
v 0.015621 0.527668 -0.009159
v 0.016601 0.526001 -0.009485
v 0.014409 0.528525 -0.008011
v 0.015184 0.527053 -0.008738
v 0.016144 0.525438 -0.009091
v 0.013913 0.527767 -0.007557
v 0.014684 0.526353 -0.008303
v 0.015629 0.524792 -0.008672
v 0.024456 0.529394 0.013767
v 0.022673 0.530671 0.014400
v 0.020811 0.531900 0.014418
v 0.023630 0.528470 0.014327
v 0.021863 0.529842 0.014896
v 0.020024 0.531152 0.014850
v 0.022939 0.527705 0.014836
v 0.021214 0.529196 0.015330
v 0.019423 0.530612 0.015212
v 0.021754 0.526439 0.015780
v 0.020141 0.528161 0.016130
v 0.018466 0.529784 0.015876
v 0.021197 0.525878 0.016233
v 0.019639 0.527696 0.016520
v 0.018017 0.529405 0.016208
v 0.020647 0.525360 0.016672
v 0.019142 0.527263 0.016900
v 0.017570 0.529049 0.016532
v 0.029089 0.524898 0.006717
v 0.028388 0.525874 0.008986
v 0.027373 0.526956 0.010976
v 0.028296 0.523645 0.007325
v 0.027580 0.524684 0.009616
v 0.026549 0.525845 0.011609
v 0.027552 0.522499 0.007920
v 0.026838 0.523606 0.010225
v 0.025812 0.524856 0.012211
v 0.026094 0.520507 0.009072
v 0.025426 0.521741 0.011386
v 0.024456 0.523158 0.013346
v 0.025349 0.519651 0.009628
v 0.024721 0.520934 0.011940
v 0.023796 0.522419 0.013886
v 0.024591 0.518878 0.010171
v 0.024011 0.520203 0.012477
v 0.023137 0.521745 0.014406
v 0.028427 0.522537 -0.003288
v 0.029171 0.522789 -0.000848
v 0.029505 0.523314 0.001703
v 0.027595 0.521265 -0.002864
v 0.028356 0.521478 -0.000377
v 0.028708 0.521996 0.002225
v 0.026809 0.520111 -0.002426
v 0.027574 0.520279 0.000105
v 0.027942 0.520786 0.002752
v 0.025229 0.518141 -0.001483
v 0.025993 0.518216 0.001115
v 0.026392 0.518691 0.003821
v 0.024403 0.517304 -0.000973
v 0.025164 0.517341 0.001643
v 0.025582 0.517799 0.004362
v 0.023554 0.516546 -0.000439
v 0.024313 0.516556 0.002185
v 0.024750 0.517001 0.004906
v 0.010784 0.531958 0.010746
v 0.011745 0.531593 0.012932
v 0.012912 0.530834 0.014896
v 0.011150 0.532213 0.010612
v 0.012139 0.531810 0.012788
v 0.013342 0.531034 0.014731
v 0.011506 0.532476 0.010449
v 0.012521 0.532037 0.012619
v 0.013760 0.531247 0.014546
v -0.005833 0.528129 0.018910
v -0.005237 0.527743 0.021598
v -0.004870 0.526583 0.024346
v -0.004726 0.527648 0.018330
v -0.004033 0.527261 0.020938
v -0.003494 0.526119 0.023528
v -0.003732 0.527568 0.017804
v -0.002996 0.527196 0.020357
v -0.002379 0.526088 0.022862
v -0.000549 0.491874 0.019196
v -0.000808 0.491116 0.015507
v -0.001406 0.491167 0.011921
v 0.001396 0.493699 0.018591
v 0.001177 0.492922 0.014997
v 0.000602 0.492892 0.011508
v 0.003053 0.495403 0.017971
v 0.002864 0.494624 0.014467
v 0.002302 0.494531 0.011071
v -0.007680 0.504336 0.000408
v -0.008462 0.507480 0.000157
v -0.009100 0.510587 0.000350
v -0.006090 0.505198 0.000252
v -0.006933 0.508231 0.000003
v -0.007614 0.511236 0.000197
v -0.004852 0.506019 -0.000011
v -0.005757 0.508948 -0.000267
v -0.006481 0.511861 -0.000082
v -0.003056 0.502821 0.030435
v -0.002146 0.499062 0.028537
v -0.001289 0.495900 0.025918
v -0.001226 0.504001 0.029598
v -0.000294 0.500476 0.027740
v 0.000585 0.497521 0.025167
v 0.000312 0.505015 0.028849
v 0.001274 0.501728 0.026993
v 0.002179 0.498990 0.024436
v -0.009984 0.516332 0.002063
v -0.010205 0.518930 0.003517
v -0.010221 0.521393 0.005283
v -0.008540 0.516768 0.001922
v -0.008761 0.519200 0.003375
v -0.008771 0.521401 0.005110
v -0.007443 0.517215 0.001625
v -0.007664 0.519534 0.003062
v -0.007670 0.521594 0.004771
v -0.003325 0.493555 0.005993
v -0.004482 0.495717 0.003858
v -0.005651 0.498332 0.002240
v -0.001378 0.495012 0.005733
v -0.002618 0.497015 0.003645
v -0.003886 0.499470 0.002058
v 0.000240 0.496405 0.005429
v -0.001093 0.498255 0.003371
v -0.002465 0.500556 0.001797
v -0.009158 0.525335 0.009453
v -0.008260 0.526589 0.011667
v -0.007393 0.527459 0.013948
v -0.007953 0.524879 0.009065
v -0.007197 0.526092 0.011194
v -0.006365 0.526962 0.013431
v -0.006922 0.524853 0.008649
v -0.006218 0.526024 0.010742
v -0.005401 0.526879 0.012955
v 0.023237 0.534365 0.013203
v 0.025020 0.533149 0.013111
v 0.026712 0.531915 0.012416
v 0.024858 0.536041 0.012389
v 0.026543 0.534762 0.012297
v 0.028135 0.533477 0.011615
v 0.026629 0.537841 0.011447
v 0.028203 0.536484 0.011382
v 0.029679 0.535128 0.010744
v 0.030238 0.541286 0.009225
v 0.031613 0.539817 0.009292
v 0.032890 0.538343 0.008841
v 0.031928 0.542756 0.008034
v 0.033231 0.541281 0.008187
v 0.034438 0.539791 0.007859
v 0.033474 0.544002 0.006890
v 0.034718 0.542560 0.007121
v 0.035869 0.541091 0.006906
v 0.017169 0.537981 0.007027
v 0.018372 0.537332 0.009315
v 0.019827 0.536498 0.011244
v 0.019048 0.539876 0.006312
v 0.020220 0.539198 0.008569
v 0.021617 0.538310 0.010467
v 0.021143 0.541868 0.005502
v 0.022270 0.541179 0.007703
v 0.023590 0.540250 0.009552
v 0.025425 0.545288 0.003692
v 0.026433 0.544681 0.005687
v 0.027587 0.543789 0.007371
v 0.027420 0.546513 0.002779
v 0.028362 0.545994 0.004634
v 0.029436 0.545182 0.006207
v 0.029244 0.547432 0.001945
v 0.030121 0.547007 0.003654
v 0.031122 0.546292 0.005109
v 0.029411 0.529624 0.009598
v 0.030317 0.528629 0.007654
v 0.030931 0.527735 0.005462
v 0.030633 0.531145 0.008859
v 0.031451 0.530159 0.006963
v 0.031996 0.529284 0.004828
v 0.031953 0.532719 0.008104
v 0.032675 0.531730 0.006271
v 0.033144 0.530867 0.004203
v 0.034768 0.535802 0.006596
v 0.035308 0.534814 0.004937
v 0.035630 0.533980 0.003032
v 0.036170 0.537239 0.005862
v 0.036639 0.536267 0.004308
v 0.036898 0.535459 0.002497
v 0.037489 0.538585 0.005154
v 0.037902 0.537644 0.003707
v 0.038113 0.536868 0.001996
v 0.020850 0.530044 -0.011974
v 0.019609 0.531569 -0.011760
v 0.018590 0.533091 -0.011160
v 0.022556 0.531427 -0.012580
v 0.021280 0.532927 -0.012403
v 0.020201 0.534435 -0.011829
v 0.024456 0.532935 -0.013141
v 0.023159 0.534405 -0.013004
v 0.022033 0.535893 -0.012461
v 0.028346 0.535912 -0.013815
v 0.027069 0.537275 -0.013750
v 0.025916 0.538664 -0.013280
v 0.030173 0.537251 -0.013877
v 0.028936 0.538531 -0.013843
v 0.027802 0.539841 -0.013416
v 0.031870 0.538451 -0.013792
v 0.030682 0.539637 -0.013791
v 0.029581 0.540857 -0.013413
v 0.027778 0.525790 -0.008204
v 0.025990 0.526458 -0.009794
v 0.024117 0.527415 -0.010992
v 0.029133 0.527343 -0.008602
v 0.027486 0.527969 -0.010236
v 0.025735 0.528880 -0.011492
v 0.030589 0.528972 -0.008964
v 0.029107 0.529574 -0.010638
v 0.027503 0.530454 -0.011948
v 0.033551 0.532238 -0.009460
v 0.032378 0.532801 -0.011145
v 0.031065 0.533618 -0.012495
v 0.034961 0.533787 -0.009569
v 0.033911 0.534321 -0.011216
v 0.032721 0.535094 -0.012545
v 0.036277 0.535239 -0.009592
v 0.035332 0.535734 -0.011181
v 0.034250 0.536452 -0.012468
v 0.015552 0.538450 -0.002212
v 0.015530 0.538651 -0.000061
v 0.015750 0.538646 0.002217
v 0.017212 0.540078 -0.002888
v 0.017275 0.540385 -0.000734
v 0.017573 0.540471 0.001540
v 0.019115 0.541781 -0.003586
v 0.019262 0.542190 -0.001443
v 0.019632 0.542370 0.000813
v 0.023196 0.544672 -0.004828
v 0.023465 0.545217 -0.002776
v 0.023929 0.545540 -0.000639
v 0.025194 0.545704 -0.005310
v 0.025492 0.546269 -0.003335
v 0.025973 0.546629 -0.001293
v 0.027075 0.546496 -0.005688
v 0.027384 0.547057 -0.003799
v 0.027864 0.547431 -0.001857
v 0.031304 0.526257 0.000667
v 0.031022 0.525736 -0.001769
v 0.030366 0.525444 -0.004116
v 0.032325 0.527845 0.000164
v 0.032075 0.527335 -0.002210
v 0.031486 0.527043 -0.004513
v 0.033416 0.529467 -0.000318
v 0.033196 0.528972 -0.002627
v 0.032678 0.528688 -0.004881
v 0.035765 0.532671 -0.001177
v 0.035579 0.532216 -0.003344
v 0.035172 0.531960 -0.005483
v 0.036964 0.534202 -0.001543
v 0.036781 0.533768 -0.003634
v 0.036409 0.533523 -0.005703
v 0.038119 0.535666 -0.001866
v 0.037934 0.535247 -0.003876
v 0.037585 0.535007 -0.005868
v 0.017060 0.535700 -0.009063
v 0.016502 0.536687 -0.007653
v 0.016068 0.537468 -0.006029
v 0.018580 0.537062 -0.009756
v 0.018015 0.538083 -0.008346
v 0.017602 0.538919 -0.006718
v 0.020336 0.538520 -0.010427
v 0.019768 0.539568 -0.009028
v 0.019379 0.540453 -0.007406
v 0.024162 0.541179 -0.011389
v 0.023606 0.542229 -0.010057
v 0.023263 0.543154 -0.008503
v 0.026070 0.542243 -0.011627
v 0.025529 0.543266 -0.010351
v 0.025204 0.544179 -0.008855
v 0.027890 0.543129 -0.011739
v 0.027363 0.544115 -0.010524
v 0.027053 0.545003 -0.009092
v 0.009258 0.530943 0.011244
v 0.010107 0.530741 0.013461
v 0.011139 0.530077 0.015493
v 0.009647 0.531201 0.011107
v 0.010524 0.530957 0.013321
v 0.011587 0.530267 0.015342
v 0.010032 0.531455 0.010982
v 0.010936 0.531170 0.013190
v 0.012032 0.530454 0.015195
v 0.013649 0.527005 0.018511
v 0.014991 0.524743 0.019291
v 0.016240 0.522310 0.019477
v 0.014144 0.527218 0.018306
v 0.015499 0.525002 0.019048
v 0.016764 0.522622 0.019195
v 0.014641 0.527435 0.018095
v 0.016013 0.525267 0.018794
v 0.017296 0.522943 0.018898
v 0.018222 0.512668 0.008846
v 0.017682 0.512104 0.006345
v 0.016923 0.511885 0.003935
v 0.018936 0.513121 0.008436
v 0.018404 0.512584 0.005906
v 0.017647 0.512403 0.003466
v 0.019687 0.513580 0.007998
v 0.019166 0.513069 0.005436
v 0.018412 0.512929 0.002961
v 0.010118 0.517720 -0.004819
v 0.009346 0.519397 -0.004907
v 0.008753 0.521087 -0.004633
v 0.010805 0.518549 -0.005286
v 0.010010 0.520208 -0.005315
v 0.009388 0.521860 -0.004978
v 0.011519 0.519448 -0.005782
v 0.010704 0.521088 -0.005742
v 0.010057 0.522698 -0.005332
v 0.018022 0.517892 0.017781
v 0.018462 0.516144 0.015993
v 0.018627 0.514698 0.013795
v 0.018602 0.518283 0.017443
v 0.019083 0.516554 0.015638
v 0.019288 0.515121 0.013426
v 0.019201 0.518685 0.017085
v 0.019728 0.516974 0.015263
v 0.019979 0.515553 0.013035
v 0.008030 0.524218 -0.003193
v 0.007856 0.525586 -0.002088
v 0.007775 0.526823 -0.000741
v 0.008600 0.524886 -0.003444
v 0.008392 0.526196 -0.002312
v 0.008275 0.527376 -0.000947
v 0.009203 0.525603 -0.003686
v 0.008956 0.526848 -0.002523
v 0.008797 0.527962 -0.001136
v 0.007798 0.528912 0.002635
v 0.007922 0.529736 0.004616
v 0.008178 0.530373 0.006739
v 0.008226 0.529360 0.002458
v 0.008320 0.530136 0.004453
v 0.008557 0.530725 0.006589
v 0.008664 0.529823 0.002301
v 0.008722 0.530544 0.004310
v 0.008935 0.531081 0.006457
v 0.014784 0.512601 -0.000314
v 0.013514 0.513510 -0.002020
v 0.012246 0.514708 -0.003374
v 0.015506 0.513242 -0.000835
v 0.014234 0.514223 -0.002555
v 0.012961 0.515485 -0.003907
v 0.016264 0.513908 -0.001398
v 0.014986 0.514977 -0.003132
v 0.013704 0.516317 -0.004481
v 0.000645 0.521618 0.025929
v 0.001070 0.517975 0.027469
v 0.001560 0.514039 0.028345
v 0.001807 0.521998 0.025217
v 0.002326 0.518449 0.026719
v 0.002900 0.514627 0.027565
v 0.002986 0.522408 0.024476
v 0.003603 0.518959 0.025934
v 0.004258 0.515255 0.026745
v -0.001807 0.527851 0.016777
v -0.001047 0.527528 0.019250
v -0.000375 0.526498 0.021668
v -0.000813 0.528011 0.016244
v -0.000045 0.527723 0.018673
v 0.000652 0.526741 0.021044
v 0.000195 0.528167 0.015704
v 0.000971 0.527921 0.018086
v 0.001693 0.526995 0.020405
v 0.005780 0.498524 0.016690
v 0.005607 0.497769 0.013367
v 0.005045 0.497591 0.010154
v 0.006946 0.499966 0.016033
v 0.006756 0.499229 0.012806
v 0.006184 0.499025 0.009687
v 0.008012 0.501338 0.015374
v 0.007792 0.500618 0.012245
v 0.007206 0.500392 0.009221
v -0.002796 0.507638 -0.000643
v -0.003784 0.510360 -0.000900
v -0.004565 0.513086 -0.000722
v -0.001810 0.508451 -0.000950
v -0.002815 0.511065 -0.001192
v -0.003606 0.513690 -0.001003
v -0.000845 0.509255 -0.001238
v -0.001856 0.511758 -0.001458
v -0.002652 0.514276 -0.001252
v 0.003084 0.506841 0.027348
v 0.004043 0.503986 0.025476
v 0.004921 0.501647 0.022938
v 0.004459 0.507742 0.026535
v 0.005370 0.505066 0.024664
v 0.006182 0.502892 0.022151
v 0.005828 0.508656 0.025683
v 0.006667 0.506133 0.023825
v 0.007388 0.504098 0.021346
v -0.005574 0.518099 0.000933
v -0.005794 0.520258 0.002325
v -0.005792 0.522169 0.003986
v -0.004627 0.518517 0.000634
v -0.004848 0.520595 0.001998
v -0.004844 0.522435 0.003625
v -0.003679 0.518909 0.000372
v -0.003902 0.520903 0.001705
v -0.003895 0.522672 0.003294
v 0.002845 0.499067 0.004752
v 0.001374 0.500651 0.002735
v -0.000151 0.502675 0.001170
v 0.003949 0.500346 0.004405
v 0.002447 0.501821 0.002406
v 0.000888 0.503724 0.000847
v 0.004954 0.501584 0.004059
v 0.003441 0.502962 0.002081
v 0.001871 0.504756 0.000532
v -0.005026 0.525209 0.007786
v -0.004318 0.526319 0.009851
v -0.003493 0.527142 0.012033
v -0.004064 0.525377 0.007367
v -0.003344 0.526462 0.009409
v -0.002509 0.527275 0.011568
v -0.003096 0.525520 0.006964
v -0.002362 0.526584 0.008976
v -0.001514 0.527393 0.011105
v -0.106936 0.517120 0.018436
v -0.106641 0.516948 0.016573
v -0.106193 0.516773 0.014721
v -0.106898 0.513615 0.018947
v -0.106597 0.513440 0.017092
v -0.106140 0.513256 0.015252
v -0.106886 0.510182 0.019467
v -0.106574 0.509999 0.017624
v -0.106103 0.509805 0.015801
v -0.105750 0.497132 0.018282
v -0.106282 0.497401 0.019936
v -0.106654 0.497616 0.021649
v -0.105895 0.500082 0.017628
v -0.106416 0.500338 0.019342
v -0.106776 0.500556 0.021102
v -0.105995 0.503194 0.016990
v -0.106501 0.503428 0.018751
v -0.106845 0.503635 0.020549
v -0.104574 0.487479 0.020681
v -0.104977 0.487410 0.021972
v -0.105285 0.487274 0.023433
v -0.104974 0.489513 0.020186
v -0.105451 0.489637 0.021580
v -0.105797 0.489658 0.023100
v -0.105297 0.491819 0.019588
v -0.105814 0.492043 0.021081
v -0.106182 0.492169 0.022671
v -0.101194 0.480942 0.020232
v -0.101338 0.479680 0.021829
v -0.101515 0.478703 0.023496
v -0.102405 0.482536 0.020583
v -0.102573 0.481516 0.022047
v -0.102765 0.480736 0.023614
v -0.103352 0.484106 0.020868
v -0.103571 0.483388 0.022196
v -0.103793 0.482830 0.023679
v -0.083307 0.470650 0.018739
v -0.083350 0.467812 0.021046
v -0.083410 0.465007 0.023426
v -0.086030 0.471370 0.018766
v -0.086050 0.468706 0.021103
v -0.086049 0.466122 0.023525
v -0.088708 0.472292 0.018825
v -0.088733 0.469802 0.021159
v -0.088724 0.467433 0.023615
v -0.072953 0.469558 0.018739
v -0.073134 0.466077 0.020527
v -0.073333 0.462501 0.022317
v -0.075381 0.469653 0.018721
v -0.075554 0.466308 0.020676
v -0.075768 0.462887 0.022658
v -0.077939 0.469823 0.018721
v -0.078074 0.466638 0.020833
v -0.078264 0.463402 0.022995
v -0.065027 0.469025 0.019046
v -0.064751 0.465373 0.020476
v -0.064459 0.461558 0.021857
v -0.066735 0.469179 0.018950
v -0.066629 0.465519 0.020402
v -0.066502 0.461712 0.021811
v -0.068619 0.469339 0.018857
v -0.068659 0.465699 0.020379
v -0.068681 0.461930 0.021867
v -0.057906 0.461719 0.022815
v -0.059350 0.461584 0.022494
v -0.060893 0.461498 0.022214
v -0.058734 0.465418 0.021060
v -0.060067 0.465326 0.020887
v -0.061487 0.465275 0.020727
v -0.059599 0.468911 0.019262
v -0.060805 0.468868 0.019235
v -0.062087 0.468862 0.019193
v -0.039652 0.472641 0.016404
v -0.038237 0.470591 0.019862
v -0.036993 0.469199 0.023543
v -0.044079 0.471491 0.017253
v -0.042630 0.469140 0.020510
v -0.041306 0.467310 0.024019
v -0.048078 0.470567 0.018047
v -0.046639 0.467871 0.021106
v -0.045297 0.465444 0.024460
v -0.030397 0.475619 0.014948
v -0.025858 0.477403 0.014415
v -0.021471 0.479321 0.013978
v -0.029144 0.474109 0.018756
v -0.024714 0.476157 0.018346
v -0.020440 0.478326 0.017986
v -0.028166 0.473405 0.022758
v -0.023884 0.475782 0.022458
v -0.019752 0.478251 0.022162
v -0.106956 0.510964 0.026900
v -0.106960 0.514352 0.026373
v -0.107002 0.517812 0.025861
v -0.107094 0.510767 0.025038
v -0.107094 0.514170 0.024522
v -0.107131 0.517646 0.024017
v -0.107131 0.510564 0.023179
v -0.107131 0.513981 0.022667
v -0.107166 0.517470 0.022163
v -0.103596 0.518568 0.036440
v -0.103453 0.515149 0.037065
v -0.103320 0.511809 0.037709
v -0.102298 0.518742 0.038011
v -0.102133 0.515302 0.038646
v -0.101974 0.511941 0.039293
v -0.100725 0.518951 0.039468
v -0.100546 0.515480 0.040109
v -0.100371 0.512088 0.040753
v -0.106545 0.492315 0.026104
v -0.106153 0.489621 0.026458
v -0.105626 0.487015 0.026735
v -0.106546 0.492377 0.027925
v -0.106159 0.489608 0.028261
v -0.105637 0.486919 0.028522
v -0.106413 0.492431 0.029796
v -0.106031 0.489597 0.030122
v -0.105514 0.486838 0.030373
v -0.102006 0.492591 0.040896
v -0.101563 0.489504 0.041211
v -0.101003 0.486468 0.041426
v -0.100547 0.492619 0.042458
v -0.100102 0.489516 0.042776
v -0.099545 0.486460 0.042991
v -0.098889 0.492662 0.043867
v -0.098450 0.489551 0.044187
v -0.097905 0.486483 0.044404
v -0.095041 0.492813 0.046138
v -0.094643 0.489708 0.046461
v -0.094158 0.486646 0.046688
v -0.092882 0.492912 0.047000
v -0.092525 0.489817 0.047323
v -0.092088 0.486768 0.047555
v -0.090591 0.493008 0.047709
v -0.090288 0.489921 0.048029
v -0.089915 0.486884 0.048264
v -0.085679 0.493132 0.048763
v -0.085534 0.490038 0.049070
v -0.085337 0.486997 0.049296
v -0.083101 0.493125 0.049146
v -0.083057 0.490012 0.049442
v -0.082969 0.486950 0.049657
v -0.080473 0.493045 0.049452
v -0.080540 0.489902 0.049737
v -0.080570 0.486810 0.049939
v -0.075182 0.492590 0.049885
v -0.075482 0.489362 0.050154
v -0.075760 0.486185 0.050331
v -0.072628 0.492213 0.050034
v -0.073043 0.488934 0.050298
v -0.073443 0.485706 0.050465
v -0.070245 0.491760 0.050148
v -0.070770 0.488426 0.050408
v -0.071287 0.485147 0.050567
v -0.043395 0.476639 0.047625
v -0.045505 0.471873 0.047761
v -0.047446 0.466917 0.048058
v -0.040923 0.475063 0.045901
v -0.043217 0.470457 0.045941
v -0.045235 0.465775 0.046086
v -0.038780 0.473570 0.043728
v -0.041316 0.469198 0.043703
v -0.043521 0.464799 0.043758
v -0.042878 0.462771 0.031525
v -0.039391 0.465860 0.031264
v -0.035541 0.468712 0.031072
v -0.042103 0.462764 0.034927
v -0.039012 0.466209 0.034769
v -0.035514 0.469499 0.034689
v -0.041928 0.463216 0.038140
v -0.039174 0.467000 0.038068
v -0.036023 0.470705 0.038070
v -0.106997 0.497977 0.025227
v -0.106984 0.498145 0.027078
v -0.106843 0.498300 0.028961
v -0.107095 0.500956 0.024733
v -0.107074 0.501151 0.026592
v -0.106931 0.501337 0.028475
v -0.107136 0.504042 0.024219
v -0.107107 0.504252 0.026082
v -0.106965 0.504454 0.027960
v -0.103035 0.505276 0.038953
v -0.102855 0.502060 0.039519
v -0.102633 0.498874 0.040037
v -0.101637 0.505370 0.040530
v -0.101436 0.502136 0.041090
v -0.101196 0.498933 0.041602
v -0.100003 0.505465 0.041968
v -0.099790 0.502212 0.042516
v -0.099542 0.498995 0.043018
v -0.096047 0.505685 0.044336
v -0.095857 0.502393 0.044846
v -0.095634 0.499153 0.045317
v -0.093751 0.505812 0.045257
v -0.093596 0.502498 0.045746
v -0.093407 0.499248 0.046199
v -0.091270 0.505945 0.046023
v -0.091162 0.502608 0.046494
v -0.091020 0.499345 0.046929
v -0.085839 0.506213 0.047158
v -0.085849 0.502821 0.047606
v -0.085831 0.499514 0.048020
v -0.082944 0.506320 0.047555
v -0.083022 0.502895 0.048003
v -0.083078 0.499557 0.048416
v -0.079976 0.506381 0.047855
v -0.080126 0.502919 0.048311
v -0.080260 0.499544 0.048728
v -0.073974 0.506278 0.048217
v -0.074269 0.502728 0.048708
v -0.074569 0.499263 0.049152
v -0.071070 0.506106 0.048311
v -0.071437 0.502506 0.048826
v -0.071817 0.498991 0.049287
v -0.068352 0.505873 0.048373
v -0.068788 0.502218 0.048911
v -0.069247 0.498649 0.049389
v -0.060398 0.504590 0.048609
v -0.062018 0.504942 0.048542
v -0.063826 0.505279 0.048480
v -0.061056 0.500696 0.049176
v -0.062627 0.501111 0.049111
v -0.064383 0.501508 0.049045
v -0.061769 0.496887 0.049667
v -0.063284 0.497364 0.049606
v -0.064980 0.497823 0.049541
v -0.053790 0.483925 0.050390
v -0.055238 0.479826 0.050594
v -0.056757 0.475908 0.050829
v -0.051345 0.482132 0.050174
v -0.052954 0.477804 0.050390
v -0.054643 0.473618 0.050687
v -0.048730 0.480223 0.049711
v -0.050512 0.475628 0.049943
v -0.052362 0.471009 0.050331
v -0.049014 0.501315 0.048719
v -0.050030 0.496858 0.049294
v -0.051172 0.492469 0.049772
v -0.046032 0.500250 0.048504
v -0.047152 0.495620 0.049086
v -0.048424 0.491052 0.049567
v -0.042773 0.499055 0.048086
v -0.044023 0.494243 0.048662
v -0.045453 0.489498 0.049135
v -0.035763 0.496423 0.046347
v -0.037377 0.491282 0.046842
v -0.039236 0.486266 0.047233
v -0.032131 0.494966 0.044891
v -0.034065 0.489677 0.045319
v -0.036230 0.484599 0.045644
v -0.028497 0.493285 0.042959
v -0.030933 0.487871 0.043328
v -0.033488 0.482813 0.043589
v -0.022756 0.487583 0.037464
v -0.026115 0.483013 0.037811
v -0.029407 0.478630 0.037995
v -0.021080 0.484097 0.034045
v -0.024646 0.480274 0.034362
v -0.028229 0.476478 0.034536
v -0.020013 0.481203 0.030311
v -0.023780 0.477945 0.030590
v -0.027631 0.474698 0.030772
v -0.085779 0.469844 0.046926
v -0.087089 0.469451 0.046125
v -0.088410 0.469078 0.045188
v -0.084776 0.467389 0.046392
v -0.085819 0.466803 0.045573
v -0.086908 0.466217 0.044601
v -0.083797 0.465202 0.045991
v -0.084545 0.464321 0.045171
v -0.085377 0.463353 0.044141
v -0.081931 0.462084 0.046186
v -0.082285 0.460356 0.045573
v -0.082774 0.458402 0.044801
v -0.080968 0.460991 0.046819
v -0.081321 0.458899 0.046418
v -0.081820 0.456613 0.045965
v -0.079969 0.459987 0.047660
v -0.080395 0.457655 0.047495
v -0.080971 0.455138 0.047343
v -0.077865 0.458138 0.049645
v -0.078441 0.455540 0.049926
v -0.079147 0.452749 0.050273
v -0.076800 0.457307 0.050650
v -0.077404 0.454634 0.051115
v -0.078118 0.451763 0.051657
v -0.075780 0.456574 0.051583
v -0.076386 0.453857 0.052199
v -0.077078 0.450940 0.052897
v -0.071426 0.454425 0.054524
v -0.071794 0.451920 0.055411
v -0.072134 0.449153 0.056419
v -0.070784 0.454253 0.054820
v -0.071077 0.451850 0.055700
v -0.071332 0.449141 0.056720
v -0.070095 0.454205 0.055054
v -0.070269 0.451961 0.055907
v -0.070410 0.449320 0.056931
v -0.063164 0.463081 0.052982
v -0.062001 0.460590 0.053635
v -0.060871 0.457545 0.054458
v -0.061577 0.465819 0.052314
v -0.060170 0.463260 0.052764
v -0.058778 0.460106 0.053353
v -0.059954 0.468871 0.051687
v -0.058286 0.466288 0.051896
v -0.056570 0.463062 0.052150
v -0.062839 0.481106 0.050834
v -0.061617 0.480270 0.050856
v -0.060242 0.479199 0.050868
v -0.061792 0.484645 0.050672
v -0.060482 0.483861 0.050688
v -0.059004 0.482861 0.050688
v -0.060776 0.488297 0.050459
v -0.059386 0.487578 0.050483
v -0.057814 0.486667 0.050488
v -0.068556 0.469758 0.051001
v -0.067734 0.472736 0.050931
v -0.066889 0.475880 0.050903
v -0.069414 0.470433 0.050776
v -0.068684 0.473443 0.050770
v -0.067935 0.476599 0.050803
v -0.070407 0.471117 0.050570
v -0.069775 0.474150 0.050623
v -0.069127 0.477313 0.050707
v -0.076714 0.468264 0.049582
v -0.076872 0.465658 0.049453
v -0.077096 0.463129 0.049405
v -0.075221 0.467581 0.049895
v -0.075523 0.464956 0.049917
v -0.075875 0.462402 0.050044
v -0.073850 0.466883 0.050205
v -0.074282 0.464265 0.050370
v -0.074743 0.461711 0.050658
v -0.082967 0.470100 0.048129
v -0.082451 0.467753 0.047622
v -0.082023 0.465630 0.047144
v -0.081438 0.469865 0.048565
v -0.081114 0.467448 0.048098
v -0.080879 0.465179 0.047641
v -0.079864 0.469448 0.048934
v -0.079711 0.466952 0.048547
v -0.079643 0.464562 0.048183
v -0.101834 0.477429 0.026982
v -0.101898 0.477035 0.028777
v -0.101834 0.476731 0.030590
v -0.103064 0.479700 0.027005
v -0.103096 0.479361 0.028795
v -0.103000 0.479092 0.030624
v -0.104096 0.482055 0.026996
v -0.104116 0.481790 0.028779
v -0.104005 0.481574 0.030616
v -0.094357 0.469877 0.040185
v -0.092781 0.467453 0.039605
v -0.091236 0.465160 0.038917
v -0.092855 0.469371 0.041596
v -0.091216 0.466713 0.040969
v -0.089623 0.464104 0.040240
v -0.091308 0.469007 0.042912
v -0.089627 0.466132 0.042273
v -0.087966 0.463177 0.041576
v -0.074921 0.444320 0.027802
v -0.077694 0.445560 0.029232
v -0.080330 0.447253 0.030847
v -0.074389 0.449707 0.026705
v -0.077038 0.450726 0.027804
v -0.079573 0.452060 0.028936
v -0.073943 0.454451 0.025446
v -0.076491 0.455235 0.026254
v -0.078981 0.456242 0.027046
v -0.063988 0.441865 0.025599
v -0.066550 0.442191 0.025644
v -0.069279 0.442696 0.025991
v -0.063960 0.447596 0.024919
v -0.066410 0.447884 0.024942
v -0.069011 0.448325 0.025224
v -0.064034 0.452768 0.024101
v -0.066364 0.453001 0.024103
v -0.068831 0.453359 0.024316
v -0.056257 0.441966 0.027331
v -0.057873 0.441791 0.026712
v -0.059650 0.441692 0.026185
v -0.056424 0.447717 0.026572
v -0.058023 0.447548 0.025984
v -0.059768 0.447449 0.025482
v -0.056726 0.452947 0.025611
v -0.058301 0.452778 0.025076
v -0.060005 0.452672 0.024620
v -0.046102 0.444153 0.040241
v -0.046705 0.443849 0.037289
v -0.047683 0.443519 0.034606
v -0.045976 0.449630 0.039456
v -0.046551 0.449376 0.036513
v -0.047559 0.449163 0.033772
v -0.045354 0.454630 0.038817
v -0.045896 0.454425 0.035803
v -0.046993 0.454407 0.032853
v -0.046484 0.444515 0.046265
v -0.046534 0.450128 0.045290
v -0.046154 0.455353 0.044520
v -0.047513 0.444462 0.049117
v -0.047693 0.450233 0.047993
v -0.047498 0.455712 0.047085
v -0.049003 0.444160 0.051794
v -0.049336 0.450099 0.050511
v -0.049395 0.455918 0.049442
v -0.063058 0.437329 0.061991
v -0.063323 0.442011 0.060277
v -0.063673 0.446283 0.058718
v -0.065534 0.436334 0.062514
v -0.065632 0.440853 0.060807
v -0.065804 0.444968 0.059249
v -0.067822 0.435548 0.062748
v -0.067748 0.439945 0.061063
v -0.067742 0.443942 0.059523
v -0.076284 0.434564 0.060677
v -0.075487 0.438833 0.059262
v -0.074769 0.442718 0.057967
v -0.077394 0.434674 0.060032
v -0.076502 0.438956 0.058681
v -0.075693 0.442854 0.057444
v -0.078534 0.434899 0.059164
v -0.077555 0.439199 0.057900
v -0.076662 0.443109 0.056744
v -0.080945 0.435916 0.056341
v -0.079831 0.440272 0.055363
v -0.078801 0.444203 0.054476
v -0.082124 0.436776 0.054336
v -0.080977 0.441164 0.053566
v -0.079911 0.445094 0.052881
v -0.083150 0.437890 0.052010
v -0.082008 0.442300 0.051489
v -0.080944 0.446207 0.051051
v -0.084344 0.440934 0.046639
v -0.083379 0.445317 0.046742
v -0.082483 0.449077 0.046946
v -0.084486 0.442962 0.043714
v -0.083754 0.447238 0.044249
v -0.083063 0.450880 0.044857
v -0.084453 0.445454 0.040752
v -0.084099 0.449464 0.041855
v -0.083719 0.452971 0.042901
v -0.088655 0.461065 0.037173
v -0.087752 0.459418 0.036123
v -0.087143 0.458244 0.034973
v -0.087248 0.459210 0.038344
v -0.086555 0.457140 0.037135
v -0.086087 0.455615 0.035742
v -0.085861 0.457259 0.039638
v -0.085464 0.454577 0.038284
v -0.085151 0.452276 0.036664
v -0.093569 0.466466 0.032097
v -0.092547 0.465798 0.031031
v -0.091365 0.465115 0.029861
v -0.092461 0.465351 0.033330
v -0.091292 0.464393 0.032394
v -0.090111 0.463410 0.031466
v -0.091285 0.464140 0.034673
v -0.090123 0.462966 0.033783
v -0.089099 0.461857 0.032931
v -0.053027 0.442509 0.056442
v -0.053585 0.448280 0.054906
v -0.054190 0.453856 0.053587
v -0.055398 0.441234 0.058339
v -0.055976 0.446678 0.056725
v -0.056659 0.451753 0.055316
v -0.057909 0.439856 0.059912
v -0.058432 0.444997 0.058244
v -0.059068 0.449716 0.056759
v -0.099441 0.480598 0.041487
v -0.098415 0.477782 0.041325
v -0.097223 0.475052 0.041047
v -0.098004 0.480523 0.043036
v -0.096987 0.477649 0.042854
v -0.095793 0.474834 0.042547
v -0.096411 0.480500 0.044444
v -0.095423 0.477582 0.044250
v -0.094250 0.474701 0.043923
v -0.103270 0.481199 0.034367
v -0.102275 0.478621 0.034328
v -0.101140 0.476185 0.034224
v -0.102613 0.481021 0.036234
v -0.101609 0.478388 0.036163
v -0.100468 0.475896 0.036014
v -0.101757 0.480857 0.038061
v -0.100742 0.478165 0.037956
v -0.099585 0.475604 0.037760
v -0.098530 0.471836 0.033884
v -0.097141 0.470003 0.033661
v -0.095792 0.468471 0.033376
v -0.097844 0.471426 0.035531
v -0.096434 0.469507 0.035191
v -0.095030 0.467842 0.034749
v -0.096904 0.470955 0.037139
v -0.095449 0.468909 0.036706
v -0.093991 0.467079 0.036165
v -0.094898 0.469042 0.027590
v -0.095581 0.468945 0.029245
v -0.096054 0.468964 0.030713
v -0.096890 0.471082 0.027183
v -0.097292 0.470764 0.028913
v -0.097541 0.470577 0.030544
v -0.098739 0.473138 0.027010
v -0.098964 0.472726 0.028781
v -0.099059 0.472440 0.030510
v -0.084774 0.481035 0.049397
v -0.084404 0.478134 0.049252
v -0.083977 0.475324 0.048985
v -0.082640 0.480934 0.049744
v -0.082398 0.478000 0.049601
v -0.082112 0.475156 0.049348
v -0.080487 0.480721 0.050003
v -0.080375 0.477741 0.049859
v -0.080227 0.474848 0.049619
v -0.076191 0.479917 0.050336
v -0.076345 0.476844 0.050184
v -0.076473 0.473856 0.049981
v -0.074132 0.479347 0.050444
v -0.074419 0.476235 0.050292
v -0.074686 0.473215 0.050115
v -0.072225 0.478703 0.050533
v -0.072641 0.475563 0.050390
v -0.073041 0.472523 0.050245
v -0.071546 0.459691 0.052440
v -0.070868 0.462026 0.051889
v -0.070132 0.464428 0.051460
v -0.072178 0.460099 0.052085
v -0.071528 0.462512 0.051549
v -0.070841 0.464988 0.051143
v -0.072895 0.460557 0.051684
v -0.072286 0.463035 0.051189
v -0.071662 0.465576 0.050828
v -0.068432 0.455400 0.054978
v -0.068185 0.453278 0.055845
v -0.067972 0.450637 0.056903
v -0.067351 0.456798 0.054637
v -0.066866 0.454578 0.055534
v -0.066429 0.451855 0.056606
v -0.066089 0.458562 0.054180
v -0.065376 0.456246 0.055058
v -0.064709 0.453424 0.056105
v -0.088935 0.480942 0.048359
v -0.090933 0.480802 0.047632
v -0.092856 0.480655 0.046746
v -0.088309 0.478047 0.048194
v -0.090186 0.477886 0.047453
v -0.092003 0.477719 0.046555
v -0.087579 0.475221 0.047894
v -0.089305 0.475018 0.047135
v -0.090989 0.474815 0.046224
v -0.106332 0.504804 0.031751
v -0.106270 0.501652 0.032287
v -0.106157 0.498556 0.032786
v -0.105809 0.504945 0.033635
v -0.105721 0.501778 0.034184
v -0.105582 0.498656 0.034692
v -0.105107 0.505069 0.035481
v -0.104987 0.501885 0.036041
v -0.104819 0.498740 0.036556
v -0.105694 0.492509 0.033626
v -0.105305 0.489564 0.033943
v -0.104784 0.486689 0.034178
v -0.105080 0.492533 0.035538
v -0.104677 0.489542 0.035853
v -0.104144 0.486617 0.036081
v -0.104271 0.492553 0.037408
v -0.103852 0.489522 0.037722
v -0.103307 0.486553 0.037944
v -0.106473 0.518084 0.029513
v -0.106410 0.514657 0.030056
v -0.106380 0.511302 0.030621
v -0.106038 0.518194 0.031308
v -0.105958 0.514780 0.031873
v -0.105908 0.511439 0.032464
v -0.105438 0.518304 0.033068
v -0.105340 0.514896 0.033657
v -0.105265 0.511564 0.034271
v -0.093708 0.474724 0.019082
v -0.093790 0.472645 0.021241
v -0.093920 0.470861 0.023484
v -0.095941 0.476181 0.019293
v -0.096050 0.474325 0.021299
v -0.096216 0.472812 0.023340
v -0.097952 0.477732 0.019559
v -0.098076 0.476077 0.021421
v -0.098250 0.474760 0.023312
v -0.104405 0.502578 0.013610
v -0.103279 0.502199 0.012049
v -0.101912 0.501800 0.010640
v -0.104281 0.499376 0.014371
v -0.103149 0.498930 0.012877
v -0.101779 0.498449 0.011529
v -0.104129 0.496337 0.015181
v -0.103002 0.495813 0.013774
v -0.101638 0.495238 0.012504
v -0.104732 0.516389 0.011093
v -0.103675 0.516195 0.009391
v -0.102375 0.516022 0.007845
v -0.104652 0.512832 0.011658
v -0.103578 0.512601 0.009977
v -0.102260 0.512382 0.008453
v -0.104581 0.509332 0.012257
v -0.103488 0.509060 0.010605
v -0.102149 0.508789 0.009111
v -0.103740 0.490888 0.016921
v -0.102657 0.490177 0.015760
v -0.101342 0.489366 0.014721
v -0.103520 0.488574 0.017827
v -0.102487 0.487742 0.016846
v -0.101213 0.486782 0.015963
v -0.103323 0.486620 0.018745
v -0.102357 0.485628 0.017995
v -0.101128 0.484490 0.017294
v -0.105311 0.530862 0.008985
v -0.104243 0.530800 0.007269
v -0.102951 0.530790 0.005698
v -0.105139 0.527235 0.009486
v -0.104082 0.527140 0.007763
v -0.102796 0.527092 0.006190
v -0.104975 0.523605 0.010010
v -0.103927 0.523478 0.008287
v -0.102643 0.523390 0.006717
v -0.101494 0.533779 0.037217
v -0.103065 0.533467 0.035893
v -0.104359 0.533206 0.034448
v -0.101320 0.529968 0.037728
v -0.102883 0.529679 0.036363
v -0.104168 0.529441 0.034881
v -0.101120 0.526204 0.038270
v -0.102680 0.525939 0.036864
v -0.103960 0.525722 0.035345
v -0.105757 0.545178 0.007500
v -0.104681 0.545238 0.005894
v -0.103428 0.545380 0.004426
v -0.105718 0.541636 0.007740
v -0.104630 0.541658 0.006087
v -0.103350 0.541756 0.004573
v -0.105619 0.538069 0.008090
v -0.104530 0.538062 0.006406
v -0.103238 0.538122 0.004863
v -0.101638 0.548838 0.035231
v -0.103252 0.548419 0.033989
v -0.104576 0.548058 0.032617
v -0.101679 0.545150 0.035772
v -0.103291 0.544757 0.034517
v -0.104616 0.544423 0.033133
v -0.101678 0.541397 0.036261
v -0.103277 0.541033 0.034992
v -0.104595 0.540725 0.033595
v -0.105229 0.558886 0.007839
v -0.104353 0.559204 0.006580
v -0.103357 0.559606 0.005456
v -0.105404 0.555595 0.007643
v -0.104470 0.555849 0.006290
v -0.103404 0.556188 0.005073
v -0.105583 0.552182 0.007472
v -0.104589 0.552362 0.006021
v -0.103448 0.552629 0.004707
v -0.105283 0.570220 0.007721
v -0.104450 0.570518 0.006584
v -0.103501 0.570922 0.005581
v -0.105156 0.567646 0.007925
v -0.104339 0.567985 0.006799
v -0.103411 0.568421 0.005805
v -0.105091 0.564919 0.008015
v -0.104277 0.565281 0.006875
v -0.103352 0.565734 0.005867
v -0.101276 0.562606 0.031978
v -0.102740 0.562122 0.030931
v -0.103962 0.561664 0.029742
v -0.101382 0.559343 0.032974
v -0.102895 0.558866 0.031845
v -0.104147 0.558427 0.030580
v -0.101480 0.555952 0.033849
v -0.103042 0.555488 0.032663
v -0.104327 0.555073 0.031345
v -0.100884 0.574117 0.027028
v -0.102287 0.573680 0.026571
v -0.103502 0.573260 0.025917
v -0.100961 0.571492 0.028342
v -0.102369 0.571030 0.027723
v -0.103577 0.570584 0.026920
v -0.101058 0.568692 0.029637
v -0.102470 0.568215 0.028852
v -0.103672 0.567753 0.027900
v -0.102548 0.631897 0.006580
v -0.103439 0.631907 0.006523
v -0.104199 0.631789 0.006427
v -0.102514 0.629725 0.007247
v -0.103396 0.629729 0.007209
v -0.104145 0.629624 0.007134
v -0.102475 0.627086 0.007761
v -0.103352 0.627083 0.007741
v -0.104094 0.626992 0.007692
v -0.106785 0.623993 -0.003824
v -0.106120 0.624063 -0.004440
v -0.105361 0.624194 -0.004915
v -0.106981 0.622566 -0.003832
v -0.106249 0.622538 -0.004577
v -0.105429 0.622604 -0.005163
v -0.107191 0.621006 -0.003623
v -0.106397 0.620937 -0.004486
v -0.105514 0.620962 -0.005182
v -0.102033 0.606943 0.011050
v -0.102893 0.606965 0.011028
v -0.103602 0.607017 0.010974
v -0.101962 0.605437 0.011519
v -0.102823 0.605441 0.011499
v -0.103531 0.605480 0.011442
v -0.101886 0.603781 0.012065
v -0.102747 0.603763 0.012047
v -0.103456 0.603787 0.011987
v -0.107379 0.607620 -0.000051
v -0.106360 0.607598 -0.001413
v -0.105222 0.607591 -0.002591
v -0.107336 0.606051 0.000249
v -0.106326 0.606019 -0.001142
v -0.105193 0.606006 -0.002352
v -0.107278 0.604305 0.000597
v -0.106276 0.604262 -0.000816
v -0.105147 0.604242 -0.002049
v -0.106581 0.588353 0.004089
v -0.105616 0.588498 0.002651
v -0.104511 0.588704 0.001391
v -0.106475 0.586372 0.004502
v -0.105512 0.586505 0.003073
v -0.104410 0.586713 0.001820
v -0.106342 0.584185 0.004973
v -0.105385 0.584313 0.003565
v -0.104289 0.584529 0.002329
v -0.101293 0.589357 0.018619
v -0.102272 0.589208 0.018588
v -0.103105 0.589108 0.018453
v -0.101196 0.587954 0.019403
v -0.102224 0.587790 0.019362
v -0.103110 0.587666 0.019205
v -0.101094 0.586371 0.020292
v -0.102180 0.586184 0.020236
v -0.103127 0.586030 0.020050
v -0.100765 0.611295 -0.004566
v -0.101930 0.611222 -0.004671
v -0.103012 0.611194 -0.004480
v -0.100794 0.611650 -0.004653
v -0.101954 0.611572 -0.004758
v -0.103033 0.611547 -0.004571
v -0.100844 0.612217 -0.004796
v -0.102001 0.612137 -0.004899
v -0.103076 0.612112 -0.004714
v -0.100697 0.609929 -0.004397
v -0.101889 0.609864 -0.004507
v -0.102988 0.609813 -0.004295
v -0.100721 0.610469 -0.004443
v -0.101904 0.610410 -0.004552
v -0.102997 0.610368 -0.004347
v -0.100736 0.610808 -0.004477
v -0.101912 0.610747 -0.004584
v -0.103001 0.610711 -0.004385
v -0.106293 0.611571 0.009359
v -0.105676 0.611504 0.009586
v -0.105057 0.611437 0.009720
v -0.106313 0.612133 0.009262
v -0.105695 0.612072 0.009490
v -0.105075 0.612009 0.009623
v -0.106342 0.612983 0.009135
v -0.105722 0.612935 0.009366
v -0.105100 0.612883 0.009498
v -0.106190 0.609548 0.009806
v -0.105576 0.609475 0.010035
v -0.104961 0.609403 0.010177
v -0.106229 0.610238 0.009638
v -0.105614 0.610166 0.009866
v -0.104996 0.610094 0.010004
v -0.106256 0.610742 0.009526
v -0.105640 0.610671 0.009752
v -0.105022 0.610601 0.009889
v -0.105620 0.593501 0.015147
v -0.105015 0.593546 0.015531
v -0.104396 0.593600 0.015784
v -0.105617 0.594127 0.014884
v -0.105015 0.594168 0.015257
v -0.104399 0.594218 0.015502
v -0.105622 0.594903 0.014569
v -0.105021 0.594938 0.014929
v -0.104408 0.594983 0.015165
v -0.105689 0.591010 0.016195
v -0.105079 0.591075 0.016639
v -0.104442 0.591146 0.016943
v -0.105653 0.591781 0.015884
v -0.105045 0.591838 0.016305
v -0.104416 0.591902 0.016588
v -0.105634 0.592403 0.015621
v -0.105028 0.592455 0.016027
v -0.104403 0.592514 0.016298
v -0.099806 0.595449 -0.001176
v -0.101095 0.595097 -0.001253
v -0.102280 0.594798 -0.001000
v -0.099808 0.595949 -0.001262
v -0.101091 0.595587 -0.001332
v -0.102273 0.595287 -0.001078
v -0.099827 0.596568 -0.001424
v -0.101106 0.596200 -0.001489
v -0.102287 0.595901 -0.001230
v -0.099758 0.592896 -0.000970
v -0.101085 0.592526 -0.001048
v -0.102294 0.592200 -0.000772
v -0.099792 0.593794 -0.001066
v -0.101108 0.593440 -0.001148
v -0.102311 0.593128 -0.000882
v -0.099807 0.594460 -0.001110
v -0.101113 0.594114 -0.001193
v -0.102309 0.593811 -0.000936
v -0.107114 0.600706 0.001400
v -0.106113 0.600665 -0.000010
v -0.104980 0.600655 -0.001242
v -0.107019 0.599029 0.001815
v -0.106011 0.599006 0.000427
v -0.104871 0.599018 -0.000782
v -0.106929 0.597529 0.002198
v -0.105914 0.597533 0.000835
v -0.104767 0.597574 -0.000348
v -0.101738 0.600395 0.013311
v -0.102601 0.600332 0.013298
v -0.103313 0.600321 0.013233
v -0.101674 0.598819 0.013955
v -0.102539 0.598734 0.013945
v -0.103254 0.598708 0.013877
v -0.101619 0.597399 0.014564
v -0.102486 0.597297 0.014557
v -0.103204 0.597256 0.014485
v -0.100916 0.582830 0.022285
v -0.102138 0.582569 0.022181
v -0.103213 0.582331 0.021912
v -0.100859 0.580890 0.023370
v -0.102148 0.580581 0.023223
v -0.103281 0.580293 0.022892
v -0.100831 0.578808 0.024520
v -0.102177 0.578449 0.024305
v -0.103356 0.578112 0.023893
v -0.106011 0.579631 0.006010
v -0.105081 0.579778 0.004685
v -0.104015 0.580034 0.003518
v -0.105824 0.577352 0.006527
v -0.104915 0.577526 0.005257
v -0.103875 0.577813 0.004138
v -0.105633 0.575042 0.007003
v -0.104750 0.575252 0.005788
v -0.103740 0.575575 0.004717
v -0.107464 0.617694 -0.002830
v -0.106562 0.617584 -0.003874
v -0.105563 0.617537 -0.004743
v -0.107503 0.616092 -0.002364
v -0.106555 0.615955 -0.003469
v -0.105507 0.615865 -0.004393
v -0.107504 0.614652 -0.001917
v -0.106517 0.614490 -0.003065
v -0.105428 0.614361 -0.004029
v -0.102387 0.621287 0.008577
v -0.103260 0.621286 0.008576
v -0.103994 0.621239 0.008555
v -0.102343 0.618519 0.008931
v -0.103214 0.618527 0.008930
v -0.103943 0.618508 0.008910
v -0.102302 0.616064 0.009239
v -0.103172 0.616082 0.009234
v -0.103897 0.616090 0.009209
v -0.102594 0.634004 0.004561
v -0.102593 0.633893 0.003220
v -0.102565 0.633221 0.001754
v -0.103528 0.634013 0.004477
v -0.103555 0.633893 0.003133
v -0.103550 0.633208 0.001669
v -0.104328 0.633859 0.004372
v -0.104381 0.633720 0.003045
v -0.104399 0.633020 0.001605
v -0.102392 0.630881 -0.001254
v -0.102255 0.629438 -0.002647
v -0.102105 0.627885 -0.003871
v -0.103380 0.630841 -0.001317
v -0.103226 0.629387 -0.002696
v -0.103064 0.627824 -0.003907
v -0.104241 0.630657 -0.001327
v -0.104081 0.629222 -0.002679
v -0.103916 0.627684 -0.003864
v -0.071552 0.123175 0.111407
v -0.066996 0.123667 0.111342
v -0.062183 0.124073 0.110795
v -0.071380 0.132080 0.110078
v -0.066820 0.132507 0.110082
v -0.061989 0.132863 0.109613
v -0.071157 0.141124 0.108908
v -0.066592 0.141472 0.108977
v -0.061746 0.141767 0.108578
v -0.071589 0.089495 0.117570
v -0.067097 0.090052 0.117284
v -0.062400 0.090504 0.116466
v -0.071666 0.097532 0.115956
v -0.067152 0.098108 0.115712
v -0.062422 0.098581 0.114947
v -0.071694 0.105862 0.114378
v -0.067161 0.106433 0.114184
v -0.062399 0.106900 0.113484
v -0.069936 0.196623 0.108652
v -0.065084 0.196496 0.108518
v -0.059972 0.196388 0.107807
v -0.069979 0.205755 0.110117
v -0.065009 0.205615 0.109781
v -0.059797 0.205488 0.108817
v -0.070068 0.214903 0.111595
v -0.064979 0.214763 0.111057
v -0.059668 0.214626 0.109833
v -0.070247 0.233479 0.113439
v -0.064968 0.233341 0.112625
v -0.059513 0.233170 0.111026
v -0.070290 0.242945 0.113575
v -0.064955 0.242804 0.112712
v -0.059464 0.242609 0.111026
v -0.070286 0.252503 0.113264
v -0.064921 0.252365 0.112398
v -0.059417 0.252150 0.110682
v -0.043222 0.328509 0.086090
v -0.046394 0.329226 0.090344
v -0.050180 0.329798 0.093984
v -0.042832 0.318578 0.087808
v -0.046030 0.319348 0.092224
v -0.049853 0.319963 0.096026
v -0.042562 0.308639 0.089371
v -0.045781 0.309435 0.093924
v -0.049631 0.310077 0.097865
v -0.068529 0.414129 0.070940
v -0.065546 0.414515 0.070801
v -0.062386 0.414961 0.070310
v -0.068326 0.420109 0.068649
v -0.065521 0.420579 0.068486
v -0.062539 0.421142 0.067990
v -0.068127 0.425642 0.066533
v -0.065497 0.426206 0.066346
v -0.062688 0.426898 0.065842
v -0.070101 0.271811 0.111591
v -0.064747 0.271710 0.110810
v -0.059270 0.271497 0.109159
v -0.069936 0.281529 0.110317
v -0.064620 0.281463 0.109606
v -0.059181 0.281274 0.108030
v -0.069754 0.291280 0.108773
v -0.064495 0.291255 0.108141
v -0.059108 0.291097 0.106658
v -0.070614 0.159554 0.107228
v -0.066022 0.159712 0.107388
v -0.061138 0.159854 0.107079
v -0.070342 0.168870 0.106855
v -0.065719 0.168930 0.107021
v -0.060805 0.168989 0.106707
v -0.070117 0.178184 0.106916
v -0.065444 0.178158 0.107043
v -0.060485 0.178143 0.106671
v -0.071318 0.074566 0.120774
v -0.070976 0.067932 0.122021
v -0.070284 0.062104 0.122617
v -0.066870 0.075002 0.120443
v -0.066570 0.068351 0.121693
v -0.065938 0.062628 0.122319
v -0.062240 0.075333 0.119569
v -0.062064 0.068719 0.120821
v -0.061701 0.063260 0.121486
v -0.083633 0.459102 0.028015
v -0.083878 0.456000 0.030216
v -0.084281 0.453056 0.032461
v -0.085807 0.460859 0.028195
v -0.085656 0.458325 0.030332
v -0.085647 0.456232 0.032328
v -0.087927 0.462634 0.028385
v -0.087314 0.460438 0.030434
v -0.086932 0.458740 0.032206
v -0.083809 0.332941 0.033235
v -0.087378 0.333997 0.036345
v -0.090505 0.335316 0.040024
v -0.083198 0.343572 0.033114
v -0.086690 0.344418 0.036033
v -0.089767 0.345525 0.039506
v -0.082506 0.354290 0.033002
v -0.085913 0.354968 0.035730
v -0.088935 0.355891 0.038993
v -0.097017 0.342359 0.069160
v -0.095970 0.343455 0.074110
v -0.094498 0.344484 0.078568
v -0.096222 0.352012 0.067396
v -0.095157 0.353131 0.072125
v -0.093675 0.354187 0.076376
v -0.095327 0.361710 0.065562
v -0.094252 0.362796 0.070057
v -0.092769 0.363823 0.074088
v -0.051181 0.349165 0.089317
v -0.047503 0.348731 0.086060
v -0.044397 0.348196 0.082197
v -0.051825 0.358612 0.086739
v -0.048218 0.358268 0.083693
v -0.045154 0.357852 0.080048
v -0.052514 0.367839 0.084049
v -0.048990 0.367591 0.081218
v -0.045973 0.367298 0.077799
v -0.039336 0.343368 0.052959
v -0.040426 0.342231 0.047970
v -0.041896 0.341110 0.043449
v -0.040151 0.354033 0.051871
v -0.041240 0.353014 0.047063
v -0.042699 0.351988 0.042719
v -0.040955 0.364516 0.050748
v -0.042034 0.363647 0.046128
v -0.043476 0.362745 0.041967
v -0.081969 0.348157 0.091333
v -0.079508 0.348589 0.092507
v -0.076668 0.348973 0.093491
v -0.081445 0.357675 0.088401
v -0.079069 0.358053 0.089496
v -0.076337 0.358392 0.090422
v -0.080887 0.366971 0.085392
v -0.078604 0.367285 0.086414
v -0.075986 0.367567 0.087286
v -0.040168 0.346932 0.073247
v -0.039070 0.346205 0.068374
v -0.038597 0.345383 0.063322
v -0.040962 0.356906 0.071491
v -0.039873 0.356366 0.066786
v -0.039405 0.355730 0.061895
v -0.041807 0.366668 0.069657
v -0.040712 0.366311 0.065132
v -0.040231 0.365863 0.060413
v -0.095150 0.337940 0.048772
v -0.096575 0.339084 0.053661
v -0.097371 0.340171 0.058761
v -0.094375 0.347803 0.047841
v -0.095798 0.348836 0.052530
v -0.096595 0.349852 0.057426
v -0.093496 0.357842 0.046898
v -0.094916 0.358752 0.051374
v -0.095712 0.359670 0.056054
v -0.054852 0.336688 0.030272
v -0.057376 0.336067 0.029067
v -0.060192 0.335382 0.028113
v -0.055312 0.347792 0.030335
v -0.057751 0.347186 0.029232
v -0.060467 0.346506 0.028357
v -0.055739 0.358768 0.030388
v -0.058094 0.358169 0.029387
v -0.060705 0.357494 0.028594
v -0.067226 0.333723 0.027452
v -0.071370 0.332922 0.027926
v -0.075658 0.332400 0.029014
v -0.067218 0.344812 0.027744
v -0.071189 0.343957 0.028176
v -0.075308 0.343345 0.029181
v -0.067162 0.355805 0.028034
v -0.070953 0.354936 0.028429
v -0.074892 0.354282 0.029353
v -0.069180 0.349514 0.094499
v -0.064638 0.349630 0.094295
v -0.059932 0.349620 0.093445
v -0.069163 0.358868 0.091423
v -0.064817 0.358974 0.091280
v -0.060302 0.358973 0.090533
v -0.069147 0.367974 0.088269
v -0.065006 0.368073 0.088175
v -0.060692 0.368088 0.087520
v -0.090678 0.398590 0.058423
v -0.091960 0.389892 0.060090
v -0.093185 0.380768 0.061865
v -0.089677 0.398790 0.062018
v -0.090932 0.390399 0.063898
v -0.092131 0.381543 0.065893
v -0.088336 0.399027 0.065219
v -0.089542 0.390905 0.067296
v -0.090695 0.382289 0.069494
v -0.089214 0.398338 0.043192
v -0.090341 0.388428 0.044087
v -0.091456 0.378263 0.045011
v -0.090458 0.398442 0.046869
v -0.091653 0.388785 0.047936
v -0.092823 0.378839 0.049057
v -0.091127 0.398450 0.050708
v -0.092377 0.389097 0.051962
v -0.093586 0.379410 0.053293
v -0.079308 0.396025 0.032000
v -0.080138 0.385966 0.032367
v -0.080958 0.375589 0.032651
v -0.082373 0.396720 0.034150
v -0.083281 0.386573 0.034624
v -0.084187 0.376147 0.035041
v -0.085110 0.397445 0.036758
v -0.086091 0.387284 0.037357
v -0.087073 0.376873 0.037927
v -0.065962 0.395852 0.028284
v -0.066385 0.386530 0.028395
v -0.066748 0.376754 0.028389
v -0.069204 0.395512 0.028540
v -0.069738 0.385994 0.028687
v -0.070224 0.376048 0.028714
v -0.072603 0.395378 0.029207
v -0.073245 0.385654 0.029409
v -0.073853 0.375534 0.029497
v -0.056273 0.397887 0.030085
v -0.056296 0.388925 0.030265
v -0.056242 0.379435 0.030369
v -0.058265 0.397342 0.029348
v -0.058380 0.388350 0.029486
v -0.058419 0.378845 0.029535
v -0.060477 0.396814 0.028754
v -0.060688 0.387761 0.028864
v -0.060826 0.378211 0.028871
v -0.043538 0.401682 0.046322
v -0.042979 0.393157 0.047408
v -0.042377 0.384153 0.048504
v -0.044467 0.401368 0.042521
v -0.043960 0.392740 0.043399
v -0.043402 0.383600 0.044286
v -0.045752 0.400983 0.039121
v -0.045299 0.392253 0.039812
v -0.044785 0.382982 0.040507
v -0.045119 0.402069 0.061977
v -0.044328 0.393809 0.063903
v -0.043510 0.385163 0.065841
v -0.043874 0.402088 0.058263
v -0.043129 0.393775 0.059982
v -0.042356 0.385062 0.061711
v -0.043191 0.402041 0.054345
v -0.042508 0.393674 0.055856
v -0.041795 0.384886 0.057377
v -0.055088 0.401572 0.073023
v -0.054503 0.393704 0.075723
v -0.053875 0.385430 0.078495
v -0.051979 0.401747 0.070955
v -0.051282 0.393760 0.073490
v -0.050545 0.385381 0.076077
v -0.049223 0.401889 0.068395
v -0.048451 0.393791 0.070736
v -0.047646 0.385311 0.073110
v -0.068865 0.400649 0.076120
v -0.068980 0.393140 0.078990
v -0.069062 0.385164 0.081999
v -0.065515 0.400889 0.076033
v -0.065441 0.393319 0.078925
v -0.065329 0.385297 0.081944
v -0.061989 0.401134 0.075541
v -0.061725 0.393481 0.078420
v -0.061419 0.385392 0.081411
v -0.078376 0.399975 0.073989
v -0.079046 0.392458 0.076654
v -0.079687 0.384434 0.079463
v -0.076512 0.400104 0.074759
v -0.077073 0.392618 0.077482
v -0.077606 0.384634 0.080353
v -0.074384 0.400253 0.075411
v -0.074820 0.392784 0.078189
v -0.075230 0.384825 0.081116
v -0.085175 0.399451 0.069822
v -0.086234 0.391694 0.072195
v -0.087249 0.383413 0.074697
v -0.083511 0.399606 0.071239
v -0.084480 0.391946 0.073708
v -0.085408 0.383760 0.076309
v -0.081817 0.399737 0.072291
v -0.082689 0.392138 0.074833
v -0.083525 0.384017 0.077512
v -0.048947 0.400053 0.034264
v -0.048624 0.391177 0.034684
v -0.048229 0.381734 0.035087
v -0.050710 0.399533 0.032807
v -0.050466 0.390621 0.033143
v -0.050149 0.381144 0.033451
v -0.052535 0.398992 0.031750
v -0.052378 0.390058 0.032027
v -0.052146 0.380570 0.032258
v -0.045673 0.339227 0.036775
v -0.047846 0.338501 0.034637
v -0.050132 0.337866 0.032996
v -0.046406 0.350228 0.036358
v -0.048521 0.349538 0.034351
v -0.050740 0.348929 0.032831
v -0.047109 0.361140 0.035925
v -0.049165 0.360485 0.034051
v -0.051315 0.359892 0.032653
v -0.090760 0.346125 0.085097
v -0.088662 0.346727 0.087165
v -0.086473 0.347238 0.088738
v -0.089975 0.355832 0.082572
v -0.087927 0.356401 0.084519
v -0.085804 0.356865 0.085989
v -0.089124 0.365388 0.079943
v -0.087136 0.365900 0.081773
v -0.085085 0.366299 0.083147
v -0.069234 0.457870 0.053832
v -0.068456 0.459683 0.053357
v -0.067507 0.461689 0.052907
v -0.069796 0.458467 0.053447
v -0.069053 0.460492 0.052919
v -0.068179 0.462628 0.052466
v -0.070375 0.458919 0.053101
v -0.069655 0.461079 0.052552
v -0.068834 0.463317 0.052102
v -0.071496 0.434656 0.062530
v -0.071122 0.438924 0.060918
v -0.070813 0.442798 0.059445
v -0.072882 0.434507 0.062173
v -0.072389 0.438756 0.060606
v -0.071963 0.442614 0.059174
v -0.074083 0.434479 0.061717
v -0.073483 0.438728 0.060198
v -0.072954 0.442588 0.058810
v -0.050269 0.442900 0.030726
v -0.051713 0.442636 0.029554
v -0.053206 0.442400 0.028697
v -0.050326 0.448666 0.029831
v -0.051855 0.448380 0.028692
v -0.053380 0.448136 0.027871
v -0.050350 0.454049 0.028615
v -0.052099 0.453652 0.027544
v -0.053700 0.453366 0.026791
v -0.065268 0.466502 0.052064
v -0.064044 0.469330 0.051684
v -0.062783 0.472407 0.051350
v -0.066158 0.467578 0.051742
v -0.065058 0.470446 0.051459
v -0.063923 0.473538 0.051222
v -0.066978 0.468397 0.051475
v -0.065980 0.471303 0.051270
v -0.064949 0.474412 0.051109
v -0.067746 0.483882 0.050701
v -0.066360 0.483209 0.050745
v -0.065133 0.482520 0.050778
v -0.067024 0.487258 0.050548
v -0.065551 0.486627 0.050591
v -0.064243 0.485979 0.050622
v -0.066309 0.490702 0.050300
v -0.064754 0.490124 0.050350
v -0.063371 0.489527 0.050391
v -0.074034 0.455502 0.053007
v -0.074591 0.452787 0.053811
v -0.075191 0.449859 0.054704
v -0.073316 0.455152 0.053486
v -0.073834 0.452474 0.054333
v -0.074374 0.449573 0.055275
v -0.072664 0.454879 0.053869
v -0.073135 0.452252 0.054737
v -0.073612 0.449390 0.055709
v -0.053836 0.502901 0.048821
v -0.055702 0.503433 0.048797
v -0.057343 0.503858 0.048744
v -0.054698 0.498715 0.049381
v -0.056505 0.499339 0.049355
v -0.058095 0.499837 0.049305
v -0.055650 0.494609 0.049852
v -0.057388 0.495328 0.049829
v -0.058918 0.495901 0.049783
v -0.051429 0.462833 0.024348
v -0.053467 0.462335 0.023901
v -0.055091 0.462057 0.023507
v -0.052632 0.466236 0.021635
v -0.054594 0.465868 0.021563
v -0.056126 0.465661 0.021415
v -0.053949 0.469437 0.019059
v -0.055813 0.469180 0.019240
v -0.057233 0.469045 0.019293
v -0.051249 0.520289 0.045958
v -0.053211 0.520499 0.045951
v -0.054954 0.520664 0.045905
v -0.051789 0.515869 0.046740
v -0.053745 0.516151 0.046728
v -0.055476 0.516374 0.046679
v -0.052389 0.511488 0.047487
v -0.054329 0.511849 0.047470
v -0.056041 0.512135 0.047419
v -0.063020 0.476169 0.016417
v -0.063292 0.480025 0.015279
v -0.063448 0.483966 0.014303
v -0.062013 0.476083 0.016298
v -0.062406 0.479901 0.015131
v -0.062663 0.483815 0.014152
v -0.061065 0.476030 0.016133
v -0.061572 0.479814 0.014933
v -0.061928 0.483704 0.013952
v -0.058858 0.491587 0.011203
v -0.060177 0.491471 0.011841
v -0.061022 0.491479 0.012184
v -0.058935 0.495655 0.010821
v -0.060213 0.495499 0.011440
v -0.061021 0.495469 0.011751
v -0.058777 0.499694 0.010499
v -0.060035 0.499476 0.011085
v -0.060835 0.499387 0.011365
v -0.062073 0.513228 0.009630
v -0.061063 0.513269 0.009579
v -0.060165 0.513532 0.009472
v -0.062414 0.509578 0.010203
v -0.061519 0.509580 0.010173
v -0.060729 0.509786 0.010089
v -0.062707 0.506288 0.010724
v -0.061918 0.506242 0.010709
v -0.061226 0.506360 0.010645
v -0.049523 0.537900 0.042892
v -0.051445 0.537919 0.042886
v -0.053194 0.537937 0.042825
v -0.049871 0.533592 0.043588
v -0.051808 0.533637 0.043589
v -0.053559 0.533671 0.043542
v -0.050289 0.529185 0.044356
v -0.052238 0.529273 0.044357
v -0.053989 0.529341 0.044314
v -0.060272 0.534575 0.006454
v -0.058883 0.534521 0.006383
v -0.057657 0.534427 0.006272
v -0.060746 0.528633 0.007403
v -0.059434 0.528635 0.007326
v -0.058268 0.528698 0.007198
v -0.061226 0.522815 0.008244
v -0.060002 0.522858 0.008167
v -0.058910 0.523049 0.008033
v -0.058755 0.553816 0.001968
v -0.057169 0.553307 0.001998
v -0.055794 0.552666 0.002034
v -0.059122 0.549600 0.003041
v -0.057566 0.549295 0.003023
v -0.056210 0.548776 0.003015
v -0.059465 0.545144 0.004221
v -0.057955 0.544956 0.004176
v -0.056633 0.544565 0.004126
v -0.049007 0.553560 0.040832
v -0.050861 0.553660 0.040722
v -0.052569 0.553791 0.040498
v -0.049031 0.549840 0.041387
v -0.050911 0.549907 0.041306
v -0.052642 0.550001 0.041125
v -0.049107 0.546024 0.041836
v -0.051003 0.546058 0.041786
v -0.052744 0.546111 0.041655
v -0.056062 0.568676 0.000977
v -0.054960 0.568123 0.000925
v -0.053805 0.567703 0.000910
v -0.056696 0.565352 0.000797
v -0.055507 0.564620 0.000793
v -0.054297 0.564051 0.000819
v -0.057472 0.561771 0.000816
v -0.056120 0.560938 0.000863
v -0.054830 0.560259 0.000920
v -0.055076 0.579812 0.002232
v -0.054023 0.579702 0.001808
v -0.052913 0.579602 0.001495
v -0.055110 0.577235 0.001930
v -0.054080 0.577088 0.001670
v -0.052982 0.576968 0.001463
v -0.055275 0.574576 0.001596
v -0.054239 0.574343 0.001436
v -0.053136 0.574168 0.001309
v -0.048964 0.568064 0.036015
v -0.050554 0.568129 0.035881
v -0.052023 0.568182 0.035644
v -0.048987 0.564545 0.037554
v -0.050656 0.564641 0.037425
v -0.052197 0.564740 0.037183
v -0.049001 0.560916 0.038929
v -0.050747 0.561033 0.038798
v -0.052358 0.561168 0.038546
v -0.048731 0.580241 0.029812
v -0.050135 0.580222 0.029481
v -0.051429 0.580156 0.029016
v -0.048816 0.577468 0.031288
v -0.050248 0.577458 0.031020
v -0.051567 0.577403 0.030631
v -0.048881 0.574537 0.032825
v -0.050350 0.574545 0.032621
v -0.051704 0.574515 0.032308
v -0.048858 0.648548 -0.011256
v -0.048046 0.648453 -0.011799
v -0.047142 0.648324 -0.012205
v -0.049394 0.646459 -0.011138
v -0.048543 0.646221 -0.011764
v -0.047600 0.646013 -0.012246
v -0.050002 0.644078 -0.010745
v -0.049112 0.643807 -0.011438
v -0.048124 0.643583 -0.011986
v -0.043485 0.657374 0.001027
v -0.044597 0.657206 0.000940
v -0.045599 0.656890 0.000789
v -0.043760 0.654344 0.001808
v -0.044871 0.654198 0.001733
v -0.045873 0.653922 0.001604
v -0.044059 0.650674 0.002465
v -0.045172 0.650552 0.002402
v -0.046175 0.650322 0.002299
v -0.052920 0.625163 -0.005984
v -0.051921 0.625140 -0.006904
v -0.050787 0.625109 -0.007687
v -0.053106 0.623037 -0.005585
v -0.052100 0.622997 -0.006512
v -0.050958 0.622947 -0.007300
v -0.053304 0.620638 -0.005132
v -0.052291 0.620579 -0.006061
v -0.051139 0.620508 -0.006847
v -0.045968 0.623086 0.008187
v -0.047068 0.623143 0.008110
v -0.048057 0.623240 0.007994
v -0.046087 0.620941 0.009054
v -0.047194 0.621000 0.008971
v -0.048192 0.621099 0.008845
v -0.046223 0.618554 0.010056
v -0.047339 0.618614 0.009966
v -0.048348 0.618714 0.009829
v -0.054799 0.600515 -0.001191
v -0.053724 0.600477 -0.002043
v -0.052505 0.600444 -0.002707
v -0.054937 0.598211 -0.000717
v -0.053862 0.598148 -0.001565
v -0.052645 0.598094 -0.002224
v -0.055053 0.595647 -0.000171
v -0.053982 0.595555 -0.001008
v -0.052772 0.595479 -0.001653
v -0.047432 0.599422 0.019792
v -0.048684 0.599481 0.019577
v -0.049838 0.599566 0.019265
v -0.047595 0.597434 0.020893
v -0.048861 0.597488 0.020649
v -0.050029 0.597558 0.020298
v -0.047776 0.595204 0.022106
v -0.049057 0.595249 0.021828
v -0.050241 0.595301 0.021434
v -0.051314 0.629015 0.005332
v -0.050474 0.628887 0.005672
v -0.049589 0.628782 0.005867
v -0.051259 0.629653 0.005189
v -0.050420 0.629535 0.005527
v -0.049535 0.629438 0.005719
v -0.051173 0.630721 0.004973
v -0.050335 0.630624 0.005310
v -0.049451 0.630547 0.005499
v -0.051451 0.626761 0.006019
v -0.050606 0.626612 0.006379
v -0.049716 0.626485 0.006589
v -0.051403 0.627600 0.005738
v -0.050559 0.627457 0.006089
v -0.049671 0.627336 0.006293
v -0.051374 0.628165 0.005562
v -0.050532 0.628028 0.005908
v -0.049644 0.627913 0.006108
v -0.045221 0.629814 -0.010633
v -0.046683 0.629862 -0.010362
v -0.047961 0.629922 -0.009858
v -0.045184 0.630239 -0.010739
v -0.046638 0.630295 -0.010474
v -0.047909 0.630369 -0.009980
v -0.045112 0.630936 -0.010928
v -0.046558 0.631001 -0.010671
v -0.047821 0.631089 -0.010186
v -0.045351 0.627980 -0.010377
v -0.046836 0.628006 -0.010091
v -0.048139 0.628027 -0.009554
v -0.045299 0.628752 -0.010478
v -0.046778 0.628781 -0.010195
v -0.048075 0.628806 -0.009666
v -0.045266 0.629216 -0.010535
v -0.046739 0.629250 -0.010254
v -0.048030 0.629284 -0.009734
v -0.053349 0.605592 0.014749
v -0.052411 0.605443 0.015424
v -0.051406 0.605302 0.015842
v -0.053271 0.606248 0.014442
v -0.052338 0.606095 0.015104
v -0.051339 0.605952 0.015514
v -0.053174 0.607137 0.014028
v -0.052246 0.606981 0.014674
v -0.051256 0.606836 0.015072
v -0.053698 0.602952 0.015928
v -0.052744 0.602817 0.016661
v -0.051713 0.602690 0.017127
v -0.053583 0.603853 0.015539
v -0.052632 0.603713 0.016252
v -0.051609 0.603579 0.016699
v -0.053494 0.604513 0.015247
v -0.052547 0.604369 0.015944
v -0.051530 0.604232 0.016379
v -0.046582 0.606188 -0.005537
v -0.048096 0.606225 -0.005300
v -0.049459 0.606281 -0.004888
v -0.046544 0.606717 -0.005672
v -0.048058 0.606764 -0.005436
v -0.049419 0.606836 -0.005021
v -0.046495 0.607507 -0.005895
v -0.048010 0.607562 -0.005656
v -0.049370 0.607648 -0.005232
v -0.046754 0.603729 -0.005161
v -0.048287 0.603740 -0.004898
v -0.049670 0.603753 -0.004455
v -0.046691 0.604685 -0.005307
v -0.048218 0.604698 -0.005051
v -0.049595 0.604715 -0.004617
v -0.046648 0.605318 -0.005392
v -0.048169 0.605337 -0.005143
v -0.049540 0.605364 -0.004720
v -0.048149 0.590426 0.024595
v -0.049468 0.590445 0.024245
v -0.050684 0.590445 0.023759
v -0.048324 0.587973 0.025829
v -0.049664 0.587976 0.025451
v -0.050898 0.587949 0.024930
v -0.048484 0.585468 0.027090
v -0.049844 0.585456 0.026702
v -0.051098 0.585406 0.026165
v -0.055137 0.590290 0.001064
v -0.054082 0.590155 0.000276
v -0.052905 0.590049 -0.000311
v -0.055123 0.587641 0.001660
v -0.054068 0.587494 0.000909
v -0.052912 0.587385 0.000365
v -0.055114 0.585011 0.002137
v -0.054045 0.584865 0.001432
v -0.052903 0.584760 0.000941
v -0.046509 0.613620 0.012294
v -0.047647 0.613684 0.012186
v -0.048682 0.613789 0.012022
v -0.046644 0.611324 0.013414
v -0.047794 0.611391 0.013296
v -0.048843 0.611499 0.013118
v -0.046764 0.609287 0.014441
v -0.047926 0.609357 0.014313
v -0.048988 0.609467 0.014121
v -0.053677 0.615573 -0.004165
v -0.052648 0.615483 -0.005069
v -0.051479 0.615379 -0.005820
v -0.053833 0.613175 -0.003701
v -0.052796 0.613077 -0.004583
v -0.051621 0.612965 -0.005303
v -0.053964 0.611040 -0.003288
v -0.052922 0.610941 -0.004145
v -0.051741 0.610827 -0.004832
v -0.044680 0.642505 0.003744
v -0.045787 0.642440 0.003694
v -0.046786 0.642316 0.003622
v -0.044971 0.638546 0.004401
v -0.046071 0.638513 0.004351
v -0.047062 0.638446 0.004280
v -0.045227 0.635033 0.005007
v -0.046319 0.635027 0.004954
v -0.047302 0.635013 0.004878
v -0.051084 0.638982 -0.009534
v -0.050143 0.638776 -0.010320
v -0.049090 0.638594 -0.010961
v -0.051481 0.636561 -0.008879
v -0.050529 0.636391 -0.009692
v -0.049462 0.636231 -0.010358
v -0.051791 0.634415 -0.008270
v -0.050833 0.634277 -0.009100
v -0.049759 0.634140 -0.009783
v -0.043055 0.660502 -0.001248
v -0.042908 0.660532 -0.002765
v -0.042799 0.659780 -0.004458
v -0.044186 0.660299 -0.001340
v -0.044054 0.660319 -0.002850
v -0.043955 0.659574 -0.004528
v -0.045210 0.659915 -0.001496
v -0.045095 0.659918 -0.002983
v -0.045008 0.659182 -0.004626
v -0.042680 0.656727 -0.008093
v -0.042679 0.654713 -0.009835
v -0.042734 0.652494 -0.011350
v -0.043816 0.656598 -0.008118
v -0.043790 0.654648 -0.009830
v -0.043830 0.652495 -0.011313
v -0.044852 0.656345 -0.008118
v -0.044802 0.654513 -0.009774
v -0.044824 0.652479 -0.011196
v -0.041114 0.118334 0.057853
v -0.043460 0.118019 0.055584
v -0.045904 0.117773 0.053818
v -0.041100 0.128675 0.057099
v -0.043505 0.128457 0.054894
v -0.045998 0.128295 0.053202
v -0.041215 0.138979 0.056346
v -0.043688 0.138851 0.054202
v -0.046241 0.138766 0.052581
v -0.041839 0.077251 0.060487
v -0.044126 0.076464 0.058049
v -0.046552 0.075793 0.056137
v -0.041630 0.087355 0.059907
v -0.043894 0.086689 0.057480
v -0.046284 0.086133 0.055560
v -0.041412 0.097624 0.059271
v -0.043684 0.097082 0.056883
v -0.046070 0.096638 0.054993
v -0.094195 0.118832 0.102104
v -0.091932 0.119431 0.104237
v -0.089566 0.119986 0.105799
v -0.093915 0.128345 0.100585
v -0.091667 0.128868 0.102712
v -0.089317 0.129346 0.104282
v -0.093613 0.138197 0.099186
v -0.091373 0.138629 0.101310
v -0.089036 0.139005 0.102895
v -0.094411 0.085626 0.108352
v -0.092095 0.086214 0.110518
v -0.089688 0.086687 0.112118
v -0.094485 0.093246 0.106783
v -0.092182 0.093863 0.108943
v -0.089781 0.094391 0.110528
v -0.094490 0.101268 0.105229
v -0.092199 0.101910 0.107381
v -0.089807 0.102485 0.108951
v -0.093314 0.198924 0.098158
v -0.090925 0.198216 0.100177
v -0.088505 0.197838 0.101887
v -0.093434 0.207967 0.099775
v -0.091129 0.207332 0.101662
v -0.088744 0.206969 0.103363
v -0.093687 0.216708 0.101136
v -0.091420 0.216251 0.103042
v -0.089052 0.215965 0.104796
v -0.044170 0.199106 0.051185
v -0.047099 0.199435 0.048999
v -0.050054 0.199726 0.047346
v -0.044551 0.208618 0.049787
v -0.047513 0.208997 0.047485
v -0.050512 0.209325 0.045716
v -0.044750 0.217796 0.048272
v -0.047724 0.218206 0.045849
v -0.050752 0.218554 0.043963
v -0.044430 0.234769 0.045155
v -0.047355 0.235155 0.042556
v -0.050387 0.235490 0.040511
v -0.043977 0.242607 0.043675
v -0.046849 0.242928 0.041035
v -0.049856 0.243215 0.038961
v -0.043477 0.250197 0.042324
v -0.046286 0.250410 0.039666
v -0.049255 0.250607 0.037586
v -0.094430 0.234000 0.102131
v -0.092160 0.234005 0.104225
v -0.089766 0.233965 0.106175
v -0.094847 0.242798 0.101608
v -0.092527 0.243008 0.103851
v -0.090088 0.243083 0.105926
v -0.095249 0.251819 0.100507
v -0.092818 0.252142 0.103014
v -0.090313 0.252294 0.105242
v -0.077276 0.329773 0.099131
v -0.080294 0.329372 0.098016
v -0.082897 0.328922 0.096658
v -0.077560 0.320101 0.101625
v -0.080649 0.319733 0.100437
v -0.083310 0.319319 0.098978
v -0.077842 0.310410 0.103898
v -0.080992 0.310088 0.102637
v -0.083703 0.309724 0.101077
v -0.059790 0.313613 0.027783
v -0.056790 0.314338 0.028851
v -0.054097 0.315034 0.030210
v -0.059727 0.303391 0.027751
v -0.056645 0.304134 0.028849
v -0.053868 0.304868 0.030254
v -0.059757 0.293881 0.027822
v -0.056600 0.294608 0.028937
v -0.053741 0.295344 0.030374
v -0.082950 0.413311 0.065589
v -0.081465 0.413291 0.066822
v -0.079967 0.413313 0.067734
v -0.081811 0.419427 0.063749
v -0.080412 0.419334 0.064889
v -0.079012 0.419310 0.065734
v -0.080681 0.425041 0.062074
v -0.079367 0.424889 0.063124
v -0.078064 0.424827 0.063902
v -0.095232 0.270693 0.097975
v -0.092779 0.270810 0.100857
v -0.090248 0.271005 0.103228
v -0.094792 0.280168 0.096891
v -0.092437 0.280267 0.099722
v -0.089953 0.280471 0.102048
v -0.094299 0.289537 0.095733
v -0.091998 0.289717 0.098484
v -0.089553 0.289968 0.100730
v -0.049503 0.416162 0.033294
v -0.051109 0.415730 0.031969
v -0.052770 0.415282 0.031003
v -0.049755 0.423459 0.032727
v -0.051292 0.423076 0.031453
v -0.052884 0.422695 0.030521
v -0.049975 0.430315 0.032111
v -0.051457 0.429981 0.030879
v -0.052995 0.429664 0.029975
v -0.042789 0.265221 0.040220
v -0.045472 0.265077 0.037570
v -0.048340 0.264940 0.035511
v -0.042703 0.272933 0.039484
v -0.045327 0.272569 0.036853
v -0.048136 0.272216 0.034813
v -0.042774 0.280952 0.038911
v -0.045340 0.280384 0.036311
v -0.048084 0.279830 0.034294
v -0.093142 0.158466 0.097040
v -0.090886 0.158718 0.099171
v -0.088540 0.158867 0.100797
v -0.093063 0.168754 0.096440
v -0.090760 0.168863 0.098602
v -0.088387 0.168873 0.100261
v -0.093128 0.179105 0.096277
v -0.090737 0.178943 0.098501
v -0.088322 0.178780 0.100204
v -0.041918 0.159404 0.054925
v -0.044556 0.159444 0.052873
v -0.047247 0.159501 0.051358
v -0.042469 0.169493 0.054208
v -0.045194 0.169614 0.052173
v -0.047958 0.169738 0.050677
v -0.043071 0.179485 0.053392
v -0.045877 0.179681 0.051345
v -0.048712 0.179868 0.049836
v -0.042091 0.057977 0.061530
v -0.042190 0.049642 0.062342
v -0.042344 0.043080 0.063791
v -0.044533 0.056966 0.059194
v -0.044708 0.048428 0.060159
v -0.044886 0.041498 0.061878
v -0.047155 0.056074 0.057460
v -0.047480 0.047387 0.058590
v -0.047832 0.040243 0.060498
v -0.094176 0.071318 0.111538
v -0.094064 0.064903 0.112753
v -0.094014 0.059391 0.113186
v -0.091825 0.071901 0.113701
v -0.091719 0.065385 0.114890
v -0.091712 0.059541 0.115252
v -0.089401 0.072317 0.115312
v -0.089269 0.065749 0.116500
v -0.089198 0.059761 0.116869
v -0.082031 0.035795 0.060234
v -0.078115 0.032795 0.060773
v -0.073598 0.030738 0.061468
v -0.084981 0.035603 0.063487
v -0.080913 0.032408 0.064480
v -0.076236 0.030280 0.065567
v -0.088020 0.036430 0.067503
v -0.083821 0.033247 0.068839
v -0.078991 0.031168 0.070273
v -0.064582 0.029321 0.063408
v -0.060453 0.029700 0.064569
v -0.056474 0.030518 0.065762
v -0.066743 0.028851 0.068156
v -0.062282 0.029239 0.069595
v -0.057920 0.030072 0.071023
v -0.069054 0.029849 0.073519
v -0.064286 0.030274 0.075254
v -0.059569 0.031134 0.076936
v -0.048640 0.032707 0.067982
v -0.045016 0.034293 0.069037
v -0.041994 0.036719 0.070091
v -0.049205 0.032297 0.073517
v -0.045104 0.033945 0.074497
v -0.041600 0.036543 0.075261
v -0.050019 0.033402 0.079745
v -0.045471 0.035081 0.080728
v -0.041542 0.037736 0.081364
v -0.093273 0.038888 0.077622
v -0.089013 0.036077 0.079393
v -0.084081 0.034391 0.081296
v -0.095149 0.040089 0.083437
v -0.090979 0.037549 0.085327
v -0.086139 0.036151 0.087340
v -0.096396 0.041451 0.089463
v -0.092400 0.039204 0.091406
v -0.087755 0.038106 0.093449
v -0.073720 0.033710 0.085449
v -0.068605 0.034345 0.087568
v -0.063451 0.035364 0.089554
v -0.075900 0.035931 0.091652
v -0.070796 0.036712 0.093807
v -0.065613 0.037837 0.095794
v -0.077879 0.038335 0.097745
v -0.072915 0.039235 0.099850
v -0.067833 0.040431 0.101759
v -0.052775 0.037864 0.092646
v -0.047603 0.039613 0.093588
v -0.043091 0.042284 0.094068
v -0.054747 0.040482 0.098770
v -0.049433 0.042266 0.099599
v -0.044774 0.044924 0.099944
v -0.057031 0.043139 0.104490
v -0.051687 0.044918 0.105165
v -0.046977 0.047525 0.105352
v -0.096702 0.045308 0.101196
v -0.093317 0.043620 0.103052
v -0.089381 0.043026 0.104941
v -0.095963 0.047972 0.106202
v -0.092974 0.046589 0.108001
v -0.089497 0.046198 0.109771
v -0.095011 0.051137 0.110051
v -0.092416 0.050167 0.111874
v -0.089384 0.049980 0.113560
v -0.080963 0.043792 0.108776
v -0.076658 0.044693 0.110593
v -0.072159 0.045771 0.112184
v -0.082039 0.047019 0.113253
v -0.078186 0.047801 0.114880
v -0.074102 0.048697 0.116277
v -0.082859 0.050776 0.116698
v -0.079449 0.051408 0.118141
v -0.075776 0.052102 0.119356
v -0.062220 0.048076 0.114210
v -0.057149 0.049604 0.114525
v -0.052622 0.051913 0.114378
v -0.064840 0.050563 0.117920
v -0.060026 0.051846 0.118046
v -0.055712 0.053876 0.117719
v -0.067195 0.053508 0.120649
v -0.062650 0.054509 0.120586
v -0.058581 0.056145 0.120057
s 1
f 6086 6087 6090 6089
f 6087 6088 6091 6090
f 6089 6090 6093 6092
f 6090 6091 6094 6093
f 2 874 6086 883
f 874 873 6087 6086
f 873 872 6088 6087
f 872 1 878 6088
f 6088 878 879 6091
f 6091 879 880 6094
f 6094 880 3 875
f 6093 6094 875 876
f 6092 6093 876 877
f 881 6092 877 4
f 882 6089 6092 881
f 883 6086 6089 882
f 6095 6096 6099 6098
f 6096 6097 6100 6099
f 6098 6099 6102 6101
f 6099 6100 6103 6102
f 6 886 6095 895
f 886 885 6096 6095
f 885 884 6097 6096
f 884 5 890 6097
f 6097 890 891 6100
f 6100 891 892 6103
f 6103 892 7 887
f 6102 6103 887 888
f 6101 6102 888 889
f 893 6101 889 8
f 894 6098 6101 893
f 895 6095 6098 894
f 6104 6105 6108 6107
f 6105 6106 6109 6108
f 6107 6108 6111 6110
f 6108 6109 6112 6111
f 1 898 6104 878
f 898 897 6105 6104
f 897 896 6106 6105
f 896 6 895 6106
f 6106 895 894 6109
f 6109 894 893 6112
f 6112 893 8 901
f 6111 6112 901 900
f 6110 6111 900 899
f 880 6110 899 3
f 879 6107 6110 880
f 878 6104 6107 879
f 6113 6114 6117 6116
f 6114 6115 6118 6117
f 6116 6117 6120 6119
f 6117 6118 6121 6120
f 804 6049 6113 5668
f 6049 6048 6114 6113
f 6048 6047 6115 6114
f 6047 803 5665 6115
f 6115 5665 5664 6118
f 6118 5664 5663 6121
f 6121 5663 9 902
f 6120 6121 902 903
f 6119 6120 903 904
f 5666 6119 904 10
f 5667 6116 6119 5666
f 5668 6113 6116 5667
f 6122 6123 6126 6125
f 6123 6124 6127 6126
f 6125 6126 6129 6128
f 6126 6127 6130 6129
f 735 5572 6122 5230
f 5572 5571 6123 6122
f 5571 5570 6124 6123
f 5570 734 5227 6124
f 6124 5227 5226 6127
f 6127 5226 5225 6130
f 6130 5225 11 911
f 6129 6130 911 912
f 6128 6129 912 913
f 5228 6128 913 12
f 5229 6125 6128 5228
f 5230 6122 6125 5229
f 6131 6132 6135 6134
f 6132 6133 6136 6135
f 6134 6135 6138 6137
f 6135 6136 6139 6138
f 12 913 6131 928
f 913 912 6132 6131
f 912 911 6133 6132
f 911 11 923 6133
f 6133 923 924 6136
f 6136 924 925 6139
f 6139 925 13 920
f 6138 6139 920 921
f 6137 6138 921 922
f 926 6137 922 14
f 927 6134 6137 926
f 928 6131 6134 927
f 6140 6141 6144 6143
f 6141 6142 6145 6144
f 6143 6144 6147 6146
f 6144 6145 6148 6147
f 14 922 6140 935
f 922 921 6141 6140
f 921 920 6142 6141
f 920 13 932 6142
f 6142 932 933 6145
f 6145 933 934 6148
f 6148 934 15 929
f 6147 6148 929 930
f 6146 6147 930 931
f 937 6146 931 16
f 936 6143 6146 937
f 935 6140 6143 936
f 6149 6150 6153 6152
f 6150 6151 6154 6153
f 6152 6153 6156 6155
f 6153 6154 6157 6156
f 17 952 6149 946
f 952 951 6150 6149
f 951 950 6151 6150
f 950 18 941 6151
f 6151 941 942 6154
f 6154 942 943 6157
f 6157 943 2 883
f 6156 6157 883 882
f 6155 6156 882 881
f 944 6155 881 4
f 945 6152 6155 944
f 946 6149 6152 945
f 6158 6159 6162 6161
f 6159 6160 6163 6162
f 6161 6162 6165 6164
f 6162 6163 6166 6165
f 805 6046 6158 5671
f 6046 6045 6159 6158
f 6045 6044 6160 6159
f 6044 806 947 6160
f 6160 947 948 6163
f 6163 948 949 6166
f 6166 949 18 950
f 6165 6166 950 951
f 6164 6165 951 952
f 5669 6164 952 17
f 5670 6161 6164 5669
f 5671 6158 6161 5670
f 6167 6168 6171 6170
f 6168 6169 6172 6171
f 6170 6171 6174 6173
f 6171 6172 6175 6174
f 743 5254 6167 5567
f 5254 5253 6168 6167
f 5253 5252 6169 6168
f 5252 82 980 6169
f 6169 980 981 6172
f 6172 981 982 6175
f 6175 982 24 5231
f 6174 6175 5231 5232
f 6173 6174 5232 5233
f 5569 6173 5233 736
f 5568 6170 6173 5569
f 5567 6167 6170 5568
f 6176 6177 6180 6179
f 6177 6178 6181 6180
f 6179 6180 6183 6182
f 6180 6181 6184 6183
f 87 1405 6176 1324
f 1405 1404 6177 6176
f 1404 1403 6178 6177
f 1403 86 986 6178
f 6178 986 987 6181
f 6181 987 988 6184
f 6184 988 64 956
f 6183 6184 956 957
f 6182 6183 957 958
f 1322 6182 958 65
f 1323 6179 6182 1322
f 1324 6176 6179 1323
f 6185 6186 6189 6188
f 6186 6187 6190 6189
f 6188 6189 6192 6191
f 6189 6190 6193 6192
f 91 1399 6185 1336
f 1399 1398 6186 6185
f 1398 1397 6187 6186
f 1397 90 992 6187
f 6187 992 993 6190
f 6190 993 994 6193
f 6193 994 26 973
f 6192 6193 973 972
f 6191 6192 972 971
f 1334 6191 971 25
f 1335 6188 6191 1334
f 1336 6185 6188 1335
f 6194 6195 6198 6197
f 6195 6196 6199 6198
f 6197 6198 6201 6200
f 6198 6199 6202 6201
f 95 1393 6194 1348
f 1393 1392 6195 6194
f 1392 1391 6196 6195
f 1391 94 998 6196
f 6196 998 999 6199
f 6199 999 1000 6202
f 6202 1000 20 977
f 6201 6202 977 978
f 6200 6201 978 979
f 1346 6200 979 27
f 1347 6197 6200 1346
f 1348 6194 6197 1347
f 6203 6204 6207 6206
f 6204 6205 6208 6207
f 6206 6207 6210 6209
f 6207 6208 6211 6210
f 97 1387 6203 1354
f 1387 1386 6204 6203
f 1386 1385 6205 6204
f 1385 87 1324 6205
f 6205 1324 1323 6208
f 6208 1323 1322 6211
f 6211 1322 65 961
f 6210 6211 961 960
f 6209 6210 960 959
f 1352 6209 959 66
f 1353 6206 6209 1352
f 1354 6203 6206 1353
f 6212 6213 6216 6215
f 6213 6214 6217 6216
f 6215 6216 6219 6218
f 6216 6217 6220 6219
f 94 1381 6212 998
f 1381 1380 6213 6212
f 1380 1379 6214 6213
f 1379 97 1354 6214
f 6214 1354 1353 6217
f 6217 1353 1352 6220
f 6220 1352 66 953
f 6219 6220 953 954
f 6218 6219 954 955
f 1000 6218 955 20
f 999 6215 6218 1000
f 998 6212 6215 999
f 6221 6222 6225 6224
f 6222 6223 6226 6225
f 6224 6225 6228 6227
f 6225 6226 6229 6228
f 82 1375 6221 980
f 1375 1374 6222 6221
f 1374 1373 6223 6222
f 1373 91 1336 6223
f 6223 1336 1335 6226
f 6226 1335 1334 6229
f 6229 1334 25 968
f 6228 6229 968 969
f 6227 6228 969 970
f 982 6227 970 24
f 981 6224 6227 982
f 980 6221 6224 981
f 6230 6231 6234 6233
f 6231 6232 6235 6234
f 6233 6234 6237 6236
f 6234 6235 6238 6237
f 822 5722 6230 6041
f 5722 5721 6231 6230
f 5721 5720 6232 6231
f 5720 95 1348 6232
f 6232 1348 1347 6235
f 6235 1347 1346 6238
f 6238 1346 27 5678
f 6237 6238 5678 5679
f 6236 6237 5679 5680
f 6043 6236 5680 808
f 6042 6233 6236 6043
f 6041 6230 6233 6042
f 6239 6240 6243 6242
f 6240 6241 6244 6243
f 6242 6243 6246 6245
f 6243 6244 6247 6246
f 820 5716 6239 6038
f 5716 5715 6240 6239
f 5715 5714 6241 6240
f 5714 83 1312 6241
f 6241 1312 1311 6244
f 6244 1311 1310 6247
f 6247 1310 23 5675
f 6246 6247 5675 5676
f 6245 6246 5676 5677
f 6040 6245 5677 807
f 6039 6242 6245 6040
f 6038 6239 6242 6039
f 6248 6249 6252 6251
f 6249 6250 6253 6252
f 6251 6252 6255 6254
f 6252 6253 6256 6255
f 69 1201 6248 1121
f 1201 1200 6249 6248
f 1200 1199 6250 6249
f 1199 68 1124 6250
f 6250 1124 1125 6253
f 6253 1125 1126 6256
f 6256 1126 47 1069
f 6255 6256 1069 1068
f 6254 6255 1068 1067
f 1123 6254 1067 38
f 1122 6251 6254 1123
f 1121 6248 6251 1122
f 6257 6258 6261 6260
f 6258 6259 6262 6261
f 6260 6261 6264 6263
f 6261 6262 6265 6264
f 816 5704 6257 6035
f 5704 5703 6258 6257
f 5703 5702 6259 6258
f 5702 61 1139 6259
f 6259 1139 1140 6262
f 6262 1140 1141 6265
f 6265 1141 52 1087
f 6264 6265 1087 1086
f 6263 6264 1086 1085
f 6037 6263 1085 812
f 6036 6260 6263 6037
f 6035 6257 6260 6036
f 6266 6267 6270 6269
f 6267 6268 6271 6270
f 6269 6270 6273 6272
f 6270 6271 6274 6273
f 740 5245 6266 5564
f 5245 5244 6267 6266
f 5244 5243 6268 6267
f 5243 62 1171 6268
f 6268 1171 1170 6271
f 6271 1170 1169 6274
f 6274 1169 54 1078
f 6273 6274 1078 1077
f 6272 6273 1077 1076
f 5566 6272 1076 739
f 5565 6269 6272 5566
f 5564 6266 6269 5565
f 6275 6276 6279 6278
f 6276 6277 6280 6279
f 6278 6279 6282 6281
f 6279 6280 6283 6282
f 824 5728 6275 6032
f 5728 5727 6276 6275
f 5727 5726 6277 6276
f 5726 104 1130 6277
f 6277 1130 1131 6280
f 6280 1131 1132 6283
f 6283 1132 36 5684
f 6282 6283 5684 5685
f 6281 6282 5685 5686
f 6034 6281 5686 810
f 6033 6278 6281 6034
f 6032 6275 6278 6033
f 6284 6285 6288 6287
f 6285 6286 6289 6288
f 6287 6288 6291 6290
f 6288 6289 6292 6291
f 59 1192 6284 1162
f 1192 1191 6285 6284
f 1191 1190 6286 6285
f 1190 60 1136 6286
f 6286 1136 1137 6289
f 6289 1137 1138 6292
f 6292 1138 42 1108
f 6291 6292 1108 1107
f 6290 6291 1107 1106
f 1160 6290 1106 43
f 1161 6287 6290 1160
f 1162 6284 6287 1161
f 6293 6294 6297 6296
f 6294 6295 6298 6297
f 6296 6297 6300 6299
f 6297 6298 6301 6300
f 815 5701 6293 6029
f 5701 5700 6294 6293
f 5700 5699 6295 6294
f 5699 63 1145 6295
f 6295 1145 1146 6298
f 6298 1146 1147 6301
f 6301 1147 46 1102
f 6300 6301 1102 1101
f 6299 6300 1101 1100
f 6031 6299 1100 814
f 6030 6296 6299 6031
f 6029 6293 6296 6030
f 6302 6303 6306 6305
f 6303 6304 6307 6306
f 6305 6306 6309 6308
f 6306 6307 6310 6309
f 67 1186 6302 1150
f 1186 1185 6303 6302
f 1185 1184 6304 6303
f 1184 69 1121 6304
f 6304 1121 1122 6307
f 6307 1122 1123 6310
f 6310 1123 38 1114
f 6309 6310 1114 1113
f 6308 6309 1113 1112
f 1148 6308 1112 39
f 1149 6305 6308 1148
f 1150 6302 6305 1149
f 6311 6312 6315 6314
f 6312 6313 6316 6315
f 6314 6315 6318 6317
f 6315 6316 6319 6318
f 744 5257 6311 5561
f 5257 5256 6312 6311
f 5256 5255 6313 6312
f 5255 106 1429 6313
f 6313 1429 1428 6316
f 6316 1428 1427 6319
f 6319 1427 33 5234
f 6318 6319 5234 5235
f 6317 6318 5235 5236
f 5563 6317 5236 737
f 5562 6314 6317 5563
f 5561 6311 6314 5562
f 6320 6321 6324 6323
f 6321 6322 6325 6324
f 6323 6324 6327 6326
f 6324 6325 6328 6327
f 106 1453 6320 1429
f 1453 1452 6321 6320
f 1452 1451 6322 6321
f 1451 105 1426 6322
f 6322 1426 1425 6325
f 6325 1425 1424 6328
f 6328 1424 34 1022
f 6327 6328 1022 1023
f 6326 6327 1023 1024
f 1427 6326 1024 33
f 1428 6323 6326 1427
f 1429 6320 6323 1428
f 6329 6330 6333 6332
f 6330 6331 6334 6333
f 6332 6333 6336 6335
f 6333 6334 6337 6336
f 104 1450 6329 1130
f 1450 1449 6330 6329
f 1449 1448 6331 6330
f 1448 102 1420 6331
f 6331 1420 1419 6334
f 6334 1419 1418 6337
f 6337 1418 29 1031
f 6336 6337 1031 1032
f 6335 6336 1032 1033
f 1132 6335 1033 36
f 1131 6332 6335 1132
f 1130 6329 6332 1131
f 6338 6339 6342 6341
f 6339 6340 6343 6342
f 6341 6342 6345 6344
f 6342 6343 6346 6345
f 58 1183 6338 1159
f 1183 1182 6339 6338
f 1182 1181 6340 6339
f 1181 67 1150 6340
f 6340 1150 1149 6343
f 6343 1149 1148 6346
f 6346 1148 39 1096
f 6345 6346 1096 1095
f 6344 6345 1095 1094
f 1157 6344 1094 49
f 1158 6341 6344 1157
f 1159 6338 6341 1158
f 6347 6348 6351 6350
f 6348 6349 6352 6351
f 6350 6351 6354 6353
f 6351 6352 6355 6354
f 61 1180 6347 1139
f 1180 1179 6348 6347
f 1179 1178 6349 6348
f 1178 58 1159 6349
f 6349 1159 1158 6352
f 6352 1158 1157 6355
f 6355 1157 49 1057
f 6354 6355 1057 1056
f 6353 6354 1056 1055
f 1141 6353 1055 52
f 1140 6350 6353 1141
f 1139 6347 6350 1140
f 6356 6357 6360 6359
f 6357 6358 6361 6360
f 6359 6360 6363 6362
f 6360 6361 6364 6363
f 62 1177 6356 1171
f 1177 1176 6357 6356
f 1176 1175 6358 6357
f 1175 59 1162 6358
f 6358 1162 1161 6361
f 6361 1161 1160 6364
f 6364 1160 43 1045
f 6363 6364 1045 1044
f 6362 6363 1044 1043
f 1169 6362 1043 54
f 1170 6359 6362 1169
f 1171 6356 6359 1170
f 6365 6366 6369 6368
f 6366 6367 6370 6369
f 6368 6369 6372 6371
f 6369 6370 6373 6372
f 102 1447 6365 1420
f 1447 1446 6366 6365
f 1446 1445 6367 6366
f 1445 101 1417 6367
f 6367 1417 1416 6370
f 6370 1416 1415 6373
f 6373 1415 28 1007
f 6372 6373 1007 1008
f 6371 6372 1008 1009
f 1418 6371 1009 29
f 1419 6368 6371 1418
f 1420 6365 6368 1419
f 6374 6375 6378 6377
f 6375 6376 6379 6378
f 6377 6378 6381 6380
f 6378 6379 6382 6381
f 823 5725 6374 6026
f 5725 5724 6375 6374
f 5724 5723 6376 6375
f 5723 107 1432 6376
f 6376 1432 1431 6379
f 6379 1431 1430 6382
f 6382 1430 32 5681
f 6381 6382 5681 5682
f 6380 6381 5682 5683
f 6028 6380 5683 809
f 6027 6377 6380 6028
f 6026 6374 6377 6027
f 6383 6384 6387 6386
f 6384 6385 6388 6387
f 6386 6387 6390 6389
f 6387 6388 6391 6390
f 105 1441 6383 1426
f 1441 1440 6384 6383
f 1440 1439 6385 6384
f 1439 103 1423 6385
f 6385 1423 1422 6388
f 6388 1422 1421 6391
f 6391 1421 35 1027
f 6390 6391 1027 1026
f 6389 6390 1026 1025
f 1424 6389 1025 34
f 1425 6386 6389 1424
f 1426 6383 6386 1425
f 6392 6393 6396 6395
f 6393 6394 6397 6396
f 6395 6396 6399 6398
f 6396 6397 6400 6399
f 101 1438 6392 1417
f 1438 1437 6393 6392
f 1437 1436 6394 6393
f 1436 99 1414 6394
f 6394 1414 1413 6397
f 6397 1413 1412 6400
f 6400 1412 31 1015
f 6399 6400 1015 1014
f 6398 6399 1014 1013
f 1415 6398 1013 28
f 1416 6395 6398 1415
f 1417 6392 6395 1416
f 6401 6402 6405 6404
f 6402 6403 6406 6405
f 6404 6405 6408 6407
f 6405 6406 6409 6408
f 44 1037 6401 1036
f 1037 1038 6402 6401
f 1038 1039 6403 6402
f 1039 53 1040 6403
f 6403 1040 1041 6406
f 6406 1041 1042 6409
f 6409 1042 54 1043
f 6408 6409 1043 1044
f 6407 6408 1044 1045
f 1034 6407 1045 43
f 1035 6404 6407 1034
f 1036 6401 6404 1035
f 6410 6411 6414 6413
f 6411 6412 6415 6414
f 6413 6414 6417 6416
f 6414 6415 6418 6417
f 50 1049 6410 1048
f 1049 1050 6411 6410
f 1050 1051 6412 6411
f 1051 51 1052 6412
f 6412 1052 1053 6415
f 6415 1053 1054 6418
f 6418 1054 52 1055
f 6417 6418 1055 1056
f 6416 6417 1056 1057
f 1046 6416 1057 49
f 1047 6413 6416 1046
f 1048 6410 6413 1047
f 6419 6420 6423 6422
f 6420 6421 6424 6423
f 6422 6423 6426 6425
f 6423 6424 6427 6426
f 48 1061 6419 1060
f 1061 1062 6420 6419
f 1062 1063 6421 6420
f 1063 37 1064 6421
f 6421 1064 1065 6424
f 6424 1065 1066 6427
f 6427 1066 38 1067
f 6426 6427 1067 1068
f 6425 6426 1068 1069
f 1058 6425 1069 47
f 1059 6422 6425 1058
f 1060 6419 6422 1059
f 6428 6429 6432 6431
f 6429 6430 6433 6432
f 6431 6432 6435 6434
f 6432 6433 6436 6435
f 738 1070 6428 5558
f 1070 1071 6429 6428
f 1071 1072 6430 6429
f 1072 45 1073 6430
f 6430 1073 1074 6433
f 6433 1074 1075 6436
f 6436 1075 46 5240
f 6435 6436 5240 5241
f 6434 6435 5241 5242
f 5560 6434 5242 739
f 5559 6431 6434 5560
f 5558 6428 6431 5559
f 6437 6438 6441 6440
f 6438 6439 6442 6441
f 6440 6441 6444 6443
f 6441 6442 6445 6444
f 811 1079 6437 6023
f 1079 1080 6438 6437
f 1080 1081 6439 6438
f 1081 41 1082 6439
f 6439 1082 1083 6442
f 6442 1083 1084 6445
f 6445 1084 42 5690
f 6444 6445 5690 5691
f 6443 6444 5691 5692
f 6025 6443 5692 812
f 6024 6440 6443 6025
f 6023 6437 6440 6024
f 6446 6447 6450 6449
f 6447 6448 6451 6450
f 6449 6450 6453 6452
f 6450 6451 6454 6453
f 40 1091 6446 1090
f 1091 1092 6447 6446
f 1092 1093 6448 6447
f 1093 50 1048 6448
f 6448 1048 1047 6451
f 6451 1047 1046 6454
f 6454 1046 49 1094
f 6453 6454 1094 1095
f 6452 6453 1095 1096
f 1088 6452 1096 39
f 1089 6449 6452 1088
f 1090 6446 6449 1089
f 6455 6456 6459 6458
f 6456 6457 6460 6459
f 6458 6459 6462 6461
f 6459 6460 6463 6462
f 813 1097 6455 6020
f 1097 1098 6456 6455
f 1098 1099 6457 6456
f 1099 48 1060 6457
f 6457 1060 1059 6460
f 6460 1059 1058 6463
f 6463 1058 47 5696
f 6462 6463 5696 5697
f 6461 6462 5697 5698
f 6022 6461 5698 814
f 6021 6458 6461 6022
f 6020 6455 6458 6021
f 6464 6465 6468 6467
f 6465 6466 6469 6468
f 6467 6468 6471 6470
f 6468 6469 6472 6471
f 41 1103 6464 1082
f 1103 1104 6465 6464
f 1104 1105 6466 6465
f 1105 44 1036 6466
f 6466 1036 1035 6469
f 6469 1035 1034 6472
f 6472 1034 43 1106
f 6471 6472 1106 1107
f 6470 6471 1107 1108
f 1084 6470 1108 42
f 1083 6467 6470 1084
f 1082 6464 6467 1083
f 6473 6474 6477 6476
f 6474 6475 6478 6477
f 6476 6477 6480 6479
f 6477 6478 6481 6480
f 37 1109 6473 1064
f 1109 1110 6474 6473
f 1110 1111 6475 6474
f 1111 40 1090 6475
f 6475 1090 1089 6478
f 6478 1089 1088 6481
f 6481 1088 39 1112
f 6480 6481 1112 1113
f 6479 6480 1113 1114
f 1066 6479 1114 38
f 1065 6476 6479 1066
f 1064 6473 6476 1065
f 6482 6483 6486 6485
f 6483 6484 6487 6486
f 6485 6486 6489 6488
f 6486 6487 6490 6489
f 99 1435 6482 1414
f 1435 1434 6483 6482
f 1434 1433 6484 6483
f 1433 100 1115 6484
f 6484 1115 1116 6487
f 6487 1116 1117 6490
f 6490 1117 30 1010
f 6489 6490 1010 1011
f 6488 6489 1011 1012
f 1412 6488 1012 31
f 1413 6485 6488 1412
f 1414 6482 6485 1413
f 6491 6492 6495 6494
f 6492 6493 6496 6495
f 6494 6495 6498 6497
f 6495 6496 6499 6498
f 73 1303 6491 1249
f 1303 1302 6492 6491
f 1302 1301 6493 6492
f 1301 72 1246 6493
f 6493 1246 1245 6496
f 6496 1245 1244 6499
f 6499 1244 59 1175
f 6498 6499 1175 1176
f 6497 6498 1176 1177
f 1247 6497 1177 62
f 1248 6494 6497 1247
f 1249 6491 6494 1248
f 6500 6501 6504 6503
f 6501 6502 6505 6504
f 6503 6504 6507 6506
f 6504 6505 6508 6507
f 77 1300 6500 1166
f 1300 1299 6501 6500
f 1299 1298 6502 6501
f 1298 71 1243 6502
f 6502 1243 1242 6505
f 6505 1242 1241 6508
f 6508 1241 58 1178
f 6507 6508 1178 1179
f 6506 6507 1179 1180
f 1168 6506 1180 61
f 1167 6503 6506 1168
f 1166 6500 6503 1167
f 6509 6510 6513 6512
f 6510 6511 6514 6513
f 6512 6513 6516 6515
f 6513 6514 6517 6516
f 71 1297 6509 1243
f 1297 1296 6510 6509
f 1296 1295 6511 6510
f 1295 70 1240 6511
f 6511 1240 1239 6514
f 6514 1239 1238 6517
f 6517 1238 67 1181
f 6516 6517 1181 1182
f 6515 6516 1182 1183
f 1241 6515 1183 58
f 1242 6512 6515 1241
f 1243 6509 6512 1242
f 6518 6519 6522 6521
f 6519 6520 6523 6522
f 6521 6522 6525 6524
f 6522 6523 6526 6525
f 79 1294 6518 1267
f 1294 1293 6519 6518
f 1293 1292 6520 6519
f 1292 74 1151 6520
f 6520 1151 1152 6523
f 6523 1152 1153 6526
f 6526 1153 56 1214
f 6525 6526 1214 1215
f 6524 6525 1215 1216
f 1265 6524 1216 55
f 1266 6521 6524 1265
f 1267 6518 6521 1266
f 6527 6528 6531 6530
f 6528 6529 6532 6531
f 6530 6531 6534 6533
f 6531 6532 6535 6534
f 818 5710 6527 6017
f 5710 5709 6528 6527
f 5709 5708 6529 6528
f 5708 78 1172 6529
f 6529 1172 1173 6532
f 6532 1173 1174 6535
f 6535 1174 63 5699
f 6534 6535 5699 5700
f 6533 6534 5700 5701
f 6019 6533 5701 815
f 6018 6530 6533 6019
f 6017 6527 6530 6018
f 6536 6537 6540 6539
f 6537 6538 6541 6540
f 6539 6540 6543 6542
f 6540 6541 6544 6543
f 72 1288 6536 1246
f 1288 1287 6537 6536
f 1287 1286 6538 6537
f 1286 76 1163 6538
f 6538 1163 1164 6541
f 6541 1164 1165 6544
f 6544 1165 60 1190
f 6543 6544 1190 1191
f 6542 6543 1191 1192
f 1244 6542 1192 59
f 1245 6539 6542 1244
f 1246 6536 6539 1245
f 6545 6546 6549 6548
f 6546 6547 6550 6549
f 6548 6549 6552 6551
f 6549 6550 6553 6552
f 741 5248 6545 5555
f 5248 5247 6546 6545
f 5247 5246 6547 6546
f 5246 73 1249 6547
f 6547 1249 1248 6550
f 6550 1248 1247 6553
f 6553 1247 62 5243
f 6552 6553 5243 5244
f 6551 6552 5244 5245
f 5557 6551 5245 740
f 5556 6548 6551 5557
f 5555 6545 6548 5556
f 6554 6555 6558 6557
f 6555 6556 6559 6558
f 6557 6558 6561 6560
f 6558 6559 6562 6561
f 817 5707 6554 6014
f 5707 5706 6555 6554
f 5706 5705 6556 6555
f 5705 77 1166 6556
f 6556 1166 1167 6559
f 6559 1167 1168 6562
f 6562 1168 61 5702
f 6561 6562 5702 5703
f 6560 6561 5703 5704
f 6016 6560 5704 816
f 6015 6557 6560 6016
f 6014 6554 6557 6015
f 6563 6564 6567 6566
f 6564 6565 6568 6567
f 6566 6567 6570 6569
f 6567 6568 6571 6570
f 74 1279 6563 1151
f 1279 1278 6564 6563
f 1278 1277 6565 6564
f 1277 80 1211 6565
f 6565 1211 1212 6568
f 6568 1212 1213 6571
f 6571 1213 57 1217
f 6570 6571 1217 1218
f 6569 6570 1218 1219
f 1153 6569 1219 56
f 1152 6566 6569 1153
f 1151 6563 6566 1152
f 6572 6573 6576 6575
f 6573 6574 6577 6576
f 6575 6576 6579 6578
f 6576 6577 6580 6579
f 21 1202 6572 1222
f 1202 1203 6573 6572
f 1203 1204 6574 6573
f 1204 22 1223 6574
f 6574 1223 1224 6577
f 6577 1224 1225 6580
f 6580 1225 65 958
f 6579 6580 958 957
f 6578 6579 957 956
f 1220 6578 956 64
f 1221 6575 6578 1220
f 1222 6572 6575 1221
f 6581 6582 6585 6584
f 6582 6583 6586 6585
f 6584 6585 6588 6587
f 6585 6586 6589 6588
f 22 1207 6581 1223
f 1207 1206 6582 6581
f 1206 1205 6583 6582
f 1205 19 1226 6583
f 6583 1226 1227 6586
f 6586 1227 1228 6589
f 6589 1228 66 959
f 6588 6589 959 960
f 6587 6588 960 961
f 1225 6587 961 65
f 1224 6584 6587 1225
f 1223 6581 6584 1224
f 6590 6591 6594 6593
f 6591 6592 6595 6594
f 6593 6594 6597 6596
f 6594 6595 6598 6597
f 79 1267 6590 1274
f 1267 1266 6591 6590
f 1266 1265 6592 6591
f 1265 55 1229 6592
f 6592 1229 1230 6595
f 6595 1230 1231 6598
f 6598 1231 67 1238
f 6597 6598 1238 1239
f 6596 6597 1239 1240
f 1276 6596 1240 70
f 1275 6593 6596 1276
f 1274 6590 6593 1275
f 6599 6600 6603 6602
f 6600 6601 6604 6603
f 6602 6603 6606 6605
f 6603 6604 6607 6606
f 80 1270 6599 1271
f 1270 1269 6600 6599
f 1269 1268 6601 6600
f 1268 21 1222 6601
f 6601 1222 1221 6604
f 6604 1221 1220 6607
f 6607 1220 64 1253
f 6606 6607 1253 1254
f 6605 6606 1254 1255
f 1273 6605 1255 75
f 1272 6602 6605 1273
f 1271 6599 6602 1272
f 6608 6609 6612 6611
f 6609 6610 6613 6612
f 6611 6612 6615 6614
f 6612 6613 6616 6615
f 55 1216 6608 1229
f 1216 1215 6609 6608
f 1215 1214 6610 6609
f 1214 56 1235 6610
f 6610 1235 1236 6613
f 6613 1236 1237 6616
f 6616 1237 69 1184
f 6615 6616 1184 1185
f 6614 6615 1185 1186
f 1231 6614 1186 67
f 1230 6611 6614 1231
f 1229 6608 6611 1230
f 6617 6618 6621 6620
f 6618 6619 6622 6621
f 6620 6621 6624 6623
f 6621 6622 6625 6624
f 56 1219 6617 1235
f 1219 1218 6618 6617
f 1218 1217 6619 6618
f 1217 57 1234 6619
f 6619 1234 1233 6622
f 6622 1233 1232 6625
f 6625 1232 68 1199
f 6624 6625 1199 1200
f 6623 6624 1200 1201
f 1237 6623 1201 69
f 1236 6620 6623 1237
f 1235 6617 6620 1236
f 6626 6627 6630 6629
f 6627 6628 6631 6630
f 6629 6630 6633 6632
f 6630 6631 6634 6633
f 57 1213 6626 1234
f 1213 1212 6627 6626
f 1212 1211 6628 6627
f 1211 80 1271 6628
f 6628 1271 1272 6631
f 6631 1272 1273 6634
f 6634 1273 75 1154
f 6633 6634 1154 1155
f 6632 6633 1155 1156
f 1232 6632 1156 68
f 1233 6629 6632 1232
f 1234 6626 6629 1233
f 6635 6636 6639 6638
f 6636 6637 6640 6639
f 6638 6639 6642 6641
f 6639 6640 6643 6642
f 19 1210 6635 1226
f 1210 1209 6636 6635
f 1209 1208 6637 6636
f 1208 79 1274 6637
f 6637 1274 1275 6640
f 6640 1275 1276 6643
f 6643 1276 70 1118
f 6642 6643 1118 1119
f 6641 6642 1119 1120
f 1228 6641 1120 66
f 1227 6638 6641 1228
f 1226 6635 6638 1227
f 6644 6645 6648 6647
f 6645 6646 6649 6648
f 6647 6648 6651 6650
f 6648 6649 6652 6651
f 22 1204 6644 1250
f 1204 1203 6645 6644
f 1203 1202 6646 6645
f 1202 21 1268 6646
f 6646 1268 1269 6649
f 6649 1269 1270 6652
f 6652 1270 80 1277
f 6651 6652 1277 1278
f 6650 6651 1278 1279
f 1252 6650 1279 74
f 1251 6647 6650 1252
f 1250 6644 6647 1251
f 6653 6654 6657 6656
f 6654 6655 6658 6657
f 6656 6657 6660 6659
f 6657 6658 6661 6660
f 808 5680 6653 6011
f 5680 5679 6654 6653
f 5679 5678 6655 6654
f 5678 27 1259 6655
f 6655 1259 1260 6658
f 6658 1260 1261 6661
f 6661 1261 77 5705
f 6660 6661 5705 5706
f 6659 6660 5706 5707
f 6013 6659 5707 817
f 6012 6656 6659 6013
f 6011 6653 6656 6012
f 6662 6663 6666 6665
f 6663 6664 6667 6666
f 6665 6666 6669 6668
f 6666 6667 6670 6669
f 736 5233 6662 5552
f 5233 5232 6663 6662
f 5232 5231 6664 6663
f 5231 24 1144 6664
f 6664 1144 1143 6667
f 6667 1143 1142 6670
f 6670 1142 73 5246
f 6669 6670 5246 5247
f 6668 6669 5247 5248
f 5554 6668 5248 741
f 5553 6665 6668 5554
f 5552 6662 6665 5553
f 6671 6672 6675 6674
f 6672 6673 6676 6675
f 6674 6675 6678 6677
f 6675 6676 6679 6678
f 25 971 6671 1135
f 971 972 6672 6671
f 972 973 6673 6672
f 973 26 1256 6673
f 6673 1256 1257 6676
f 6676 1257 1258 6679
f 6679 1258 76 1286
f 6678 6679 1286 1287
f 6677 6678 1287 1288
f 1133 6677 1288 72
f 1134 6674 6677 1133
f 1135 6671 6674 1134
f 6680 6681 6684 6683
f 6681 6682 6685 6684
f 6683 6684 6687 6686
f 6684 6685 6688 6687
f 807 5677 6680 6008
f 5677 5676 6681 6680
f 5676 5675 6682 6681
f 5675 23 1262 6682
f 6682 1262 1263 6685
f 6685 1263 1264 6688
f 6688 1264 78 5708
f 6687 6688 5708 5709
f 6686 6687 5709 5710
f 6010 6686 5710 818
f 6009 6683 6686 6010
f 6008 6680 6683 6009
f 6689 6690 6693 6692
f 6690 6691 6694 6693
f 6692 6693 6696 6695
f 6693 6694 6697 6696
f 19 1205 6689 1210
f 1205 1206 6690 6689
f 1206 1207 6691 6690
f 1207 22 1250 6691
f 6691 1250 1251 6694
f 6694 1251 1252 6697
f 6697 1252 74 1292
f 6696 6697 1292 1293
f 6695 6696 1293 1294
f 1208 6695 1294 79
f 1209 6692 6695 1208
f 1210 6689 6692 1209
f 6698 6699 6702 6701
f 6699 6700 6703 6702
f 6701 6702 6705 6704
f 6702 6703 6706 6705
f 20 955 6698 1129
f 955 954 6699 6698
f 954 953 6700 6699
f 953 66 1120 6700
f 6700 1120 1119 6703
f 6703 1119 1118 6706
f 6706 1118 70 1295
f 6705 6706 1295 1296
f 6704 6705 1296 1297
f 1127 6704 1297 71
f 1128 6701 6704 1127
f 1129 6698 6701 1128
f 6707 6708 6711 6710
f 6708 6709 6712 6711
f 6710 6711 6714 6713
f 6711 6712 6715 6714
f 27 979 6707 1259
f 979 978 6708 6707
f 978 977 6709 6708
f 977 20 1129 6709
f 6709 1129 1128 6712
f 6712 1128 1127 6715
f 6715 1127 71 1298
f 6714 6715 1298 1299
f 6713 6714 1299 1300
f 1261 6713 1300 77
f 1260 6710 6713 1261
f 1259 6707 6710 1260
f 6716 6717 6720 6719
f 6717 6718 6721 6720
f 6719 6720 6723 6722
f 6720 6721 6724 6723
f 24 970 6716 1144
f 970 969 6717 6716
f 969 968 6718 6717
f 968 25 1135 6718
f 6718 1135 1134 6721
f 6721 1134 1133 6724
f 6724 1133 72 1301
f 6723 6724 1301 1302
f 6722 6723 1302 1303
f 1142 6722 1303 73
f 1143 6719 6722 1142
f 1144 6716 6719 1143
f 6725 6726 6729 6728
f 6726 6727 6730 6729
f 6728 6729 6732 6731
f 6729 6730 6733 6732
f 804 5668 6725 6005
f 5668 5667 6726 6725
f 5667 5666 6727 6726
f 5666 10 985 6727
f 6727 985 984 6730
f 6730 984 983 6733
f 6733 983 84 5711
f 6732 6733 5711 5712
f 6731 6732 5712 5713
f 6007 6731 5713 819
f 6006 6728 6731 6007
f 6005 6725 6728 6006
f 6734 6735 6738 6737
f 6735 6736 6739 6738
f 6737 6738 6741 6740
f 6738 6739 6742 6741
f 819 5713 6734 6002
f 5713 5712 6735 6734
f 5712 5711 6736 6735
f 5711 84 1315 6736
f 6736 1315 1314 6739
f 6739 1314 1313 6742
f 6742 1313 83 5714
f 6741 6742 5714 5715
f 6740 6741 5715 5716
f 6004 6740 5716 820
f 6003 6737 6740 6004
f 6002 6734 6737 6003
f 6743 6744 6747 6746
f 6744 6745 6748 6747
f 6746 6747 6750 6749
f 6747 6748 6751 6750
f 805 5671 6743 5999
f 5671 5670 6744 6743
f 5670 5669 6745 6744
f 5669 17 1003 6745
f 6745 1003 1002 6748
f 6748 1002 1001 6751
f 6751 1001 96 5717
f 6750 6751 5717 5718
f 6749 6750 5718 5719
f 6001 6749 5719 821
f 6000 6746 6749 6001
f 5999 6743 6746 6000
f 6752 6753 6756 6755
f 6753 6754 6757 6756
f 6755 6756 6759 6758
f 6756 6757 6760 6759
f 821 5719 6752 5996
f 5719 5718 6753 6752
f 5718 5717 6754 6753
f 5717 96 1351 6754
f 6754 1351 1350 6757
f 6757 1350 1349 6760
f 6760 1349 95 5720
f 6759 6760 5720 5721
f 6758 6759 5721 5722
f 5998 6758 5722 822
f 5997 6755 6758 5998
f 5996 6752 6755 5997
f 6761 6762 6765 6764
f 6762 6763 6766 6765
f 6764 6765 6768 6767
f 6765 6766 6769 6768
f 12 928 6761 1304
f 928 927 6762 6761
f 927 926 6763 6762
f 926 14 997 6763
f 6763 997 996 6766
f 6766 996 995 6769
f 6769 995 92 1370
f 6768 6769 1370 1371
f 6767 6768 1371 1372
f 1306 6767 1372 81
f 1305 6764 6767 1306
f 1304 6761 6764 1305
f 6770 6771 6774 6773
f 6771 6772 6775 6774
f 6773 6774 6777 6776
f 6774 6775 6778 6777
f 81 1372 6770 1307
f 1372 1371 6771 6770
f 1371 1370 6772 6771
f 1370 92 1339 6772
f 6772 1339 1338 6775
f 6775 1338 1337 6778
f 6778 1337 91 1373
f 6777 6778 1373 1374
f 6776 6777 1374 1375
f 1309 6776 1375 82
f 1308 6773 6776 1309
f 1307 6770 6773 1308
f 6779 6780 6783 6782
f 6780 6781 6784 6783
f 6782 6783 6786 6785
f 6783 6784 6787 6786
f 4 877 6779 1340
f 877 876 6780 6779
f 876 875 6781 6780
f 875 3 1006 6781
f 6781 1006 1005 6784
f 6784 1005 1004 6787
f 6787 1004 98 1376
f 6786 6787 1376 1377
f 6785 6786 1377 1378
f 1342 6785 1378 93
f 1341 6782 6785 1342
f 1340 6779 6782 1341
f 6788 6789 6792 6791
f 6789 6790 6793 6792
f 6791 6792 6795 6794
f 6792 6793 6796 6795
f 93 1378 6788 1343
f 1378 1377 6789 6788
f 1377 1376 6790 6789
f 1376 98 1357 6790
f 6790 1357 1356 6793
f 6793 1356 1355 6796
f 6796 1355 97 1379
f 6795 6796 1379 1380
f 6794 6795 1380 1381
f 1345 6794 1381 94
f 1344 6791 6794 1345
f 1343 6788 6791 1344
f 6797 6798 6801 6800
f 6798 6799 6802 6801
f 6800 6801 6804 6803
f 6801 6802 6805 6804
f 3 899 6797 1006
f 899 900 6798 6797
f 900 901 6799 6798
f 901 8 991 6799
f 6799 991 990 6802
f 6802 990 989 6805
f 6805 989 88 1382
f 6804 6805 1382 1383
f 6803 6804 1383 1384
f 1004 6803 1384 98
f 1005 6800 6803 1004
f 1006 6797 6800 1005
f 6806 6807 6810 6809
f 6807 6808 6811 6810
f 6809 6810 6813 6812
f 6810 6811 6814 6813
f 98 1384 6806 1357
f 1384 1383 6807 6806
f 1383 1382 6808 6807
f 1382 88 1327 6808
f 6808 1327 1326 6811
f 6811 1326 1325 6814
f 6814 1325 87 1385
f 6813 6814 1385 1386
f 6812 6813 1386 1387
f 1355 6812 1387 97
f 1356 6809 6812 1355
f 1357 6806 6809 1356
f 6815 6816 6819 6818
f 6816 6817 6820 6819
f 6818 6819 6822 6821
f 6819 6820 6823 6822
f 17 946 6815 1003
f 946 945 6816 6815
f 945 944 6817 6816
f 944 4 1340 6817
f 6817 1340 1341 6820
f 6820 1341 1342 6823
f 6823 1342 93 1388
f 6822 6823 1388 1389
f 6821 6822 1389 1390
f 1001 6821 1390 96
f 1002 6818 6821 1001
f 1003 6815 6818 1002
f 6824 6825 6828 6827
f 6825 6826 6829 6828
f 6827 6828 6831 6830
f 6828 6829 6832 6831
f 96 1390 6824 1351
f 1390 1389 6825 6824
f 1389 1388 6826 6825
f 1388 93 1343 6826
f 6826 1343 1344 6829
f 6829 1344 1345 6832
f 6832 1345 94 1391
f 6831 6832 1391 1392
f 6830 6831 1392 1393
f 1349 6830 1393 95
f 1350 6827 6830 1349
f 1351 6824 6827 1350
f 6833 6834 6837 6836
f 6834 6835 6838 6837
f 6836 6837 6840 6839
f 6837 6838 6841 6840
f 14 935 6833 997
f 935 936 6834 6833
f 936 937 6835 6834
f 937 16 1328 6835
f 6835 1328 1329 6838
f 6838 1329 1330 6841
f 6841 1330 89 1394
f 6840 6841 1394 1395
f 6839 6840 1395 1396
f 995 6839 1396 92
f 996 6836 6839 995
f 997 6833 6836 996
f 6842 6843 6846 6845
f 6843 6844 6847 6846
f 6845 6846 6849 6848
f 6846 6847 6850 6849
f 92 1396 6842 1339
f 1396 1395 6843 6842
f 1395 1394 6844 6843
f 1394 89 1331 6844
f 6844 1331 1332 6847
f 6847 1332 1333 6850
f 6850 1333 90 1397
f 6849 6850 1397 1398
f 6848 6849 1398 1399
f 1337 6848 1399 91
f 1338 6845 6848 1337
f 1339 6842 6845 1338
f 6851 6852 6855 6854
f 6852 6853 6856 6855
f 6854 6855 6858 6857
f 6855 6856 6859 6858
f 8 889 6851 991
f 889 888 6852 6851
f 888 887 6853 6852
f 887 7 1316 6853
f 6853 1316 1317 6856
f 6856 1317 1318 6859
f 6859 1318 85 1400
f 6858 6859 1400 1401
f 6857 6858 1401 1402
f 989 6857 1402 88
f 990 6854 6857 989
f 991 6851 6854 990
f 6860 6861 6864 6863
f 6861 6862 6865 6864
f 6863 6864 6867 6866
f 6864 6865 6868 6867
f 88 1402 6860 1327
f 1402 1401 6861 6860
f 1401 1400 6862 6861
f 1400 85 1319 6862
f 6862 1319 1320 6865
f 6865 1320 1321 6868
f 6868 1321 86 1403
f 6867 6868 1403 1404
f 6866 6867 1404 1405
f 1325 6866 1405 87
f 1326 6863 6866 1325
f 1327 6860 6863 1326
f 6869 6870 6873 6872
f 6870 6871 6874 6873
f 6872 6873 6876 6875
f 6873 6874 6877 6876
f 735 5230 6869 5549
f 5230 5229 6870 6869
f 5229 5228 6871 6870
f 5228 12 1304 6871
f 6871 1304 1305 6874
f 6874 1305 1306 6877
f 6877 1306 81 5249
f 6876 6877 5249 5250
f 6875 6876 5250 5251
f 5551 6875 5251 742
f 5550 6872 6875 5551
f 5549 6869 6872 5550
f 6878 6879 6882 6881
f 6879 6880 6883 6882
f 6881 6882 6885 6884
f 6882 6883 6886 6885
f 742 5251 6878 5546
f 5251 5250 6879 6878
f 5250 5249 6880 6879
f 5249 81 1307 6880
f 6880 1307 1308 6883
f 6883 1308 1309 6886
f 6886 1309 82 5252
f 6885 6886 5252 5253
f 6884 6885 5253 5254
f 5548 6884 5254 743
f 5547 6881 6884 5548
f 5546 6878 6881 5547
f 6887 6888 6891 6890
f 6888 6889 6892 6891
f 6890 6891 6894 6893
f 6891 6892 6895 6894
f 116 1495 6887 1484
f 1495 1494 6888 6887
f 1494 1493 6889 6888
f 1493 113 1463 6889
f 6889 1463 1464 6892
f 6892 1464 1465 6895
f 6895 1465 108 1462
f 6894 6895 1462 1461
f 6893 6894 1461 1460
f 1486 6893 1460 112
f 1485 6890 6893 1486
f 1484 6887 6890 1485
f 6896 6897 6900 6899
f 6897 6898 6901 6900
f 6899 6900 6903 6902
f 6900 6901 6904 6903
f 115 1492 6896 1483
f 1492 1491 6897 6896
f 1491 1490 6898 6897
f 1490 116 1484 6898
f 6898 1484 1485 6901
f 6901 1485 1486 6904
f 6904 1486 112 1474
f 6903 6904 1474 1473
f 6902 6903 1473 1472
f 1481 6902 1472 109
f 1482 6899 6902 1481
f 1483 6896 6899 1482
f 6905 6906 6909 6908
f 6906 6907 6910 6909
f 6908 6909 6912 6911
f 6909 6910 6913 6912
f 111 1468 6905 1471
f 1468 1467 6906 6905
f 1467 1466 6907 6906
f 1466 114 1487 6907
f 6907 1487 1488 6910
f 6910 1488 1489 6913
f 6913 1489 116 1490
f 6912 6913 1490 1491
f 6911 6912 1491 1492
f 1469 6911 1492 115
f 1470 6908 6911 1469
f 1471 6905 6908 1470
f 6914 6915 6918 6917
f 6915 6916 6919 6918
f 6917 6918 6921 6920
f 6918 6919 6922 6921
f 114 1480 6914 1487
f 1480 1479 6915 6914
f 1479 1478 6916 6915
f 1478 110 1475 6916
f 6916 1475 1476 6919
f 6919 1476 1477 6922
f 6922 1477 113 1493
f 6921 6922 1493 1494
f 6920 6921 1494 1495
f 1489 6920 1495 116
f 1488 6917 6920 1489
f 1487 6914 6917 1488
f 6923 6924 6927 6926
f 6924 6925 6928 6927
f 6926 6927 6930 6929
f 6927 6928 6931 6930
f 188 1822 6923 1846
f 1822 1821 6924 6923
f 1821 1820 6925 6924
f 1820 191 1837 6925
f 6925 1837 1836 6928
f 6928 1836 1835 6931
f 6931 1835 379 3025
f 6930 6931 3025 3024
f 6929 6930 3024 3023
f 1844 6929 3023 388
f 1845 6926 6929 1844
f 1846 6923 6926 1845
f 6932 6933 6936 6935
f 6933 6934 6937 6936
f 6935 6936 6939 6938
f 6936 6937 6940 6939
f 184 1840 6932 1843
f 1840 1839 6933 6932
f 1839 1838 6934 6933
f 1838 187 1597 6934
f 6934 1597 1596 6937
f 6937 1596 1595 6940
f 6940 1595 385 3010
f 6939 6940 3010 3009
f 6938 6939 3009 3008
f 1841 6938 3008 391
f 1842 6935 6938 1841
f 1843 6932 6935 1842
f 6941 6942 6945 6944
f 6942 6943 6946 6945
f 6944 6945 6948 6947
f 6945 6946 6949 6948
f 185 1855 6941 3224
f 1855 1854 6942 6941
f 1854 1853 6943 6942
f 1853 188 1846 6943
f 6943 1846 1845 6946
f 6946 1845 1844 6949
f 6949 1844 388 2965
f 6948 6949 2965 2964
f 6947 6948 2964 2963
f 3226 6947 2963 395
f 3225 6944 6947 3226
f 3224 6941 6944 3225
f 6950 6951 6954 6953
f 6951 6952 6955 6954
f 6953 6954 6957 6956
f 6954 6955 6958 6957
f 186 2479 6950 3215
f 2479 2478 6951 6950
f 2478 2477 6952 6951
f 2477 185 3224 6952
f 6952 3224 3225 6955
f 6955 3225 3226 6958
f 6958 3226 395 2995
f 6957 6958 2995 2994
f 6956 6957 2994 2993
f 3217 6956 2993 383
f 3216 6953 6956 3217
f 3215 6950 6953 3216
f 6959 6960 6963 6962
f 6960 6961 6964 6963
f 6962 6963 6966 6965
f 6963 6964 6967 6966
f 190 1594 6959 3191
f 1594 1593 6960 6959
f 1593 1592 6961 6960
f 1592 189 3200 6961
f 6961 3200 3201 6964
f 6964 3201 3202 6967
f 6967 3202 398 2980
f 6966 6967 2980 2979
f 6965 6966 2979 2978
f 3193 6965 2978 377
f 3192 6962 6965 3193
f 3191 6959 6962 3192
f 6968 6969 6972 6971
f 6969 6970 6973 6972
f 6971 6972 6975 6974
f 6972 6973 6976 6975
f 189 1849 6968 3200
f 1849 1848 6969 6968
f 1848 1847 6970 6969
f 1847 184 1843 6970
f 6970 1843 1842 6973
f 6973 1842 1841 6976
f 6976 1841 391 2944
f 6975 6976 2944 2943
f 6974 6975 2943 2942
f 3202 6974 2942 398
f 3201 6971 6974 3202
f 3200 6968 6971 3201
f 6977 6978 6981 6980
f 6978 6979 6982 6981
f 6980 6981 6984 6983
f 6981 6982 6985 6984
f 293 2365 6977 2530
f 2365 2364 6978 6977
f 2364 2363 6979 6978
f 2363 280 2518 6979
f 6979 2518 2517 6982
f 6982 2517 2516 6985
f 6985 2516 207 1871
f 6984 6985 1871 1872
f 6983 6984 1872 1873
f 2528 6983 1873 205
f 2529 6980 6983 2528
f 2530 6977 6980 2529
f 6986 6987 6990 6989
f 6987 6988 6991 6990
f 6989 6990 6993 6992
f 6990 6991 6994 6993
f 827 5995 6986 1556
f 5995 5994 6987 6986
f 5994 5993 6988 6987
f 5993 825 1535 6988
f 6988 1535 1536 6991
f 6991 1536 1537 6994
f 6994 1537 125 1534
f 6993 6994 1534 1533
f 6992 6993 1533 1532
f 1558 6992 1532 129
f 1557 6989 6992 1558
f 1556 6986 6989 1557
f 6995 6996 6999 6998
f 6996 6997 7000 6999
f 6998 6999 7002 7001
f 6999 7000 7003 7002
f 826 5992 6995 5734
f 5992 5991 6996 6995
f 5991 5990 6997 6996
f 5990 827 1556 6997
f 6997 1556 1557 7000
f 7000 1557 1558 7003
f 7003 1558 129 1546
f 7002 7003 1546 1545
f 7001 7002 1545 1544
f 5732 7001 1544 126
f 5733 6998 7001 5732
f 5734 6995 6998 5733
f 7004 7005 7008 7007
f 7005 7006 7009 7008
f 7007 7008 7011 7010
f 7008 7009 7012 7011
f 128 1540 7004 1543
f 1540 1539 7005 7004
f 1539 1538 7006 7005
f 1538 131 1559 7006
f 7006 1559 1560 7009
f 7009 1560 1561 7012
f 7012 1561 133 1562
f 7011 7012 1562 1563
f 7010 7011 1563 1564
f 1541 7010 1564 132
f 1542 7007 7010 1541
f 1543 7004 7007 1542
f 7013 7014 7017 7016
f 7014 7015 7018 7017
f 7016 7017 7020 7019
f 7017 7018 7021 7020
f 131 1552 7013 1559
f 1552 1551 7014 7013
f 1551 1550 7015 7014
f 1550 127 1547 7015
f 7015 1547 1548 7018
f 7018 1548 1549 7021
f 7021 1549 130 1565
f 7020 7021 1565 1566
f 7019 7020 1566 1567
f 1561 7019 1567 133
f 1560 7016 7019 1561
f 1559 7013 7016 1560
f 7022 7023 7026 7025
f 7023 7024 7027 7026
f 7025 7026 7029 7028
f 7026 7027 7030 7029
f 411 1738 7022 1783
f 1738 1737 7023 7022
f 1737 1736 7024 7023
f 1736 408 1777 7024
f 7024 1777 1776 7027
f 7027 1776 1775 7030
f 7030 1775 355 2905
f 7029 7030 2905 2904
f 7028 7029 2904 2903
f 1781 7028 2903 364
f 1782 7025 7028 1781
f 1783 7022 7025 1782
f 7031 7032 7035 7034
f 7032 7033 7036 7035
f 7034 7035 7038 7037
f 7035 7036 7039 7038
f 831 5749 7031 5987
f 5749 5748 7032 7031
f 5748 5747 7033 7032
f 5747 412 1747 7033
f 7033 1747 1746 7036
f 7036 1746 1745 7039
f 7039 1745 361 2890
f 7038 7039 2890 2889
f 7037 7038 2889 2888
f 5989 7037 2888 844
f 5988 7034 7037 5989
f 5987 7031 7034 5988
f 7040 7041 7044 7043
f 7041 7042 7045 7044
f 7043 7044 7047 7046
f 7044 7045 7048 7047
f 414 1768 7040 3176
f 1768 1767 7041 7040
f 1767 1766 7042 7041
f 1766 411 1783 7042
f 7042 1783 1782 7045
f 7045 1782 1781 7048
f 7048 1781 364 2845
f 7047 7048 2845 2844
f 7046 7047 2844 2843
f 3178 7046 2843 371
f 3177 7043 7046 3178
f 3176 7040 7043 3177
f 7049 7050 7053 7052
f 7050 7051 7054 7053
f 7052 7053 7056 7055
f 7053 7054 7057 7056
f 207 1879 7049 2533
f 1879 1878 7050 7049
f 1878 1877 7051 7050
f 1877 206 2519 7051
f 7051 2519 2520 7054
f 7054 2520 2521 7057
f 7057 2521 121 1510
f 7056 7057 1510 1509
f 7055 7056 1509 1508
f 2531 7055 1508 118
f 2532 7052 7055 2531
f 2533 7049 7052 2532
f 7058 7059 7062 7061
f 7059 7060 7063 7062
f 7061 7062 7065 7064
f 7062 7063 7066 7065
f 413 2380 7058 3167
f 2380 2379 7059 7058
f 2379 2378 7060 7059
f 2378 414 3176 7060
f 7060 3176 3177 7063
f 7063 3177 3178 7066
f 7066 3178 371 2875
f 7065 7066 2875 2874
f 7064 7065 2874 2873
f 3169 7064 2873 359
f 3168 7061 7064 3169
f 3167 7058 7061 3168
f 7067 7068 7071 7070
f 7068 7069 7072 7071
f 7070 7071 7074 7073
f 7071 7072 7075 7074
f 409 1741 7067 3143
f 1741 1740 7068 7067
f 1740 1739 7069 7068
f 1739 410 3152 7069
f 7069 3152 3153 7072
f 7072 3153 3154 7075
f 7075 3154 374 2860
f 7074 7075 2860 2859
f 7073 7074 2859 2858
f 3145 7073 2858 353
f 3144 7070 7073 3145
f 3143 7067 7070 3144
f 7076 7077 7080 7079
f 7077 7078 7081 7080
f 7079 7080 7083 7082
f 7080 7081 7084 7083
f 410 1765 7076 3152
f 1765 1764 7077 7076
f 1764 1763 7078 7077
f 1763 415 1744 7078
f 7078 1744 1743 7081
f 7081 1743 1742 7084
f 7084 1742 367 2824
f 7083 7084 2824 2823
f 7082 7083 2823 2822
f 3154 7082 2822 374
f 3153 7079 7082 3154
f 3152 7076 7079 3153
f 7085 7086 7089 7088
f 7086 7087 7090 7089
f 7088 7089 7092 7091
f 7089 7090 7093 7092
f 191 2476 7085 1837
f 2476 2475 7086 7085
f 2475 2474 7087 7086
f 2474 190 3191 7087
f 7087 3191 3192 7090
f 7090 3192 3193 7093
f 7093 3193 377 3043
f 7092 7093 3043 3042
f 7091 7092 3042 3041
f 1835 7091 3041 379
f 1836 7088 7091 1835
f 1837 7085 7088 1836
f 7094 7095 7098 7097
f 7095 7096 7099 7098
f 7097 7098 7101 7100
f 7098 7099 7102 7101
f 150 1639 7094 1628
f 1639 1638 7095 7094
f 1638 1637 7096 7095
f 1637 147 1607 7096
f 7096 1607 1608 7099
f 7099 1608 1609 7102
f 7102 1609 142 1606
f 7101 7102 1606 1605
f 7100 7101 1605 1604
f 1630 7100 1604 146
f 1629 7097 7100 1630
f 1628 7094 7097 1629
f 7103 7104 7107 7106
f 7104 7105 7108 7107
f 7106 7107 7110 7109
f 7107 7108 7111 7110
f 149 1636 7103 1627
f 1636 1635 7104 7103
f 1635 1634 7105 7104
f 1634 150 1628 7105
f 7105 1628 1629 7108
f 7108 1629 1630 7111
f 7111 1630 146 1618
f 7110 7111 1618 1617
f 7109 7110 1617 1616
f 1625 7109 1616 143
f 1626 7106 7109 1625
f 1627 7103 7106 1626
f 7112 7113 7116 7115
f 7113 7114 7117 7116
f 7115 7116 7119 7118
f 7116 7117 7120 7119
f 145 1612 7112 1615
f 1612 1611 7113 7112
f 1611 1610 7114 7113
f 1610 148 1631 7114
f 7114 1631 1632 7117
f 7117 1632 1633 7120
f 7120 1633 150 1634
f 7119 7120 1634 1635
f 7118 7119 1635 1636
f 1613 7118 1636 149
f 1614 7115 7118 1613
f 1615 7112 7115 1614
f 7121 7122 7125 7124
f 7122 7123 7126 7125
f 7124 7125 7128 7127
f 7125 7126 7129 7128
f 148 1624 7121 1631
f 1624 1623 7122 7121
f 1623 1622 7123 7122
f 1622 144 1619 7123
f 7123 1619 1620 7126
f 7126 1620 1621 7129
f 7129 1621 147 1637
f 7128 7129 1637 1638
f 7127 7128 1638 1639
f 1633 7127 1639 150
f 1632 7124 7127 1633
f 1631 7121 7124 1632
f 7130 7131 7134 7133
f 7131 7132 7135 7134
f 7133 7134 7137 7136
f 7134 7135 7138 7137
f 419 3283 7130 3247
f 3283 3282 7131 7130
f 3282 3281 7132 7131
f 3281 416 3238 7132
f 7132 3238 3237 7135
f 7135 3237 3236 7138
f 7138 3236 331 2785
f 7137 7138 2785 2784
f 7136 7137 2784 2783
f 3245 7136 2783 340
f 3246 7133 7136 3245
f 3247 7130 7133 3246
f 7139 7140 7143 7142
f 7140 7141 7144 7143
f 7142 7143 7146 7145
f 7143 7144 7147 7146
f 423 3280 7139 3259
f 3280 3279 7140 7139
f 3279 3278 7141 7140
f 3278 420 3250 7141
f 7141 3250 3249 7144
f 7144 3249 3248 7147
f 7147 3248 337 2770
f 7146 7147 2770 2769
f 7145 7146 2769 2768
f 3257 7145 2768 343
f 3258 7142 7145 3257
f 3259 7139 7142 3258
f 7148 7149 7152 7151
f 7149 7150 7153 7152
f 7151 7152 7155 7154
f 7152 7153 7156 7155
f 422 3277 7148 3128
f 3277 3276 7149 7148
f 3276 3275 7150 7149
f 3275 419 3247 7150
f 7150 3247 3246 7153
f 7153 3246 3245 7156
f 7156 3245 340 2725
f 7155 7156 2725 2724
f 7154 7155 2724 2723
f 3130 7154 2723 347
f 3129 7151 7154 3130
f 3128 7148 7151 3129
f 7157 7158 7161 7160
f 7158 7159 7162 7161
f 7160 7161 7164 7163
f 7161 7162 7165 7164
f 183 1807 7157 2437
f 1807 1806 7158 7157
f 1806 1805 7159 7158
f 1805 182 2471 7159
f 7159 2471 2472 7162
f 7162 2472 2473 7165
f 7165 2473 138 1582
f 7164 7165 1582 1581
f 7163 7164 1581 1580
f 2435 7163 1580 135
f 2436 7160 7163 2435
f 2437 7157 7160 2436
f 7166 7167 7170 7169
f 7167 7168 7171 7170
f 7169 7170 7173 7172
f 7170 7171 7174 7173
f 421 3274 7166 3119
f 3274 3273 7167 7166
f 3273 3272 7168 7167
f 3272 422 3128 7168
f 7168 3128 3129 7171
f 7171 3129 3130 7174
f 7174 3130 347 2755
f 7173 7174 2755 2754
f 7172 7173 2754 2753
f 3121 7172 2753 335
f 3120 7169 7172 3121
f 3119 7166 7169 3120
f 7175 7176 7179 7178
f 7176 7177 7180 7179
f 7178 7179 7182 7181
f 7179 7180 7183 7182
f 417 3271 7175 3095
f 3271 3270 7176 7175
f 3270 3269 7177 7176
f 3269 418 3104 7177
f 7177 3104 3105 7180
f 7180 3105 3106 7183
f 7183 3106 350 2740
f 7182 7183 2740 2739
f 7181 7182 2739 2738
f 3097 7181 2738 329
f 3096 7178 7181 3097
f 3095 7175 7178 3096
f 7184 7185 7188 7187
f 7185 7186 7189 7188
f 7187 7188 7191 7190
f 7188 7189 7192 7191
f 418 3268 7184 3104
f 3268 3267 7185 7184
f 3267 3266 7186 7185
f 3266 423 3259 7186
f 7186 3259 3258 7189
f 7189 3258 3257 7192
f 7192 3257 343 2704
f 7191 7192 2704 2703
f 7190 7191 2703 2702
f 3106 7190 2702 350
f 3105 7187 7190 3106
f 3104 7184 7187 3105
f 7193 7194 7197 7196
f 7194 7195 7198 7197
f 7196 7197 7200 7199
f 7197 7198 7201 7200
f 832 5752 7193 5984
f 5752 5751 7194 7193
f 5751 5750 7195 7194
f 5750 409 3143 7195
f 7195 3143 3144 7198
f 7198 3144 3145 7201
f 7201 3145 353 2923
f 7200 7201 2923 2922
f 7199 7200 2922 2921
f 5986 7199 2921 847
f 5985 7196 7199 5986
f 5984 7193 7196 5985
f 7202 7203 7206 7205
f 7203 7204 7207 7206
f 7205 7206 7209 7208
f 7206 7207 7210 7209
f 747 5545 7202 1700
f 5545 5544 7203 7202
f 5544 5543 7204 7203
f 5543 745 1679 7204
f 7204 1679 1680 7207
f 7207 1680 1681 7210
f 7210 1681 159 1678
f 7209 7210 1678 1677
f 7208 7209 1677 1676
f 1702 7208 1676 163
f 1701 7205 7208 1702
f 1700 7202 7205 1701
f 7211 7212 7215 7214
f 7212 7213 7216 7215
f 7214 7215 7218 7217
f 7215 7216 7219 7218
f 746 5542 7211 5263
f 5542 5541 7212 7211
f 5541 5540 7213 7212
f 5540 747 1700 7213
f 7213 1700 1701 7216
f 7216 1701 1702 7219
f 7219 1702 163 1690
f 7218 7219 1690 1689
f 7217 7218 1689 1688
f 5261 7217 1688 160
f 5262 7214 7217 5261
f 5263 7211 7214 5262
f 7220 7221 7224 7223
f 7221 7222 7225 7224
f 7223 7224 7227 7226
f 7224 7225 7228 7227
f 162 1684 7220 1687
f 1684 1683 7221 7220
f 1683 1682 7222 7221
f 1682 165 1703 7222
f 7222 1703 1704 7225
f 7225 1704 1705 7228
f 7228 1705 167 1706
f 7227 7228 1706 1707
f 7226 7227 1707 1708
f 1685 7226 1708 166
f 1686 7223 7226 1685
f 1687 7220 7223 1686
f 7229 7230 7233 7232
f 7230 7231 7234 7233
f 7232 7233 7236 7235
f 7233 7234 7237 7236
f 165 1696 7229 1703
f 1696 1695 7230 7229
f 1695 1694 7231 7230
f 1694 161 1691 7231
f 7231 1691 1692 7234
f 7234 1692 1693 7237
f 7237 1693 164 1709
f 7236 7237 1709 1710
f 7235 7236 1710 1711
f 1705 7235 1711 167
f 1704 7232 7235 1705
f 1703 7229 7232 1704
f 7238 7239 7242 7241
f 7239 7240 7243 7242
f 7241 7242 7245 7244
f 7242 7243 7246 7245
f 461 3523 7238 3074
f 3523 3522 7239 7238
f 3522 3521 7240 7239
f 3521 462 3496 7240
f 7240 3496 3495 7243
f 7243 3495 3494 7246
f 7246 3494 322 2650
f 7245 7246 2650 2649
f 7244 7245 2649 2648
f 3076 7244 2648 319
f 3075 7241 7244 3076
f 3074 7238 7241 3075
f 7247 7248 7251 7250
f 7248 7249 7252 7251
f 7250 7251 7254 7253
f 7251 7252 7255 7254
f 416 3265 7247 3238
f 3265 3264 7248 7247
f 3264 3263 7249 7248
f 3263 417 3095 7249
f 7249 3095 3096 7252
f 7252 3096 3097 7255
f 7255 3097 329 2803
f 7254 7255 2803 2802
f 7253 7254 2802 2801
f 3236 7253 2801 331
f 3237 7250 7253 3236
f 3238 7247 7250 3237
f 7256 7257 7260 7259
f 7257 7258 7261 7260
f 7259 7260 7263 7262
f 7260 7261 7264 7263
f 767 5326 7256 5537
f 5326 5325 7257 7256
f 5325 5324 7258 7257
f 5324 458 3056 7258
f 7258 3056 3057 7261
f 7261 3057 3058 7264
f 7264 3058 316 2584
f 7263 7264 2584 2583
f 7262 7263 2583 2582
f 5539 7262 2582 758
f 5538 7259 7262 5539
f 5537 7256 7259 5538
f 7265 7266 7269 7268
f 7266 7267 7270 7269
f 7268 7269 7272 7271
f 7269 7270 7273 7272
f 460 3517 7265 3065
f 3517 3516 7266 7265
f 3516 3515 7267 7266
f 3515 461 3074 7267
f 7267 3074 3075 7270
f 7270 3075 3076 7273
f 7273 3076 319 2605
f 7272 7273 2605 2604
f 7271 7272 2604 2603
f 3067 7271 2603 308
f 3066 7268 7271 3067
f 3065 7265 7268 3066
f 7274 7275 7278 7277
f 7275 7276 7279 7278
f 7277 7278 7281 7280
f 7278 7279 7282 7281
f 462 3514 7274 3496
f 3514 3513 7275 7274
f 3513 3512 7276 7275
f 3512 456 3478 7276
f 7276 3478 3477 7279
f 7279 3477 3476 7282
f 7282 3476 311 2674
f 7281 7282 2674 2673
f 7280 7281 2673 2672
f 3494 7280 2672 322
f 3495 7277 7280 3494
f 3496 7274 7277 3495
f 7283 7284 7287 7286
f 7284 7285 7288 7287
f 7286 7287 7290 7289
f 7287 7288 7291 7290
f 766 5323 7283 5534
f 5323 5322 7284 7283
f 5322 5321 7285 7284
f 5321 460 3065 7285
f 7285 3065 3066 7288
f 7288 3066 3067 7291
f 7291 3067 308 2635
f 7290 7291 2635 2634
f 7289 7290 2634 2633
f 5536 7289 2633 761
f 5535 7286 7289 5536
f 5534 7283 7286 5535
f 7292 7293 7296 7295
f 7293 7294 7297 7296
f 7295 7296 7299 7298
f 7296 7297 7300 7299
f 463 3508 7292 3499
f 3508 3507 7293 7292
f 3507 3506 7294 7293
f 3506 459 3487 7294
f 7294 3487 3486 7297
f 7297 3486 3485 7300
f 7300 3485 314 2683
f 7299 7300 2683 2682
f 7298 7299 2682 2681
f 3497 7298 2681 325
f 3498 7295 7298 3497
f 3499 7292 7295 3498
f 7301 7302 7305 7304
f 7302 7303 7306 7305
f 7304 7305 7308 7307
f 7305 7306 7309 7308
f 458 3505 7301 3056
f 3505 3504 7302 7301
f 3504 3503 7303 7302
f 3503 463 3499 7303
f 7303 3499 3498 7306
f 7306 3498 3497 7309
f 7309 3497 325 2665
f 7308 7309 2665 2664
f 7307 7308 2664 2663
f 3058 7307 2663 316
f 3057 7304 7307 3058
f 3056 7301 7304 3057
f 7310 7311 7314 7313
f 7311 7312 7315 7314
f 7313 7314 7317 7316
f 7314 7315 7318 7317
f 432 3379 7310 3334
f 3379 3378 7311 7310
f 3378 3377 7312 7311
f 3377 433 2423 7312
f 7312 2423 2424 7315
f 7315 2424 2425 7318
f 7318 2425 155 1654
f 7317 7318 1654 1653
f 7316 7317 1653 1652
f 3332 7316 1652 152
f 3333 7313 7316 3332
f 3334 7310 7313 3333
f 7319 7320 7323 7322
f 7320 7321 7324 7323
f 7322 7323 7326 7325
f 7323 7324 7327 7326
f 441 3427 7319 2375
f 3427 3426 7320 7319
f 3426 3425 7321 7320
f 3425 447 3403 7321
f 7321 3403 3402 7324
f 7324 3402 3401 7327
f 7327 3401 168 1714
f 7326 7327 1714 1713
f 7325 7326 1713 1712
f 2377 7325 1712 172
f 2376 7322 7325 2377
f 2375 7319 7322 2376
f 7328 7329 7332 7331
f 7329 7330 7333 7332
f 7331 7332 7335 7334
f 7332 7333 7336 7335
f 443 3424 7328 3391
f 3424 3423 7329 7328
f 3423 3422 7330 7329
f 3422 442 3388 7330
f 7330 3388 3387 7333
f 7333 3387 3386 7336
f 7336 3386 175 1723
f 7335 7336 1723 1722
f 7334 7335 1722 1721
f 3389 7334 1721 171
f 3390 7331 7334 3389
f 3391 7328 7331 3390
f 7337 7338 7341 7340
f 7338 7339 7342 7341
f 7340 7341 7344 7343
f 7341 7342 7345 7344
f 763 5314 7337 5531
f 5314 5313 7338 7337
f 5313 5312 7339 7338
f 5312 446 3400 7339
f 7339 3400 3399 7342
f 7342 3399 3398 7345
f 7345 3398 173 1717
f 7344 7345 1717 1716
f 7343 7344 1716 1715
f 5533 7343 1715 748
f 5532 7340 7343 5533
f 5531 7337 7340 5532
f 7346 7347 7350 7349
f 7347 7348 7351 7350
f 7349 7350 7353 7352
f 7350 7351 7354 7353
f 445 3418 7346 2399
f 3418 3417 7347 7346
f 3417 3416 7348 7347
f 3416 443 3391 7348
f 7348 3391 3390 7351
f 7351 3390 3389 7354
f 7354 3389 171 1720
f 7353 7354 1720 1719
f 7352 7353 1719 1718
f 2401 7352 1718 174
f 2400 7349 7352 2401
f 2399 7346 7349 2400
f 7355 7356 7359 7358
f 7356 7357 7360 7359
f 7358 7359 7362 7361
f 7359 7360 7363 7362
f 444 3415 7355 3394
f 3415 3414 7356 7355
f 3414 3413 7357 7356
f 3413 445 2399 7357
f 7357 2399 2400 7360
f 7360 2400 2401 7363
f 7363 2401 174 1732
f 7362 7363 1732 1731
f 7361 7362 1731 1730
f 3392 7361 1730 170
f 3393 7358 7361 3392
f 3394 7355 7358 3393
f 7364 7365 7368 7367
f 7365 7366 7369 7368
f 7367 7368 7371 7370
f 7368 7369 7372 7371
f 446 3412 7364 3400
f 3412 3411 7365 7364
f 3411 3410 7366 7365
f 3410 444 3394 7366
f 7366 3394 3393 7369
f 7369 3393 3392 7372
f 7372 3392 170 1729
f 7371 7372 1729 1728
f 7370 7371 1728 1727
f 3398 7370 1727 173
f 3399 7367 7370 3398
f 3400 7364 7367 3399
f 7373 7374 7377 7376
f 7374 7375 7378 7377
f 7376 7377 7380 7379
f 7377 7378 7381 7380
f 762 5311 7373 5528
f 5311 5310 7374 7373
f 5310 5309 7375 7374
f 5309 440 3382 7375
f 7375 3382 3381 7378
f 7378 3381 3380 7381
f 7381 3380 169 1735
f 7380 7381 1735 1734
f 7379 7380 1734 1733
f 5530 7379 1733 749
f 5529 7376 7379 5530
f 5528 7373 7376 5529
f 7382 7383 7386 7385
f 7383 7384 7387 7386
f 7385 7386 7389 7388
f 7386 7387 7390 7389
f 765 5320 7382 5525
f 5320 5319 7383 7382
f 5319 5318 7384 7383
f 5318 450 3059 7384
f 7384 3059 3060 7387
f 7387 3060 3061 7390
f 7390 3061 209 2011
f 7389 7390 2011 2010
f 7388 7389 2010 2009
f 5527 7388 2009 755
f 5526 7385 7388 5527
f 5525 7382 7385 5526
f 7391 7392 7395 7394
f 7392 7393 7396 7395
f 7394 7395 7398 7397
f 7395 7396 7399 7398
f 452 3472 7391 3071
f 3472 3471 7392 7391
f 3471 3470 7393 7392
f 3470 453 3077 7393
f 7393 3077 3078 7396
f 7396 3078 3079 7399
f 7399 3079 215 2002
f 7398 7399 2002 2001
f 7397 7398 2001 2000
f 3073 7397 2000 217
f 3072 7394 7397 3073
f 3071 7391 7394 3072
f 7400 7401 7404 7403
f 7401 7402 7405 7404
f 7403 7404 7407 7406
f 7404 7405 7408 7407
f 448 3469 7400 3430
f 3469 3468 7401 7400
f 3468 3467 7402 7401
f 3467 449 3053 7402
f 7402 3053 3054 7405
f 7405 3054 3055 7408
f 7408 3055 211 1993
f 7407 7408 1993 1992
f 7406 7407 1992 1991
f 3428 7406 1991 220
f 3429 7403 7406 3428
f 3430 7400 7403 3429
f 7409 7410 7413 7412
f 7410 7411 7414 7413
f 7412 7413 7416 7415
f 7413 7414 7417 7416
f 764 5317 7409 5522
f 5317 5316 7410 7409
f 5316 5315 7411 7410
f 5315 452 3071 7411
f 7411 3071 3072 7414
f 7414 3072 3073 7417
f 7417 3073 217 1978
f 7416 7417 1978 1977
f 7415 7416 1977 1976
f 5524 7415 1976 752
f 5523 7412 7415 5524
f 5522 7409 7412 5523
f 7418 7419 7422 7421
f 7419 7420 7423 7422
f 7421 7422 7425 7424
f 7422 7423 7426 7425
f 453 3463 7418 3077
f 3463 3462 7419 7418
f 3462 3461 7420 7419
f 3461 454 3448 7420
f 7420 3448 3447 7423
f 7423 3447 3446 7426
f 7426 3446 227 1963
f 7425 7426 1963 1962
f 7424 7425 1962 1961
f 3079 7424 1961 215
f 3078 7421 7424 3079
f 3077 7418 7421 3078
f 7427 7428 7431 7430
f 7428 7429 7432 7431
f 7430 7431 7434 7433
f 7431 7432 7435 7434
f 450 3460 7427 3059
f 3460 3459 7428 7427
f 3459 3458 7429 7428
f 3458 455 3451 7429
f 7429 3451 3450 7432
f 7432 3450 3449 7435
f 7435 3449 230 1948
f 7434 7435 1948 1947
f 7433 7434 1947 1946
f 3061 7433 1946 209
f 3060 7430 7433 3061
f 3059 7427 7430 3060
f 7436 7437 7440 7439
f 7437 7438 7441 7440
f 7439 7440 7443 7442
f 7440 7441 7444 7443
f 454 3457 7436 3448
f 3457 3456 7437 7436
f 3456 3455 7438 7437
f 3455 448 3430 7438
f 7438 3430 3429 7441
f 7441 3429 3428 7444
f 7444 3428 220 1933
f 7443 7444 1933 1932
f 7442 7443 1932 1931
f 3446 7442 1931 227
f 3447 7439 7442 3446
f 3448 7436 7439 3447
f 7445 7446 7449 7448
f 7446 7447 7450 7449
f 7448 7449 7452 7451
f 7449 7450 7453 7452
f 455 3454 7445 3451
f 3454 3453 7446 7445
f 3453 3452 7447 7446
f 3452 451 3439 7447
f 7447 3439 3438 7450
f 7450 3438 3437 7453
f 7453 3437 223 1912
f 7452 7453 1912 1911
f 7451 7452 1911 1910
f 3449 7451 1910 230
f 3450 7448 7451 3449
f 3451 7445 7448 3450
f 7454 7455 7458 7457
f 7455 7456 7459 7458
f 7457 7458 7461 7460
f 7458 7459 7462 7461
f 426 3331 7454 3107
f 3331 3330 7455 7454
f 3330 3329 7456 7455
f 3329 431 3307 7456
f 7456 3307 3306 7459
f 7459 3306 3305 7462
f 7462 3305 253 2032
f 7461 7462 2032 2031
f 7460 7461 2031 2030
f 3109 7460 2030 242
f 3108 7457 7460 3109
f 3107 7454 7457 3108
f 7463 7464 7467 7466
f 7464 7465 7468 7467
f 7466 7467 7470 7469
f 7467 7468 7471 7470
f 430 3328 7463 3131
f 3328 3327 7464 7463
f 3327 3326 7465 7464
f 3326 427 3295 7465
f 7465 3295 3294 7468
f 7468 3294 3293 7471
f 7471 3293 250 2053
f 7470 7471 2053 2052
f 7469 7470 2052 2051
f 3133 7469 2051 239
f 3132 7466 7469 3133
f 3131 7463 7466 3132
f 7472 7473 7476 7475
f 7473 7474 7477 7476
f 7475 7476 7479 7478
f 7476 7477 7480 7479
f 425 3325 7472 3101
f 3325 3324 7473 7472
f 3324 3323 7474 7473
f 3323 426 3107 7474
f 7474 3107 3108 7477
f 7477 3108 3109 7480
f 7480 3109 242 2068
f 7479 7480 2068 2067
f 7478 7479 2067 2066
f 3103 7478 2066 233
f 3102 7475 7478 3103
f 3101 7472 7475 3102
f 7481 7482 7485 7484
f 7482 7483 7486 7485
f 7484 7485 7488 7487
f 7485 7486 7489 7488
f 429 3322 7481 3125
f 3322 3321 7482 7481
f 3321 3320 7483 7482
f 3320 430 3131 7483
f 7483 3131 3132 7486
f 7486 3132 3133 7489
f 7489 3133 239 2083
f 7488 7489 2083 2082
f 7487 7488 2082 2081
f 3127 7487 2081 236
f 3126 7484 7487 3127
f 3125 7481 7484 3126
f 7490 7491 7494 7493
f 7491 7492 7495 7494
f 7493 7494 7497 7496
f 7494 7495 7498 7497
f 431 3319 7490 3307
f 3319 3318 7491 7490
f 3318 3317 7492 7491
f 3317 428 3298 7492
f 7492 3298 3297 7495
f 7495 3297 3296 7498
f 7498 3296 247 2098
f 7497 7498 2098 2097
f 7496 7497 2097 2096
f 3305 7496 2096 253
f 3306 7493 7496 3305
f 3307 7490 7493 3306
f 7499 7500 7503 7502
f 7500 7501 7504 7503
f 7502 7503 7506 7505
f 7503 7504 7507 7506
f 427 3316 7499 3295
f 3316 3315 7500 7499
f 3315 3314 7501 7500
f 3314 424 3286 7501
f 7501 3286 3285 7504
f 7504 3285 3284 7507
f 7507 3284 244 2113
f 7506 7507 2113 2112
f 7505 7506 2112 2111
f 3293 7505 2111 250
f 3294 7502 7505 3293
f 3295 7499 7502 3294
f 7508 7509 7512 7511
f 7509 7510 7513 7512
f 7511 7512 7515 7514
f 7512 7513 7516 7515
f 428 3313 7508 3298
f 3313 3312 7509 7508
f 3312 3311 7510 7509
f 3311 429 3125 7510
f 7510 3125 3126 7513
f 7513 3126 3127 7516
f 7516 3127 236 2122
f 7515 7516 2122 2121
f 7514 7515 2121 2120
f 3296 7514 2120 247
f 3297 7511 7514 3296
f 3298 7508 7511 3297
f 7517 7518 7521 7520
f 7518 7519 7522 7521
f 7520 7521 7524 7523
f 7521 7522 7525 7524
f 424 3310 7517 3286
f 3310 3309 7518 7517
f 3309 3308 7519 7518
f 3308 425 3101 7519
f 7519 3101 3102 7522
f 7522 3102 3103 7525
f 7525 3103 233 2131
f 7524 7525 2131 2130
f 7523 7524 2130 2129
f 3284 7523 2129 244
f 3285 7520 7523 3284
f 3286 7517 7520 3285
f 7526 7527 7530 7529
f 7527 7528 7531 7530
f 7529 7530 7533 7532
f 7530 7531 7534 7533
f 420 3262 7526 3250
f 3262 3261 7527 7526
f 3261 3260 7528 7527
f 3260 421 3119 7528
f 7528 3119 3120 7531
f 7531 3120 3121 7534
f 7534 3121 335 2794
f 7533 7534 2794 2793
f 7532 7533 2793 2792
f 3248 7532 2792 337
f 3249 7529 7532 3248
f 3250 7526 7529 3249
f 7535 7536 7539 7538
f 7536 7537 7540 7539
f 7538 7539 7542 7541
f 7539 7540 7543 7542
f 433 3376 7535 2423
f 3376 3375 7536 7535
f 3375 3374 7537 7536
f 3374 439 2462 7537
f 7537 2462 2463 7540
f 7540 2463 2464 7543
f 7543 2464 151 1642
f 7542 7543 1642 1641
f 7541 7542 1641 1640
f 2425 7541 1640 155
f 2424 7538 7541 2425
f 2423 7535 7538 2424
f 7544 7545 7548 7547
f 7545 7546 7549 7548
f 7547 7548 7551 7550
f 7548 7549 7552 7551
f 435 3373 7544 3343
f 3373 3372 7545 7544
f 3372 3371 7546 7545
f 3371 436 2441 7546
f 7546 2441 2442 7549
f 7549 2442 2443 7552
f 7552 2443 157 1660
f 7551 7552 1660 1659
f 7550 7551 1659 1658
f 3341 7550 1658 153
f 3342 7547 7550 3341
f 3343 7544 7547 3342
f 7553 7554 7557 7556
f 7554 7555 7558 7557
f 7556 7557 7560 7559
f 7557 7558 7561 7560
f 436 3370 7553 2441
f 3370 3369 7554 7553
f 3369 3368 7555 7554
f 3368 438 2456 7555
f 7555 2456 2457 7558
f 7558 2457 2458 7561
f 7561 2458 154 1648
f 7560 7561 1648 1647
f 7559 7560 1647 1646
f 2443 7559 1646 157
f 2442 7556 7559 2443
f 2441 7553 7556 2442
f 7562 7563 7566 7565
f 7563 7564 7567 7566
f 7565 7566 7569 7568
f 7566 7567 7570 7569
f 439 3367 7562 2462
f 3367 3366 7563 7562
f 3366 3365 7564 7563
f 3365 437 3349 7564
f 7564 3349 3348 7567
f 7567 3348 3347 7570
f 7570 3347 156 1645
f 7569 7570 1645 1644
f 7568 7569 1644 1643
f 2464 7568 1643 151
f 2463 7565 7568 2464
f 2462 7562 7565 2463
f 7571 7572 7575 7574
f 7572 7573 7576 7575
f 7574 7575 7578 7577
f 7575 7576 7579 7578
f 438 3364 7571 2456
f 3364 3363 7572 7571
f 3363 3362 7573 7572
f 3362 434 3340 7573
f 7573 3340 3339 7576
f 7576 3339 3338 7579
f 7579 3338 158 1651
f 7578 7579 1651 1650
f 7577 7578 1650 1649
f 2458 7577 1649 154
f 2457 7574 7577 2458
f 2456 7571 7574 2457
f 7580 7581 7584 7583
f 7581 7582 7585 7584
f 7583 7584 7587 7586
f 7584 7585 7588 7587
f 437 3361 7580 3349
f 3361 3360 7581 7580
f 3360 3359 7582 7581
f 3359 435 3343 7582
f 7582 3343 3342 7585
f 7585 3342 3341 7588
f 7588 3341 153 1657
f 7587 7588 1657 1656
f 7586 7587 1656 1655
f 3347 7586 1655 156
f 3348 7583 7586 3347
f 3349 7580 7583 3348
f 7589 7590 7593 7592
f 7590 7591 7594 7593
f 7592 7593 7596 7595
f 7593 7594 7597 7596
f 434 3358 7589 3340
f 3358 3357 7590 7589
f 3357 3356 7591 7590
f 3356 432 3334 7591
f 7591 3334 3333 7594
f 7594 3333 3332 7597
f 7597 3332 152 1663
f 7596 7597 1663 1662
f 7595 7596 1662 1661
f 3338 7595 1661 158
f 3339 7592 7595 3338
f 3340 7589 7592 3339
f 7598 7599 7602 7601
f 7599 7600 7603 7602
f 7601 7602 7605 7604
f 7602 7603 7606 7605
f 402 2383 7598 3155
f 2383 2382 7599 7598
f 2382 2381 7600 7599
f 2381 407 1786 7600
f 7600 1786 1785 7603
f 7603 1785 1784 7606
f 7606 1784 277 2152
f 7605 7606 2152 2151
f 7604 7605 2151 2150
f 3157 7604 2150 266
f 3156 7601 7604 3157
f 3155 7598 7601 3156
f 7607 7608 7611 7610
f 7608 7609 7612 7611
f 7610 7611 7614 7613
f 7611 7612 7615 7614
f 406 1753 7607 3179
f 1753 1752 7608 7607
f 1752 1751 7609 7608
f 1751 403 1666 7609
f 7609 1666 1665 7612
f 7612 1665 1664 7615
f 7615 1664 274 2173
f 7614 7615 2173 2172
f 7613 7614 2172 2171
f 3181 7613 2171 263
f 3180 7610 7613 3181
f 3179 7607 7610 3180
f 7616 7617 7620 7619
f 7617 7618 7621 7620
f 7619 7620 7623 7622
f 7620 7621 7624 7623
f 401 1774 7616 3149
f 1774 1773 7617 7616
f 1773 1772 7618 7617
f 1772 402 3155 7618
f 7618 3155 3156 7621
f 7621 3156 3157 7624
f 7624 3157 266 2188
f 7623 7624 2188 2187
f 7622 7623 2187 2186
f 3151 7622 2186 257
f 3150 7619 7622 3151
f 3149 7616 7619 3150
f 7625 7626 7629 7628
f 7626 7627 7630 7629
f 7628 7629 7632 7631
f 7629 7630 7633 7632
f 405 2407 7625 3173
f 2407 2406 7626 7625
f 2406 2405 7627 7626
f 2405 406 3179 7627
f 7627 3179 3180 7630
f 7630 3180 3181 7633
f 7633 3181 263 2203
f 7632 7633 2203 2202
f 7631 7632 2202 2201
f 3175 7631 2201 260
f 3174 7628 7631 3175
f 3173 7625 7628 3174
f 7634 7635 7638 7637
f 7635 7636 7639 7638
f 7637 7638 7641 7640
f 7638 7639 7642 7641
f 830 5746 7634 5981
f 5746 5745 7635 7634
f 5745 5744 7636 7635
f 5744 404 2431 7636
f 7636 2431 2430 7639
f 7639 2430 2429 7642
f 7642 2429 271 2218
f 7641 7642 2218 2217
f 7640 7641 2217 2216
f 5983 7640 2216 837
f 5982 7637 7640 5983
f 5981 7634 7637 5982
f 7643 7644 7647 7646
f 7644 7645 7648 7647
f 7646 7647 7650 7649
f 7647 7648 7651 7650
f 403 2413 7643 1666
f 2413 2412 7644 7643
f 2412 2411 7645 7644
f 2411 400 1789 7645
f 7645 1789 1788 7648
f 7648 1788 1787 7651
f 7651 1787 268 2233
f 7650 7651 2233 2232
f 7649 7650 2232 2231
f 1664 7649 2231 274
f 1665 7646 7649 1664
f 1666 7643 7646 1665
f 7652 7653 7656 7655
f 7653 7654 7657 7656
f 7655 7656 7659 7658
f 7656 7657 7660 7659
f 404 1759 7652 2431
f 1759 1758 7653 7652
f 1758 1757 7654 7653
f 1757 405 3173 7654
f 7654 3173 3174 7657
f 7657 3174 3175 7660
f 7660 3175 260 2242
f 7659 7660 2242 2241
f 7658 7659 2241 2240
f 2429 7658 2240 271
f 2430 7655 7658 2429
f 2431 7652 7655 2430
f 7661 7662 7665 7664
f 7662 7663 7666 7665
f 7664 7665 7668 7667
f 7665 7666 7669 7668
f 841 5779 7661 5978
f 5779 5778 7662 7661
f 5778 5777 7663 7662
f 5777 401 3149 7663
f 7663 3149 3150 7666
f 7666 3150 3151 7669
f 7669 3151 257 2251
f 7668 7669 2251 2250
f 7667 7668 2250 2249
f 5980 7667 2249 840
f 5979 7664 7667 5980
f 5978 7661 7664 5979
f 7670 7671 7674 7673
f 7671 7672 7675 7674
f 7673 7674 7677 7676
f 7674 7675 7678 7677
f 412 2404 7670 1747
f 2404 2403 7671 7670
f 2403 2402 7672 7671
f 2402 413 3167 7672
f 7672 3167 3168 7675
f 7675 3168 3169 7678
f 7678 3169 359 2914
f 7677 7678 2914 2913
f 7676 7677 2913 2912
f 1745 7676 2912 361
f 1746 7673 7676 1745
f 1747 7670 7673 1746
f 7679 7680 7683 7682
f 7680 7681 7684 7683
f 7682 7683 7686 7685
f 7683 7684 7687 7686
f 182 1816 7679 2471
f 1816 1815 7680 7679
f 1815 1814 7681 7680
f 1814 176 2510 7681
f 7681 2510 2511 7684
f 7684 2511 2512 7687
f 7687 2512 134 1570
f 7686 7687 1570 1569
f 7685 7686 1569 1568
f 2473 7685 1568 138
f 2472 7682 7685 2473
f 2471 7679 7682 2472
f 7688 7689 7692 7691
f 7689 7690 7693 7692
f 7691 7692 7695 7694
f 7692 7693 7696 7695
f 180 2449 7688 1792
f 2449 2448 7689 7688
f 2448 2447 7690 7689
f 2447 179 2489 7690
f 7690 2489 2490 7693
f 7693 2490 2491 7696
f 7696 2491 140 1588
f 7695 7696 1588 1587
f 7694 7695 1587 1586
f 1790 7694 1586 136
f 1791 7691 7694 1790
f 1792 7688 7691 1791
f 7697 7698 7701 7700
f 7698 7699 7702 7701
f 7700 7701 7704 7703
f 7701 7702 7705 7704
f 179 1669 7697 2489
f 1669 1668 7698 7697
f 1668 1667 7699 7698
f 1667 177 2504 7699
f 7699 2504 2505 7702
f 7702 2505 2506 7705
f 7705 2506 137 1576
f 7704 7705 1576 1575
f 7703 7704 1575 1574
f 2491 7703 1574 140
f 2490 7700 7703 2491
f 2489 7697 7700 2490
f 7706 7707 7710 7709
f 7707 7708 7711 7710
f 7709 7710 7713 7712
f 7710 7711 7714 7713
f 834 5758 7706 5975
f 5758 5757 7707 7706
f 5757 5756 7708 7707
f 5756 178 1798 7708
f 7708 1798 1797 7711
f 7711 1797 1796 7714
f 7714 1796 139 1573
f 7713 7714 1573 1572
f 7712 7713 1572 1571
f 5977 7712 1571 828
f 5976 7709 7712 5977
f 5975 7706 7709 5976
f 7715 7716 7719 7718
f 7716 7717 7720 7719
f 7718 7719 7722 7721
f 7719 7720 7723 7722
f 177 2446 7715 2504
f 2446 2445 7716 7715
f 2445 2444 7717 7716
f 2444 181 2455 7717
f 7717 2455 2454 7720
f 7720 2454 2453 7723
f 7723 2453 141 1579
f 7722 7723 1579 1578
f 7721 7722 1578 1577
f 2506 7721 1577 137
f 2505 7718 7721 2506
f 2504 7715 7718 2505
f 7724 7725 7728 7727
f 7725 7726 7729 7728
f 7727 7728 7731 7730
f 7728 7729 7732 7731
f 178 1672 7724 1798
f 1672 1671 7725 7724
f 1671 1670 7726 7725
f 1670 180 1792 7726
f 7726 1792 1791 7729
f 7729 1791 1790 7732
f 7732 1790 136 1585
f 7731 7732 1585 1584
f 7730 7731 1584 1583
f 1796 7730 1583 139
f 1797 7727 7730 1796
f 1798 7724 7727 1797
f 7733 7734 7737 7736
f 7734 7735 7738 7737
f 7736 7737 7740 7739
f 7737 7738 7741 7740
f 833 5755 7733 5972
f 5755 5754 7734 7733
f 5754 5753 7735 7734
f 5753 183 2437 7735
f 7735 2437 2436 7738
f 7738 2436 2435 7741
f 7741 2435 135 1591
f 7740 7741 1591 1590
f 7739 7740 1590 1589
f 5974 7739 1589 829
f 5973 7736 7739 5974
f 5972 7733 7736 5973
f 7742 7743 7746 7745
f 7743 7744 7747 7746
f 7745 7746 7749 7748
f 7746 7747 7750 7749
f 197 2509 7742 3203
f 2509 2508 7743 7742
f 2508 2507 7744 7743
f 2507 192 1858 7744
f 7744 1858 1857 7747
f 7747 1857 1856 7750
f 7750 1856 301 2272
f 7749 7750 2272 2271
f 7748 7749 2271 2270
f 3205 7748 2270 290
f 3204 7745 7748 3205
f 3203 7742 7745 3204
f 7751 7752 7755 7754
f 7752 7753 7756 7755
f 7754 7755 7758 7757
f 7755 7756 7759 7758
f 193 1603 7751 3227
f 1603 1602 7752 7751
f 1602 1601 7753 7752
f 1601 196 1522 7753
f 7753 1522 1521 7756
f 7756 1521 1520 7759
f 7759 1520 298 2293
f 7758 7759 2293 2292
f 7757 7758 2292 2291
f 3229 7757 2291 287
f 3228 7754 7757 3229
f 3227 7751 7754 3228
f 7760 7761 7764 7763
f 7761 7762 7765 7764
f 7763 7764 7767 7766
f 7764 7765 7768 7767
f 198 1834 7760 3197
f 1834 1833 7761 7760
f 1833 1832 7762 7761
f 1832 197 3203 7762
f 7762 3203 3204 7765
f 7765 3204 3205 7768
f 7768 3205 290 2308
f 7767 7768 2308 2307
f 7766 7767 2307 2306
f 3199 7766 2306 281
f 3198 7763 7766 3199
f 3197 7760 7763 3198
f 7769 7770 7773 7772
f 7770 7771 7774 7773
f 7772 7773 7776 7775
f 7773 7774 7777 7776
f 194 2515 7769 3221
f 2515 2514 7770 7769
f 2514 2513 7771 7770
f 2513 193 3227 7771
f 7771 3227 3228 7774
f 7774 3228 3229 7777
f 7777 3229 287 2323
f 7776 7777 2323 2322
f 7775 7776 2322 2321
f 3223 7775 2321 284
f 3222 7772 7775 3223
f 3221 7769 7772 3222
f 7778 7779 7782 7781
f 7779 7780 7783 7782
f 7781 7782 7785 7784
f 7782 7783 7786 7785
f 192 1828 7778 1858
f 1828 1827 7779 7778
f 1827 1826 7780 7779
f 1826 195 2527 7780
f 7780 2527 2526 7783
f 7783 2526 2525 7786
f 7786 2525 295 2338
f 7785 7786 2338 2337
f 7784 7785 2337 2336
f 1856 7784 2336 301
f 1857 7781 7784 1856
f 1858 7778 7781 1857
f 7787 7788 7791 7790
f 7788 7789 7792 7791
f 7790 7791 7794 7793
f 7791 7792 7795 7794
f 196 2503 7787 1522
f 2503 2502 7788 7787
f 2502 2501 7789 7788
f 2501 199 1861 7789
f 7789 1861 1860 7792
f 7792 1860 1859 7795
f 7795 1859 292 2353
f 7794 7795 2353 2352
f 7793 7794 2352 2351
f 1520 7793 2351 298
f 1521 7790 7793 1520
f 1522 7787 7790 1521
f 7796 7797 7800 7799
f 7797 7798 7801 7800
f 7799 7800 7803 7802
f 7800 7801 7804 7803
f 195 1831 7796 2527
f 1831 1830 7797 7796
f 1830 1829 7798 7797
f 1829 194 3221 7798
f 7798 3221 3222 7801
f 7801 3222 3223 7804
f 7804 3223 284 2362
f 7803 7804 2362 2361
f 7802 7803 2361 2360
f 2525 7802 2360 295
f 2526 7799 7802 2525
f 2527 7796 7799 2526
f 7805 7806 7809 7808
f 7806 7807 7810 7809
f 7808 7809 7812 7811
f 7809 7810 7813 7812
f 199 2485 7805 1861
f 2485 2484 7806 7805
f 2484 2483 7807 7806
f 2483 198 3197 7807
f 7807 3197 3198 7810
f 7810 3198 3199 7813
f 7813 3199 281 2371
f 7812 7813 2371 2370
f 7811 7812 2370 2369
f 1859 7811 2369 292
f 1860 7808 7811 1859
f 1861 7805 7808 1860
f 7814 7815 7818 7817
f 7815 7816 7819 7818
f 7817 7818 7821 7820
f 7818 7819 7822 7821
f 187 1825 7814 1597
f 1825 1824 7815 7814
f 1824 1823 7816 7815
f 1823 186 3215 7816
f 7816 3215 3216 7819
f 7819 3216 3217 7822
f 7822 3217 383 3034
f 7821 7822 3034 3033
f 7820 7821 3033 3032
f 1595 7820 3032 385
f 1596 7817 7820 1595
f 1597 7814 7817 1596
f 7823 7824 7827 7826
f 7824 7825 7828 7827
f 7826 7827 7830 7829
f 7827 7828 7831 7830
f 206 1888 7823 2519
f 1888 1887 7824 7823
f 1887 1886 7825 7824
f 1886 200 2558 7825
f 7825 2558 2559 7828
f 7828 2559 2560 7831
f 7831 2560 117 1498
f 7830 7831 1498 1497
f 7829 7830 1497 1496
f 2521 7829 1496 121
f 2520 7826 7829 2521
f 2519 7823 7826 2520
f 7832 7833 7836 7835
f 7833 7834 7837 7836
f 7835 7836 7839 7838
f 7836 7837 7840 7839
f 204 2545 7832 1864
f 2545 2544 7833 7832
f 2544 2543 7834 7833
f 2543 203 2537 7834
f 7834 2537 2538 7837
f 7837 2538 2539 7840
f 7840 2539 123 1516
f 7839 7840 1516 1515
f 7838 7839 1515 1514
f 1862 7838 1514 119
f 1863 7835 7838 1862
f 1864 7832 7835 1863
f 7841 7842 7845 7844
f 7842 7843 7846 7845
f 7844 7845 7848 7847
f 7845 7846 7849 7848
f 203 1525 7841 2537
f 1525 1524 7842 7841
f 1524 1523 7843 7842
f 1523 201 2552 7843
f 7843 2552 2553 7846
f 7846 2553 2554 7849
f 7849 2554 120 1504
f 7848 7849 1504 1503
f 7847 7848 1503 1502
f 2539 7847 1502 123
f 2538 7844 7847 2539
f 2537 7841 7844 2538
f 7850 7851 7854 7853
f 7851 7852 7855 7854
f 7853 7854 7857 7856
f 7854 7855 7858 7857
f 200 1882 7850 2558
f 1882 1881 7851 7850
f 1881 1880 7852 7851
f 1880 202 1870 7852
f 7852 1870 1869 7855
f 7855 1869 1868 7858
f 7858 1868 122 1499
f 7857 7858 1499 1500
f 7856 7857 1500 1501
f 2560 7856 1501 117
f 2559 7853 7856 2560
f 2558 7850 7853 2559
f 7859 7860 7863 7862
f 7860 7861 7864 7863
f 7862 7863 7866 7865
f 7863 7864 7867 7866
f 201 2542 7859 2552
f 2542 2541 7860 7859
f 2541 2540 7861 7860
f 2540 205 2551 7861
f 7861 2551 2550 7864
f 7864 2550 2549 7867
f 7867 2549 124 1505
f 7866 7867 1505 1506
f 7865 7866 1506 1507
f 2554 7865 1507 120
f 2553 7862 7865 2554
f 2552 7859 7862 2553
f 7868 7869 7872 7871
f 7869 7870 7873 7872
f 7871 7872 7875 7874
f 7872 7873 7876 7875
f 202 1528 7868 1870
f 1528 1527 7869 7868
f 1527 1526 7870 7869
f 1526 204 1864 7870
f 7870 1864 1863 7873
f 7873 1863 1862 7876
f 7876 1862 119 1511
f 7875 7876 1511 1512
f 7874 7875 1512 1513
f 1868 7874 1513 122
f 1869 7871 7874 1868
f 1870 7868 7871 1869
f 7877 7878 7881 7880
f 7878 7879 7882 7881
f 7880 7881 7884 7883
f 7881 7882 7885 7884
f 205 1873 7877 2551
f 1873 1872 7878 7877
f 1872 1871 7879 7878
f 1871 207 2533 7879
f 7879 2533 2532 7882
f 7882 2532 2531 7885
f 7885 2531 118 1517
f 7884 7885 1517 1518
f 7883 7884 1518 1519
f 2549 7883 1519 124
f 2550 7880 7883 2549
f 2551 7877 7880 2550
f 7886 7887 7890 7889
f 7887 7888 7891 7890
f 7889 7890 7893 7892
f 7890 7891 7894 7893
f 224 1895 7886 1894
f 1895 1896 7887 7886
f 1896 1897 7888 7887
f 1897 229 1898 7888
f 7888 1898 1899 7891
f 7891 1899 1900 7894
f 7894 1900 231 1901
f 7893 7894 1901 1902
f 7892 7893 1902 1903
f 1892 7892 1903 225
f 1893 7889 7892 1892
f 1894 7886 7889 1893
f 7895 7896 7899 7898
f 7896 7897 7900 7899
f 7898 7899 7902 7901
f 7899 7900 7903 7902
f 225 1903 7895 1906
f 1903 1902 7896 7895
f 1902 1901 7897 7896
f 1901 231 1907 7897
f 7897 1907 1908 7900
f 7900 1908 1909 7903
f 7903 1909 230 1910
f 7902 7903 1910 1911
f 7901 7902 1911 1912
f 1904 7901 1912 223
f 1905 7898 7901 1904
f 1906 7895 7898 1905
f 7904 7905 7908 7907
f 7905 7906 7909 7908
f 7907 7908 7911 7910
f 7908 7909 7912 7911
f 221 1916 7904 1915
f 1916 1917 7905 7904
f 1917 1918 7906 7905
f 1918 226 1919 7906
f 7906 1919 1920 7909
f 7909 1920 1921 7912
f 7912 1921 228 1922
f 7911 7912 1922 1923
f 7910 7911 1923 1924
f 1913 7910 1924 222
f 1914 7907 7910 1913
f 1915 7904 7907 1914
f 7913 7914 7917 7916
f 7914 7915 7918 7917
f 7916 7917 7920 7919
f 7917 7918 7921 7920
f 222 1924 7913 1927
f 1924 1923 7914 7913
f 1923 1922 7915 7914
f 1922 228 1928 7915
f 7915 1928 1929 7918
f 7918 1929 1930 7921
f 7921 1930 227 1931
f 7920 7921 1931 1932
f 7919 7920 1932 1933
f 1925 7919 1933 220
f 1926 7916 7919 1925
f 1927 7913 7916 1926
f 7922 7923 7926 7925
f 7923 7924 7927 7926
f 7925 7926 7929 7928
f 7926 7927 7930 7929
f 229 1934 7922 1898
f 1934 1935 7923 7922
f 1935 1936 7924 7923
f 1936 208 1937 7924
f 7924 1937 1938 7927
f 7927 1938 1939 7930
f 7930 1939 210 1940
f 7929 7930 1940 1941
f 7928 7929 1941 1942
f 1900 7928 1942 231
f 1899 7925 7928 1900
f 1898 7922 7925 1899
f 7931 7932 7935 7934
f 7932 7933 7936 7935
f 7934 7935 7938 7937
f 7935 7936 7939 7938
f 231 1942 7931 1907
f 1942 1941 7932 7931
f 1941 1940 7933 7932
f 1940 210 1943 7933
f 7933 1943 1944 7936
f 7936 1944 1945 7939
f 7939 1945 209 1946
f 7938 7939 1946 1947
f 7937 7938 1947 1948
f 1909 7937 1948 230
f 1908 7934 7937 1909
f 1907 7931 7934 1908
f 7940 7941 7944 7943
f 7941 7942 7945 7944
f 7943 7944 7947 7946
f 7944 7945 7948 7947
f 226 1949 7940 1919
f 1949 1950 7941 7940
f 1950 1951 7942 7941
f 1951 214 1952 7942
f 7942 1952 1953 7945
f 7945 1953 1954 7948
f 7948 1954 216 1955
f 7947 7948 1955 1956
f 7946 7947 1956 1957
f 1921 7946 1957 228
f 1920 7943 7946 1921
f 1919 7940 7943 1920
f 7949 7950 7953 7952
f 7950 7951 7954 7953
f 7952 7953 7956 7955
f 7953 7954 7957 7956
f 228 1957 7949 1928
f 1957 1956 7950 7949
f 1956 1955 7951 7950
f 1955 216 1958 7951
f 7951 1958 1959 7954
f 7954 1959 1960 7957
f 7957 1960 215 1961
f 7956 7957 1961 1962
f 7955 7956 1962 1963
f 1930 7955 1963 227
f 1929 7952 7955 1930
f 1928 7949 7952 1929
f 7958 7959 7962 7961
f 7959 7960 7963 7962
f 7961 7962 7965 7964
f 7962 7963 7966 7965
f 750 1967 7958 5519
f 1967 1968 7959 7958
f 1968 1969 7960 7959
f 1969 224 1894 7960
f 7960 1894 1893 7963
f 7963 1893 1892 7966
f 7966 1892 225 5276
f 7965 7966 5276 5277
f 7964 7965 5277 5278
f 5521 7964 5278 751
f 5520 7961 7964 5521
f 5519 7958 7961 5520
f 7967 7968 7971 7970
f 7968 7969 7972 7971
f 7970 7971 7974 7973
f 7971 7972 7975 7974
f 751 5278 7967 5516
f 5278 5277 7968 7967
f 5277 5276 7969 7968
f 5276 225 1906 7969
f 7969 1906 1905 7972
f 7972 1905 1904 7975
f 7975 1904 223 5279
f 7974 7975 5279 5280
f 7973 7974 5280 5281
f 5518 7973 5281 752
f 5517 7970 7973 5518
f 5516 7967 7970 5517
f 7976 7977 7980 7979
f 7977 7978 7981 7980
f 7979 7980 7983 7982
f 7980 7981 7984 7983
f 212 1982 7976 1981
f 1982 1983 7977 7976
f 1983 1984 7978 7977
f 1984 221 1915 7978
f 7978 1915 1914 7981
f 7981 1914 1913 7984
f 7984 1913 222 1985
f 7983 7984 1985 1986
f 7982 7983 1986 1987
f 1979 7982 1987 213
f 1980 7979 7982 1979
f 1981 7976 7979 1980
f 7985 7986 7989 7988
f 7986 7987 7990 7989
f 7988 7989 7992 7991
f 7989 7990 7993 7992
f 213 1987 7985 1990
f 1987 1986 7986 7985
f 1986 1985 7987 7986
f 1985 222 1927 7987
f 7987 1927 1926 7990
f 7990 1926 1925 7993
f 7993 1925 220 1991
f 7992 7993 1991 1992
f 7991 7992 1992 1993
f 1988 7991 1993 211
f 1989 7988 7991 1988
f 1990 7985 7988 1989
f 7994 7995 7998 7997
f 7995 7996 7999 7998
f 7997 7998 8001 8000
f 7998 7999 8002 8001
f 214 1994 7994 1952
f 1994 1995 7995 7994
f 1995 1996 7996 7995
f 1996 218 1966 7996
f 7996 1966 1965 7999
f 7999 1965 1964 8002
f 8002 1964 219 1997
f 8001 8002 1997 1998
f 8000 8001 1998 1999
f 1954 8000 1999 216
f 1953 7997 8000 1954
f 1952 7994 7997 1953
f 8003 8004 8007 8006
f 8004 8005 8008 8007
f 8006 8007 8010 8009
f 8007 8008 8011 8010
f 216 1999 8003 1958
f 1999 1998 8004 8003
f 1998 1997 8005 8004
f 1997 219 1975 8005
f 8005 1975 1974 8008
f 8008 1974 1973 8011
f 8011 1973 217 2000
f 8010 8011 2000 2001
f 8009 8010 2001 2002
f 1960 8009 2002 215
f 1959 8006 8009 1960
f 1958 8003 8006 1959
f 8012 8013 8016 8015
f 8013 8014 8017 8016
f 8015 8016 8019 8018
f 8016 8017 8020 8019
f 753 2003 8012 5513
f 2003 2004 8013 8012
f 2004 2005 8014 8013
f 2005 212 1981 8014
f 8014 1981 1980 8017
f 8017 1980 1979 8020
f 8020 1979 213 5285
f 8019 8020 5285 5286
f 8018 8019 5286 5287
f 5515 8018 5287 754
f 5514 8015 8018 5515
f 5513 8012 8015 5514
f 8021 8022 8025 8024
f 8022 8023 8026 8025
f 8024 8025 8028 8027
f 8025 8026 8029 8028
f 754 5287 8021 5510
f 5287 5286 8022 8021
f 5286 5285 8023 8022
f 5285 213 1990 8023
f 8023 1990 1989 8026
f 8026 1989 1988 8029
f 8029 1988 211 5288
f 8028 8029 5288 5289
f 8027 8028 5289 5290
f 5512 8027 5290 755
f 5511 8024 8027 5512
f 5510 8021 8024 5511
f 8030 8031 8034 8033
f 8031 8032 8035 8034
f 8033 8034 8037 8036
f 8034 8035 8038 8037
f 254 2015 8030 2014
f 2015 2016 8031 8030
f 2016 2017 8032 8031
f 2017 241 2018 8032
f 8032 2018 2019 8035
f 8035 2019 2020 8038
f 8038 2020 243 2021
f 8037 8038 2021 2022
f 8036 8037 2022 2023
f 2012 8036 2023 255
f 2013 8033 8036 2012
f 2014 8030 8033 2013
f 8039 8040 8043 8042
f 8040 8041 8044 8043
f 8042 8043 8046 8045
f 8043 8044 8047 8046
f 255 2023 8039 2026
f 2023 2022 8040 8039
f 2022 2021 8041 8040
f 2021 243 2027 8041
f 8041 2027 2028 8044
f 8044 2028 2029 8047
f 8047 2029 242 2030
f 8046 8047 2030 2031
f 8045 8046 2031 2032
f 2024 8045 2032 253
f 2025 8042 8045 2024
f 2026 8039 8042 2025
f 8048 8049 8052 8051
f 8049 8050 8053 8052
f 8051 8052 8055 8054
f 8052 8053 8056 8055
f 251 2036 8048 2035
f 2036 2037 8049 8048
f 2037 2038 8050 8049
f 2038 238 2039 8050
f 8050 2039 2040 8053
f 8053 2040 2041 8056
f 8056 2041 240 2042
f 8055 8056 2042 2043
f 8054 8055 2043 2044
f 2033 8054 2044 252
f 2034 8051 8054 2033
f 2035 8048 8051 2034
f 8057 8058 8061 8060
f 8058 8059 8062 8061
f 8060 8061 8064 8063
f 8061 8062 8065 8064
f 252 2044 8057 2047
f 2044 2043 8058 8057
f 2043 2042 8059 8058
f 2042 240 2048 8059
f 8059 2048 2049 8062
f 8062 2049 2050 8065
f 8065 2050 239 2051
f 8064 8065 2051 2052
f 8063 8064 2052 2053
f 2045 8063 2053 250
f 2046 8060 8063 2045
f 2047 8057 8060 2046
f 8066 8067 8070 8069
f 8067 8068 8071 8070
f 8069 8070 8073 8072
f 8070 8071 8074 8073
f 241 2054 8066 2018
f 2054 2055 8067 8066
f 2055 2056 8068 8067
f 2056 232 2057 8068
f 8068 2057 2058 8071
f 8071 2058 2059 8074
f 8074 2059 234 2060
f 8073 8074 2060 2061
f 8072 8073 2061 2062
f 2020 8072 2062 243
f 2019 8069 8072 2020
f 2018 8066 8069 2019
f 8075 8076 8079 8078
f 8076 8077 8080 8079
f 8078 8079 8082 8081
f 8079 8080 8083 8082
f 243 2062 8075 2027
f 2062 2061 8076 8075
f 2061 2060 8077 8076
f 2060 234 2063 8077
f 8077 2063 2064 8080
f 8080 2064 2065 8083
f 8083 2065 233 2066
f 8082 8083 2066 2067
f 8081 8082 2067 2068
f 2029 8081 2068 242
f 2028 8078 8081 2029
f 2027 8075 8078 2028
f 8084 8085 8088 8087
f 8085 8086 8089 8088
f 8087 8088 8091 8090
f 8088 8089 8092 8091
f 238 2069 8084 2039
f 2069 2070 8085 8084
f 2070 2071 8086 8085
f 2071 235 2072 8086
f 8086 2072 2073 8089
f 8089 2073 2074 8092
f 8092 2074 237 2075
f 8091 8092 2075 2076
f 8090 8091 2076 2077
f 2041 8090 2077 240
f 2040 8087 8090 2041
f 2039 8084 8087 2040
f 8093 8094 8097 8096
f 8094 8095 8098 8097
f 8096 8097 8100 8099
f 8097 8098 8101 8100
f 240 2077 8093 2048
f 2077 2076 8094 8093
f 2076 2075 8095 8094
f 2075 237 2078 8095
f 8095 2078 2079 8098
f 8098 2079 2080 8101
f 8101 2080 236 2081
f 8100 8101 2081 2082
f 8099 8100 2082 2083
f 2050 8099 2083 239
f 2049 8096 8099 2050
f 2048 8093 8096 2049
f 8102 8103 8106 8105
f 8103 8104 8107 8106
f 8105 8106 8109 8108
f 8106 8107 8110 8109
f 248 2087 8102 2086
f 2087 2088 8103 8102
f 2088 2089 8104 8103
f 2089 254 2014 8104
f 8104 2014 2013 8107
f 8107 2013 2012 8110
f 8110 2012 255 2090
f 8109 8110 2090 2091
f 8108 8109 2091 2092
f 2084 8108 2092 249
f 2085 8105 8108 2084
f 2086 8102 8105 2085
f 8111 8112 8115 8114
f 8112 8113 8116 8115
f 8114 8115 8118 8117
f 8115 8116 8119 8118
f 249 2092 8111 2095
f 2092 2091 8112 8111
f 2091 2090 8113 8112
f 2090 255 2026 8113
f 8113 2026 2025 8116
f 8116 2025 2024 8119
f 8119 2024 253 2096
f 8118 8119 2096 2097
f 8117 8118 2097 2098
f 2093 8117 2098 247
f 2094 8114 8117 2093
f 2095 8111 8114 2094
f 8120 8121 8124 8123
f 8121 8122 8125 8124
f 8123 8124 8127 8126
f 8124 8125 8128 8127
f 245 2102 8120 2101
f 2102 2103 8121 8120
f 2103 2104 8122 8121
f 2104 251 2035 8122
f 8122 2035 2034 8125
f 8125 2034 2033 8128
f 8128 2033 252 2105
f 8127 8128 2105 2106
f 8126 8127 2106 2107
f 2099 8126 2107 246
f 2100 8123 8126 2099
f 2101 8120 8123 2100
f 8129 8130 8133 8132
f 8130 8131 8134 8133
f 8132 8133 8136 8135
f 8133 8134 8137 8136
f 246 2107 8129 2110
f 2107 2106 8130 8129
f 2106 2105 8131 8130
f 2105 252 2047 8131
f 8131 2047 2046 8134
f 8134 2046 2045 8137
f 8137 2045 250 2111
f 8136 8137 2111 2112
f 8135 8136 2112 2113
f 2108 8135 2113 244
f 2109 8132 8135 2108
f 2110 8129 8132 2109
f 8138 8139 8142 8141
f 8139 8140 8143 8142
f 8141 8142 8145 8144
f 8142 8143 8146 8145
f 235 2114 8138 2072
f 2114 2115 8139 8138
f 2115 2116 8140 8139
f 2116 248 2086 8140
f 8140 2086 2085 8143
f 8143 2085 2084 8146
f 8146 2084 249 2117
f 8145 8146 2117 2118
f 8144 8145 2118 2119
f 2074 8144 2119 237
f 2073 8141 8144 2074
f 2072 8138 8141 2073
f 8147 8148 8151 8150
f 8148 8149 8152 8151
f 8150 8151 8154 8153
f 8151 8152 8155 8154
f 237 2119 8147 2078
f 2119 2118 8148 8147
f 2118 2117 8149 8148
f 2117 249 2095 8149
f 8149 2095 2094 8152
f 8152 2094 2093 8155
f 8155 2093 247 2120
f 8154 8155 2120 2121
f 8153 8154 2121 2122
f 2080 8153 2122 236
f 2079 8150 8153 2080
f 2078 8147 8150 2079
f 8156 8157 8160 8159
f 8157 8158 8161 8160
f 8159 8160 8163 8162
f 8160 8161 8164 8163
f 232 2123 8156 2057
f 2123 2124 8157 8156
f 2124 2125 8158 8157
f 2125 245 2101 8158
f 8158 2101 2100 8161
f 8161 2100 2099 8164
f 8164 2099 246 2126
f 8163 8164 2126 2127
f 8162 8163 2127 2128
f 2059 8162 2128 234
f 2058 8159 8162 2059
f 2057 8156 8159 2058
f 8165 8166 8169 8168
f 8166 8167 8170 8169
f 8168 8169 8172 8171
f 8169 8170 8173 8172
f 234 2128 8165 2063
f 2128 2127 8166 8165
f 2127 2126 8167 8166
f 2126 246 2110 8167
f 8167 2110 2109 8170
f 8170 2109 2108 8173
f 8173 2108 244 2129
f 8172 8173 2129 2130
f 8171 8172 2130 2131
f 2065 8171 2131 233
f 2064 8168 8171 2065
f 2063 8165 8168 2064
f 8174 8175 8178 8177
f 8175 8176 8179 8178
f 8177 8178 8181 8180
f 8178 8179 8182 8181
f 278 2135 8174 2134
f 2135 2136 8175 8174
f 2136 2137 8176 8175
f 2137 265 2138 8176
f 8176 2138 2139 8179
f 8179 2139 2140 8182
f 8182 2140 267 2141
f 8181 8182 2141 2142
f 8180 8181 2142 2143
f 2132 8180 2143 279
f 2133 8177 8180 2132
f 2134 8174 8177 2133
f 8183 8184 8187 8186
f 8184 8185 8188 8187
f 8186 8187 8190 8189
f 8187 8188 8191 8190
f 279 2143 8183 2146
f 2143 2142 8184 8183
f 2142 2141 8185 8184
f 2141 267 2147 8185
f 8185 2147 2148 8188
f 8188 2148 2149 8191
f 8191 2149 266 2150
f 8190 8191 2150 2151
f 8189 8190 2151 2152
f 2144 8189 2152 277
f 2145 8186 8189 2144
f 2146 8183 8186 2145
f 8192 8193 8196 8195
f 8193 8194 8197 8196
f 8195 8196 8199 8198
f 8196 8197 8200 8199
f 275 2156 8192 2155
f 2156 2157 8193 8192
f 2157 2158 8194 8193
f 2158 262 2159 8194
f 8194 2159 2160 8197
f 8197 2160 2161 8200
f 8200 2161 264 2162
f 8199 8200 2162 2163
f 8198 8199 2163 2164
f 2153 8198 2164 276
f 2154 8195 8198 2153
f 2155 8192 8195 2154
f 8201 8202 8205 8204
f 8202 8203 8206 8205
f 8204 8205 8208 8207
f 8205 8206 8209 8208
f 276 2164 8201 2167
f 2164 2163 8202 8201
f 2163 2162 8203 8202
f 2162 264 2168 8203
f 8203 2168 2169 8206
f 8206 2169 2170 8209
f 8209 2170 263 2171
f 8208 8209 2171 2172
f 8207 8208 2172 2173
f 2165 8207 2173 274
f 2166 8204 8207 2165
f 2167 8201 8204 2166
f 8210 8211 8214 8213
f 8211 8212 8215 8214
f 8213 8214 8217 8216
f 8214 8215 8218 8217
f 265 2174 8210 2138
f 2174 2175 8211 8210
f 2175 2176 8212 8211
f 2176 256 2177 8212
f 8212 2177 2178 8215
f 8215 2178 2179 8218
f 8218 2179 258 2180
f 8217 8218 2180 2181
f 8216 8217 2181 2182
f 2140 8216 2182 267
f 2139 8213 8216 2140
f 2138 8210 8213 2139
f 8219 8220 8223 8222
f 8220 8221 8224 8223
f 8222 8223 8226 8225
f 8223 8224 8227 8226
f 267 2182 8219 2147
f 2182 2181 8220 8219
f 2181 2180 8221 8220
f 2180 258 2183 8221
f 8221 2183 2184 8224
f 8224 2184 2185 8227
f 8227 2185 257 2186
f 8226 8227 2186 2187
f 8225 8226 2187 2188
f 2149 8225 2188 266
f 2148 8222 8225 2149
f 2147 8219 8222 2148
f 8228 8229 8232 8231
f 8229 8230 8233 8232
f 8231 8232 8235 8234
f 8232 8233 8236 8235
f 262 2189 8228 2159
f 2189 2190 8229 8228
f 2190 2191 8230 8229
f 2191 259 2192 8230
f 8230 2192 2193 8233
f 8233 2193 2194 8236
f 8236 2194 261 2195
f 8235 8236 2195 2196
f 8234 8235 2196 2197
f 2161 8234 2197 264
f 2160 8231 8234 2161
f 2159 8228 8231 2160
f 8237 8238 8241 8240
f 8238 8239 8242 8241
f 8240 8241 8244 8243
f 8241 8242 8245 8244
f 264 2197 8237 2168
f 2197 2196 8238 8237
f 2196 2195 8239 8238
f 2195 261 2198 8239
f 8239 2198 2199 8242
f 8242 2199 2200 8245
f 8245 2200 260 2201
f 8244 8245 2201 2202
f 8243 8244 2202 2203
f 2170 8243 2203 263
f 2169 8240 8243 2170
f 2168 8237 8240 2169
f 8246 8247 8250 8249
f 8247 8248 8251 8250
f 8249 8250 8253 8252
f 8250 8251 8254 8253
f 835 2207 8246 5969
f 2207 2208 8247 8246
f 2208 2209 8248 8247
f 2209 278 2134 8248
f 8248 2134 2133 8251
f 8251 2133 2132 8254
f 8254 2132 279 5762
f 8253 8254 5762 5763
f 8252 8253 5763 5764
f 5971 8252 5764 836
f 5970 8249 8252 5971
f 5969 8246 8249 5970
f 8255 8256 8259 8258
f 8256 8257 8260 8259
f 8258 8259 8262 8261
f 8259 8260 8263 8262
f 836 5764 8255 5966
f 5764 5763 8256 8255
f 5763 5762 8257 8256
f 5762 279 2146 8257
f 8257 2146 2145 8260
f 8260 2145 2144 8263
f 8263 2144 277 5765
f 8262 8263 5765 5766
f 8261 8262 5766 5767
f 5968 8261 5767 837
f 5967 8258 8261 5968
f 5966 8255 8258 5967
f 8264 8265 8268 8267
f 8265 8266 8269 8268
f 8267 8268 8271 8270
f 8268 8269 8272 8271
f 269 2222 8264 2221
f 2222 2223 8265 8264
f 2223 2224 8266 8265
f 2224 275 2155 8266
f 8266 2155 2154 8269
f 8269 2154 2153 8272
f 8272 2153 276 2225
f 8271 8272 2225 2226
f 8270 8271 2226 2227
f 2219 8270 2227 270
f 2220 8267 8270 2219
f 2221 8264 8267 2220
f 8273 8274 8277 8276
f 8274 8275 8278 8277
f 8276 8277 8280 8279
f 8277 8278 8281 8280
f 270 2227 8273 2230
f 2227 2226 8274 8273
f 2226 2225 8275 8274
f 2225 276 2167 8275
f 8275 2167 2166 8278
f 8278 2166 2165 8281
f 8281 2165 274 2231
f 8280 8281 2231 2232
f 8279 8280 2232 2233
f 2228 8279 2233 268
f 2229 8276 8279 2228
f 2230 8273 8276 2229
f 8282 8283 8286 8285
f 8283 8284 8287 8286
f 8285 8286 8289 8288
f 8286 8287 8290 8289
f 259 2234 8282 2192
f 2234 2235 8283 8282
f 2235 2236 8284 8283
f 2236 272 2206 8284
f 8284 2206 2205 8287
f 8287 2205 2204 8290
f 8290 2204 273 2237
f 8289 8290 2237 2238
f 8288 8289 2238 2239
f 2194 8288 2239 261
f 2193 8285 8288 2194
f 2192 8282 8285 2193
f 8291 8292 8295 8294
f 8292 8293 8296 8295
f 8294 8295 8298 8297
f 8295 8296 8299 8298
f 261 2239 8291 2198
f 2239 2238 8292 8291
f 2238 2237 8293 8292
f 2237 273 2215 8293
f 8293 2215 2214 8296
f 8296 2214 2213 8299
f 8299 2213 271 2240
f 8298 8299 2240 2241
f 8297 8298 2241 2242
f 2200 8297 2242 260
f 2199 8294 8297 2200
f 2198 8291 8294 2199
f 8300 8301 8304 8303
f 8301 8302 8305 8304
f 8303 8304 8307 8306
f 8304 8305 8308 8307
f 838 2243 8300 5963
f 2243 2244 8301 8300
f 2244 2245 8302 8301
f 2245 269 2221 8302
f 8302 2221 2220 8305
f 8305 2220 2219 8308
f 8308 2219 270 5771
f 8307 8308 5771 5772
f 8306 8307 5772 5773
f 5965 8306 5773 839
f 5964 8303 8306 5965
f 5963 8300 8303 5964
f 8309 8310 8313 8312
f 8310 8311 8314 8313
f 8312 8313 8316 8315
f 8313 8314 8317 8316
f 839 5773 8309 5960
f 5773 5772 8310 8309
f 5772 5771 8311 8310
f 5771 270 2230 8311
f 8311 2230 2229 8314
f 8314 2229 2228 8317
f 8317 2228 268 5774
f 8316 8317 5774 5775
f 8315 8316 5775 5776
f 5962 8315 5776 840
f 5961 8312 8315 5962
f 5960 8309 8312 5961
f 8318 8319 8322 8321
f 8319 8320 8323 8322
f 8321 8322 8325 8324
f 8322 8323 8326 8325
f 302 2255 8318 2254
f 2255 2256 8319 8318
f 2256 2257 8320 8319
f 2257 289 2258 8320
f 8320 2258 2259 8323
f 8323 2259 2260 8326
f 8326 2260 291 2261
f 8325 8326 2261 2262
f 8324 8325 2262 2263
f 2252 8324 2263 303
f 2253 8321 8324 2252
f 2254 8318 8321 2253
f 8327 8328 8331 8330
f 8328 8329 8332 8331
f 8330 8331 8334 8333
f 8331 8332 8335 8334
f 303 2263 8327 2266
f 2263 2262 8328 8327
f 2262 2261 8329 8328
f 2261 291 2267 8329
f 8329 2267 2268 8332
f 8332 2268 2269 8335
f 8335 2269 290 2270
f 8334 8335 2270 2271
f 8333 8334 2271 2272
f 2264 8333 2272 301
f 2265 8330 8333 2264
f 2266 8327 8330 2265
f 8336 8337 8340 8339
f 8337 8338 8341 8340
f 8339 8340 8343 8342
f 8340 8341 8344 8343
f 299 2276 8336 2275
f 2276 2277 8337 8336
f 2277 2278 8338 8337
f 2278 286 2279 8338
f 8338 2279 2280 8341
f 8341 2280 2281 8344
f 8344 2281 288 2282
f 8343 8344 2282 2283
f 8342 8343 2283 2284
f 2273 8342 2284 300
f 2274 8339 8342 2273
f 2275 8336 8339 2274
f 8345 8346 8349 8348
f 8346 8347 8350 8349
f 8348 8349 8352 8351
f 8349 8350 8353 8352
f 300 2284 8345 2287
f 2284 2283 8346 8345
f 2283 2282 8347 8346
f 2282 288 2288 8347
f 8347 2288 2289 8350
f 8350 2289 2290 8353
f 8353 2290 287 2291
f 8352 8353 2291 2292
f 8351 8352 2292 2293
f 2285 8351 2293 298
f 2286 8348 8351 2285
f 2287 8345 8348 2286
f 8354 8355 8358 8357
f 8355 8356 8359 8358
f 8357 8358 8361 8360
f 8358 8359 8362 8361
f 289 2294 8354 2258
f 2294 2295 8355 8354
f 2295 2296 8356 8355
f 2296 280 2297 8356
f 8356 2297 2298 8359
f 8359 2298 2299 8362
f 8362 2299 282 2300
f 8361 8362 2300 2301
f 8360 8361 2301 2302
f 2260 8360 2302 291
f 2259 8357 8360 2260
f 2258 8354 8357 2259
f 8363 8364 8367 8366
f 8364 8365 8368 8367
f 8366 8367 8370 8369
f 8367 8368 8371 8370
f 291 2302 8363 2267
f 2302 2301 8364 8363
f 2301 2300 8365 8364
f 2300 282 2303 8365
f 8365 2303 2304 8368
f 8368 2304 2305 8371
f 8371 2305 281 2306
f 8370 8371 2306 2307
f 8369 8370 2307 2308
f 2269 8369 2308 290
f 2268 8366 8369 2269
f 2267 8363 8366 2268
f 8372 8373 8376 8375
f 8373 8374 8377 8376
f 8375 8376 8379 8378
f 8376 8377 8380 8379
f 286 2309 8372 2279
f 2309 2310 8373 8372
f 2310 2311 8374 8373
f 2311 283 2312 8374
f 8374 2312 2313 8377
f 8377 2313 2314 8380
f 8380 2314 285 2315
f 8379 8380 2315 2316
f 8378 8379 2316 2317
f 2281 8378 2317 288
f 2280 8375 8378 2281
f 2279 8372 8375 2280
f 8381 8382 8385 8384
f 8382 8383 8386 8385
f 8384 8385 8388 8387
f 8385 8386 8389 8388
f 288 2317 8381 2288
f 2317 2316 8382 8381
f 2316 2315 8383 8382
f 2315 285 2318 8383
f 8383 2318 2319 8386
f 8386 2319 2320 8389
f 8389 2320 284 2321
f 8388 8389 2321 2322
f 8387 8388 2322 2323
f 2290 8387 2323 287
f 2289 8384 8387 2290
f 2288 8381 8384 2289
f 8390 8391 8394 8393
f 8391 8392 8395 8394
f 8393 8394 8397 8396
f 8394 8395 8398 8397
f 296 2327 8390 2326
f 2327 2328 8391 8390
f 2328 2329 8392 8391
f 2329 302 2254 8392
f 8392 2254 2253 8395
f 8395 2253 2252 8398
f 8398 2252 303 2330
f 8397 8398 2330 2331
f 8396 8397 2331 2332
f 2324 8396 2332 297
f 2325 8393 8396 2324
f 2326 8390 8393 2325
f 8399 8400 8403 8402
f 8400 8401 8404 8403
f 8402 8403 8406 8405
f 8403 8404 8407 8406
f 297 2332 8399 2335
f 2332 2331 8400 8399
f 2331 2330 8401 8400
f 2330 303 2266 8401
f 8401 2266 2265 8404
f 8404 2265 2264 8407
f 8407 2264 301 2336
f 8406 8407 2336 2337
f 8405 8406 2337 2338
f 2333 8405 2338 295
f 2334 8402 8405 2333
f 2335 8399 8402 2334
f 8408 8409 8412 8411
f 8409 8410 8413 8412
f 8411 8412 8415 8414
f 8412 8413 8416 8415
f 293 2342 8408 2341
f 2342 2343 8409 8408
f 2343 2344 8410 8409
f 2344 299 2275 8410
f 8410 2275 2274 8413
f 8413 2274 2273 8416
f 8416 2273 300 2345
f 8415 8416 2345 2346
f 8414 8415 2346 2347
f 2339 8414 2347 294
f 2340 8411 8414 2339
f 2341 8408 8411 2340
f 8417 8418 8421 8420
f 8418 8419 8422 8421
f 8420 8421 8424 8423
f 8421 8422 8425 8424
f 294 2347 8417 2350
f 2347 2346 8418 8417
f 2346 2345 8419 8418
f 2345 300 2287 8419
f 8419 2287 2286 8422
f 8422 2286 2285 8425
f 8425 2285 298 2351
f 8424 8425 2351 2352
f 8423 8424 2352 2353
f 2348 8423 2353 292
f 2349 8420 8423 2348
f 2350 8417 8420 2349
f 8426 8427 8430 8429
f 8427 8428 8431 8430
f 8429 8430 8433 8432
f 8430 8431 8434 8433
f 283 2354 8426 2312
f 2354 2355 8427 8426
f 2355 2356 8428 8427
f 2356 296 2326 8428
f 8428 2326 2325 8431
f 8431 2325 2324 8434
f 8434 2324 297 2357
f 8433 8434 2357 2358
f 8432 8433 2358 2359
f 2314 8432 2359 285
f 2313 8429 8432 2314
f 2312 8426 8429 2313
f 8435 8436 8439 8438
f 8436 8437 8440 8439
f 8438 8439 8442 8441
f 8439 8440 8443 8442
f 285 2359 8435 2318
f 2359 2358 8436 8435
f 2358 2357 8437 8436
f 2357 297 2335 8437
f 8437 2335 2334 8440
f 8440 2334 2333 8443
f 8443 2333 295 2360
f 8442 8443 2360 2361
f 8441 8442 2361 2362
f 2320 8441 2362 284
f 2319 8438 8441 2320
f 2318 8435 8438 2319
f 8444 8445 8448 8447
f 8445 8446 8449 8448
f 8447 8448 8451 8450
f 8448 8449 8452 8451
f 280 2363 8444 2297
f 2363 2364 8445 8444
f 2364 2365 8446 8445
f 2365 293 2341 8446
f 8446 2341 2340 8449
f 8449 2340 2339 8452
f 8452 2339 294 2366
f 8451 8452 2366 2367
f 8450 8451 2367 2368
f 2299 8450 2368 282
f 2298 8447 8450 2299
f 2297 8444 8447 2298
f 8453 8454 8457 8456
f 8454 8455 8458 8457
f 8456 8457 8460 8459
f 8457 8458 8461 8460
f 282 2368 8453 2303
f 2368 2367 8454 8453
f 2367 2366 8455 8454
f 2366 294 2350 8455
f 8455 2350 2349 8458
f 8458 2349 2348 8461
f 8461 2348 292 2369
f 8460 8461 2369 2370
f 8459 8460 2370 2371
f 2305 8459 2371 281
f 2304 8456 8459 2305
f 2303 8453 8456 2304
f 8462 8463 8466 8465
f 8463 8464 8467 8466
f 8465 8466 8469 8468
f 8466 8467 8470 8469
f 440 3406 8462 3382
f 3406 3405 8463 8462
f 3405 3404 8464 8463
f 3404 441 2375 8464
f 8464 2375 2376 8467
f 8467 2376 2377 8470
f 8470 2377 172 1726
f 8469 8470 1726 1725
f 8468 8469 1725 1724
f 3380 8468 1724 169
f 3381 8465 8468 3380
f 3382 8462 8465 3381
f 8471 8472 8475 8474
f 8472 8473 8476 8475
f 8474 8475 8478 8477
f 8475 8476 8479 8478
f 756 2567 8471 5507
f 2567 2568 8472 8471
f 2568 2569 8473 8472
f 2569 304 2570 8473
f 8473 2570 2571 8476
f 8476 2571 2572 8479
f 8479 2572 306 5294
f 8478 8479 5294 5295
f 8477 8478 5295 5296
f 5509 8477 5296 757
f 5508 8474 8477 5509
f 5507 8471 8474 5508
f 8480 8481 8484 8483
f 8481 8482 8485 8484
f 8483 8484 8487 8486
f 8484 8485 8488 8487
f 757 5296 8480 5504
f 5296 5295 8481 8480
f 5295 5294 8482 8481
f 5294 306 2579 8482
f 8482 2579 2580 8485
f 8485 2580 2581 8488
f 8488 2581 305 5297
f 8487 8488 5297 5298
f 8486 8487 5298 5299
f 5506 8486 5299 758
f 5505 8483 8486 5506
f 5504 8480 8483 5505
f 8489 8490 8493 8492
f 8490 8491 8494 8493
f 8492 8493 8496 8495
f 8493 8494 8497 8496
f 320 2588 8489 2587
f 2588 2589 8490 8489
f 2589 2590 8491 8490
f 2590 307 2591 8491
f 8491 2591 2592 8494
f 8494 2592 2593 8497
f 8497 2593 309 2594
f 8496 8497 2594 2595
f 8495 8496 2595 2596
f 2585 8495 2596 321
f 2586 8492 8495 2585
f 2587 8489 8492 2586
f 8498 8499 8502 8501
f 8499 8500 8503 8502
f 8501 8502 8505 8504
f 8502 8503 8506 8505
f 321 2596 8498 2599
f 2596 2595 8499 8498
f 2595 2594 8500 8499
f 2594 309 2600 8500
f 8500 2600 2601 8503
f 8503 2601 2602 8506
f 8506 2602 308 2603
f 8505 8506 2603 2604
f 8504 8505 2604 2605
f 2597 8504 2605 319
f 2598 8501 8504 2597
f 2599 8498 8501 2598
f 8507 8508 8511 8510
f 8508 8509 8512 8511
f 8510 8511 8514 8513
f 8511 8512 8515 8514
f 304 2606 8507 2570
f 2606 2607 8508 8507
f 2607 2608 8509 8508
f 2608 310 2609 8509
f 8509 2609 2610 8512
f 8512 2610 2611 8515
f 8515 2611 312 2612
f 8514 8515 2612 2613
f 8513 8514 2613 2614
f 2572 8513 2614 306
f 2571 8510 8513 2572
f 2570 8507 8510 2571
f 8516 8517 8520 8519
f 8517 8518 8521 8520
f 8519 8520 8523 8522
f 8520 8521 8524 8523
f 306 2614 8516 2579
f 2614 2613 8517 8516
f 2613 2612 8518 8517
f 2612 312 2615 8518
f 8518 2615 2616 8521
f 8521 2616 2617 8524
f 8524 2617 311 2618
f 8523 8524 2618 2619
f 8522 8523 2619 2620
f 2581 8522 2620 305
f 2580 8519 8522 2581
f 2579 8516 8519 2580
f 8525 8526 8529 8528
f 8526 8527 8530 8529
f 8528 8529 8532 8531
f 8529 8530 8533 8532
f 759 2621 8525 5501
f 2621 2622 8526 8525
f 2622 2623 8527 8526
f 2623 313 2624 8527
f 8527 2624 2625 8530
f 8530 2625 2626 8533
f 8533 2626 315 5303
f 8532 8533 5303 5304
f 8531 8532 5304 5305
f 5503 8531 5305 760
f 5502 8528 8531 5503
f 5501 8525 8528 5502
f 8534 8535 8538 8537
f 8535 8536 8539 8538
f 8537 8538 8541 8540
f 8538 8539 8542 8541
f 760 5305 8534 5498
f 5305 5304 8535 8534
f 5304 5303 8536 8535
f 5303 315 2630 8536
f 8536 2630 2631 8539
f 8539 2631 2632 8542
f 8542 2632 314 5306
f 8541 8542 5306 5307
f 8540 8541 5307 5308
f 5500 8540 5308 761
f 5499 8537 8540 5500
f 5498 8534 8537 5499
f 8543 8544 8547 8546
f 8544 8545 8548 8547
f 8546 8547 8550 8549
f 8547 8548 8551 8550
f 323 2639 8543 2638
f 2639 2640 8544 8543
f 2640 2641 8545 8544
f 2641 320 2587 8545
f 8545 2587 2586 8548
f 8548 2586 2585 8551
f 8551 2585 321 2642
f 8550 8551 2642 2643
f 8549 8550 2643 2644
f 2636 8549 2644 324
f 2637 8546 8549 2636
f 2638 8543 8546 2637
f 8552 8553 8556 8555
f 8553 8554 8557 8556
f 8555 8556 8559 8558
f 8556 8557 8560 8559
f 324 2644 8552 2647
f 2644 2643 8553 8552
f 2643 2642 8554 8553
f 2642 321 2599 8554
f 8554 2599 2598 8557
f 8557 2598 2597 8560
f 8560 2597 319 2648
f 8559 8560 2648 2649
f 8558 8559 2649 2650
f 2645 8558 2650 322
f 2646 8555 8558 2645
f 2647 8552 8555 2646
f 8561 8562 8565 8564
f 8562 8563 8566 8565
f 8564 8565 8568 8567
f 8565 8566 8569 8568
f 326 2654 8561 2653
f 2654 2655 8562 8561
f 2655 2656 8563 8562
f 2656 317 2566 8563
f 8563 2566 2565 8566
f 8566 2565 2564 8569
f 8569 2564 318 2657
f 8568 8569 2657 2658
f 8567 8568 2658 2659
f 2651 8567 2659 327
f 2652 8564 8567 2651
f 2653 8561 8564 2652
f 8570 8571 8574 8573
f 8571 8572 8575 8574
f 8573 8574 8577 8576
f 8574 8575 8578 8577
f 327 2659 8570 2662
f 2659 2658 8571 8570
f 2658 2657 8572 8571
f 2657 318 2578 8572
f 8572 2578 2577 8575
f 8575 2577 2576 8578
f 8578 2576 316 2663
f 8577 8578 2663 2664
f 8576 8577 2664 2665
f 2660 8576 2665 325
f 2661 8573 8576 2660
f 2662 8570 8573 2661
f 8579 8580 8583 8582
f 8580 8581 8584 8583
f 8582 8583 8586 8585
f 8583 8584 8587 8586
f 310 2666 8579 2609
f 2666 2667 8580 8579
f 2667 2668 8581 8580
f 2668 323 2638 8581
f 8581 2638 2637 8584
f 8584 2637 2636 8587
f 8587 2636 324 2669
f 8586 8587 2669 2670
f 8585 8586 2670 2671
f 2611 8585 2671 312
f 2610 8582 8585 2611
f 2609 8579 8582 2610
f 8588 8589 8592 8591
f 8589 8590 8593 8592
f 8591 8592 8595 8594
f 8592 8593 8596 8595
f 312 2671 8588 2615
f 2671 2670 8589 8588
f 2670 2669 8590 8589
f 2669 324 2647 8590
f 8590 2647 2646 8593
f 8593 2646 2645 8596
f 8596 2645 322 2672
f 8595 8596 2672 2673
f 8594 8595 2673 2674
f 2617 8594 2674 311
f 2616 8591 8594 2617
f 2615 8588 8591 2616
f 8597 8598 8601 8600
f 8598 8599 8602 8601
f 8600 8601 8604 8603
f 8601 8602 8605 8604
f 313 2675 8597 2624
f 2675 2676 8598 8597
f 2676 2677 8599 8598
f 2677 326 2653 8599
f 8599 2653 2652 8602
f 8602 2652 2651 8605
f 8605 2651 327 2678
f 8604 8605 2678 2679
f 8603 8604 2679 2680
f 2626 8603 2680 315
f 2625 8600 8603 2626
f 2624 8597 8600 2625
f 8606 8607 8610 8609
f 8607 8608 8611 8610
f 8609 8610 8613 8612
f 8610 8611 8614 8613
f 315 2680 8606 2630
f 2680 2679 8607 8606
f 2679 2678 8608 8607
f 2678 327 2662 8608
f 8608 2662 2661 8611
f 8611 2661 2660 8614
f 8614 2660 325 2681
f 8613 8614 2681 2682
f 8612 8613 2682 2683
f 2632 8612 2683 314
f 2631 8609 8612 2632
f 2630 8606 8609 2631
f 8615 8616 8619 8618
f 8616 8617 8620 8619
f 8618 8619 8622 8621
f 8619 8620 8623 8622
f 344 2687 8615 2686
f 2687 2688 8616 8615
f 2688 2689 8617 8616
f 2689 349 2690 8617
f 8617 2690 2691 8620
f 8620 2691 2692 8623
f 8623 2692 351 2693
f 8622 8623 2693 2694
f 8621 8622 2694 2695
f 2684 8621 2695 345
f 2685 8618 8621 2684
f 2686 8615 8618 2685
f 8624 8625 8628 8627
f 8625 8626 8629 8628
f 8627 8628 8631 8630
f 8628 8629 8632 8631
f 345 2695 8624 2698
f 2695 2694 8625 8624
f 2694 2693 8626 8625
f 2693 351 2699 8626
f 8626 2699 2700 8629
f 8629 2700 2701 8632
f 8632 2701 350 2702
f 8631 8632 2702 2703
f 8630 8631 2703 2704
f 2696 8630 2704 343
f 2697 8627 8630 2696
f 2698 8624 8627 2697
f 8633 8634 8637 8636
f 8634 8635 8638 8637
f 8636 8637 8640 8639
f 8637 8638 8641 8640
f 341 2708 8633 2707
f 2708 2709 8634 8633
f 2709 2710 8635 8634
f 2710 346 2711 8635
f 8635 2711 2712 8638
f 8638 2712 2713 8641
f 8641 2713 348 2714
f 8640 8641 2714 2715
f 8639 8640 2715 2716
f 2705 8639 2716 342
f 2706 8636 8639 2705
f 2707 8633 8636 2706
f 8642 8643 8646 8645
f 8643 8644 8647 8646
f 8645 8646 8649 8648
f 8646 8647 8650 8649
f 342 2716 8642 2719
f 2716 2715 8643 8642
f 2715 2714 8644 8643
f 2714 348 2720 8644
f 8644 2720 2721 8647
f 8647 2721 2722 8650
f 8650 2722 347 2723
f 8649 8650 2723 2724
f 8648 8649 2724 2725
f 2717 8648 2725 340
f 2718 8645 8648 2717
f 2719 8642 8645 2718
f 8651 8652 8655 8654
f 8652 8653 8656 8655
f 8654 8655 8658 8657
f 8655 8656 8659 8658
f 349 2726 8651 2690
f 2726 2727 8652 8651
f 2727 2728 8653 8652
f 2728 328 2729 8653
f 8653 2729 2730 8656
f 8656 2730 2731 8659
f 8659 2731 330 2732
f 8658 8659 2732 2733
f 8657 8658 2733 2734
f 2692 8657 2734 351
f 2691 8654 8657 2692
f 2690 8651 8654 2691
f 8660 8661 8664 8663
f 8661 8662 8665 8664
f 8663 8664 8667 8666
f 8664 8665 8668 8667
f 351 2734 8660 2699
f 2734 2733 8661 8660
f 2733 2732 8662 8661
f 2732 330 2735 8662
f 8662 2735 2736 8665
f 8665 2736 2737 8668
f 8668 2737 329 2738
f 8667 8668 2738 2739
f 8666 8667 2739 2740
f 2701 8666 2740 350
f 2700 8663 8666 2701
f 2699 8660 8663 2700
f 8669 8670 8673 8672
f 8670 8671 8674 8673
f 8672 8673 8676 8675
f 8673 8674 8677 8676
f 346 2741 8669 2711
f 2741 2742 8670 8669
f 2742 2743 8671 8670
f 2743 334 2744 8671
f 8671 2744 2745 8674
f 8674 2745 2746 8677
f 8677 2746 336 2747
f 8676 8677 2747 2748
f 8675 8676 2748 2749
f 2713 8675 2749 348
f 2712 8672 8675 2713
f 2711 8669 8672 2712
f 8678 8679 8682 8681
f 8679 8680 8683 8682
f 8681 8682 8685 8684
f 8682 8683 8686 8685
f 348 2749 8678 2720
f 2749 2748 8679 8678
f 2748 2747 8680 8679
f 2747 336 2750 8680
f 8680 2750 2751 8683
f 8683 2751 2752 8686
f 8686 2752 335 2753
f 8685 8686 2753 2754
f 8684 8685 2754 2755
f 2722 8684 2755 347
f 2721 8681 8684 2722
f 2720 8678 8681 2721
f 8687 8688 8691 8690
f 8688 8689 8692 8691
f 8690 8691 8694 8693
f 8691 8692 8695 8694
f 338 2759 8687 2758
f 2759 2760 8688 8687
f 2760 2761 8689 8688
f 2761 344 2686 8689
f 8689 2686 2685 8692
f 8692 2685 2684 8695
f 8695 2684 345 2762
f 8694 8695 2762 2763
f 8693 8694 2763 2764
f 2756 8693 2764 339
f 2757 8690 8693 2756
f 2758 8687 8690 2757
f 8696 8697 8700 8699
f 8697 8698 8701 8700
f 8699 8700 8703 8702
f 8700 8701 8704 8703
f 339 2764 8696 2767
f 2764 2763 8697 8696
f 2763 2762 8698 8697
f 2762 345 2698 8698
f 8698 2698 2697 8701
f 8701 2697 2696 8704
f 8704 2696 343 2768
f 8703 8704 2768 2769
f 8702 8703 2769 2770
f 2765 8702 2770 337
f 2766 8699 8702 2765
f 2767 8696 8699 2766
f 8705 8706 8709 8708
f 8706 8707 8710 8709
f 8708 8709 8712 8711
f 8709 8710 8713 8712
f 332 2774 8705 2773
f 2774 2775 8706 8705
f 2775 2776 8707 8706
f 2776 341 2707 8707
f 8707 2707 2706 8710
f 8710 2706 2705 8713
f 8713 2705 342 2777
f 8712 8713 2777 2778
f 8711 8712 2778 2779
f 2771 8711 2779 333
f 2772 8708 8711 2771
f 2773 8705 8708 2772
f 8714 8715 8718 8717
f 8715 8716 8719 8718
f 8717 8718 8721 8720
f 8718 8719 8722 8721
f 333 2779 8714 2782
f 2779 2778 8715 8714
f 2778 2777 8716 8715
f 2777 342 2719 8716
f 8716 2719 2718 8719
f 8719 2718 2717 8722
f 8722 2717 340 2783
f 8721 8722 2783 2784
f 8720 8721 2784 2785
f 2780 8720 2785 331
f 2781 8717 8720 2780
f 2782 8714 8717 2781
f 8723 8724 8727 8726
f 8724 8725 8728 8727
f 8726 8727 8730 8729
f 8727 8728 8731 8730
f 334 2786 8723 2744
f 2786 2787 8724 8723
f 2787 2788 8725 8724
f 2788 338 2758 8725
f 8725 2758 2757 8728
f 8728 2757 2756 8731
f 8731 2756 339 2789
f 8730 8731 2789 2790
f 8729 8730 2790 2791
f 2746 8729 2791 336
f 2745 8726 8729 2746
f 2744 8723 8726 2745
f 8732 8733 8736 8735
f 8733 8734 8737 8736
f 8735 8736 8739 8738
f 8736 8737 8740 8739
f 336 2791 8732 2750
f 2791 2790 8733 8732
f 2790 2789 8734 8733
f 2789 339 2767 8734
f 8734 2767 2766 8737
f 8737 2766 2765 8740
f 8740 2765 337 2792
f 8739 8740 2792 2793
f 8738 8739 2793 2794
f 2752 8738 2794 335
f 2751 8735 8738 2752
f 2750 8732 8735 2751
f 8741 8742 8745 8744
f 8742 8743 8746 8745
f 8744 8745 8748 8747
f 8745 8746 8749 8748
f 328 2795 8741 2729
f 2795 2796 8742 8741
f 2796 2797 8743 8742
f 2797 332 2773 8743
f 8743 2773 2772 8746
f 8746 2772 2771 8749
f 8749 2771 333 2798
f 8748 8749 2798 2799
f 8747 8748 2799 2800
f 2731 8747 2800 330
f 2730 8744 8747 2731
f 2729 8741 8744 2730
f 8750 8751 8754 8753
f 8751 8752 8755 8754
f 8753 8754 8757 8756
f 8754 8755 8758 8757
f 330 2800 8750 2735
f 2800 2799 8751 8750
f 2799 2798 8752 8751
f 2798 333 2782 8752
f 8752 2782 2781 8755
f 8755 2781 2780 8758
f 8758 2780 331 2801
f 8757 8758 2801 2802
f 8756 8757 2802 2803
f 2737 8756 2803 329
f 2736 8753 8756 2737
f 2735 8750 8753 2736
f 8759 8760 8763 8762
f 8760 8761 8764 8763
f 8762 8763 8766 8765
f 8763 8764 8767 8766
f 368 2807 8759 2806
f 2807 2808 8760 8759
f 2808 2809 8761 8760
f 2809 373 2810 8761
f 8761 2810 2811 8764
f 8764 2811 2812 8767
f 8767 2812 375 2813
f 8766 8767 2813 2814
f 8765 8766 2814 2815
f 2804 8765 2815 369
f 2805 8762 8765 2804
f 2806 8759 8762 2805
f 8768 8769 8772 8771
f 8769 8770 8773 8772
f 8771 8772 8775 8774
f 8772 8773 8776 8775
f 369 2815 8768 2818
f 2815 2814 8769 8768
f 2814 2813 8770 8769
f 2813 375 2819 8770
f 8770 2819 2820 8773
f 8773 2820 2821 8776
f 8776 2821 374 2822
f 8775 8776 2822 2823
f 8774 8775 2823 2824
f 2816 8774 2824 367
f 2817 8771 8774 2816
f 2818 8768 8771 2817
f 8777 8778 8781 8780
f 8778 8779 8782 8781
f 8780 8781 8784 8783
f 8781 8782 8785 8784
f 365 2828 8777 2827
f 2828 2829 8778 8777
f 2829 2830 8779 8778
f 2830 370 2831 8779
f 8779 2831 2832 8782
f 8782 2832 2833 8785
f 8785 2833 372 2834
f 8784 8785 2834 2835
f 8783 8784 2835 2836
f 2825 8783 2836 366
f 2826 8780 8783 2825
f 2827 8777 8780 2826
f 8786 8787 8790 8789
f 8787 8788 8791 8790
f 8789 8790 8793 8792
f 8790 8791 8794 8793
f 366 2836 8786 2839
f 2836 2835 8787 8786
f 2835 2834 8788 8787
f 2834 372 2840 8788
f 8788 2840 2841 8791
f 8791 2841 2842 8794
f 8794 2842 371 2843
f 8793 8794 2843 2844
f 8792 8793 2844 2845
f 2837 8792 2845 364
f 2838 8789 8792 2837
f 2839 8786 8789 2838
f 8795 8796 8799 8798
f 8796 8797 8800 8799
f 8798 8799 8802 8801
f 8799 8800 8803 8802
f 373 2846 8795 2810
f 2846 2847 8796 8795
f 2847 2848 8797 8796
f 2848 352 2849 8797
f 8797 2849 2850 8800
f 8800 2850 2851 8803
f 8803 2851 354 2852
f 8802 8803 2852 2853
f 8801 8802 2853 2854
f 2812 8801 2854 375
f 2811 8798 8801 2812
f 2810 8795 8798 2811
f 8804 8805 8808 8807
f 8805 8806 8809 8808
f 8807 8808 8811 8810
f 8808 8809 8812 8811
f 375 2854 8804 2819
f 2854 2853 8805 8804
f 2853 2852 8806 8805
f 2852 354 2855 8806
f 8806 2855 2856 8809
f 8809 2856 2857 8812
f 8812 2857 353 2858
f 8811 8812 2858 2859
f 8810 8811 2859 2860
f 2821 8810 2860 374
f 2820 8807 8810 2821
f 2819 8804 8807 2820
f 8813 8814 8817 8816
f 8814 8815 8818 8817
f 8816 8817 8820 8819
f 8817 8818 8821 8820
f 370 2861 8813 2831
f 2861 2862 8814 8813
f 2862 2863 8815 8814
f 2863 358 2864 8815
f 8815 2864 2865 8818
f 8818 2865 2866 8821
f 8821 2866 360 2867
f 8820 8821 2867 2868
f 8819 8820 2868 2869
f 2833 8819 2869 372
f 2832 8816 8819 2833
f 2831 8813 8816 2832
f 8822 8823 8826 8825
f 8823 8824 8827 8826
f 8825 8826 8829 8828
f 8826 8827 8830 8829
f 372 2869 8822 2840
f 2869 2868 8823 8822
f 2868 2867 8824 8823
f 2867 360 2870 8824
f 8824 2870 2871 8827
f 8827 2871 2872 8830
f 8830 2872 359 2873
f 8829 8830 2873 2874
f 8828 8829 2874 2875
f 2842 8828 2875 371
f 2841 8825 8828 2842
f 2840 8822 8825 2841
f 8831 8832 8835 8834
f 8832 8833 8836 8835
f 8834 8835 8838 8837
f 8835 8836 8839 8838
f 842 2879 8831 5957
f 2879 2880 8832 8831
f 2880 2881 8833 8832
f 2881 368 2806 8833
f 8833 2806 2805 8836
f 8836 2805 2804 8839
f 8839 2804 369 5783
f 8838 8839 5783 5784
f 8837 8838 5784 5785
f 5959 8837 5785 843
f 5958 8834 8837 5959
f 5957 8831 8834 5958
f 8840 8841 8844 8843
f 8841 8842 8845 8844
f 8843 8844 8847 8846
f 8844 8845 8848 8847
f 843 5785 8840 5954
f 5785 5784 8841 8840
f 5784 5783 8842 8841
f 5783 369 2818 8842
f 8842 2818 2817 8845
f 8845 2817 2816 8848
f 8848 2816 367 5786
f 8847 8848 5786 5787
f 8846 8847 5787 5788
f 5956 8846 5788 844
f 5955 8843 8846 5956
f 5954 8840 8843 5955
f 8849 8850 8853 8852
f 8850 8851 8854 8853
f 8852 8853 8856 8855
f 8853 8854 8857 8856
f 356 2894 8849 2893
f 2894 2895 8850 8849
f 2895 2896 8851 8850
f 2896 365 2827 8851
f 8851 2827 2826 8854
f 8854 2826 2825 8857
f 8857 2825 366 2897
f 8856 8857 2897 2898
f 8855 8856 2898 2899
f 2891 8855 2899 357
f 2892 8852 8855 2891
f 2893 8849 8852 2892
f 8858 8859 8862 8861
f 8859 8860 8863 8862
f 8861 8862 8865 8864
f 8862 8863 8866 8865
f 357 2899 8858 2902
f 2899 2898 8859 8858
f 2898 2897 8860 8859
f 2897 366 2839 8860
f 8860 2839 2838 8863
f 8863 2838 2837 8866
f 8866 2837 364 2903
f 8865 8866 2903 2904
f 8864 8865 2904 2905
f 2900 8864 2905 355
f 2901 8861 8864 2900
f 2902 8858 8861 2901
f 8867 8868 8871 8870
f 8868 8869 8872 8871
f 8870 8871 8874 8873
f 8871 8872 8875 8874
f 358 2906 8867 2864
f 2906 2907 8868 8867
f 2907 2908 8869 8868
f 2908 362 2878 8869
f 8869 2878 2877 8872
f 8872 2877 2876 8875
f 8875 2876 363 2909
f 8874 8875 2909 2910
f 8873 8874 2910 2911
f 2866 8873 2911 360
f 2865 8870 8873 2866
f 2864 8867 8870 2865
f 8876 8877 8880 8879
f 8877 8878 8881 8880
f 8879 8880 8883 8882
f 8880 8881 8884 8883
f 360 2911 8876 2870
f 2911 2910 8877 8876
f 2910 2909 8878 8877
f 2909 363 2887 8878
f 8878 2887 2886 8881
f 8881 2886 2885 8884
f 8884 2885 361 2912
f 8883 8884 2912 2913
f 8882 8883 2913 2914
f 2872 8882 2914 359
f 2871 8879 8882 2872
f 2870 8876 8879 2871
f 8885 8886 8889 8888
f 8886 8887 8890 8889
f 8888 8889 8892 8891
f 8889 8890 8893 8892
f 845 2915 8885 5951
f 2915 2916 8886 8885
f 2916 2917 8887 8886
f 2917 356 2893 8887
f 8887 2893 2892 8890
f 8890 2892 2891 8893
f 8893 2891 357 5792
f 8892 8893 5792 5793
f 8891 8892 5793 5794
f 5953 8891 5794 846
f 5952 8888 8891 5953
f 5951 8885 8888 5952
f 8894 8895 8898 8897
f 8895 8896 8899 8898
f 8897 8898 8901 8900
f 8898 8899 8902 8901
f 846 5794 8894 5948
f 5794 5793 8895 8894
f 5793 5792 8896 8895
f 5792 357 2902 8896
f 8896 2902 2901 8899
f 8899 2901 2900 8902
f 8902 2900 355 5795
f 8901 8902 5795 5796
f 8900 8901 5796 5797
f 5950 8900 5797 847
f 5949 8897 8900 5950
f 5948 8894 8897 5949
f 8903 8904 8907 8906
f 8904 8905 8908 8907
f 8906 8907 8910 8909
f 8907 8908 8911 8910
f 392 2927 8903 2926
f 2927 2928 8904 8903
f 2928 2929 8905 8904
f 2929 397 2930 8905
f 8905 2930 2931 8908
f 8908 2931 2932 8911
f 8911 2932 399 2933
f 8910 8911 2933 2934
f 8909 8910 2934 2935
f 2924 8909 2935 393
f 2925 8906 8909 2924
f 2926 8903 8906 2925
f 8912 8913 8916 8915
f 8913 8914 8917 8916
f 8915 8916 8919 8918
f 8916 8917 8920 8919
f 393 2935 8912 2938
f 2935 2934 8913 8912
f 2934 2933 8914 8913
f 2933 399 2939 8914
f 8914 2939 2940 8917
f 8917 2940 2941 8920
f 8920 2941 398 2942
f 8919 8920 2942 2943
f 8918 8919 2943 2944
f 2936 8918 2944 391
f 2937 8915 8918 2936
f 2938 8912 8915 2937
f 8921 8922 8925 8924
f 8922 8923 8926 8925
f 8924 8925 8928 8927
f 8925 8926 8929 8928
f 389 2948 8921 2947
f 2948 2949 8922 8921
f 2949 2950 8923 8922
f 2950 394 2951 8923
f 8923 2951 2952 8926
f 8926 2952 2953 8929
f 8929 2953 396 2954
f 8928 8929 2954 2955
f 8927 8928 2955 2956
f 2945 8927 2956 390
f 2946 8924 8927 2945
f 2947 8921 8924 2946
f 8930 8931 8934 8933
f 8931 8932 8935 8934
f 8933 8934 8937 8936
f 8934 8935 8938 8937
f 390 2956 8930 2959
f 2956 2955 8931 8930
f 2955 2954 8932 8931
f 2954 396 2960 8932
f 8932 2960 2961 8935
f 8935 2961 2962 8938
f 8938 2962 395 2963
f 8937 8938 2963 2964
f 8936 8937 2964 2965
f 2957 8936 2965 388
f 2958 8933 8936 2957
f 2959 8930 8933 2958
f 8939 8940 8943 8942
f 8940 8941 8944 8943
f 8942 8943 8946 8945
f 8943 8944 8947 8946
f 397 2966 8939 2930
f 2966 2967 8940 8939
f 2967 2968 8941 8940
f 2968 376 2969 8941
f 8941 2969 2970 8944
f 8944 2970 2971 8947
f 8947 2971 378 2972
f 8946 8947 2972 2973
f 8945 8946 2973 2974
f 2932 8945 2974 399
f 2931 8942 8945 2932
f 2930 8939 8942 2931
f 8948 8949 8952 8951
f 8949 8950 8953 8952
f 8951 8952 8955 8954
f 8952 8953 8956 8955
f 399 2974 8948 2939
f 2974 2973 8949 8948
f 2973 2972 8950 8949
f 2972 378 2975 8950
f 8950 2975 2976 8953
f 8953 2976 2977 8956
f 8956 2977 377 2978
f 8955 8956 2978 2979
f 8954 8955 2979 2980
f 2941 8954 2980 398
f 2940 8951 8954 2941
f 2939 8948 8951 2940
f 8957 8958 8961 8960
f 8958 8959 8962 8961
f 8960 8961 8964 8963
f 8961 8962 8965 8964
f 394 2981 8957 2951
f 2981 2982 8958 8957
f 2982 2983 8959 8958
f 2983 382 2984 8959
f 8959 2984 2985 8962
f 8962 2985 2986 8965
f 8965 2986 384 2987
f 8964 8965 2987 2988
f 8963 8964 2988 2989
f 2953 8963 2989 396
f 2952 8960 8963 2953
f 2951 8957 8960 2952
f 8966 8967 8970 8969
f 8967 8968 8971 8970
f 8969 8970 8973 8972
f 8970 8971 8974 8973
f 396 2989 8966 2960
f 2989 2988 8967 8966
f 2988 2987 8968 8967
f 2987 384 2990 8968
f 8968 2990 2991 8971
f 8971 2991 2992 8974
f 8974 2992 383 2993
f 8973 8974 2993 2994
f 8972 8973 2994 2995
f 2962 8972 2995 395
f 2961 8969 8972 2962
f 2960 8966 8969 2961
f 8975 8976 8979 8978
f 8976 8977 8980 8979
f 8978 8979 8982 8981
f 8979 8980 8983 8982
f 386 2999 8975 2998
f 2999 3000 8976 8975
f 3000 3001 8977 8976
f 3001 392 2926 8977
f 8977 2926 2925 8980
f 8980 2925 2924 8983
f 8983 2924 393 3002
f 8982 8983 3002 3003
f 8981 8982 3003 3004
f 2996 8981 3004 387
f 2997 8978 8981 2996
f 2998 8975 8978 2997
f 8984 8985 8988 8987
f 8985 8986 8989 8988
f 8987 8988 8991 8990
f 8988 8989 8992 8991
f 387 3004 8984 3007
f 3004 3003 8985 8984
f 3003 3002 8986 8985
f 3002 393 2938 8986
f 8986 2938 2937 8989
f 8989 2937 2936 8992
f 8992 2936 391 3008
f 8991 8992 3008 3009
f 8990 8991 3009 3010
f 3005 8990 3010 385
f 3006 8987 8990 3005
f 3007 8984 8987 3006
f 8993 8994 8997 8996
f 8994 8995 8998 8997
f 8996 8997 9000 8999
f 8997 8998 9001 9000
f 380 3014 8993 3013
f 3014 3015 8994 8993
f 3015 3016 8995 8994
f 3016 389 2947 8995
f 8995 2947 2946 8998
f 8998 2946 2945 9001
f 9001 2945 390 3017
f 9000 9001 3017 3018
f 8999 9000 3018 3019
f 3011 8999 3019 381
f 3012 8996 8999 3011
f 3013 8993 8996 3012
f 9002 9003 9006 9005
f 9003 9004 9007 9006
f 9005 9006 9009 9008
f 9006 9007 9010 9009
f 381 3019 9002 3022
f 3019 3018 9003 9002
f 3018 3017 9004 9003
f 3017 390 2959 9004
f 9004 2959 2958 9007
f 9007 2958 2957 9010
f 9010 2957 388 3023
f 9009 9010 3023 3024
f 9008 9009 3024 3025
f 3020 9008 3025 379
f 3021 9005 9008 3020
f 3022 9002 9005 3021
f 9011 9012 9015 9014
f 9012 9013 9016 9015
f 9014 9015 9018 9017
f 9015 9016 9019 9018
f 382 3026 9011 2984
f 3026 3027 9012 9011
f 3027 3028 9013 9012
f 3028 386 2998 9013
f 9013 2998 2997 9016
f 9016 2997 2996 9019
f 9019 2996 387 3029
f 9018 9019 3029 3030
f 9017 9018 3030 3031
f 2986 9017 3031 384
f 2985 9014 9017 2986
f 2984 9011 9014 2985
f 9020 9021 9024 9023
f 9021 9022 9025 9024
f 9023 9024 9027 9026
f 9024 9025 9028 9027
f 384 3031 9020 2990
f 3031 3030 9021 9020
f 3030 3029 9022 9021
f 3029 387 3007 9022
f 9022 3007 3006 9025
f 9025 3006 3005 9028
f 9028 3005 385 3032
f 9027 9028 3032 3033
f 9026 9027 3033 3034
f 2992 9026 3034 383
f 2991 9023 9026 2992
f 2990 9020 9023 2991
f 9029 9030 9033 9032
f 9030 9031 9034 9033
f 9032 9033 9036 9035
f 9033 9034 9037 9036
f 376 3035 9029 2969
f 3035 3036 9030 9029
f 3036 3037 9031 9030
f 3037 380 3013 9031
f 9031 3013 3012 9034
f 9034 3012 3011 9037
f 9037 3011 381 3038
f 9036 9037 3038 3039
f 9035 9036 3039 3040
f 2971 9035 3040 378
f 2970 9032 9035 2971
f 2969 9029 9032 2970
f 9038 9039 9042 9041
f 9039 9040 9043 9042
f 9041 9042 9045 9044
f 9042 9043 9046 9045
f 378 3040 9038 2975
f 3040 3039 9039 9038
f 3039 3038 9040 9039
f 3038 381 3022 9040
f 9040 3022 3021 9043
f 9043 3021 3020 9046
f 9046 3020 379 3041
f 9045 9046 3041 3042
f 9044 9045 3042 3043
f 2977 9044 3043 377
f 2976 9041 9044 2977
f 2975 9038 9041 2976
f 9047 9048 9051 9050
f 9048 9049 9052 9051
f 9050 9051 9054 9053
f 9051 9052 9055 9054
f 456 3502 9047 3478
f 3502 3501 9048 9047
f 3501 3500 9049 9048
f 3500 457 3047 9049
f 9049 3047 3048 9052
f 9052 3048 3049 9055
f 9055 3049 305 2620
f 9054 9055 2620 2619
f 9053 9054 2619 2618
f 3476 9053 2618 311
f 3477 9050 9053 3476
f 3478 9047 9050 3477
f 9056 9057 9060 9059
f 9057 9058 9061 9060
f 9059 9060 9063 9062
f 9060 9061 9064 9063
f 296 2356 9056 2548
f 2356 2355 9057 9056
f 2355 2354 9058 9057
f 2354 283 2536 9058
f 9058 2536 2535 9061
f 9061 2535 2534 9064
f 9064 2534 204 1526
f 9063 9064 1526 1527
f 9062 9063 1527 1528
f 2546 9062 1528 202
f 2547 9059 9062 2546
f 2548 9056 9059 2547
f 9065 9066 9069 9068
f 9066 9067 9070 9069
f 9068 9069 9072 9071
f 9069 9070 9073 9072
f 299 2344 9065 1529
f 2344 2343 9066 9065
f 2343 2342 9067 9066
f 2342 293 2530 9067
f 9067 2530 2529 9070
f 9070 2529 2528 9073
f 9073 2528 205 2540
f 9072 9073 2540 2541
f 9071 9072 2541 2542
f 1531 9071 2542 201
f 1530 9068 9071 1531
f 1529 9065 9068 1530
f 9074 9075 9078 9077
f 9075 9076 9079 9078
f 9077 9078 9081 9080
f 9078 9079 9082 9081
f 302 2329 9074 2555
f 2329 2328 9075 9074
f 2328 2327 9076 9075
f 2327 296 2548 9076
f 9076 2548 2547 9079
f 9079 2547 2546 9082
f 9082 2546 202 1880
f 9081 9082 1880 1881
f 9080 9081 1881 1882
f 2557 9080 1882 200
f 2556 9077 9080 2557
f 2555 9074 9077 2556
f 9083 9084 9087 9086
f 9084 9085 9088 9087
f 9086 9087 9090 9089
f 9087 9088 9091 9090
f 286 2278 9083 2561
f 2278 2277 9084 9083
f 2277 2276 9085 9084
f 2276 299 1529 9085
f 9085 1529 1530 9088
f 9088 1530 1531 9091
f 9091 1531 201 1523
f 9090 9091 1523 1524
f 9089 9090 1524 1525
f 2563 9089 1525 203
f 2562 9086 9089 2563
f 2561 9083 9086 2562
f 9092 9093 9096 9095
f 9093 9094 9097 9096
f 9095 9096 9099 9098
f 9096 9097 9100 9099
f 283 2311 9092 2536
f 2311 2310 9093 9092
f 2310 2309 9094 9093
f 2309 286 2561 9094
f 9094 2561 2562 9097
f 9097 2562 2563 9100
f 9100 2563 203 2543
f 9099 9100 2543 2544
f 9098 9099 2544 2545
f 2534 9098 2545 204
f 2535 9095 9098 2534
f 2536 9092 9095 2535
f 9101 9102 9105 9104
f 9102 9103 9106 9105
f 9104 9105 9108 9107
f 9105 9106 9109 9108
f 289 2257 9101 1865
f 2257 2256 9102 9101
f 2256 2255 9103 9102
f 2255 302 2555 9103
f 9103 2555 2556 9106
f 9106 2556 2557 9109
f 9109 2557 200 1886
f 9108 9109 1886 1887
f 9107 9108 1887 1888
f 1867 9107 1888 206
f 1866 9104 9107 1867
f 1865 9101 9104 1866
f 9110 9111 9114 9113
f 9111 9112 9115 9114
f 9113 9114 9117 9116
f 9114 9115 9118 9117
f 280 2296 9110 2518
f 2296 2295 9111 9110
f 2295 2294 9112 9111
f 2294 289 1865 9112
f 9112 1865 1866 9115
f 9115 1866 1867 9118
f 9118 1867 206 1877
f 9117 9118 1877 1878
f 9116 9117 1878 1879
f 2516 9116 1879 207
f 2517 9113 9116 2516
f 2518 9110 9113 2517
f 9119 9120 9123 9122
f 9120 9121 9124 9123
f 9122 9123 9126 9125
f 9123 9124 9127 9126
f 380 3037 9119 3196
f 3037 3036 9120 9119
f 3036 3035 9121 9120
f 3035 376 2522 9121
f 9121 2522 2523 9124
f 9124 2523 2524 9127
f 9127 2524 198 2483
f 9126 9127 2483 2484
f 9125 9126 2484 2485
f 3194 9125 2485 199
f 3195 9122 9125 3194
f 3196 9119 9122 3195
f 9128 9129 9132 9131
f 9129 9130 9133 9132
f 9131 9132 9135 9134
f 9132 9133 9136 9135
f 386 3028 9128 3220
f 3028 3027 9129 9128
f 3027 3026 9130 9129
f 3026 382 1889 9130
f 9130 1889 1890 9133
f 9133 1890 1891 9136
f 9136 1891 194 1829
f 9135 9136 1829 1830
f 9134 9135 1830 1831
f 3218 9134 1831 195
f 3219 9131 9134 3218
f 3220 9128 9131 3219
f 9137 9138 9141 9140
f 9138 9139 9142 9141
f 9140 9141 9144 9143
f 9141 9142 9145 9144
f 389 3016 9137 3211
f 3016 3015 9138 9137
f 3015 3014 9139 9138
f 3014 380 3196 9139
f 9139 3196 3195 9142
f 9142 3195 3194 9145
f 9145 3194 199 2501
f 9144 9145 2501 2502
f 9143 9144 2502 2503
f 3209 9143 2503 196
f 3210 9140 9143 3209
f 3211 9137 9140 3210
f 9146 9147 9150 9149
f 9147 9148 9151 9150
f 9149 9150 9153 9152
f 9150 9151 9154 9153
f 392 3001 9146 3235
f 3001 3000 9147 9146
f 3000 2999 9148 9147
f 2999 386 3220 9148
f 9148 3220 3219 9151
f 9151 3219 3218 9154
f 9154 3218 195 1826
f 9153 9154 1826 1827
f 9152 9153 1827 1828
f 3233 9152 1828 192
f 3234 9149 9152 3233
f 3235 9146 9149 3234
f 9155 9156 9159 9158
f 9156 9157 9160 9159
f 9158 9159 9162 9161
f 9159 9160 9163 9162
f 382 2983 9155 1889
f 2983 2982 9156 9155
f 2982 2981 9157 9156
f 2981 394 1874 9157
f 9157 1874 1875 9160
f 9160 1875 1876 9163
f 9163 1876 193 2513
f 9162 9163 2513 2514
f 9161 9162 2514 2515
f 1891 9161 2515 194
f 1890 9158 9161 1891
f 1889 9155 9158 1890
f 9164 9165 9168 9167
f 9165 9166 9169 9168
f 9167 9168 9171 9170
f 9168 9169 9172 9171
f 376 2968 9164 2522
f 2968 2967 9165 9164
f 2967 2966 9166 9165
f 2966 397 1883 9166
f 9166 1883 1884 9169
f 9169 1884 1885 9172
f 9172 1885 197 1832
f 9171 9172 1832 1833
f 9170 9171 1833 1834
f 2524 9170 1834 198
f 2523 9167 9170 2524
f 2522 9164 9167 2523
f 9173 9174 9177 9176
f 9174 9175 9178 9177
f 9176 9177 9180 9179
f 9177 9178 9181 9180
f 394 2950 9173 1874
f 2950 2949 9174 9173
f 2949 2948 9175 9174
f 2948 389 3211 9175
f 9175 3211 3210 9178
f 9178 3210 3209 9181
f 9181 3209 196 1601
f 9180 9181 1601 1602
f 9179 9180 1602 1603
f 1876 9179 1603 193
f 1875 9176 9179 1876
f 1874 9173 9176 1875
f 9182 9183 9186 9185
f 9183 9184 9187 9186
f 9185 9186 9189 9188
f 9186 9187 9190 9189
f 397 2929 9182 1883
f 2929 2928 9183 9182
f 2928 2927 9184 9183
f 2927 392 3235 9184
f 9184 3235 3234 9187
f 9187 3234 3233 9190
f 9190 3233 192 2507
f 9189 9190 2507 2508
f 9188 9189 2508 2509
f 1885 9188 2509 197
f 1884 9185 9188 1885
f 1883 9182 9185 1884
f 9191 9192 9195 9194
f 9192 9193 9196 9195
f 9194 9195 9198 9197
f 9195 9196 9199 9198
f 113 1477 9191 3214
f 1477 1476 9192 9191
f 1476 1475 9193 9192
f 1475 110 2495 9193
f 9193 2495 2496 9196
f 9196 2496 2497 9199
f 9199 2497 186 1823
f 9198 9199 1823 1824
f 9197 9198 1824 1825
f 3212 9197 1825 187
f 3213 9194 9197 3212
f 3214 9191 9194 3213
f 9200 9201 9204 9203
f 9201 9202 9205 9204
f 9203 9204 9207 9206
f 9204 9205 9208 9207
f 115 1483 9200 3190
f 1483 1482 9201 9200
f 1482 1481 9202 9201
f 1481 109 1598 9202
f 9202 1598 1599 9205
f 9205 1599 1600 9208
f 9208 1600 190 2474
f 9207 9208 2474 2475
f 9206 9207 2475 2476
f 3188 9206 2476 191
f 3189 9203 9206 3188
f 3190 9200 9203 3189
f 9209 9210 9213 9212
f 9210 9211 9214 9213
f 9212 9213 9216 9215
f 9213 9214 9217 9216
f 112 1460 9209 2492
f 1460 1461 9210 9209
f 1461 1462 9211 9210
f 1462 108 3232 9211
f 9211 3232 3231 9214
f 9214 3231 3230 9217
f 9217 3230 184 1847
f 9216 9217 1847 1848
f 9215 9216 1848 1849
f 2494 9215 1849 189
f 2493 9212 9215 2494
f 2492 9209 9212 2493
f 9218 9219 9222 9221
f 9219 9220 9223 9222
f 9221 9222 9225 9224
f 9222 9223 9226 9225
f 109 1472 9218 1598
f 1472 1473 9219 9218
f 1473 1474 9220 9219
f 1474 112 2492 9220
f 9220 2492 2493 9223
f 9223 2493 2494 9226
f 9226 2494 189 1592
f 9225 9226 1592 1593
f 9224 9225 1593 1594
f 1600 9224 1594 190
f 1599 9221 9224 1600
f 1598 9218 9221 1599
f 9227 9228 9231 9230
f 9228 9229 9232 9231
f 9230 9231 9234 9233
f 9231 9232 9235 9234
f 110 1478 9227 2495
f 1478 1479 9228 9227
f 1479 1480 9229 9228
f 1480 114 1850 9229
f 9229 1850 1851 9232
f 9232 1851 1852 9235
f 9235 1852 185 2477
f 9234 9235 2477 2478
f 9233 9234 2478 2479
f 2497 9233 2479 186
f 2496 9230 9233 2497
f 2495 9227 9230 2496
f 9236 9237 9240 9239
f 9237 9238 9241 9240
f 9239 9240 9243 9242
f 9240 9241 9244 9243
f 114 1466 9236 1850
f 1466 1467 9237 9236
f 1467 1468 9238 9237
f 1468 111 3208 9238
f 9238 3208 3207 9241
f 9241 3207 3206 9244
f 9244 3206 188 1853
f 9243 9244 1853 1854
f 9242 9243 1854 1855
f 1852 9242 1855 185
f 1851 9239 9242 1852
f 1850 9236 9239 1851
f 9245 9246 9249 9248
f 9246 9247 9250 9249
f 9248 9249 9252 9251
f 9249 9250 9253 9252
f 108 1465 9245 3232
f 1465 1464 9246 9245
f 1464 1463 9247 9246
f 1463 113 3214 9247
f 9247 3214 3213 9250
f 9250 3213 3212 9253
f 9253 3212 187 1838
f 9252 9253 1838 1839
f 9251 9252 1839 1840
f 3230 9251 1840 184
f 3231 9248 9251 3230
f 3232 9245 9248 3231
f 9254 9255 9258 9257
f 9255 9256 9259 9258
f 9257 9258 9261 9260
f 9258 9259 9262 9261
f 111 1471 9254 3208
f 1471 1470 9255 9254
f 1470 1469 9256 9255
f 1469 115 3190 9256
f 9256 3190 3189 9259
f 9259 3189 3188 9262
f 9262 3188 191 1820
f 9261 9262 1820 1821
f 9260 9261 1821 1822
f 3206 9260 1822 188
f 3207 9257 9260 3206
f 3208 9254 9257 3207
f 9263 9264 9267 9266
f 9264 9265 9268 9267
f 9266 9267 9270 9269
f 9267 9268 9271 9270
f 838 5770 9263 5945
f 5770 5769 9264 9263
f 5769 5768 9265 9264
f 5768 256 2470 9265
f 9265 2470 2469 9268
f 9268 2469 2468 9271
f 9271 2468 183 5753
f 9270 9271 5753 5754
f 9269 9270 5754 5755
f 5947 9269 5755 833
f 5946 9266 9269 5947
f 5945 9263 9266 5946
f 9272 9273 9276 9275
f 9273 9274 9277 9276
f 9275 9276 9279 9278
f 9276 9277 9280 9279
f 272 2236 9272 2500
f 2236 2235 9273 9272
f 2235 2234 9274 9273
f 2234 259 2488 9274
f 9274 2488 2487 9277
f 9277 2487 2486 9280
f 9280 2486 180 1670
f 9279 9280 1670 1671
f 9278 9279 1671 1672
f 2498 9278 1672 178
f 2499 9275 9278 2498
f 2500 9272 9275 2499
f 9281 9282 9285 9284
f 9282 9283 9286 9285
f 9284 9285 9288 9287
f 9285 9286 9289 9288
f 275 2224 9281 1673
f 2224 2223 9282 9281
f 2223 2222 9283 9282
f 2222 269 2482 9283
f 9283 2482 2481 9286
f 9286 2481 2480 9289
f 9289 2480 181 2444
f 9288 9289 2444 2445
f 9287 9288 2445 2446
f 1675 9287 2446 177
f 1674 9284 9287 1675
f 1673 9281 9284 1674
f 9290 9291 9294 9293
f 9291 9292 9295 9294
f 9293 9294 9297 9296
f 9294 9295 9298 9297
f 835 5761 9290 5942
f 5761 5760 9291 9290
f 5760 5759 9292 9291
f 5759 272 2500 9292
f 9292 2500 2499 9295
f 9295 2499 2498 9298
f 9298 2498 178 5756
f 9297 9298 5756 5757
f 9296 9297 5757 5758
f 5944 9296 5758 834
f 5943 9293 9296 5944
f 5942 9290 9293 5943
f 9299 9300 9303 9302
f 9300 9301 9304 9303
f 9302 9303 9306 9305
f 9303 9304 9307 9306
f 262 2158 9299 2465
f 2158 2157 9300 9299
f 2157 2156 9301 9300
f 2156 275 1673 9301
f 9301 1673 1674 9304
f 9304 1674 1675 9307
f 9307 1675 177 1667
f 9306 9307 1667 1668
f 9305 9306 1668 1669
f 2467 9305 1669 179
f 2466 9302 9305 2467
f 2465 9299 9302 2466
f 9308 9309 9312 9311
f 9309 9310 9313 9312
f 9311 9312 9315 9314
f 9312 9313 9316 9315
f 259 2191 9308 2488
f 2191 2190 9309 9308
f 2190 2189 9310 9309
f 2189 262 2465 9310
f 9310 2465 2466 9313
f 9313 2466 2467 9316
f 9316 2467 179 2447
f 9315 9316 2447 2448
f 9314 9315 2448 2449
f 2486 9314 2449 180
f 2487 9311 9314 2486
f 2488 9308 9311 2487
f 9317 9318 9321 9320
f 9318 9319 9322 9321
f 9320 9321 9324 9323
f 9321 9322 9325 9324
f 265 2137 9317 1793
f 2137 2136 9318 9317
f 2136 2135 9319 9318
f 2135 278 2459 9319
f 9319 2459 2460 9322
f 9322 2460 2461 9325
f 9325 2461 176 1814
f 9324 9325 1814 1815
f 9323 9324 1815 1816
f 1795 9323 1816 182
f 1794 9320 9323 1795
f 1793 9317 9320 1794
f 9326 9327 9330 9329
f 9327 9328 9331 9330
f 9329 9330 9333 9332
f 9330 9331 9334 9333
f 256 2176 9326 2470
f 2176 2175 9327 9326
f 2175 2174 9328 9327
f 2174 265 1793 9328
f 9328 1793 1794 9331
f 9331 1794 1795 9334
f 9334 1795 182 1805
f 9333 9334 1805 1806
f 9332 9333 1806 1807
f 2468 9332 1807 183
f 2469 9329 9332 2468
f 2470 9326 9329 2469
f 9335 9336 9339 9338
f 9336 9337 9340 9339
f 9338 9339 9342 9341
f 9339 9340 9343 9342
f 845 5791 9335 5939
f 5791 5790 9336 9335
f 5790 5789 9337 9336
f 5789 352 2426 9337
f 9337 2426 2427 9340
f 9340 2427 2428 9343
f 9343 2428 401 5777
f 9342 9343 5777 5778
f 9341 9342 5778 5779
f 5941 9341 5779 841
f 5940 9338 9341 5941
f 5939 9335 9338 5940
f 9344 9345 9348 9347
f 9345 9346 9349 9348
f 9347 9348 9351 9350
f 9348 9349 9352 9351
f 362 2908 9344 3172
f 2908 2907 9345 9344
f 2907 2906 9346 9345
f 2906 358 1817 9346
f 9346 1817 1818 9349
f 9349 1818 1819 9352
f 9352 1819 405 1757
f 9351 9352 1757 1758
f 9350 9351 1758 1759
f 3170 9350 1759 404
f 3171 9347 9350 3170
f 3172 9344 9347 3171
f 9353 9354 9357 9356
f 9354 9355 9358 9357
f 9356 9357 9360 9359
f 9357 9358 9361 9360
f 365 2896 9353 3163
f 2896 2895 9354 9353
f 2895 2894 9355 9354
f 2894 356 3148 9355
f 9355 3148 3147 9358
f 9358 3147 3146 9361
f 9361 3146 400 2411
f 9360 9361 2411 2412
f 9359 9360 2412 2413
f 3161 9359 2413 403
f 3162 9356 9359 3161
f 3163 9353 9356 3162
f 9362 9363 9366 9365
f 9363 9364 9367 9366
f 9365 9366 9369 9368
f 9366 9367 9370 9369
f 842 5782 9362 5936
f 5782 5781 9363 9362
f 5781 5780 9364 9363
f 5780 362 3172 9364
f 9364 3172 3171 9367
f 9367 3171 3170 9370
f 9370 3170 404 5744
f 9369 9370 5744 5745
f 9368 9369 5745 5746
f 5938 9368 5746 830
f 5937 9365 9368 5938
f 5936 9362 9365 5937
f 9371 9372 9375 9374
f 9372 9373 9376 9375
f 9374 9375 9378 9377
f 9375 9376 9379 9378
f 358 2863 9371 1817
f 2863 2862 9372 9371
f 2862 2861 9373 9372
f 2861 370 1802 9373
f 9373 1802 1803 9376
f 9376 1803 1804 9379
f 9379 1804 406 2405
f 9378 9379 2405 2406
f 9377 9378 2406 2407
f 1819 9377 2407 405
f 1818 9374 9377 1819
f 1817 9371 9374 1818
f 9380 9381 9384 9383
f 9381 9382 9385 9384
f 9383 9384 9387 9386
f 9384 9385 9388 9387
f 352 2848 9380 2426
f 2848 2847 9381 9380
f 2847 2846 9382 9381
f 2846 373 1811 9382
f 9382 1811 1812 9385
f 9385 1812 1813 9388
f 9388 1813 402 1772
f 9387 9388 1772 1773
f 9386 9387 1773 1774
f 2428 9386 1774 401
f 2427 9383 9386 2428
f 2426 9380 9383 2427
f 9389 9390 9393 9392
f 9390 9391 9394 9393
f 9392 9393 9396 9395
f 9393 9394 9397 9396
f 370 2830 9389 1802
f 2830 2829 9390 9389
f 2829 2828 9391 9390
f 2828 365 3163 9391
f 9391 3163 3162 9394
f 9394 3162 3161 9397
f 9397 3161 403 1751
f 9396 9397 1751 1752
f 9395 9396 1752 1753
f 1804 9395 1753 406
f 1803 9392 9395 1804
f 1802 9389 9392 1803
f 9398 9399 9402 9401
f 9399 9400 9403 9402
f 9401 9402 9405 9404
f 9402 9403 9406 9405
f 373 2809 9398 1811
f 2809 2808 9399 9398
f 2808 2807 9400 9399
f 2807 368 3187 9400
f 9400 3187 3186 9403
f 9403 3186 3185 9406
f 9406 3185 407 2381
f 9405 9406 2381 2382
f 9404 9405 2382 2383
f 1813 9404 2383 402
f 1812 9401 9404 1813
f 1811 9398 9401 1812
f 9407 9408 9411 9410
f 9408 9409 9412 9411
f 9410 9411 9414 9413
f 9411 9412 9415 9414
f 130 1549 9407 3166
f 1549 1548 9408 9407
f 1548 1547 9409 9408
f 1547 127 2393 9409
f 9409 2393 2394 9412
f 9412 2394 2395 9415
f 9415 2395 413 2402
f 9414 9415 2402 2403
f 9413 9414 2403 2404
f 3164 9413 2404 412
f 3165 9410 9413 3164
f 3166 9407 9410 3165
f 9416 9417 9420 9419
f 9417 9418 9421 9420
f 9419 9420 9423 9422
f 9420 9421 9424 9423
f 826 5734 9416 5933
f 5734 5733 9417 9416
f 5733 5732 9418 9417
f 5732 126 1748 9418
f 9418 1748 1749 9421
f 9421 1749 1750 9424
f 9424 1750 409 5750
f 9423 9424 5750 5751
f 9422 9423 5751 5752
f 5935 9422 5752 832
f 5934 9419 9422 5935
f 5933 9416 9419 5934
f 9425 9426 9429 9428
f 9426 9427 9430 9429
f 9428 9429 9432 9431
f 9429 9430 9433 9432
f 129 1532 9425 2417
f 1532 1533 9426 9425
f 1533 1534 9427 9426
f 1534 125 3184 9427
f 9427 3184 3183 9430
f 9430 3183 3182 9433
f 9433 3182 415 1763
f 9432 9433 1763 1764
f 9431 9432 1764 1765
f 2419 9431 1765 410
f 2418 9428 9431 2419
f 2417 9425 9428 2418
f 9434 9435 9438 9437
f 9435 9436 9439 9438
f 9437 9438 9441 9440
f 9438 9439 9442 9441
f 126 1544 9434 1748
f 1544 1545 9435 9434
f 1545 1546 9436 9435
f 1546 129 2417 9436
f 9436 2417 2418 9439
f 9439 2418 2419 9442
f 9442 2419 410 1739
f 9441 9442 1739 1740
f 9440 9441 1740 1741
f 1750 9440 1741 409
f 1749 9437 9440 1750
f 1748 9434 9437 1749
f 9443 9444 9447 9446
f 9444 9445 9448 9447
f 9446 9447 9450 9449
f 9447 9448 9451 9450
f 127 1550 9443 2393
f 1550 1551 9444 9443
f 1551 1552 9445 9444
f 1552 131 1778 9445
f 9445 1778 1779 9448
f 9448 1779 1780 9451
f 9451 1780 414 2378
f 9450 9451 2378 2379
f 9449 9450 2379 2380
f 2395 9449 2380 413
f 2394 9446 9449 2395
f 2393 9443 9446 2394
f 9452 9453 9456 9455
f 9453 9454 9457 9456
f 9455 9456 9459 9458
f 9456 9457 9460 9459
f 131 1538 9452 1778
f 1538 1539 9453 9452
f 1539 1540 9454 9453
f 1540 128 3160 9454
f 9454 3160 3159 9457
f 9457 3159 3158 9460
f 9460 3158 411 1766
f 9459 9460 1766 1767
f 9458 9459 1767 1768
f 1780 9458 1768 414
f 1779 9455 9458 1780
f 1778 9452 9455 1779
f 9461 9462 9465 9464
f 9462 9463 9466 9465
f 9464 9465 9468 9467
f 9465 9466 9469 9468
f 825 5731 9461 5930
f 5731 5730 9462 9461
f 5730 5729 9463 9462
f 5729 130 3166 9463
f 9463 3166 3165 9466
f 9466 3165 3164 9469
f 9469 3164 412 5747
f 9468 9469 5747 5748
f 9467 9468 5748 5749
f 5932 9467 5749 831
f 5931 9464 9467 5932
f 5930 9461 9464 5931
f 9470 9471 9474 9473
f 9471 9472 9475 9474
f 9473 9474 9477 9476
f 9474 9475 9478 9477
f 128 1543 9470 3160
f 1543 1542 9471 9470
f 1542 1541 9472 9471
f 1541 132 3142 9472
f 9472 3142 3141 9475
f 9475 3141 3140 9478
f 9478 3140 408 1736
f 9477 9478 1736 1737
f 9476 9477 1737 1738
f 3158 9476 1738 411
f 3159 9473 9476 3158
f 3160 9470 9473 3159
f 9479 9480 9483 9482
f 9480 9481 9484 9483
f 9482 9483 9486 9485
f 9483 9484 9487 9486
f 147 1621 9479 3118
f 1621 1620 9480 9479
f 1620 1619 9481 9480
f 1619 144 3251 9481
f 9481 3251 3252 9484
f 9484 3252 3253 9487
f 9487 3253 421 3260
f 9486 9487 3260 3261
f 9485 9486 3261 3262
f 3116 9485 3262 420
f 3117 9482 9485 3116
f 3118 9479 9482 3117
f 9488 9489 9492 9491
f 9489 9490 9493 9492
f 9491 9492 9495 9494
f 9492 9493 9496 9495
f 149 1627 9488 3094
f 1627 1626 9489 9488
f 1626 1625 9490 9489
f 1625 143 3239 9490
f 9490 3239 3240 9493
f 9493 3240 3241 9496
f 9496 3241 417 3263
f 9495 9496 3263 3264
f 9494 9495 3264 3265
f 3092 9494 3265 416
f 3093 9491 9494 3092
f 3094 9488 9491 3093
f 9497 9498 9501 9500
f 9498 9499 9502 9501
f 9500 9501 9504 9503
f 9501 9502 9505 9504
f 146 1604 9497 3242
f 1604 1605 9498 9497
f 1605 1606 9499 9498
f 1606 142 3136 9499
f 9499 3136 3135 9502
f 9502 3135 3134 9505
f 9505 3134 423 3266
f 9504 9505 3266 3267
f 9503 9504 3267 3268
f 3244 9503 3268 418
f 3243 9500 9503 3244
f 3242 9497 9500 3243
f 9506 9507 9510 9509
f 9507 9508 9511 9510
f 9509 9510 9513 9512
f 9510 9511 9514 9513
f 143 1616 9506 3239
f 1616 1617 9507 9506
f 1617 1618 9508 9507
f 1618 146 3242 9508
f 9508 3242 3243 9511
f 9511 3243 3244 9514
f 9514 3244 418 3269
f 9513 9514 3269 3270
f 9512 9513 3270 3271
f 3241 9512 3271 417
f 3240 9509 9512 3241
f 3239 9506 9509 3240
f 9515 9516 9519 9518
f 9516 9517 9520 9519
f 9518 9519 9522 9521
f 9519 9520 9523 9522
f 144 1622 9515 3251
f 1622 1623 9516 9515
f 1623 1624 9517 9516
f 1624 148 3254 9517
f 9517 3254 3255 9520
f 9520 3255 3256 9523
f 9523 3256 422 3272
f 9522 9523 3272 3273
f 9521 9522 3273 3274
f 3253 9521 3274 421
f 3252 9518 9521 3253
f 3251 9515 9518 3252
f 9524 9525 9528 9527
f 9525 9526 9529 9528
f 9527 9528 9531 9530
f 9528 9529 9532 9531
f 148 1610 9524 3254
f 1610 1611 9525 9524
f 1611 1612 9526 9525
f 1612 145 3112 9526
f 9526 3112 3111 9529
f 9529 3111 3110 9532
f 9532 3110 419 3275
f 9531 9532 3275 3276
f 9530 9531 3276 3277
f 3256 9530 3277 422
f 3255 9527 9530 3256
f 3254 9524 9527 3255
f 9533 9534 9537 9536
f 9534 9535 9538 9537
f 9536 9537 9540 9539
f 9537 9538 9541 9540
f 142 1609 9533 3136
f 1609 1608 9534 9533
f 1608 1607 9535 9534
f 1607 147 3118 9535
f 9535 3118 3117 9538
f 9538 3117 3116 9541
f 9541 3116 420 3278
f 9540 9541 3278 3279
f 9539 9540 3279 3280
f 3134 9539 3280 423
f 3135 9536 9539 3134
f 3136 9533 9536 3135
f 9542 9543 9546 9545
f 9543 9544 9547 9546
f 9545 9546 9549 9548
f 9546 9547 9550 9549
f 145 1615 9542 3112
f 1615 1614 9543 9542
f 1614 1613 9544 9543
f 1613 149 3094 9544
f 9544 3094 3093 9547
f 9547 3093 3092 9550
f 9550 3092 416 3281
f 9549 9550 3281 3282
f 9548 9549 3282 3283
f 3110 9548 3283 419
f 3111 9545 9548 3110
f 3112 9542 9545 3111
f 9551 9552 9555 9554
f 9552 9553 9556 9555
f 9554 9555 9558 9557
f 9555 9556 9559 9558
f 332 2797 9551 3100
f 2797 2796 9552 9551
f 2796 2795 9553 9552
f 2795 328 3287 9553
f 9553 3287 3288 9556
f 9556 3288 3289 9559
f 9559 3289 425 3308
f 9558 9559 3308 3309
f 9557 9558 3309 3310
f 3098 9557 3310 424
f 3099 9554 9557 3098
f 3100 9551 9554 3099
f 9560 9561 9564 9563
f 9561 9562 9565 9564
f 9563 9564 9567 9566
f 9564 9565 9568 9567
f 338 2788 9560 3124
f 2788 2787 9561 9560
f 2787 2786 9562 9561
f 2786 334 3299 9562
f 9562 3299 3300 9565
f 9565 3300 3301 9568
f 9568 3301 429 3311
f 9567 9568 3311 3312
f 9566 9567 3312 3313
f 3122 9566 3313 428
f 3123 9563 9566 3122
f 3124 9560 9563 3123
f 9569 9570 9573 9572
f 9570 9571 9574 9573
f 9572 9573 9576 9575
f 9573 9574 9577 9576
f 341 2776 9569 3115
f 2776 2775 9570 9569
f 2775 2774 9571 9570
f 2774 332 3100 9571
f 9571 3100 3099 9574
f 9574 3099 3098 9577
f 9577 3098 424 3314
f 9576 9577 3314 3315
f 9575 9576 3315 3316
f 3113 9575 3316 427
f 3114 9572 9575 3113
f 3115 9569 9572 3114
f 9578 9579 9582 9581
f 9579 9580 9583 9582
f 9581 9582 9585 9584
f 9582 9583 9586 9585
f 344 2761 9578 3139
f 2761 2760 9579 9578
f 2760 2759 9580 9579
f 2759 338 3124 9580
f 9580 3124 3123 9583
f 9583 3123 3122 9586
f 9586 3122 428 3317
f 9585 9586 3317 3318
f 9584 9585 3318 3319
f 3137 9584 3319 431
f 3138 9581 9584 3137
f 3139 9578 9581 3138
f 9587 9588 9591 9590
f 9588 9589 9592 9591
f 9590 9591 9594 9593
f 9591 9592 9595 9594
f 334 2743 9587 3299
f 2743 2742 9588 9587
f 2742 2741 9589 9588
f 2741 346 3302 9589
f 9589 3302 3303 9592
f 9592 3303 3304 9595
f 9595 3304 430 3320
f 9594 9595 3320 3321
f 9593 9594 3321 3322
f 3301 9593 3322 429
f 3300 9590 9593 3301
f 3299 9587 9590 3300
f 9596 9597 9600 9599
f 9597 9598 9601 9600
f 9599 9600 9603 9602
f 9600 9601 9604 9603
f 328 2728 9596 3287
f 2728 2727 9597 9596
f 2727 2726 9598 9597
f 2726 349 3290 9598
f 9598 3290 3291 9601
f 9601 3291 3292 9604
f 9604 3292 426 3323
f 9603 9604 3323 3324
f 9602 9603 3324 3325
f 3289 9602 3325 425
f 3288 9599 9602 3289
f 3287 9596 9599 3288
f 9605 9606 9609 9608
f 9606 9607 9610 9609
f 9608 9609 9612 9611
f 9609 9610 9613 9612
f 346 2710 9605 3302
f 2710 2709 9606 9605
f 2709 2708 9607 9606
f 2708 341 3115 9607
f 9607 3115 3114 9610
f 9610 3114 3113 9613
f 9613 3113 427 3326
f 9612 9613 3326 3327
f 9611 9612 3327 3328
f 3304 9611 3328 430
f 3303 9608 9611 3304
f 3302 9605 9608 3303
f 9614 9615 9618 9617
f 9615 9616 9619 9618
f 9617 9618 9621 9620
f 9618 9619 9622 9621
f 349 2689 9614 3290
f 2689 2688 9615 9614
f 2688 2687 9616 9615
f 2687 344 3139 9616
f 9616 3139 3138 9619
f 9619 3138 3137 9622
f 9622 3137 431 3329
f 9621 9622 3329 3330
f 9620 9621 3330 3331
f 3292 9620 3331 426
f 3291 9617 9620 3292
f 3290 9614 9617 3291
f 9623 9624 9627 9626
f 9624 9625 9628 9627
f 9626 9627 9630 9629
f 9627 9628 9631 9630
f 245 2125 9623 2434
f 2125 2124 9624 9623
f 2124 2123 9625 9624
f 2123 232 2422 9625
f 9625 2422 2421 9628
f 9628 2421 2420 9631
f 9631 2420 432 3356
f 9630 9631 3356 3357
f 9629 9630 3357 3358
f 2432 9629 3358 434
f 2433 9626 9629 2432
f 2434 9623 9626 2433
f 9632 9633 9636 9635
f 9633 9634 9637 9636
f 9635 9636 9639 9638
f 9636 9637 9640 9639
f 248 2116 9632 2452
f 2116 2115 9633 9632
f 2115 2114 9634 9633
f 2114 235 2440 9634
f 9634 2440 2439 9637
f 9637 2439 2438 9640
f 9640 2438 435 3359
f 9639 9640 3359 3360
f 9638 9639 3360 3361
f 2450 9638 3361 437
f 2451 9635 9638 2450
f 2452 9632 9635 2451
f 9641 9642 9645 9644
f 9642 9643 9646 9645
f 9644 9645 9648 9647
f 9645 9646 9649 9648
f 251 2104 9641 3350
f 2104 2103 9642 9641
f 2103 2102 9643 9642
f 2102 245 2434 9643
f 9643 2434 2433 9646
f 9646 2433 2432 9649
f 9649 2432 434 3362
f 9648 9649 3362 3363
f 9647 9648 3363 3364
f 3352 9647 3364 438
f 3351 9644 9647 3352
f 3350 9641 9644 3351
f 9650 9651 9654 9653
f 9651 9652 9655 9654
f 9653 9654 9657 9656
f 9654 9655 9658 9657
f 254 2089 9650 3353
f 2089 2088 9651 9650
f 2088 2087 9652 9651
f 2087 248 2452 9652
f 9652 2452 2451 9655
f 9655 2451 2450 9658
f 9658 2450 437 3365
f 9657 9658 3365 3366
f 9656 9657 3366 3367
f 3355 9656 3367 439
f 3354 9653 9656 3355
f 3353 9650 9653 3354
f 9659 9660 9663 9662
f 9660 9661 9664 9663
f 9662 9663 9666 9665
f 9663 9664 9667 9666
f 238 2038 9659 3344
f 2038 2037 9660 9659
f 2037 2036 9661 9660
f 2036 251 3350 9661
f 9661 3350 3351 9664
f 9664 3351 3352 9667
f 9667 3352 438 3368
f 9666 9667 3368 3369
f 9665 9666 3369 3370
f 3346 9665 3370 436
f 3345 9662 9665 3346
f 3344 9659 9662 3345
f 9668 9669 9672 9671
f 9669 9670 9673 9672
f 9671 9672 9675 9674
f 9672 9673 9676 9675
f 235 2071 9668 2440
f 2071 2070 9669 9668
f 2070 2069 9670 9669
f 2069 238 3344 9670
f 9670 3344 3345 9673
f 9673 3345 3346 9676
f 9676 3346 436 3371
f 9675 9676 3371 3372
f 9674 9675 3372 3373
f 2438 9674 3373 435
f 2439 9671 9674 2438
f 2440 9668 9671 2439
f 9677 9678 9681 9680
f 9678 9679 9682 9681
f 9680 9681 9684 9683
f 9681 9682 9685 9684
f 241 2017 9677 3335
f 2017 2016 9678 9677
f 2016 2015 9679 9678
f 2015 254 3353 9679
f 9679 3353 3354 9682
f 9682 3354 3355 9685
f 9685 3355 439 3374
f 9684 9685 3374 3375
f 9683 9684 3375 3376
f 3337 9683 3376 433
f 3336 9680 9683 3337
f 3335 9677 9680 3336
f 9686 9687 9690 9689
f 9687 9688 9691 9690
f 9689 9690 9693 9692
f 9690 9691 9694 9693
f 232 2056 9686 2422
f 2056 2055 9687 9686
f 2055 2054 9688 9687
f 2054 241 3335 9688
f 9688 3335 3336 9691
f 9691 3336 3337 9694
f 9694 3337 433 3377
f 9693 9694 3377 3378
f 9692 9693 3378 3379
f 2420 9692 3379 432
f 2421 9689 9692 2420
f 2422 9686 9689 2421
f 9695 9696 9699 9698
f 9696 9697 9700 9699
f 9698 9699 9702 9701
f 9699 9700 9703 9702
f 208 1936 9695 2374
f 1936 1935 9696 9695
f 1935 1934 9697 9696
f 1934 229 3383 9697
f 9697 3383 3384 9700
f 9700 3384 3385 9703
f 9703 3385 441 3404
f 9702 9703 3404 3405
f 9701 9702 3405 3406
f 2372 9701 3406 440
f 2373 9698 9701 2372
f 2374 9695 9698 2373
f 9704 9705 9708 9707
f 9705 9706 9709 9708
f 9707 9708 9711 9710
f 9708 9709 9712 9711
f 753 5284 9704 5495
f 5284 5283 9705 9704
f 5283 5282 9706 9705
f 5282 208 2374 9706
f 9706 2374 2373 9709
f 9709 2373 2372 9712
f 9712 2372 440 5309
f 9711 9712 5309 5310
f 9710 9711 5310 5311
f 5497 9710 5311 762
f 5496 9707 9710 5497
f 5495 9704 9707 5496
f 9713 9714 9717 9716
f 9714 9715 9718 9717
f 9716 9717 9720 9719
f 9717 9718 9721 9720
f 218 1996 9713 2410
f 1996 1995 9714 9713
f 1995 1994 9715 9714
f 1994 214 2398 9715
f 9715 2398 2397 9718
f 9718 2397 2396 9721
f 9721 2396 444 3410
f 9720 9721 3410 3411
f 9719 9720 3411 3412
f 2408 9719 3412 446
f 2409 9716 9719 2408
f 2410 9713 9716 2409
f 9722 9723 9726 9725
f 9723 9724 9727 9726
f 9725 9726 9729 9728
f 9726 9727 9730 9729
f 214 1951 9722 2398
f 1951 1950 9723 9722
f 1950 1949 9724 9723
f 1949 226 3395 9724
f 9724 3395 3396 9727
f 9727 3396 3397 9730
f 9730 3397 445 3413
f 9729 9730 3413 3414
f 9728 9729 3414 3415
f 2396 9728 3415 444
f 2397 9725 9728 2396
f 2398 9722 9725 2397
f 9731 9732 9735 9734
f 9732 9733 9736 9735
f 9734 9735 9738 9737
f 9735 9736 9739 9738
f 226 1918 9731 3395
f 1918 1917 9732 9731
f 1917 1916 9733 9732
f 1916 221 2392 9733
f 9733 2392 2391 9736
f 9736 2391 2390 9739
f 9739 2390 443 3416
f 9738 9739 3416 3417
f 9737 9738 3417 3418
f 3397 9737 3418 445
f 3396 9734 9737 3397
f 3395 9731 9734 3396
f 9740 9741 9744 9743
f 9741 9742 9745 9744
f 9743 9744 9747 9746
f 9744 9745 9748 9747
f 750 5275 9740 5492
f 5275 5274 9741 9740
f 5274 5273 9742 9741
f 5273 218 2410 9742
f 9742 2410 2409 9745
f 9745 2409 2408 9748
f 9748 2408 446 5312
f 9747 9748 5312 5313
f 9746 9747 5313 5314
f 5494 9746 5314 763
f 5493 9743 9746 5494
f 5492 9740 9743 5493
f 9749 9750 9753 9752
f 9750 9751 9754 9753
f 9752 9753 9756 9755
f 9753 9754 9757 9756
f 221 1984 9749 2392
f 1984 1983 9750 9749
f 1983 1982 9751 9750
f 1982 212 2386 9751
f 9751 2386 2385 9754
f 9754 2385 2384 9757
f 9757 2384 442 3422
f 9756 9757 3422 3423
f 9755 9756 3423 3424
f 2390 9755 3424 443
f 2391 9752 9755 2390
f 2392 9749 9752 2391
f 9758 9759 9762 9761
f 9759 9760 9763 9762
f 9761 9762 9765 9764
f 9762 9763 9766 9765
f 229 1897 9758 3383
f 1897 1896 9759 9758
f 1896 1895 9760 9759
f 1895 224 2416 9760
f 9760 2416 2415 9763
f 9763 2415 2414 9766
f 9766 2414 447 3425
f 9765 9766 3425 3426
f 9764 9765 3426 3427
f 3385 9764 3427 441
f 3384 9761 9764 3385
f 3383 9758 9761 3384
f 9767 9768 9771 9770
f 9768 9769 9772 9771
f 9770 9771 9774 9773
f 9771 9772 9775 9774
f 326 2677 9767 3091
f 2677 2676 9768 9767
f 2676 2675 9769 9768
f 2675 313 3070 9769
f 9769 3070 3069 9772
f 9772 3069 3068 9775
f 9775 3068 451 3452
f 9774 9775 3452 3453
f 9773 9774 3453 3454
f 3089 9773 3454 455
f 3090 9770 9773 3089
f 3091 9767 9770 3090
f 9776 9777 9780 9779
f 9777 9778 9781 9780
f 9779 9780 9783 9782
f 9780 9781 9784 9783
f 323 2668 9776 3085
f 2668 2667 9777 9776
f 2667 2666 9778 9777
f 2666 310 3052 9778
f 9778 3052 3051 9781
f 9781 3051 3050 9784
f 9784 3050 448 3455
f 9783 9784 3455 3456
f 9782 9783 3456 3457
f 3083 9782 3457 454
f 3084 9779 9782 3083
f 3085 9776 9779 3084
f 9785 9786 9789 9788
f 9786 9787 9790 9789
f 9788 9789 9792 9791
f 9789 9790 9793 9792
f 317 2656 9785 3434
f 2656 2655 9786 9785
f 2655 2654 9787 9786
f 2654 326 3091 9787
f 9787 3091 3090 9790
f 9790 3090 3089 9793
f 9793 3089 455 3458
f 9792 9793 3458 3459
f 9791 9792 3459 3460
f 3436 9791 3460 450
f 3435 9788 9791 3436
f 3434 9785 9788 3435
f 9794 9795 9798 9797
f 9795 9796 9799 9798
f 9797 9798 9801 9800
f 9798 9799 9802 9801
f 320 2641 9794 3443
f 2641 2640 9795 9794
f 2640 2639 9796 9795
f 2639 323 3085 9796
f 9796 3085 3084 9799
f 9799 3084 3083 9802
f 9802 3083 454 3461
f 9801 9802 3461 3462
f 9800 9801 3462 3463
f 3445 9800 3463 453
f 3444 9797 9800 3445
f 3443 9794 9797 3444
f 9803 9804 9807 9806
f 9804 9805 9808 9807
f 9806 9807 9810 9809
f 9807 9808 9811 9810
f 759 5302 9803 5489
f 5302 5301 9804 9803
f 5301 5300 9805 9804
f 5300 307 3440 9805
f 9805 3440 3441 9808
f 9808 3441 3442 9811
f 9811 3442 452 5315
f 9810 9811 5315 5316
f 9809 9810 5316 5317
f 5491 9809 5317 764
f 5490 9806 9809 5491
f 5489 9803 9806 5490
f 9812 9813 9816 9815
f 9813 9814 9817 9816
f 9815 9816 9819 9818
f 9816 9817 9820 9819
f 310 2608 9812 3052
f 2608 2607 9813 9812
f 2607 2606 9814 9813
f 2606 304 3431 9814
f 9814 3431 3432 9817
f 9817 3432 3433 9820
f 9820 3433 449 3467
f 9819 9820 3467 3468
f 9818 9819 3468 3469
f 3050 9818 3469 448
f 3051 9815 9818 3050
f 3052 9812 9815 3051
f 9821 9822 9825 9824
f 9822 9823 9826 9825
f 9824 9825 9828 9827
f 9825 9826 9829 9828
f 307 2590 9821 3440
f 2590 2589 9822 9821
f 2589 2588 9823 9822
f 2588 320 3443 9823
f 9823 3443 3444 9826
f 9826 3444 3445 9829
f 9829 3445 453 3470
f 9828 9829 3470 3471
f 9827 9828 3471 3472
f 3442 9827 3472 452
f 3441 9824 9827 3442
f 3440 9821 9824 3441
f 9830 9831 9834 9833
f 9831 9832 9835 9834
f 9833 9834 9837 9836
f 9834 9835 9838 9837
f 756 5293 9830 5486
f 5293 5292 9831 9830
f 5292 5291 9832 9831
f 5291 317 3434 9832
f 9832 3434 3435 9835
f 9835 3435 3436 9838
f 9838 3436 450 5318
f 9837 9838 5318 5319
f 9836 9837 5319 5320
f 5488 9836 5320 765
f 5487 9833 9836 5488
f 5486 9830 9833 5487
f 9839 9840 9843 9842
f 9840 9841 9844 9843
f 9842 9843 9846 9845
f 9843 9844 9847 9846
f 162 1687 9839 3046
f 1687 1686 9840 9839
f 1686 1685 9841 9840
f 1685 166 3479 9841
f 9841 3479 3480 9844
f 9844 3480 3481 9847
f 9847 3481 457 3500
f 9846 9847 3500 3501
f 9845 9846 3501 3502
f 3044 9845 3502 456
f 3045 9842 9845 3044
f 3046 9839 9842 3045
f 9848 9849 9852 9851
f 9849 9850 9853 9852
f 9851 9852 9855 9854
f 9852 9853 9856 9855
f 160 1688 9848 3482
f 1688 1689 9849 9848
f 1689 1690 9850 9849
f 1690 163 3088 9850
f 9850 3088 3087 9853
f 9853 3087 3086 9856
f 9856 3086 463 3503
f 9855 9856 3503 3504
f 9854 9855 3504 3505
f 3484 9854 3505 458
f 3483 9851 9854 3484
f 3482 9848 9851 3483
f 9857 9858 9861 9860
f 9858 9859 9862 9861
f 9860 9861 9864 9863
f 9861 9862 9865 9864
f 163 1676 9857 3088
f 1676 1677 9858 9857
f 1677 1678 9859 9858
f 1678 159 3064 9859
f 9859 3064 3063 9862
f 9862 3063 3062 9865
f 9865 3062 459 3506
f 9864 9865 3506 3507
f 9863 9864 3507 3508
f 3086 9863 3508 463
f 3087 9860 9863 3086
f 3088 9857 9860 3087
f 9866 9867 9870 9869
f 9867 9868 9871 9870
f 9869 9870 9873 9872
f 9870 9871 9874 9873
f 745 5260 9866 5483
f 5260 5259 9867 9866
f 5259 5258 9868 9867
f 5258 164 3488 9868
f 9868 3488 3489 9871
f 9871 3489 3490 9874
f 9874 3490 460 5321
f 9873 9874 5321 5322
f 9872 9873 5322 5323
f 5485 9872 5323 766
f 5484 9869 9872 5485
f 5483 9866 9869 5484
f 9875 9876 9879 9878
f 9876 9877 9880 9879
f 9878 9879 9882 9881
f 9879 9880 9883 9882
f 165 1682 9875 3082
f 1682 1683 9876 9875
f 1683 1684 9877 9876
f 1684 162 3046 9877
f 9877 3046 3045 9880
f 9880 3045 3044 9883
f 9883 3044 456 3512
f 9882 9883 3512 3513
f 9881 9882 3513 3514
f 3080 9881 3514 462
f 3081 9878 9881 3080
f 3082 9875 9878 3081
f 9884 9885 9888 9887
f 9885 9886 9889 9888
f 9887 9888 9891 9890
f 9888 9889 9892 9891
f 164 1693 9884 3488
f 1693 1692 9885 9884
f 1692 1691 9886 9885
f 1691 161 3491 9886
f 9886 3491 3492 9889
f 9889 3492 3493 9892
f 9892 3493 461 3515
f 9891 9892 3515 3516
f 9890 9891 3516 3517
f 3490 9890 3517 460
f 3489 9887 9890 3490
f 3488 9884 9887 3489
f 9893 9894 9897 9896
f 9894 9895 9898 9897
f 9896 9897 9900 9899
f 9897 9898 9901 9900
f 746 5263 9893 5480
f 5263 5262 9894 9893
f 5262 5261 9895 9894
f 5261 160 3482 9895
f 9895 3482 3483 9898
f 9898 3483 3484 9901
f 9901 3484 458 5324
f 9900 9901 5324 5325
f 9899 9900 5325 5326
f 5482 9899 5326 767
f 5481 9896 9899 5482
f 5480 9893 9896 5481
f 9902 9903 9906 9905
f 9903 9904 9907 9906
f 9905 9906 9909 9908
f 9906 9907 9910 9909
f 161 1694 9902 3491
f 1694 1695 9903 9902
f 1695 1696 9904 9903
f 1696 165 3082 9904
f 9904 3082 3081 9907
f 9907 3081 3080 9910
f 9910 3080 462 3521
f 9909 9910 3521 3522
f 9908 9909 3522 3523
f 3493 9908 3523 461
f 3492 9905 9908 3493
f 3491 9902 9905 3492
f 9911 9912 9915 9914
f 9912 9913 9916 9915
f 9914 9915 9918 9917
f 9915 9916 9919 9918
f 506 3835 9911 3524
f 3835 3834 9912 9911
f 3834 3833 9913 9912
f 3833 507 3527 9913
f 9913 3527 3528 9916
f 9916 3528 3529 9919
f 9919 3529 136 1586
f 9918 9919 1586 1587
f 9917 9918 1587 1588
f 3526 9917 1588 140
f 3525 9914 9917 3526
f 3524 9911 9914 3525
f 9920 9921 9924 9923
f 9921 9922 9925 9924
f 9923 9924 9927 9926
f 9924 9925 9928 9927
f 508 3832 9920 3530
f 3832 3831 9921 9920
f 3831 3830 9922 9921
f 3830 506 3524 9922
f 9922 3524 3525 9925
f 9925 3525 3526 9928
f 9928 3526 140 1574
f 9927 9928 1574 1575
f 9926 9927 1575 1576
f 3532 9926 1576 137
f 3531 9923 9926 3532
f 3530 9920 9923 3531
f 9929 9930 9933 9932
f 9930 9931 9934 9933
f 9932 9933 9936 9935
f 9933 9934 9937 9936
f 511 3862 9929 3533
f 3862 3861 9930 9929
f 3861 3860 9931 9930
f 3860 512 3536 9931
f 9931 3536 3537 9934
f 9934 3537 3538 9937
f 9937 3538 153 1658
f 9936 9937 1658 1659
f 9935 9936 1659 1660
f 3535 9935 1660 157
f 3534 9932 9935 3535
f 3533 9929 9932 3534
f 9938 9939 9942 9941
f 9939 9940 9943 9942
f 9941 9942 9945 9944
f 9942 9943 9946 9945
f 513 3859 9938 3539
f 3859 3858 9939 9938
f 3858 3857 9940 9939
f 3857 511 3533 9940
f 9940 3533 3534 9943
f 9943 3534 3535 9946
f 9946 3535 157 1646
f 9945 9946 1646 1647
f 9944 9945 1647 1648
f 3541 9944 1648 154
f 3540 9941 9944 3541
f 3539 9938 9941 3540
f 9947 9948 9951 9950
f 9948 9949 9952 9951
f 9950 9951 9954 9953
f 9951 9952 9955 9954
f 516 3889 9947 3542
f 3889 3888 9948 9947
f 3888 3887 9949 9948
f 3887 517 3545 9949
f 9949 3545 3546 9952
f 9952 3546 3547 9955
f 9955 3547 170 1730
f 9954 9955 1730 1731
f 9953 9954 1731 1732
f 3544 9953 1732 174
f 3543 9950 9953 3544
f 3542 9947 9950 3543
f 9956 9957 9960 9959
f 9957 9958 9961 9960
f 9959 9960 9963 9962
f 9960 9961 9964 9963
f 518 3886 9956 3548
f 3886 3885 9957 9956
f 3885 3884 9958 9957
f 3884 516 3542 9958
f 9958 3542 3543 9961
f 9961 3543 3544 9964
f 9964 3544 174 1718
f 9963 9964 1718 1719
f 9962 9963 1719 1720
f 3550 9962 1720 171
f 3549 9959 9962 3550
f 3548 9956 9959 3549
f 9965 9966 9969 9968
f 9966 9967 9970 9969
f 9968 9969 9972 9971
f 9969 9970 9973 9972
f 120 1507 9965 3589
f 1507 1506 9966 9965
f 1506 1505 9967 9966
f 1505 124 3584 9967
f 9967 3584 3585 9970
f 9970 3585 3586 9973
f 9973 3586 466 3551
f 9972 9973 3551 3552
f 9971 9972 3552 3553
f 3587 9971 3553 465
f 3588 9968 9971 3587
f 3589 9965 9968 3588
f 9974 9975 9978 9977
f 9975 9976 9979 9978
f 9977 9978 9981 9980
f 9978 9979 9982 9981
f 137 1577 9974 3595
f 1577 1578 9975 9974
f 1578 1579 9976 9975
f 1579 141 3590 9976
f 9976 3590 3591 9979
f 9979 3591 3592 9982
f 9982 3592 469 3559
f 9981 9982 3559 3558
f 9980 9981 3558 3557
f 3593 9980 3557 468
f 3594 9977 9980 3593
f 3595 9974 9977 3594
f 9983 9984 9987 9986
f 9984 9985 9988 9987
f 9986 9987 9990 9989
f 9987 9988 9991 9990
f 154 1649 9983 3601
f 1649 1650 9984 9983
f 1650 1651 9985 9984
f 1651 158 3596 9985
f 9985 3596 3597 9988
f 9988 3597 3598 9991
f 9991 3598 472 3565
f 9990 9991 3565 3564
f 9989 9990 3564 3563
f 3599 9989 3563 471
f 3600 9986 9989 3599
f 3601 9983 9986 3600
f 9992 9993 9996 9995
f 9993 9994 9997 9996
f 9995 9996 9999 9998
f 9996 9997 10000 9999
f 124 1519 9992 3584
f 1519 1518 9993 9992
f 1518 1517 9994 9993
f 1517 118 3602 9994
f 9994 3602 3603 9997
f 9997 3603 3604 10000
f 10000 3604 464 3554
f 9999 10000 3554 3555
f 9998 9999 3555 3556
f 3586 9998 3556 466
f 3585 9995 9998 3586
f 3584 9992 9995 3585
f 10001 10002 10005 10004
f 10002 10003 10006 10005
f 10004 10005 10008 10007
f 10005 10006 10009 10008
f 171 1721 10001 3610
f 1721 1722 10002 10001
f 1722 1723 10003 10002
f 1723 175 3605 10003
f 10003 3605 3606 10006
f 10006 3606 3607 10009
f 10009 3607 475 3571
f 10008 10009 3571 3570
f 10007 10008 3570 3569
f 3608 10007 3569 474
f 3609 10004 10007 3608
f 3610 10001 10004 3609
f 10010 10011 10014 10013
f 10011 10012 10015 10014
f 10013 10014 10017 10016
f 10014 10015 10018 10017
f 829 1589 10010 5927
f 1589 1590 10011 10010
f 1590 1591 10012 10011
f 1591 135 3611 10012
f 10012 3611 3612 10015
f 10015 3612 3613 10018
f 10018 3613 467 3562
f 10017 10018 3562 3561
f 10016 10017 3561 3560
f 5929 10016 3560 848
f 5928 10013 10016 5929
f 5927 10010 10013 5928
f 10019 10020 10023 10022
f 10020 10021 10024 10023
f 10022 10023 10026 10025
f 10023 10024 10027 10026
f 518 3548 10019 3881
f 3548 3549 10020 10019
f 3549 3550 10021 10020
f 3550 171 3610 10021
f 10021 3610 3609 10024
f 10024 3609 3608 10027
f 10027 3608 474 3583
f 10026 10027 3583 3582
f 10025 10026 3582 3581
f 3883 10025 3581 519
f 3882 10022 10025 3883
f 3881 10019 10022 3882
f 10028 10029 10032 10031
f 10029 10030 10033 10032
f 10031 10032 10035 10034
f 10032 10033 10036 10035
f 158 1661 10028 3596
f 1661 1662 10029 10028
f 1662 1663 10030 10029
f 1663 152 3616 10030
f 10030 3616 3615 10033
f 10033 3615 3614 10036
f 10036 3614 470 3568
f 10035 10036 3568 3567
f 10034 10035 3567 3566
f 3598 10034 3566 472
f 3597 10031 10034 3598
f 3596 10028 10031 3597
f 10037 10038 10041 10040
f 10038 10039 10042 10041
f 10040 10041 10044 10043
f 10041 10042 10045 10044
f 749 1733 10037 5477
f 1733 1734 10038 10037
f 1734 1735 10039 10038
f 1735 169 3617 10039
f 10039 3617 3618 10042
f 10042 3618 3619 10045
f 10045 3619 473 3574
f 10044 10045 3574 3573
f 10043 10044 3573 3572
f 5479 10043 3572 768
f 5478 10040 10043 5479
f 5477 10037 10040 5478
f 10046 10047 10050 10049
f 10047 10048 10051 10050
f 10049 10050 10053 10052
f 10050 10051 10054 10053
f 513 3539 10046 3854
f 3539 3540 10047 10046
f 3540 3541 10048 10047
f 3541 154 3601 10048
f 10048 3601 3600 10051
f 10051 3600 3599 10054
f 10054 3599 471 3580
f 10053 10054 3580 3579
f 10052 10053 3579 3578
f 3856 10052 3578 514
f 3855 10049 10052 3856
f 3854 10046 10049 3855
f 10055 10056 10059 10058
f 10056 10057 10060 10059
f 10058 10059 10062 10061
f 10059 10060 10063 10062
f 508 3530 10055 3827
f 3530 3531 10056 10055
f 3531 3532 10057 10056
f 3532 137 3595 10057
f 10057 3595 3594 10060
f 10060 3594 3593 10063
f 10063 3593 468 3577
f 10062 10063 3577 3576
f 10061 10062 3576 3575
f 3829 10061 3575 509
f 3828 10058 10061 3829
f 3827 10055 10058 3828
f 10064 10065 10068 10067
f 10065 10066 10069 10068
f 10067 10068 10071 10070
f 10068 10069 10072 10071
f 768 3572 10064 5474
f 3572 3573 10065 10064
f 3573 3574 10066 10065
f 3574 473 3653 10066
f 10066 3653 3654 10069
f 10069 3654 3655 10072
f 10072 3655 485 3643
f 10071 10072 3643 3642
f 10070 10071 3642 3641
f 5476 10070 3641 769
f 5475 10067 10070 5476
f 5474 10064 10067 5475
f 10073 10074 10077 10076
f 10074 10075 10078 10077
f 10076 10077 10080 10079
f 10077 10078 10081 10080
f 471 3563 10073 3652
f 3563 3564 10074 10073
f 3564 3565 10075 10074
f 3565 472 3659 10075
f 10075 3659 3660 10078
f 10078 3660 3661 10081
f 10081 3661 484 3685
f 10080 10081 3685 3684
f 10079 10080 3684 3683
f 3650 10079 3683 479
f 3651 10076 10079 3650
f 3652 10073 10076 3651
f 10082 10083 10086 10085
f 10083 10084 10087 10086
f 10085 10086 10089 10088
f 10086 10087 10090 10089
f 466 3556 10082 3670
f 3556 3555 10083 10082
f 3555 3554 10084 10083
f 3554 464 3665 10084
f 10084 3665 3666 10087
f 10087 3666 3667 10090
f 10090 3667 476 3623
f 10089 10090 3623 3624
f 10088 10089 3624 3625
f 3668 10088 3625 478
f 3669 10085 10088 3668
f 3670 10082 10085 3669
f 10091 10092 10095 10094
f 10092 10093 10096 10095
f 10094 10095 10098 10097
f 10095 10096 10099 10098
f 464 3818 10091 3665
f 3818 3819 10092 10091
f 3819 3820 10093 10092
f 3820 509 3575 10093
f 10093 3575 3576 10096
f 10096 3576 3577 10099
f 10099 3577 468 3647
f 10098 10099 3647 3648
f 10097 10098 3648 3649
f 3667 10097 3649 476
f 3666 10094 10097 3667
f 3665 10091 10094 3666
f 10100 10101 10104 10103
f 10101 10102 10105 10104
f 10103 10104 10107 10106
f 10104 10105 10108 10107
f 472 3566 10100 3659
f 3566 3567 10101 10100
f 3567 3568 10102 10101
f 3568 470 3674 10102
f 10102 3674 3675 10105
f 10105 3675 3676 10108
f 10108 3676 482 3637
f 10107 10108 3637 3636
f 10106 10107 3636 3635
f 3661 10106 3635 484
f 3660 10103 10106 3661
f 3659 10100 10103 3660
f 10109 10110 10113 10112
f 10110 10111 10114 10113
f 10112 10113 10116 10115
f 10113 10114 10117 10116
f 468 3557 10109 3647
f 3557 3558 10110 10109
f 3558 3559 10111 10110
f 3559 469 3677 10111
f 10111 3677 3678 10114
f 10114 3678 3679 10117
f 10117 3679 481 3664
f 10116 10117 3664 3663
f 10115 10116 3663 3662
f 3649 10115 3662 476
f 3648 10112 10115 3649
f 3647 10109 10112 3648
f 10118 10119 10122 10121
f 10119 10120 10123 10122
f 10121 10122 10125 10124
f 10122 10123 10126 10125
f 467 3845 10118 3682
f 3845 3846 10119 10118
f 3846 3847 10120 10119
f 3847 514 3578 10120
f 10120 3578 3579 10123
f 10123 3579 3580 10126
f 10126 3580 471 3652
f 10125 10126 3652 3651
f 10124 10125 3651 3650
f 3680 10124 3650 479
f 3681 10121 10124 3680
f 3682 10118 10121 3681
f 10127 10128 10131 10130
f 10128 10129 10132 10131
f 10130 10131 10134 10133
f 10131 10132 10135 10134
f 474 3569 10127 3694
f 3569 3570 10128 10127
f 3570 3571 10129 10128
f 3571 475 3658 10129
f 10129 3658 3657 10132
f 10132 3657 3656 10135
f 10135 3656 487 3691
f 10134 10135 3691 3690
f 10133 10134 3690 3689
f 3692 10133 3689 482
f 3693 10130 10133 3692
f 3694 10127 10130 3693
f 10136 10137 10140 10139
f 10137 10138 10141 10140
f 10139 10140 10143 10142
f 10140 10141 10144 10143
f 848 3560 10136 5924
f 3560 3561 10137 10136
f 3561 3562 10138 10137
f 3562 467 3682 10138
f 10138 3682 3681 10141
f 10141 3681 3680 10144
f 10144 3680 479 3631
f 10143 10144 3631 3630
f 10142 10143 3630 3629
f 5926 10142 3629 850
f 5925 10139 10142 5926
f 5924 10136 10139 5925
f 10145 10146 10149 10148
f 10146 10147 10150 10149
f 10148 10149 10152 10151
f 10149 10150 10153 10152
f 470 3872 10145 3674
f 3872 3873 10146 10145
f 3873 3874 10147 10146
f 3874 519 3581 10147
f 10147 3581 3582 10150
f 10150 3582 3583 10153
f 10153 3583 474 3694
f 10152 10153 3694 3693
f 10151 10152 3693 3692
f 3676 10151 3692 482
f 3675 10148 10151 3676
f 3674 10145 10148 3675
f 10154 10155 10158 10157
f 10155 10156 10159 10158
f 10157 10158 10161 10160
f 10158 10159 10162 10161
f 465 3553 10154 3688
f 3553 3552 10155 10154
f 3552 3551 10156 10155
f 3551 466 3670 10156
f 10156 3670 3669 10159
f 10159 3669 3668 10162
f 10162 3668 478 3620
f 10161 10162 3620 3621
f 10160 10161 3621 3622
f 3686 10160 3622 477
f 3687 10157 10160 3686
f 3688 10154 10157 3687
f 10163 10164 10167 10166
f 10164 10165 10168 10167
f 10166 10167 10170 10169
f 10167 10168 10171 10170
f 139 1583 10163 3718
f 1583 1584 10164 10163
f 1584 1585 10165 10164
f 1585 136 3713 10165
f 10165 3713 3714 10168
f 10168 3714 3715 10171
f 10171 3715 489 3634
f 10170 10171 3634 3633
f 10169 10170 3633 3632
f 3716 10169 3632 490
f 3717 10166 10169 3716
f 3718 10163 10166 3717
f 10172 10173 10176 10175
f 10173 10174 10177 10176
f 10175 10176 10179 10178
f 10176 10177 10180 10179
f 156 1655 10172 3724
f 1655 1656 10173 10172
f 1656 1657 10174 10173
f 1657 153 3719 10174
f 10174 3719 3720 10177
f 10177 3720 3721 10180
f 10180 3721 492 3697
f 10179 10180 3697 3696
f 10178 10179 3696 3695
f 3722 10178 3695 493
f 3723 10175 10178 3722
f 3724 10172 10175 3723
f 10181 10182 10185 10184
f 10182 10183 10186 10185
f 10184 10185 10188 10187
f 10185 10186 10189 10188
f 173 1727 10181 3730
f 1727 1728 10182 10181
f 1728 1729 10183 10182
f 1729 170 3725 10183
f 10183 3725 3726 10186
f 10186 3726 3727 10189
f 10189 3727 495 3703
f 10188 10189 3703 3702
f 10187 10188 3702 3701
f 3728 10187 3701 496
f 3729 10184 10187 3728
f 3730 10181 10184 3729
f 10190 10191 10194 10193
f 10191 10192 10195 10194
f 10193 10194 10197 10196
f 10194 10195 10198 10197
f 517 3868 10190 3878
f 3868 3867 10191 10190
f 3867 3866 10192 10191
f 3866 151 3731 10192
f 10192 3731 3732 10195
f 10195 3732 3733 10198
f 10198 3733 491 3875
f 10197 10198 3875 3876
f 10196 10197 3876 3877
f 3880 10196 3877 520
f 3879 10193 10196 3880
f 3878 10190 10193 3879
f 10199 10200 10203 10202
f 10200 10201 10204 10203
f 10202 10203 10206 10205
f 10203 10204 10207 10206
f 512 3841 10199 3851
f 3841 3840 10200 10199
f 3840 3839 10201 10200
f 3839 134 3734 10201
f 10201 3734 3735 10204
f 10204 3735 3736 10207
f 10207 3736 488 3848
f 10206 10207 3848 3849
f 10205 10206 3849 3850
f 3853 10205 3850 515
f 3852 10202 10205 3853
f 3851 10199 10202 3852
f 10208 10209 10212 10211
f 10209 10210 10213 10212
f 10211 10212 10215 10214
f 10212 10213 10216 10215
f 507 3814 10208 3824
f 3814 3813 10209 10208
f 3813 3812 10210 10209
f 3812 117 3737 10210
f 10210 3737 3738 10213
f 10213 3738 3739 10216
f 10216 3739 480 3821
f 10215 10216 3821 3822
f 10214 10215 3822 3823
f 3826 10214 3823 510
f 3825 10211 10214 3826
f 3824 10208 10211 3825
f 10217 10218 10221 10220
f 10218 10219 10222 10221
f 10220 10221 10224 10223
f 10221 10222 10225 10224
f 117 1501 10217 3737
f 1501 1500 10218 10217
f 1500 1499 10219 10218
f 1499 122 3740 10219
f 10219 3740 3741 10222
f 10222 3741 3742 10225
f 10225 3742 486 3671
f 10224 10225 3671 3672
f 10223 10224 3672 3673
f 3739 10223 3673 480
f 3738 10220 10223 3739
f 3737 10217 10220 3738
f 10226 10227 10230 10229
f 10227 10228 10231 10230
f 10229 10230 10233 10232
f 10230 10231 10234 10233
f 828 1571 10226 5921
f 1571 1572 10227 10226
f 1572 1573 10228 10227
f 1573 139 3718 10228
f 10228 3718 3717 10231
f 10231 3717 3716 10234
f 10234 3716 490 3628
f 10233 10234 3628 3627
f 10232 10233 3627 3626
f 5923 10232 3626 849
f 5922 10229 10232 5923
f 5921 10226 10229 5922
f 10235 10236 10239 10238
f 10236 10237 10240 10239
f 10238 10239 10242 10241
f 10239 10240 10243 10242
f 151 1643 10235 3731
f 1643 1644 10236 10235
f 1644 1645 10237 10236
f 1645 156 3724 10237
f 10237 3724 3723 10240
f 10240 3723 3722 10243
f 10243 3722 493 3640
f 10242 10243 3640 3639
f 10241 10242 3639 3638
f 3733 10241 3638 491
f 3732 10238 10241 3733
f 3731 10235 10238 3732
f 10244 10245 10248 10247
f 10245 10246 10249 10248
f 10247 10248 10251 10250
f 10248 10249 10252 10251
f 122 1513 10244 3740
f 1513 1512 10245 10244
f 1512 1511 10246 10245
f 1511 119 3743 10246
f 10246 3743 3744 10249
f 10249 3744 3745 10252
f 10252 3745 483 3644
f 10251 10252 3644 3645
f 10250 10251 3645 3646
f 3742 10250 3646 486
f 3741 10247 10250 3742
f 3740 10244 10247 3741
f 10253 10254 10257 10256
f 10254 10255 10258 10257
f 10256 10257 10260 10259
f 10257 10258 10261 10260
f 748 1715 10253 5471
f 1715 1716 10254 10253
f 1716 1717 10255 10254
f 1717 173 3730 10255
f 10255 3730 3729 10258
f 10258 3729 3728 10261
f 10261 3728 496 3700
f 10260 10261 3700 3699
f 10259 10260 3699 3698
f 5473 10259 3698 770
f 5472 10256 10259 5473
f 5471 10253 10256 5472
f 10262 10263 10266 10265
f 10263 10264 10267 10266
f 10265 10266 10269 10268
f 10266 10267 10270 10269
f 493 3695 10262 3775
f 3695 3696 10263 10262
f 3696 3697 10264 10263
f 3697 492 3764 10264
f 10264 3764 3765 10267
f 10267 3765 3766 10270
f 10270 3766 500 3802
f 10269 10270 3802 3801
f 10268 10269 3801 3800
f 3773 10268 3800 503
f 3774 10265 10268 3773
f 3775 10262 10265 3774
f 10271 10272 10275 10274
f 10272 10273 10276 10275
f 10274 10275 10278 10277
f 10275 10276 10279 10278
f 486 3646 10271 3781
f 3646 3645 10272 10271
f 3645 3644 10273 10272
f 3644 483 3776 10273
f 10273 3776 3777 10276
f 10276 3777 3778 10279
f 10279 3778 498 3755
f 10278 10279 3755 3756
f 10277 10278 3756 3757
f 3779 10277 3757 499
f 3780 10274 10277 3779
f 3781 10271 10274 3780
f 10280 10281 10284 10283
f 10281 10282 10285 10284
f 10283 10284 10287 10286
f 10284 10285 10288 10287
f 492 3709 10280 3764
f 3709 3708 10281 10280
f 3708 3707 10282 10281
f 3707 515 3850 10282
f 10282 3850 3849 10285
f 10285 3849 3848 10288
f 10288 3848 488 3782
f 10287 10288 3782 3783
f 10286 10287 3783 3784
f 3766 10286 3784 500
f 3765 10283 10286 3766
f 3764 10280 10283 3765
f 10289 10290 10293 10292
f 10290 10291 10294 10293
f 10292 10293 10296 10295
f 10293 10294 10297 10296
f 849 3626 10289 5918
f 3626 3627 10290 10289
f 3627 3628 10291 10290
f 3628 490 3785 10291
f 10291 3785 3786 10294
f 10294 3786 3787 10297
f 10297 3787 501 3751
f 10296 10297 3751 3750
f 10295 10296 3750 3749
f 5920 10295 3749 851
f 5919 10292 10295 5920
f 5918 10289 10292 5919
f 10298 10299 10302 10301
f 10299 10300 10303 10302
f 10301 10302 10305 10304
f 10302 10303 10306 10305
f 770 3698 10298 5468
f 3698 3699 10299 10298
f 3699 3700 10300 10299
f 3700 496 3788 10300
f 10300 3788 3789 10303
f 10303 3789 3790 10306
f 10306 3790 505 3763
f 10305 10306 3763 3762
f 10304 10305 3762 3761
f 5470 10304 3761 771
f 5469 10301 10304 5470
f 5468 10298 10301 5469
f 10307 10308 10311 10310
f 10308 10309 10312 10311
f 10310 10311 10314 10313
f 10311 10312 10315 10314
f 491 3638 10307 3796
f 3638 3639 10308 10307
f 3639 3640 10309 10308
f 3640 493 3775 10309
f 10309 3775 3774 10312
f 10312 3774 3773 10315
f 10315 3773 503 3754
f 10314 10315 3754 3753
f 10313 10314 3753 3752
f 3794 10313 3752 502
f 3795 10310 10313 3794
f 3796 10307 10310 3795
f 10316 10317 10320 10319
f 10317 10318 10321 10320
f 10319 10320 10323 10322
f 10320 10321 10324 10323
f 495 3712 10316 3769
f 3712 3711 10317 10316
f 3711 3710 10318 10317
f 3710 520 3877 10318
f 10318 3877 3876 10321
f 10321 3876 3875 10324
f 10324 3875 491 3796
f 10323 10324 3796 3795
f 10322 10323 3795 3794
f 3767 10322 3794 502
f 3768 10319 10322 3767
f 3769 10316 10319 3768
f 10325 10326 10329 10328
f 10326 10327 10330 10329
f 10328 10329 10332 10331
f 10329 10330 10333 10332
f 496 3701 10325 3788
f 3701 3702 10326 10325
f 3702 3703 10327 10326
f 3703 495 3769 10327
f 10327 3769 3768 10330
f 10330 3768 3767 10333
f 10333 3767 502 3772
f 10332 10333 3772 3771
f 10331 10332 3771 3770
f 3790 10331 3770 505
f 3789 10328 10331 3790
f 3788 10325 10328 3789
f 10334 10335 10338 10337
f 10335 10336 10339 10338
f 10337 10338 10341 10340
f 10338 10339 10342 10341
f 480 3673 10334 3799
f 3673 3672 10335 10334
f 3672 3671 10336 10335
f 3671 486 3781 10336
f 10336 3781 3780 10339
f 10339 3780 3779 10342
f 10342 3779 499 3758
f 10341 10342 3758 3759
f 10340 10341 3759 3760
f 3797 10340 3760 497
f 3798 10337 10340 3797
f 3799 10334 10337 3798
f 10343 10344 10347 10346
f 10344 10345 10348 10347
f 10346 10347 10350 10349
f 10347 10348 10351 10350
f 490 3632 10343 3785
f 3632 3633 10344 10343
f 3633 3634 10345 10344
f 3634 489 3806 10345
f 10345 3806 3807 10348
f 10348 3807 3808 10351
f 10351 3808 497 3805
f 10350 10351 3805 3804
f 10349 10350 3804 3803
f 3787 10349 3803 501
f 3786 10346 10349 3787
f 3785 10343 10346 3786
f 10352 10353 10356 10355
f 10353 10354 10357 10356
f 10355 10356 10359 10358
f 10356 10357 10360 10359
f 489 3706 10352 3806
f 3706 3705 10353 10352
f 3705 3704 10354 10353
f 3704 510 3823 10354
f 10354 3823 3822 10357
f 10357 3822 3821 10360
f 10360 3821 480 3799
f 10359 10360 3799 3798
f 10358 10359 3798 3797
f 3808 10358 3797 497
f 3807 10355 10358 3808
f 3806 10352 10355 3807
f 10361 10362 10365 10364
f 10362 10363 10366 10365
f 10364 10365 10368 10367
f 10365 10366 10369 10368
f 136 3529 10361 3713
f 3529 3528 10362 10361
f 3528 3527 10363 10362
f 3527 507 3824 10363
f 10363 3824 3825 10366
f 10366 3825 3826 10369
f 10369 3826 510 3704
f 10368 10369 3704 3705
f 10367 10368 3705 3706
f 3715 10367 3706 489
f 3714 10364 10367 3715
f 3713 10361 10364 3714
f 10370 10371 10374 10373
f 10371 10372 10375 10374
f 10373 10374 10377 10376
f 10374 10375 10378 10377
f 118 3815 10370 3602
f 3815 3816 10371 10370
f 3816 3817 10372 10371
f 3817 508 3827 10372
f 10372 3827 3828 10375
f 10375 3828 3829 10378
f 10378 3829 509 3820
f 10377 10378 3820 3819
f 10376 10377 3819 3818
f 3604 10376 3818 464
f 3603 10373 10376 3604
f 3602 10370 10373 3603
f 10379 10380 10383 10382
f 10380 10381 10384 10383
f 10382 10383 10386 10385
f 10383 10384 10387 10386
f 118 1508 10379 3815
f 1508 1509 10380 10379
f 1509 1510 10381 10380
f 1510 121 3809 10381
f 10381 3809 3810 10384
f 10384 3810 3811 10387
f 10387 3811 506 3830
f 10386 10387 3830 3831
f 10385 10386 3831 3832
f 3817 10385 3832 508
f 3816 10382 10385 3817
f 3815 10379 10382 3816
f 10388 10389 10392 10391
f 10389 10390 10393 10392
f 10391 10392 10395 10394
f 10392 10393 10396 10395
f 121 1496 10388 3809
f 1496 1497 10389 10388
f 1497 1498 10390 10389
f 1498 117 3812 10390
f 10390 3812 3813 10393
f 10393 3813 3814 10396
f 10396 3814 507 3833
f 10395 10396 3833 3834
f 10394 10395 3834 3835
f 3811 10394 3835 506
f 3810 10391 10394 3811
f 3809 10388 10391 3810
f 10397 10398 10401 10400
f 10398 10399 10402 10401
f 10400 10401 10404 10403
f 10401 10402 10405 10404
f 153 3538 10397 3719
f 3538 3537 10398 10397
f 3537 3536 10399 10398
f 3536 512 3851 10399
f 10399 3851 3852 10402
f 10402 3852 3853 10405
f 10405 3853 515 3707
f 10404 10405 3707 3708
f 10403 10404 3708 3709
f 3721 10403 3709 492
f 3720 10400 10403 3721
f 3719 10397 10400 3720
f 10406 10407 10410 10409
f 10407 10408 10411 10410
f 10409 10410 10413 10412
f 10410 10411 10414 10413
f 135 3842 10406 3611
f 3842 3843 10407 10406
f 3843 3844 10408 10407
f 3844 513 3854 10408
f 10408 3854 3855 10411
f 10411 3855 3856 10414
f 10414 3856 514 3847
f 10413 10414 3847 3846
f 10412 10413 3846 3845
f 3613 10412 3845 467
f 3612 10409 10412 3613
f 3611 10406 10409 3612
f 10415 10416 10419 10418
f 10416 10417 10420 10419
f 10418 10419 10422 10421
f 10419 10420 10423 10422
f 135 1580 10415 3842
f 1580 1581 10416 10415
f 1581 1582 10417 10416
f 1582 138 3836 10417
f 10417 3836 3837 10420
f 10420 3837 3838 10423
f 10423 3838 511 3857
f 10422 10423 3857 3858
f 10421 10422 3858 3859
f 3844 10421 3859 513
f 3843 10418 10421 3844
f 3842 10415 10418 3843
f 10424 10425 10428 10427
f 10425 10426 10429 10428
f 10427 10428 10431 10430
f 10428 10429 10432 10431
f 138 1568 10424 3836
f 1568 1569 10425 10424
f 1569 1570 10426 10425
f 1570 134 3839 10426
f 10426 3839 3840 10429
f 10429 3840 3841 10432
f 10432 3841 512 3860
f 10431 10432 3860 3861
f 10430 10431 3861 3862
f 3838 10430 3862 511
f 3837 10427 10430 3838
f 3836 10424 10427 3837
f 10433 10434 10437 10436
f 10434 10435 10438 10437
f 10436 10437 10440 10439
f 10437 10438 10441 10440
f 170 3547 10433 3725
f 3547 3546 10434 10433
f 3546 3545 10435 10434
f 3545 517 3878 10435
f 10435 3878 3879 10438
f 10438 3879 3880 10441
f 10441 3880 520 3710
f 10440 10441 3710 3711
f 10439 10440 3711 3712
f 3727 10439 3712 495
f 3726 10436 10439 3727
f 3725 10433 10436 3726
f 10442 10443 10446 10445
f 10443 10444 10447 10446
f 10445 10446 10449 10448
f 10446 10447 10450 10449
f 152 3869 10442 3616
f 3869 3870 10443 10442
f 3870 3871 10444 10443
f 3871 518 3881 10444
f 10444 3881 3882 10447
f 10447 3882 3883 10450
f 10450 3883 519 3874
f 10449 10450 3874 3873
f 10448 10449 3873 3872
f 3614 10448 3872 470
f 3615 10445 10448 3614
f 3616 10442 10445 3615
f 10451 10452 10455 10454
f 10452 10453 10456 10455
f 10454 10455 10458 10457
f 10455 10456 10459 10458
f 152 1652 10451 3869
f 1652 1653 10452 10451
f 1653 1654 10453 10452
f 1654 155 3863 10453
f 10453 3863 3864 10456
f 10456 3864 3865 10459
f 10459 3865 516 3884
f 10458 10459 3884 3885
f 10457 10458 3885 3886
f 3871 10457 3886 518
f 3870 10454 10457 3871
f 3869 10451 10454 3870
f 10460 10461 10464 10463
f 10461 10462 10465 10464
f 10463 10464 10467 10466
f 10464 10465 10468 10467
f 155 1640 10460 3863
f 1640 1641 10461 10460
f 1641 1642 10462 10461
f 1642 151 3866 10462
f 10462 3866 3867 10465
f 10465 3867 3868 10468
f 10468 3868 517 3887
f 10467 10468 3887 3888
f 10466 10467 3888 3889
f 3865 10466 3889 516
f 3864 10463 10466 3865
f 3863 10460 10463 3864
f 10469 10470 10473 10472
f 10470 10471 10474 10473
f 10472 10473 10476 10475
f 10473 10474 10477 10476
f 172 3890 10469 1726
f 3890 3891 10470 10469
f 3891 3892 10471 10470
f 3892 521 3898 10471
f 10471 3898 3897 10474
f 10474 3897 3896 10477
f 10477 3896 473 3619
f 10476 10477 3619 3618
f 10475 10476 3618 3617
f 1724 10475 3617 169
f 1725 10472 10475 1724
f 1726 10469 10472 1725
f 10478 10479 10482 10481
f 10479 10480 10483 10482
f 10481 10482 10485 10484
f 10482 10483 10486 10485
f 485 3655 10478 3899
f 3655 3654 10479 10478
f 3654 3653 10480 10479
f 3653 473 3896 10480
f 10480 3896 3897 10483
f 10483 3897 3898 10486
f 10486 3898 521 3893
f 10485 10486 3893 3894
f 10484 10485 3894 3895
f 3901 10484 3895 522
f 3900 10481 10484 3901
f 3899 10478 10481 3900
f 10487 10488 10491 10490
f 10488 10489 10492 10491
f 10490 10491 10494 10493
f 10491 10492 10495 10494
f 172 1712 10487 3890
f 1712 1713 10488 10487
f 1713 1714 10489 10488
f 1714 168 3748 10489
f 10489 3748 3747 10492
f 10492 3747 3746 10495
f 10495 3746 494 3902
f 10494 10495 3902 3903
f 10493 10494 3903 3904
f 3892 10493 3904 521
f 3891 10490 10493 3892
f 3890 10487 10490 3891
f 10496 10497 10500 10499
f 10497 10498 10501 10500
f 10499 10500 10503 10502
f 10500 10501 10504 10503
f 504 3905 10496 3791
f 3905 3906 10497 10496
f 3906 3907 10498 10497
f 3907 522 3895 10498
f 10498 3895 3894 10501
f 10501 3894 3893 10504
f 10504 3893 521 3904
f 10503 10504 3904 3903
f 10502 10503 3903 3902
f 3793 10502 3902 494
f 3792 10499 10502 3793
f 3791 10496 10499 3792
f 10505 10506 10509 10508
f 10506 10507 10510 10509
f 10508 10509 10512 10511
f 10509 10510 10513 10512
f 123 1502 10505 3908
f 1502 1503 10506 10505
f 1503 1504 10507 10506
f 1504 120 3589 10507
f 10507 3589 3588 10510
f 10510 3588 3587 10513
f 10513 3587 465 3914
f 10512 10513 3914 3915
f 10511 10512 3915 3916
f 3910 10511 3916 523
f 3909 10508 10511 3910
f 3908 10505 10508 3909
f 10514 10515 10518 10517
f 10515 10516 10519 10518
f 10517 10518 10521 10520
f 10518 10519 10522 10521
f 524 3913 10514 3919
f 3913 3912 10515 10514
f 3912 3911 10516 10515
f 3911 523 3916 10516
f 10516 3916 3915 10519
f 10519 3915 3914 10522
f 10522 3914 465 3688
f 10521 10522 3688 3687
f 10520 10521 3687 3686
f 3917 10520 3686 477
f 3918 10517 10520 3917
f 3919 10514 10517 3918
f 10523 10524 10527 10526
f 10524 10525 10528 10527
f 10526 10527 10530 10529
f 10527 10528 10531 10530
f 123 3908 10523 1516
f 3908 3909 10524 10523
f 3909 3910 10525 10524
f 3910 523 3922 10525
f 10525 3922 3921 10528
f 10528 3921 3920 10531
f 10531 3920 483 3745
f 10530 10531 3745 3744
f 10529 10530 3744 3743
f 1514 10529 3743 119
f 1515 10526 10529 1514
f 1516 10523 10526 1515
f 10532 10533 10536 10535
f 10533 10534 10537 10536
f 10535 10536 10539 10538
f 10536 10537 10540 10539
f 498 3778 10532 3923
f 3778 3777 10533 10532
f 3777 3776 10534 10533
f 3776 483 3920 10534
f 10534 3920 3921 10537
f 10537 3921 3922 10540
f 10540 3922 523 3911
f 10539 10540 3911 3912
f 10538 10539 3912 3913
f 3925 10538 3913 524
f 3924 10535 10538 3925
f 3923 10532 10535 3924
f 10541 10542 10545 10544
f 10542 10543 10546 10545
f 10544 10545 10548 10547
f 10545 10546 10549 10548
f 476 3662 10541 3991
f 3662 3663 10542 10541
f 3663 3664 10543 10542
f 3664 481 3986 10543
f 10543 3986 3987 10546
f 10546 3987 3988 10549
f 10549 3988 529 3943
f 10548 10549 3943 3942
f 10547 10548 3942 3941
f 3989 10547 3941 525
f 3990 10544 10547 3989
f 3991 10541 10544 3990
f 10550 10551 10554 10553
f 10551 10552 10555 10554
f 10553 10554 10557 10556
f 10554 10555 10558 10557
f 769 3641 10550 5465
f 3641 3642 10551 10550
f 3642 3643 10552 10551
f 3643 485 3992 10552
f 10552 3992 3993 10555
f 10555 3993 3994 10558
f 10558 3994 532 3940
f 10557 10558 3940 3939
f 10556 10557 3939 3938
f 5467 10556 3938 772
f 5466 10553 10556 5467
f 5465 10550 10553 5466
f 10559 10560 10563 10562
f 10560 10561 10564 10563
f 10562 10563 10566 10565
f 10563 10564 10567 10566
f 502 3752 10559 4003
f 3752 3753 10560 10559
f 3753 3754 10561 10560
f 3754 503 3998 10561
f 10561 3998 3999 10564
f 10564 3999 4000 10567
f 10567 4000 540 3955
f 10566 10567 3955 3954
f 10565 10566 3954 3953
f 4001 10565 3953 539
f 4002 10562 10565 4001
f 4003 10559 10562 4002
f 10568 10569 10572 10571
f 10569 10570 10573 10572
f 10571 10572 10575 10574
f 10572 10573 10576 10575
f 477 3622 10568 4009
f 3622 3621 10569 10568
f 3621 3620 10570 10569
f 3620 478 4004 10570
f 10570 4004 4005 10573
f 10573 4005 4006 10576
f 10576 4006 527 3926
f 10575 10576 3926 3927
f 10574 10575 3927 3928
f 4007 10574 3928 526
f 4008 10571 10574 4007
f 4009 10568 10571 4008
f 10577 10578 10581 10580
f 10578 10579 10582 10581
f 10580 10581 10584 10583
f 10581 10582 10585 10584
f 499 3757 10577 4015
f 3757 3756 10578 10577
f 3756 3755 10579 10578
f 3755 498 4010 10579
f 10579 4010 4011 10582
f 10582 4011 4012 10585
f 10585 4012 535 3956
f 10584 10585 3956 3957
f 10583 10584 3957 3958
f 4013 10583 3958 536
f 4014 10580 10583 4013
f 4015 10577 10580 4014
f 10586 10587 10590 10589
f 10587 10588 10591 10590
f 10589 10590 10593 10592
f 10590 10591 10594 10593
f 503 3800 10586 3998
f 3800 3801 10587 10586
f 3801 3802 10588 10587
f 3802 500 4016 10588
f 10588 4016 4017 10591
f 10591 4017 4018 10594
f 10594 4018 537 3970
f 10593 10594 3970 3969
f 10592 10593 3969 3968
f 4000 10592 3968 540
f 3999 10589 10592 4000
f 3998 10586 10589 3999
f 10595 10596 10599 10598
f 10596 10597 10600 10599
f 10598 10599 10602 10601
f 10599 10600 10603 10602
f 482 3689 10595 4021
f 3689 3690 10596 10595
f 3690 3691 10597 10596
f 3691 487 3997 10597
f 10597 3997 3996 10600
f 10600 3996 3995 10603
f 10603 3995 533 3949
f 10602 10603 3949 3948
f 10601 10602 3948 3947
f 4019 10601 3947 530
f 4020 10598 10601 4019
f 4021 10595 10598 4020
f 10604 10605 10608 10607
f 10605 10606 10609 10608
f 10607 10608 10611 10610
f 10608 10609 10612 10611
f 478 3625 10604 4004
f 3625 3624 10605 10604
f 3624 3623 10606 10605
f 3623 476 3991 10606
f 10606 3991 3990 10609
f 10609 3990 3989 10612
f 10612 3989 525 3929
f 10611 10612 3929 3930
f 10610 10611 3930 3931
f 4006 10610 3931 527
f 4005 10607 10610 4006
f 4004 10604 10607 4005
f 10613 10614 10617 10616
f 10614 10615 10618 10617
f 10616 10617 10620 10619
f 10617 10618 10621 10620
f 497 3760 10613 4024
f 3760 3759 10614 10613
f 3759 3758 10615 10614
f 3758 499 4015 10615
f 10615 4015 4014 10618
f 10618 4014 4013 10621
f 10621 4013 536 3959
f 10620 10621 3959 3960
f 10619 10620 3960 3961
f 4022 10619 3961 534
f 4023 10616 10619 4022
f 4024 10613 10616 4023
f 10622 10623 10626 10625
f 10623 10624 10627 10626
f 10625 10626 10629 10628
f 10626 10627 10630 10629
f 501 3803 10622 4027
f 3803 3804 10623 10622
f 3804 3805 10624 10623
f 3805 497 4024 10624
f 10624 4024 4023 10627
f 10627 4023 4022 10630
f 10630 4022 534 3973
f 10629 10630 3973 3972
f 10628 10629 3972 3971
f 4025 10628 3971 538
f 4026 10625 10628 4025
f 4027 10622 10625 4026
f 10631 10632 10635 10634
f 10632 10633 10636 10635
f 10634 10635 10638 10637
f 10635 10636 10639 10638
f 771 3761 10631 5462
f 3761 3762 10632 10631
f 3762 3763 10633 10632
f 3763 505 4028 10633
f 10633 4028 4029 10636
f 10636 4029 4030 10639
f 10639 4030 542 3964
f 10638 10639 3964 3963
f 10637 10638 3963 3962
f 5464 10637 3962 773
f 5463 10634 10637 5464
f 5462 10631 10634 5463
f 10640 10641 10644 10643
f 10641 10642 10645 10644
f 10643 10644 10647 10646
f 10644 10645 10648 10647
f 524 3919 10640 4036
f 3919 3918 10641 10640
f 3918 3917 10642 10641
f 3917 477 4009 10642
f 10642 4009 4008 10645
f 10645 4008 4007 10648
f 10648 4007 526 3980
f 10647 10648 3980 3981
f 10646 10647 3981 3982
f 4034 10646 3982 544
f 4035 10643 10646 4034
f 4036 10640 10643 4035
f 10649 10650 10653 10652
f 10650 10651 10654 10653
f 10652 10653 10656 10655
f 10653 10654 10657 10656
f 850 3629 10649 5915
f 3629 3630 10650 10649
f 3630 3631 10651 10650
f 3631 479 4037 10651
f 10651 4037 4038 10654
f 10654 4038 4039 10657
f 10657 4039 528 3934
f 10656 10657 3934 3933
f 10655 10656 3933 3932
f 5917 10655 3932 852
f 5916 10652 10655 5917
f 5915 10649 10652 5916
f 10658 10659 10662 10661
f 10659 10660 10663 10662
f 10661 10662 10665 10664
f 10662 10663 10666 10665
f 485 3899 10658 3992
f 3899 3900 10659 10658
f 3900 3901 10660 10659
f 3901 522 4040 10660
f 10660 4040 4041 10663
f 10663 4041 4042 10666
f 10666 4042 543 3976
f 10665 10666 3976 3975
f 10664 10665 3975 3974
f 3994 10664 3974 532
f 3993 10661 10664 3994
f 3992 10658 10661 3993
f 10667 10668 10671 10670
f 10668 10669 10672 10671
f 10670 10671 10674 10673
f 10671 10672 10675 10674
f 498 3923 10667 4010
f 3923 3924 10668 10667
f 3924 3925 10669 10668
f 3925 524 4036 10669
f 10669 4036 4035 10672
f 10672 4035 4034 10675
f 10675 4034 544 3985
f 10674 10675 3985 3984
f 10673 10674 3984 3983
f 4012 10673 3983 535
f 4011 10670 10673 4012
f 4010 10667 10670 4011
f 10676 10677 10680 10679
f 10677 10678 10681 10680
f 10679 10680 10683 10682
f 10680 10681 10684 10683
f 484 3635 10676 4045
f 3635 3636 10677 10676
f 3636 3637 10678 10677
f 3637 482 4021 10678
f 10678 4021 4020 10681
f 10681 4020 4019 10684
f 10684 4019 530 3937
f 10683 10684 3937 3936
f 10682 10683 3936 3935
f 4043 10682 3935 531
f 4044 10679 10682 4043
f 4045 10676 10679 4044
f 10685 10686 10689 10688
f 10686 10687 10690 10689
f 10688 10689 10692 10691
f 10689 10690 10693 10692
f 505 3770 10685 4028
f 3770 3771 10686 10685
f 3771 3772 10687 10686
f 3772 502 4003 10687
f 10687 4003 4002 10690
f 10690 4002 4001 10693
f 10693 4001 539 3967
f 10692 10693 3967 3966
f 10691 10692 3966 3965
f 4030 10691 3965 542
f 4029 10688 10691 4030
f 4028 10685 10688 4029
f 10694 10695 10698 10697
f 10695 10696 10699 10698
f 10697 10698 10701 10700
f 10698 10699 10702 10701
f 851 3749 10694 5912
f 3749 3750 10695 10694
f 3750 3751 10696 10695
f 3751 501 4027 10696
f 10696 4027 4026 10699
f 10699 4026 4025 10702
f 10702 4025 538 3952
f 10701 10702 3952 3951
f 10700 10701 3951 3950
f 5914 10700 3950 853
f 5913 10697 10700 5914
f 5912 10694 10697 5913
f 10703 10704 10707 10706
f 10704 10705 10708 10707
f 10706 10707 10710 10709
f 10707 10708 10711 10710
f 522 3907 10703 4040
f 3907 3906 10704 10703
f 3906 3905 10705 10704
f 3905 504 4033 10705
f 10705 4033 4032 10708
f 10708 4032 4031 10711
f 10711 4031 541 3977
f 10710 10711 3977 3978
f 10709 10710 3978 3979
f 4042 10709 3979 543
f 4041 10706 10709 4042
f 4040 10703 10706 4041
f 10712 10713 10716 10715
f 10713 10714 10717 10716
f 10715 10716 10719 10718
f 10716 10717 10720 10719
f 479 3683 10712 4037
f 3683 3684 10713 10712
f 3684 3685 10714 10713
f 3685 484 4045 10714
f 10714 4045 4044 10717
f 10717 4044 4043 10720
f 10720 4043 531 3946
f 10719 10720 3946 3945
f 10718 10719 3945 3944
f 4039 10718 3944 528
f 4038 10715 10718 4039
f 4037 10712 10715 4038
f 10721 10722 10725 10724
f 10722 10723 10726 10725
f 10724 10725 10728 10727
f 10725 10726 10729 10728
f 526 3928 10721 4111
f 3928 3927 10722 10721
f 3927 3926 10723 10722
f 3926 527 4106 10723
f 10723 4106 4107 10726
f 10726 4107 4108 10729
f 10729 4108 547 4046
f 10728 10729 4046 4047
f 10727 10728 4047 4048
f 4109 10727 4048 546
f 4110 10724 10727 4109
f 4111 10721 10724 4110
f 10730 10731 10734 10733
f 10731 10732 10735 10734
f 10733 10734 10737 10736
f 10734 10735 10738 10737
f 538 3971 10730 4117
f 3971 3972 10731 10730
f 3972 3973 10732 10731
f 3973 534 4112 10732
f 10732 4112 4113 10735
f 10735 4113 4114 10738
f 10738 4114 554 4093
f 10737 10738 4093 4092
f 10736 10737 4092 4091
f 4115 10736 4091 558
f 4116 10733 10736 4115
f 4117 10730 10733 4116
f 10739 10740 10743 10742
f 10740 10741 10744 10743
f 10742 10743 10746 10745
f 10743 10744 10747 10746
f 853 3950 10739 5909
f 3950 3951 10740 10739
f 3951 3952 10741 10740
f 3952 538 4117 10741
f 10741 4117 4116 10744
f 10744 4116 4115 10747
f 10747 4115 558 4072
f 10746 10747 4072 4071
f 10745 10746 4071 4070
f 5911 10745 4070 855
f 5910 10742 10745 5911
f 5909 10739 10742 5910
f 10748 10749 10752 10751
f 10749 10750 10753 10752
f 10751 10752 10755 10754
f 10752 10753 10756 10755
f 527 3931 10748 4106
f 3931 3930 10749 10748
f 3930 3929 10750 10749
f 3929 525 4121 10750
f 10750 4121 4122 10753
f 10753 4122 4123 10756
f 10756 4123 545 4049
f 10755 10756 4049 4050
f 10754 10755 4050 4051
f 4108 10754 4051 547
f 4107 10751 10754 4108
f 4106 10748 10751 4107
f 10757 10758 10761 10760
f 10758 10759 10762 10761
f 10760 10761 10764 10763
f 10761 10762 10765 10764
f 532 3974 10757 4129
f 3974 3975 10758 10757
f 3975 3976 10759 10758
f 3976 543 4124 10759
f 10759 4124 4125 10762
f 10762 4125 4126 10765
f 10765 4126 563 4096
f 10764 10765 4096 4095
f 10763 10764 4095 4094
f 4127 10763 4094 552
f 4128 10760 10763 4127
f 4129 10757 10760 4128
f 10766 10767 10770 10769
f 10767 10768 10771 10770
f 10769 10770 10773 10772
f 10770 10771 10774 10773
f 539 3953 10766 4135
f 3953 3954 10767 10766
f 3954 3955 10768 10767
f 3955 540 4130 10768
f 10768 4130 4131 10771
f 10771 4131 4132 10774
f 10774 4132 560 4075
f 10773 10774 4075 4074
f 10772 10773 4074 4073
f 4133 10772 4073 559
f 4134 10769 10772 4133
f 4135 10766 10769 4134
f 10775 10776 10779 10778
f 10776 10777 10780 10779
f 10778 10779 10782 10781
f 10779 10780 10783 10782
f 852 3932 10775 5906
f 3932 3933 10776 10775
f 3933 3934 10777 10776
f 3934 528 4136 10777
f 10777 4136 4137 10780
f 10780 4137 4138 10783
f 10783 4138 548 4054
f 10782 10783 4054 4053
f 10781 10782 4053 4052
f 5908 10781 4052 854
f 5907 10778 10781 5908
f 5906 10775 10778 5907
f 10784 10785 10788 10787
f 10785 10786 10789 10788
f 10787 10788 10791 10790
f 10788 10789 10792 10791
f 543 3979 10784 4124
f 3979 3978 10785 10784
f 3978 3977 10786 10785
f 3977 541 4142 10786
f 10786 4142 4143 10789
f 10789 4143 4144 10792
f 10792 4144 561 4097
f 10791 10792 4097 4098
f 10790 10791 4098 4099
f 4126 10790 4099 563
f 4125 10787 10790 4126
f 4124 10784 10787 4125
f 10793 10794 10797 10796
f 10794 10795 10798 10797
f 10796 10797 10800 10799
f 10797 10798 10801 10800
f 536 3958 10793 4150
f 3958 3957 10794 10793
f 3957 3956 10795 10794
f 3956 535 4145 10795
f 10795 4145 4146 10798
f 10798 4146 4147 10801
f 10801 4147 555 4076
f 10800 10801 4076 4077
f 10799 10800 4077 4078
f 4148 10799 4078 556
f 4149 10796 10799 4148
f 4150 10793 10796 4149
f 10802 10803 10806 10805
f 10803 10804 10807 10806
f 10805 10806 10809 10808
f 10806 10807 10810 10809
f 531 3935 10802 4156
f 3935 3936 10803 10802
f 3936 3937 10804 10803
f 3937 530 4151 10804
f 10804 4151 4152 10807
f 10807 4152 4153 10810
f 10810 4153 550 4057
f 10809 10810 4057 4056
f 10808 10809 4056 4055
f 4154 10808 4055 551
f 4155 10805 10808 4154
f 4156 10802 10805 4155
f 10811 10812 10815 10814
f 10812 10813 10816 10815
f 10814 10815 10818 10817
f 10815 10816 10819 10818
f 544 3982 10811 4159
f 3982 3981 10812 10811
f 3981 3980 10813 10812
f 3980 526 4111 10813
f 10813 4111 4110 10816
f 10816 4110 4109 10819
f 10819 4109 546 4100
f 10818 10819 4100 4101
f 10817 10818 4101 4102
f 4157 10817 4102 564
f 4158 10814 10817 4157
f 4159 10811 10814 4158
f 10820 10821 10824 10823
f 10821 10822 10825 10824
f 10823 10824 10827 10826
f 10824 10825 10828 10827
f 534 3961 10820 4112
f 3961 3960 10821 10820
f 3960 3959 10822 10821
f 3959 536 4150 10822
f 10822 4150 4149 10825
f 10825 4149 4148 10828
f 10828 4148 556 4079
f 10827 10828 4079 4080
f 10826 10827 4080 4081
f 4114 10826 4081 554
f 4113 10823 10826 4114
f 4112 10820 10823 4113
f 10829 10830 10833 10832
f 10830 10831 10834 10833
f 10832 10833 10836 10835
f 10833 10834 10837 10836
f 772 3938 10829 5459
f 3938 3939 10830 10829
f 3939 3940 10831 10830
f 3940 532 4129 10831
f 10831 4129 4128 10834
f 10834 4128 4127 10837
f 10837 4127 552 4060
f 10836 10837 4060 4059
f 10835 10836 4059 4058
f 5461 10835 4058 774
f 5460 10832 10835 5461
f 5459 10829 10832 5460
f 10838 10839 10842 10841
f 10839 10840 10843 10842
f 10841 10842 10845 10844
f 10842 10843 10846 10845
f 535 3983 10838 4145
f 3983 3984 10839 10838
f 3984 3985 10840 10839
f 3985 544 4159 10840
f 10840 4159 4158 10843
f 10843 4158 4157 10846
f 10846 4157 564 4105
f 10845 10846 4105 4104
f 10844 10845 4104 4103
f 4147 10844 4103 555
f 4146 10841 10844 4147
f 4145 10838 10841 4146
f 10847 10848 10851 10850
f 10848 10849 10852 10851
f 10850 10851 10854 10853
f 10851 10852 10855 10854
f 773 3962 10847 5456
f 3962 3963 10848 10847
f 3963 3964 10849 10848
f 3964 542 4163 10849
f 10849 4163 4164 10852
f 10852 4164 4165 10855
f 10855 4165 562 4084
f 10854 10855 4084 4083
f 10853 10854 4083 4082
f 5458 10853 4082 775
f 5457 10850 10853 5458
f 5456 10847 10850 5457
f 10856 10857 10860 10859
f 10857 10858 10861 10860
f 10859 10860 10863 10862
f 10860 10861 10864 10863
f 525 3941 10856 4121
f 3941 3942 10857 10856
f 3942 3943 10858 10857
f 3943 529 4141 10858
f 10858 4141 4140 10861
f 10861 4140 4139 10864
f 10864 4139 549 4063
f 10863 10864 4063 4062
f 10862 10863 4062 4061
f 4123 10862 4061 545
f 4122 10859 10862 4123
f 4121 10856 10859 4122
f 10865 10866 10869 10868
f 10866 10867 10870 10869
f 10868 10869 10872 10871
f 10869 10870 10873 10872
f 542 3965 10865 4163
f 3965 3966 10866 10865
f 3966 3967 10867 10866
f 3967 539 4135 10867
f 10867 4135 4134 10870
f 10870 4134 4133 10873
f 10873 4133 559 4087
f 10872 10873 4087 4086
f 10871 10872 4086 4085
f 4165 10871 4085 562
f 4164 10868 10871 4165
f 4163 10865 10868 4164
f 10874 10875 10878 10877
f 10875 10876 10879 10878
f 10877 10878 10881 10880
f 10878 10879 10882 10881
f 528 3944 10874 4136
f 3944 3945 10875 10874
f 3945 3946 10876 10875
f 3946 531 4156 10876
f 10876 4156 4155 10879
f 10879 4155 4154 10882
f 10882 4154 551 4066
f 10881 10882 4066 4065
f 10880 10881 4065 4064
f 4138 10880 4064 548
f 4137 10877 10880 4138
f 4136 10874 10877 4137
f 10883 10884 10887 10886
f 10884 10885 10888 10887
f 10886 10887 10890 10889
f 10887 10888 10891 10890
f 540 3968 10883 4130
f 3968 3969 10884 10883
f 3969 3970 10885 10884
f 3970 537 4120 10885
f 10885 4120 4119 10888
f 10888 4119 4118 10891
f 10891 4118 557 4090
f 10890 10891 4090 4089
f 10889 10890 4089 4088
f 4132 10889 4088 560
f 4131 10886 10889 4132
f 4130 10883 10886 4131
f 10892 10893 10896 10895
f 10893 10894 10897 10896
f 10895 10896 10899 10898
f 10896 10897 10900 10899
f 530 3947 10892 4151
f 3947 3948 10893 10892
f 3948 3949 10894 10893
f 3949 533 4162 10894
f 10894 4162 4161 10897
f 10897 4161 4160 10900
f 10900 4160 553 4069
f 10899 10900 4069 4068
f 10898 10899 4068 4067
f 4153 10898 4067 550
f 4152 10895 10898 4153
f 4151 10892 10895 4152
f 10901 10902 10905 10904
f 10902 10903 10906 10905
f 10904 10905 10908 10907
f 10905 10906 10909 10908
f 571 4228 10901 4195
f 4228 4227 10902 10901
f 4227 4226 10903 10902
f 4226 570 4175 10903
f 10903 4175 4176 10906
f 10906 4176 4177 10909
f 10909 4177 565 4174
f 10908 10909 4174 4173
f 10907 10908 4173 4172
f 4193 10907 4172 568
f 4194 10904 10907 4193
f 4195 10901 10904 4194
f 10910 10911 10914 10913
f 10911 10912 10915 10914
f 10913 10914 10917 10916
f 10914 10915 10918 10917
f 570 4222 10910 4175
f 4222 4221 10911 10910
f 4221 4220 10912 10911
f 4220 574 4181 10912
f 10912 4181 4182 10915
f 10915 4182 4183 10918
f 10918 4183 567 4169
f 10917 10918 4169 4170
f 10916 10917 4170 4171
f 4177 10916 4171 565
f 4176 10913 10916 4177
f 4175 10910 10913 4176
f 10919 10920 10923 10922
f 10920 10921 10924 10923
f 10922 10923 10926 10925
f 10923 10924 10927 10926
f 574 4216 10919 4181
f 4216 4215 10920 10919
f 4215 4214 10921 10920
f 4214 576 4184 10921
f 10921 4184 4185 10924
f 10924 4185 4186 10927
f 10927 4186 566 4166
f 10926 10927 4166 4167
f 10925 10926 4167 4168
f 4183 10925 4168 567
f 4182 10922 10925 4183
f 4181 10919 10922 4182
f 10928 10929 10932 10931
f 10929 10930 10933 10932
f 10931 10932 10935 10934
f 10932 10933 10936 10935
f 556 4078 10928 4199
f 4078 4077 10929 10928
f 4077 4076 10930 10929
f 4076 555 4205 10930
f 10930 4205 4206 10933
f 10933 4206 4207 10936
f 10936 4207 575 4211
f 10935 10936 4211 4212
f 10934 10935 4212 4213
f 4201 10934 4213 573
f 4200 10931 10934 4201
f 4199 10928 10931 4200
f 10937 10938 10941 10940
f 10938 10939 10942 10941
f 10940 10941 10944 10943
f 10941 10942 10945 10944
f 573 4213 10937 4202
f 4213 4212 10938 10937
f 4212 4211 10939 10938
f 4211 575 4208 10939
f 10939 4208 4209 10942
f 10942 4209 4210 10945
f 10945 4210 576 4214
f 10944 10945 4214 4215
f 10943 10944 4215 4216
f 4204 10943 4216 574
f 4203 10940 10943 4204
f 4202 10937 10940 4203
f 10946 10947 10950 10949
f 10947 10948 10951 10950
f 10949 10950 10953 10952
f 10950 10951 10954 10953
f 554 4081 10946 4187
f 4081 4080 10947 10946
f 4080 4079 10948 10947
f 4079 556 4199 10948
f 10948 4199 4200 10951
f 10951 4200 4201 10954
f 10954 4201 573 4217
f 10953 10954 4217 4218
f 10952 10953 4218 4219
f 4189 10952 4219 569
f 4188 10949 10952 4189
f 4187 10946 10949 4188
f 10955 10956 10959 10958
f 10956 10957 10960 10959
f 10958 10959 10962 10961
f 10959 10960 10963 10962
f 569 4219 10955 4190
f 4219 4218 10956 10955
f 4218 4217 10957 10956
f 4217 573 4202 10957
f 10957 4202 4203 10960
f 10960 4203 4204 10963
f 10963 4204 574 4220
f 10962 10963 4220 4221
f 10961 10962 4221 4222
f 4192 10961 4222 570
f 4191 10958 10961 4192
f 4190 10955 10958 4191
f 10964 10965 10968 10967
f 10965 10966 10969 10968
f 10967 10968 10971 10970
f 10968 10969 10972 10971
f 558 4091 10964 4180
f 4091 4092 10965 10964
f 4092 4093 10966 10965
f 4093 554 4187 10966
f 10966 4187 4188 10969
f 10969 4188 4189 10972
f 10972 4189 569 4223
f 10971 10972 4223 4224
f 10970 10971 4224 4225
f 4178 10970 4225 572
f 4179 10967 10970 4178
f 4180 10964 10967 4179
f 10973 10974 10977 10976
f 10974 10975 10978 10977
f 10976 10977 10980 10979
f 10977 10978 10981 10980
f 572 4225 10973 4198
f 4225 4224 10974 10973
f 4224 4223 10975 10974
f 4223 569 4190 10975
f 10975 4190 4191 10978
f 10978 4191 4192 10981
f 10981 4192 570 4226
f 10980 10981 4226 4227
f 10979 10980 4227 4228
f 4196 10979 4228 571
f 4197 10976 10979 4196
f 4198 10973 10976 4197
f 10982 10983 10986 10985
f 10983 10984 10987 10986
f 10985 10986 10989 10988
f 10986 10987 10990 10989
f 583 4291 10982 4258
f 4291 4290 10983 10982
f 4290 4289 10984 10983
f 4289 582 4238 10984
f 10984 4238 4239 10987
f 10987 4239 4240 10990
f 10990 4240 577 4237
f 10989 10990 4237 4236
f 10988 10989 4236 4235
f 4256 10988 4235 580
f 4257 10985 10988 4256
f 4258 10982 10985 4257
f 10991 10992 10995 10994
f 10992 10993 10996 10995
f 10994 10995 10998 10997
f 10995 10996 10999 10998
f 778 5359 10991 5453
f 5359 5358 10992 10991
f 5358 5357 10993 10992
f 5357 583 4258 10993
f 10993 4258 4257 10996
f 10996 4257 4256 10999
f 10999 4256 580 4234
f 10998 10999 4234 4233
f 10997 10998 4233 4232
f 5455 10997 4232 776
f 5454 10994 10997 5455
f 5453 10991 10994 5454
f 11000 11001 11004 11003
f 11001 11002 11005 11004
f 11003 11004 11007 11006
f 11004 11005 11008 11007
f 582 4279 11000 4238
f 4279 4278 11001 11000
f 4278 4277 11002 11001
f 4277 588 4247 11002
f 11002 4247 4248 11005
f 11005 4248 4249 11008
f 11008 4249 578 4231
f 11007 11008 4231 4230
f 11006 11007 4230 4229
f 4240 11006 4229 577
f 4239 11003 11006 4240
f 4238 11000 11003 4239
f 11009 11010 11013 11012
f 11010 11011 11014 11013
f 11012 11013 11016 11015
f 11013 11014 11017 11016
f 559 4073 11009 4250
f 4073 4074 11010 11009
f 4074 4075 11011 11010
f 4075 560 4268 11011
f 11011 4268 4269 11014
f 11014 4269 4270 11017
f 11017 4270 587 4274
f 11016 11017 4274 4275
f 11015 11016 4275 4276
f 4252 11015 4276 581
f 4251 11012 11015 4252
f 4250 11009 11012 4251
f 11018 11019 11022 11021
f 11019 11020 11023 11022
f 11021 11022 11025 11024
f 11022 11023 11026 11025
f 581 4276 11018 4253
f 4276 4275 11019 11018
f 4275 4274 11020 11019
f 4274 587 4271 11020
f 11020 4271 4272 11023
f 11023 4272 4273 11026
f 11026 4273 588 4277
f 11025 11026 4277 4278
f 11024 11025 4278 4279
f 4255 11024 4279 582
f 4254 11021 11024 4255
f 4253 11018 11021 4254
f 11027 11028 11031 11030
f 11028 11029 11032 11031
f 11030 11031 11034 11033
f 11031 11032 11035 11034
f 775 4082 11027 5450
f 4082 4083 11028 11027
f 4083 4084 11029 11028
f 4084 562 4243 11029
f 11029 4243 4242 11032
f 11032 4242 4241 11035
f 11035 4241 584 5354
f 11034 11035 5354 5355
f 11033 11034 5355 5356
f 5452 11033 5356 777
f 5451 11030 11033 5452
f 5450 11027 11030 5451
f 11036 11037 11040 11039
f 11037 11038 11041 11040
f 11039 11040 11043 11042
f 11040 11041 11044 11043
f 777 5356 11036 5447
f 5356 5355 11037 11036
f 5355 5354 11038 11037
f 5354 584 4261 11038
f 11038 4261 4260 11041
f 11041 4260 4259 11044
f 11044 4259 583 5357
f 11043 11044 5357 5358
f 11042 11043 5358 5359
f 5449 11042 5359 778
f 5448 11039 11042 5449
f 5447 11036 11039 5448
f 11045 11046 11049 11048
f 11046 11047 11050 11049
f 11048 11049 11052 11051
f 11049 11050 11053 11052
f 562 4085 11045 4243
f 4085 4086 11046 11045
f 4086 4087 11047 11046
f 4087 559 4250 11047
f 11047 4250 4251 11050
f 11050 4251 4252 11053
f 11053 4252 581 4286
f 11052 11053 4286 4287
f 11051 11052 4287 4288
f 4241 11051 4288 584
f 4242 11048 11051 4241
f 4243 11045 11048 4242
f 11054 11055 11058 11057
f 11055 11056 11059 11058
f 11057 11058 11061 11060
f 11058 11059 11062 11061
f 584 4288 11054 4261
f 4288 4287 11055 11054
f 4287 4286 11056 11055
f 4286 581 4253 11056
f 11056 4253 4254 11059
f 11059 4254 4255 11062
f 11062 4255 582 4289
f 11061 11062 4289 4290
f 11060 11061 4290 4291
f 4259 11060 4291 583
f 4260 11057 11060 4259
f 4261 11054 11057 4260
f 11063 11064 11067 11066
f 11064 11065 11068 11067
f 11066 11067 11070 11069
f 11067 11068 11071 11070
f 855 4070 11063 5903
f 4070 4071 11064 11063
f 4071 4072 11065 11064
f 4072 558 4180 11065
f 11065 4180 4179 11068
f 11068 4179 4178 11071
f 11071 4178 572 5822
f 11070 11071 5822 5823
f 11069 11070 5823 5824
f 5905 11069 5824 856
f 5904 11066 11069 5905
f 5903 11063 11066 5904
f 11072 11073 11076 11075
f 11073 11074 11077 11076
f 11075 11076 11079 11078
f 11076 11077 11080 11079
f 857 4304 11072 5900
f 4304 4305 11073 11072
f 4305 4306 11074 11073
f 4306 590 4297 11074
f 11074 4297 4296 11077
f 11077 4296 4295 11080
f 11080 4295 589 4303
f 11079 11080 4303 4302
f 11078 11079 4302 4301
f 5902 11078 4301 856
f 5901 11075 11078 5902
f 5900 11072 11075 5901
f 11081 11082 11085 11084
f 11082 11083 11086 11085
f 11084 11085 11088 11087
f 11085 11086 11089 11088
f 858 5899 11081 5830
f 5899 5898 11082 11081
f 5898 5897 11083 11082
f 5897 857 5827 11083
f 11083 5827 5826 11086
f 11086 5826 5825 11089
f 11089 5825 571 4195
f 11088 11089 4195 4194
f 11087 11088 4194 4193
f 5828 11087 4193 568
f 5829 11084 11087 5828
f 5830 11081 11084 5829
f 11090 11091 11094 11093
f 11091 11092 11095 11094
f 11093 11094 11097 11096
f 11094 11095 11098 11097
f 557 4292 11090 4090
f 4292 4293 11091 11090
f 4293 4294 11092 11091
f 4294 589 4312 11092
f 11092 4312 4311 11095
f 11095 4311 4310 11098
f 11098 4310 587 4270
f 11097 11098 4270 4269
f 11096 11097 4269 4268
f 4088 11096 4268 560
f 4089 11093 11096 4088
f 4090 11090 11093 4089
f 11099 11100 11103 11102
f 11100 11101 11104 11103
f 11102 11103 11106 11105
f 11103 11104 11107 11106
f 588 4273 11099 4313
f 4273 4272 11100 11099
f 4272 4271 11101 11100
f 4271 587 4310 11101
f 11101 4310 4311 11104
f 11104 4311 4312 11107
f 11107 4312 589 4295
f 11106 11107 4295 4296
f 11105 11106 4296 4297
f 4315 11105 4297 590
f 4314 11102 11105 4315
f 4313 11099 11102 4314
f 11108 11109 11112 11111
f 11109 11110 11113 11112
f 11111 11112 11115 11114
f 11112 11113 11116 11115
f 578 4249 11108 4316
f 4249 4248 11109 11108
f 4248 4247 11110 11109
f 4247 588 4313 11110
f 11110 4313 4314 11113
f 11113 4314 4315 11116
f 11116 4315 590 4298
f 11115 11116 4298 4299
f 11114 11115 4299 4300
f 4318 11114 4300 591
f 4317 11111 11114 4318
f 4316 11108 11111 4317
f 11117 11118 11121 11120
f 11118 11119 11122 11121
f 11120 11121 11124 11123
f 11121 11122 11125 11124
f 548 4064 11117 4345
f 4064 4065 11118 11117
f 4065 4066 11119 11118
f 4066 551 4340 11119
f 11119 4340 4341 11122
f 11122 4341 4342 11125
f 11125 4342 598 4336
f 11124 11125 4336 4335
f 11123 11124 4335 4334
f 4343 11123 4334 595
f 4344 11120 11123 4343
f 4345 11117 11120 4344
f 11126 11127 11130 11129
f 11127 11128 11131 11130
f 11129 11130 11133 11132
f 11130 11131 11134 11133
f 854 4052 11126 5894
f 4052 4053 11127 11126
f 4053 4054 11128 11127
f 4054 548 4345 11128
f 11128 4345 4344 11131
f 11131 4344 4343 11134
f 11134 4343 595 4327
f 11133 11134 4327 4326
f 11132 11133 4326 4325
f 5896 11132 4325 859
f 5895 11129 11132 5896
f 5894 11126 11129 5895
f 11135 11136 11139 11138
f 11136 11137 11140 11139
f 11138 11139 11142 11141
f 11139 11140 11143 11142
f 546 4048 11135 4354
f 4048 4047 11136 11135
f 4047 4046 11137 11136
f 4046 547 4349 11137
f 11137 4349 4350 11140
f 11140 4350 4351 11143
f 11143 4351 594 4319
f 11142 11143 4319 4320
f 11141 11142 4320 4321
f 4352 11141 4321 593
f 4353 11138 11141 4352
f 4354 11135 11138 4353
f 11144 11145 11148 11147
f 11145 11146 11149 11148
f 11147 11148 11151 11150
f 11148 11149 11152 11151
f 550 4067 11144 4360
f 4067 4068 11145 11144
f 4068 4069 11146 11145
f 4069 553 4355 11146
f 11146 4355 4356 11149
f 11149 4356 4357 11152
f 11152 4357 599 4339
f 11151 11152 4339 4338
f 11150 11151 4338 4337
f 4358 11150 4337 597
f 4359 11147 11150 4358
f 4360 11144 11147 4359
f 11153 11154 11157 11156
f 11154 11155 11158 11157
f 11156 11157 11160 11159
f 11157 11158 11161 11160
f 545 4061 11153 4363
f 4061 4062 11154 11153
f 4062 4063 11155 11154
f 4063 549 4348 11155
f 11155 4348 4347 11158
f 11158 4347 4346 11161
f 11161 4346 596 4333
f 11160 11161 4333 4332
f 11159 11160 4332 4331
f 4361 11159 4331 592
f 4362 11156 11159 4361
f 4363 11153 11156 4362
f 11162 11163 11166 11165
f 11163 11164 11167 11166
f 11165 11166 11169 11168
f 11166 11167 11170 11169
f 551 4055 11162 4340
f 4055 4056 11163 11162
f 4056 4057 11164 11163
f 4057 550 4360 11164
f 11164 4360 4359 11167
f 11167 4359 4358 11170
f 11170 4358 597 4330
f 11169 11170 4330 4329
f 11168 11169 4329 4328
f 4342 11168 4328 598
f 4341 11165 11168 4342
f 4340 11162 11165 4341
f 11171 11172 11175 11174
f 11172 11173 11176 11175
f 11174 11175 11178 11177
f 11175 11176 11179 11178
f 547 4051 11171 4349
f 4051 4050 11172 11171
f 4050 4049 11173 11172
f 4049 545 4363 11173
f 11173 4363 4362 11176
f 11176 4362 4361 11179
f 11179 4361 592 4322
f 11178 11179 4322 4323
f 11177 11178 4323 4324
f 4351 11177 4324 594
f 4350 11174 11177 4351
f 4349 11171 11174 4350
f 11180 11181 11184 11183
f 11181 11182 11185 11184
f 11183 11184 11187 11186
f 11184 11185 11188 11187
f 593 4321 11180 4372
f 4321 4320 11181 11180
f 4320 4319 11182 11181
f 4319 594 4367 11182
f 11182 4367 4368 11185
f 11185 4368 4369 11188
f 11188 4369 601 4364
f 11187 11188 4364 4365
f 11186 11187 4365 4366
f 4370 11186 4366 600
f 4371 11183 11186 4370
f 4372 11180 11183 4371
f 11189 11190 11193 11192
f 11190 11191 11194 11193
f 11192 11193 11196 11195
f 11193 11194 11197 11196
f 566 4373 11189 4166
f 4373 4374 11190 11189
f 4374 4375 11191 11190
f 4375 600 4366 11191
f 11191 4366 4365 11194
f 11194 4365 4364 11197
f 11197 4364 601 4378
f 11196 11197 4378 4377
f 11195 11196 4377 4376
f 4168 11195 4376 567
f 4167 11192 11195 4168
f 4166 11189 11192 4167
f 11198 11199 11202 11201
f 11199 11200 11203 11202
f 11201 11202 11205 11204
f 11202 11203 11206 11205
f 675 4870 11198 4801
f 4870 4869 11199 11198
f 4869 4868 11200 11199
f 4868 673 4795 11200
f 11200 4795 4794 11203
f 11203 4794 4793 11206
f 11206 4793 611 4400
f 11205 11206 4400 4401
f 11204 11205 4401 4402
f 4799 11204 4402 614
f 4800 11201 11204 4799
f 4801 11198 11201 4800
f 11207 11208 11211 11210
f 11208 11209 11212 11211
f 11210 11211 11214 11213
f 11211 11212 11215 11214
f 681 4864 11207 4819
f 4864 4863 11208 11207
f 4863 4862 11209 11208
f 4862 677 4807 11209
f 11209 4807 4806 11212
f 11212 4806 4805 11215
f 11215 4805 613 4412
f 11214 11215 4412 4413
f 11213 11214 4413 4414
f 4817 11213 4414 617
f 4818 11210 11213 4817
f 4819 11207 11210 4818
f 11216 11217 11220 11219
f 11217 11218 11221 11220
f 11219 11220 11223 11222
f 11220 11221 11224 11223
f 694 4966 11216 4583
f 4966 4965 11217 11216
f 4965 4964 11218 11217
f 4964 698 4942 11218
f 11218 4942 4941 11221
f 11221 4941 4940 11224
f 11224 4940 626 4471
f 11223 11224 4471 4470
f 11222 11223 4470 4469
f 4585 11222 4469 623
f 4584 11219 11222 4585
f 4583 11216 11219 4584
f 11225 11226 11229 11228
f 11226 11227 11230 11229
f 11228 11229 11232 11231
f 11229 11230 11233 11232
f 673 4858 11225 4795
f 4858 4857 11226 11225
f 4857 4856 11227 11226
f 4856 671 4789 11227
f 11227 4789 4788 11230
f 11230 4788 4787 11233
f 11233 4787 612 4396
f 11232 11233 4396 4395
f 11231 11232 4395 4394
f 4793 11231 4394 611
f 4794 11228 11231 4793
f 4795 11225 11228 4794
f 11234 11235 11238 11237
f 11235 11236 11239 11238
f 11237 11238 11241 11240
f 11238 11239 11242 11241
f 677 4852 11234 4807
f 4852 4851 11235 11234
f 4851 4850 11236 11235
f 4850 680 4760 11236
f 11236 4760 4761 11239
f 11239 4761 4762 11242
f 11242 4762 615 4397
f 11241 11242 4397 4398
f 11240 11241 4398 4399
f 4805 11240 4399 613
f 4806 11237 11240 4805
f 4807 11234 11237 4806
f 11243 11244 11247 11246
f 11244 11245 11248 11247
f 11246 11247 11250 11249
f 11247 11248 11251 11250
f 696 4963 11243 4598
f 4963 4962 11244 11243
f 4962 4961 11245 11244
f 4961 697 4601 11245
f 11245 4601 4602 11248
f 11248 4602 4603 11251
f 11251 4603 634 4501
f 11250 11251 4501 4500
f 11249 11250 4500 4499
f 4600 11249 4499 629
f 4599 11246 11249 4600
f 4598 11243 11246 4599
f 11252 11253 11256 11255
f 11253 11254 11257 11256
f 11255 11256 11259 11258
f 11256 11257 11260 11259
f 546 4354 11252 4418
f 4354 4353 11253 11252
f 4353 4352 11254 11253
f 4352 593 4574 11254
f 11254 4574 4575 11257
f 11257 4575 4576 11260
f 11260 4576 607 4424
f 11259 11260 4424 4425
f 11258 11259 4425 4426
f 4420 11258 4426 608
f 4419 11255 11258 4420
f 4418 11252 11255 4419
f 11261 11262 11265 11264
f 11262 11263 11266 11265
f 11264 11265 11268 11267
f 11265 11266 11269 11268
f 680 4846 11261 4760
f 4846 4845 11262 11261
f 4845 4844 11263 11262
f 4844 675 4801 11263
f 11263 4801 4800 11266
f 11266 4800 4799 11269
f 11269 4799 614 4403
f 11268 11269 4403 4404
f 11267 11268 4404 4405
f 4762 11267 4405 615
f 4761 11264 11267 4762
f 4760 11261 11264 4761
f 11270 11271 11274 11273
f 11271 11272 11275 11274
f 11273 11274 11277 11276
f 11274 11275 11278 11277
f 691 4960 11270 4921
f 4960 4959 11271 11270
f 4959 4958 11272 11271
f 4958 694 4583 11272
f 11272 4583 4584 11275
f 11275 4584 4585 11278
f 11278 4585 623 4516
f 11277 11278 4516 4515
f 11276 11277 4515 4514
f 4919 11276 4514 632
f 4920 11273 11276 4919
f 4921 11270 11273 4920
f 11279 11280 11283 11282
f 11280 11281 11284 11283
f 11282 11283 11286 11285
f 11283 11284 11287 11286
f 693 4957 11279 4577
f 4957 4956 11280 11279
f 4956 4955 11281 11280
f 4955 695 4933 11281
f 11281 4933 4932 11284
f 11284 4932 4931 11287
f 11287 4931 640 4555
f 11286 11287 4555 4554
f 11285 11286 4554 4553
f 4579 11285 4553 637
f 4578 11282 11285 4579
f 4577 11279 11282 4578
f 11288 11289 11292 11291
f 11289 11290 11293 11292
f 11291 11292 11295 11294
f 11292 11293 11296 11295
f 697 4954 11288 4601
f 4954 4953 11289 11288
f 4953 4952 11290 11289
f 4952 691 4921 11290
f 11290 4921 4920 11293
f 11293 4920 4919 11296
f 11296 4919 632 4525
f 11295 11296 4525 4524
f 11294 11295 4524 4523
f 4603 11294 4523 634
f 4602 11291 11294 4603
f 4601 11288 11291 4602
f 11297 11298 11301 11300
f 11298 11299 11302 11301
f 11300 11301 11304 11303
f 11301 11302 11305 11304
f 695 4951 11297 4933
f 4951 4950 11298 11297
f 4950 4949 11299 11298
f 4949 696 4598 11299
f 11299 4598 4599 11302
f 11302 4599 4600 11305
f 11305 4600 629 4564
f 11304 11305 4564 4563
f 11303 11304 4563 4562
f 4931 11303 4562 640
f 4932 11300 11303 4931
f 4933 11297 11300 4932
f 11306 11307 11310 11309
f 11307 11308 11311 11310
f 11309 11310 11313 11312
f 11310 11311 11314 11313
f 698 4948 11306 4942
f 4948 4947 11307 11306
f 4947 4946 11308 11307
f 4946 692 4571 11308
f 11308 4571 4572 11311
f 11311 4572 4573 11314
f 11314 4573 619 4465
f 11313 11314 4465 4464
f 11312 11313 4464 4463
f 4940 11312 4463 626
f 4941 11309 11312 4940
f 4942 11306 11309 4941
f 11315 11316 11319 11318
f 11316 11317 11320 11319
f 11318 11319 11322 11321
f 11319 11320 11323 11322
f 670 4840 11315 4736
f 4840 4839 11316 11315
f 4839 4838 11317 11316
f 4838 681 4819 11317
f 11317 4819 4818 11320
f 11320 4818 4817 11323
f 11323 4817 617 4409
f 11322 11323 4409 4410
f 11321 11322 4410 4411
f 4738 11321 4411 616
f 4737 11318 11321 4738
f 4736 11315 11318 4737
f 11324 11325 11328 11327
f 11325 11326 11329 11328
f 11327 11328 11331 11330
f 11328 11329 11332 11331
f 692 4945 11324 4571
f 4945 4944 11325 11324
f 4944 4943 11326 11325
f 4943 693 4577 11326
f 11326 4577 4578 11329
f 11329 4578 4579 11332
f 11332 4579 637 4540
f 11331 11332 4540 4539
f 11330 11331 4539 4538
f 4573 11330 4538 619
f 4572 11327 11330 4573
f 4571 11324 11327 4572
f 11333 11334 11337 11336
f 11334 11335 11338 11337
f 11336 11337 11340 11339
f 11337 11338 11341 11340
f 689 4918 11333 4766
f 4918 4917 11334 11333
f 4917 4916 11335 11334
f 4916 690 4772 11335
f 11335 4772 4773 11338
f 11338 4773 4774 11341
f 11341 4774 658 4663
f 11340 11341 4663 4662
f 11339 11340 4662 4661
f 4768 11339 4661 653
f 4767 11336 11339 4768
f 4766 11333 11336 4767
f 11342 11343 11346 11345
f 11343 11344 11347 11346
f 11345 11346 11349 11348
f 11346 11347 11350 11349
f 671 4834 11342 4789
f 4834 4833 11343 11342
f 4833 4832 11344 11343
f 4832 667 4777 11344
f 11344 4777 4776 11347
f 11347 4776 4775 11350
f 11350 4775 610 4391
f 11349 11350 4391 4392
f 11348 11349 4392 4393
f 4787 11348 4393 612
f 4788 11345 11348 4787
f 4789 11342 11345 4788
f 11351 11352 11355 11354
f 11352 11353 11356 11355
f 11354 11355 11358 11357
f 11355 11356 11359 11358
f 687 4915 11351 4751
f 4915 4914 11352 11351
f 4914 4913 11353 11352
f 4913 683 4873 11353
f 11353 4873 4872 11356
f 11356 4872 4871 11359
f 11359 4871 650 4633
f 11358 11359 4633 4632
f 11357 11358 4632 4631
f 4753 11357 4631 647
f 4752 11354 11357 4753
f 4751 11351 11354 4752
f 11360 11361 11364 11363
f 11361 11362 11365 11364
f 11363 11364 11367 11366
f 11364 11365 11368 11367
f 686 4912 11360 4882
f 4912 4911 11361 11360
f 4911 4910 11362 11361
f 4910 687 4751 11362
f 11362 4751 4752 11365
f 11365 4752 4753 11368
f 11368 4753 647 4678
f 11367 11368 4678 4677
f 11366 11367 4677 4676
f 4880 11366 4676 656
f 4881 11363 11366 4880
f 4882 11360 11363 4881
f 11369 11370 11373 11372
f 11370 11371 11374 11373
f 11372 11373 11376 11375
f 11373 11374 11377 11376
f 685 4909 11369 4742
f 4909 4908 11370 11369
f 4908 4907 11371 11370
f 4907 688 4888 11371
f 11371 4888 4887 11374
f 11374 4887 4886 11377
f 11377 4886 664 4717
f 11376 11377 4717 4716
f 11375 11376 4716 4715
f 4744 11375 4715 661
f 4743 11372 11375 4744
f 4742 11369 11372 4743
f 11378 11379 11382 11381
f 11379 11380 11383 11382
f 11381 11382 11385 11384
f 11382 11383 11386 11385
f 690 4906 11378 4772
f 4906 4905 11379 11378
f 4905 4904 11380 11379
f 4904 686 4882 11380
f 11380 4882 4881 11383
f 11383 4881 4880 11386
f 11386 4880 656 4687
f 11385 11386 4687 4686
f 11384 11385 4686 4685
f 4774 11384 4685 658
f 4773 11381 11384 4774
f 4772 11378 11381 4773
f 11387 11388 11391 11390
f 11388 11389 11392 11391
f 11390 11391 11394 11393
f 11391 11392 11395 11394
f 688 4903 11387 4888
f 4903 4902 11388 11387
f 4902 4901 11389 11388
f 4901 689 4766 11389
f 11389 4766 4767 11392
f 11392 4767 4768 11395
f 11395 4768 653 4726
f 11394 11395 4726 4725
f 11393 11394 4725 4724
f 4886 11393 4724 664
f 4887 11390 11393 4886
f 4888 11387 11390 4887
f 11396 11397 11400 11399
f 11397 11398 11401 11400
f 11399 11400 11403 11402
f 11400 11401 11404 11403
f 684 4900 11396 4730
f 4900 4899 11397 11396
f 4899 4898 11398 11397
f 4898 685 4742 11398
f 11398 4742 4743 11401
f 11401 4743 4744 11404
f 11404 4744 661 4702
f 11403 11404 4702 4701
f 11402 11403 4701 4700
f 4732 11402 4700 643
f 4731 11399 11402 4732
f 4730 11396 11399 4731
f 11405 11406 11409 11408
f 11406 11407 11410 11409
f 11408 11409 11412 11411
f 11409 11410 11413 11412
f 610 4408 11405 4436
f 4408 4407 11406 11405
f 4407 4406 11407 11406
f 4406 616 4411 11407
f 11407 4411 4410 11410
f 11410 4410 4409 11413
f 11413 4409 617 4433
f 11412 11413 4433 4434
f 11411 11412 4434 4435
f 4438 11411 4435 618
f 4437 11408 11411 4438
f 4436 11405 11408 4437
f 11414 11415 11418 11417
f 11415 11416 11419 11418
f 11417 11418 11421 11420
f 11418 11419 11422 11421
f 610 4436 11414 4391
f 4436 4437 11415 11414
f 4437 4438 11416 11415
f 4438 618 4441 11416
f 11416 4441 4440 11419
f 11419 4440 4439 11422
f 11422 4439 611 4394
f 11421 11422 4394 4395
f 11420 11421 4395 4396
f 4393 11420 4396 612
f 4392 11417 11420 4393
f 4391 11414 11417 4392
f 11423 11424 11427 11426
f 11424 11425 11428 11427
f 11426 11427 11430 11429
f 11427 11428 11431 11430
f 611 4439 11423 4400
f 4439 4440 11424 11423
f 4440 4441 11425 11424
f 4441 618 4444 11425
f 11425 4444 4443 11428
f 11428 4443 4442 11431
f 11431 4442 615 4405
f 11430 11431 4405 4404
f 11429 11430 4404 4403
f 4402 11429 4403 614
f 4401 11426 11429 4402
f 4400 11423 11426 4401
f 11432 11433 11436 11435
f 11433 11434 11437 11436
f 11435 11436 11439 11438
f 11436 11437 11440 11439
f 615 4442 11432 4397
f 4442 4443 11433 11432
f 4443 4444 11434 11433
f 4444 618 4435 11434
f 11434 4435 4434 11437
f 11437 4434 4433 11440
f 11440 4433 617 4414
f 11439 11440 4414 4413
f 11438 11439 4413 4412
f 4399 11438 4412 613
f 4398 11435 11438 4399
f 4397 11432 11435 4398
f 11441 11442 11445 11444
f 11442 11443 11446 11445
f 11444 11445 11448 11447
f 11445 11446 11449 11448
f 620 4448 11441 4447
f 4448 4449 11442 11441
f 4449 4450 11443 11442
f 4450 625 4451 11443
f 11443 4451 4452 11446
f 11446 4452 4453 11449
f 11449 4453 627 4454
f 11448 11449 4454 4455
f 11447 11448 4455 4456
f 4445 11447 4456 621
f 4446 11444 11447 4445
f 4447 11441 11444 4446
f 11450 11451 11454 11453
f 11451 11452 11455 11454
f 11453 11454 11457 11456
f 11454 11455 11458 11457
f 621 4456 11450 4459
f 4456 4455 11451 11450
f 4455 4454 11452 11451
f 4454 627 4460 11452
f 11452 4460 4461 11455
f 11455 4461 4462 11458
f 11458 4462 626 4463
f 11457 11458 4463 4464
f 11456 11457 4464 4465
f 4457 11456 4465 619
f 4458 11453 11456 4457
f 4459 11450 11453 4458
f 11459 11460 11463 11462
f 11460 11461 11464 11463
f 11462 11463 11466 11465
f 11463 11464 11467 11466
f 623 4469 11459 4468
f 4469 4470 11460 11459
f 4470 4471 11461 11460
f 4471 626 4462 11461
f 11461 4462 4461 11464
f 11464 4461 4460 11467
f 11467 4460 627 4472
f 11466 11467 4472 4473
f 11465 11466 4473 4474
f 4466 11465 4474 624
f 4467 11462 11465 4466
f 4468 11459 11462 4467
f 11468 11469 11472 11471
f 11469 11470 11473 11472
f 11471 11472 11475 11474
f 11472 11473 11476 11475
f 624 4474 11468 4477
f 4474 4473 11469 11468
f 4473 4472 11470 11469
f 4472 627 4453 11470
f 11470 4453 4452 11473
f 11473 4452 4451 11476
f 11476 4451 625 4478
f 11475 11476 4478 4479
f 11474 11475 4479 4480
f 4475 11474 4480 622
f 4476 11471 11474 4475
f 4477 11468 11471 4476
f 11477 11478 11481 11480
f 11478 11479 11482 11481
f 11480 11481 11484 11483
f 11481 11482 11485 11484
f 635 4484 11477 4483
f 4484 4485 11478 11477
f 4485 4486 11479 11478
f 4486 628 4487 11479
f 11479 4487 4488 11482
f 11482 4488 4489 11485
f 11485 4489 630 4490
f 11484 11485 4490 4491
f 11483 11484 4491 4492
f 4481 11483 4492 636
f 4482 11480 11483 4481
f 4483 11477 11480 4482
f 11486 11487 11490 11489
f 11487 11488 11491 11490
f 11489 11490 11493 11492
f 11490 11491 11494 11493
f 636 4492 11486 4495
f 4492 4491 11487 11486
f 4491 4490 11488 11487
f 4490 630 4496 11488
f 11488 4496 4497 11491
f 11491 4497 4498 11494
f 11494 4498 629 4499
f 11493 11494 4499 4500
f 11492 11493 4500 4501
f 4493 11492 4501 634
f 4494 11489 11492 4493
f 4495 11486 11489 4494
f 11495 11496 11499 11498
f 11496 11497 11500 11499
f 11498 11499 11502 11501
f 11499 11500 11503 11502
f 622 4502 11495 4475
f 4502 4503 11496 11495
f 4503 4504 11497 11496
f 4504 631 4505 11497
f 11497 4505 4506 11500
f 11500 4506 4507 11503
f 11503 4507 633 4508
f 11502 11503 4508 4509
f 11501 11502 4509 4510
f 4477 11501 4510 624
f 4476 11498 11501 4477
f 4475 11495 11498 4476
f 11504 11505 11508 11507
f 11505 11506 11509 11508
f 11507 11508 11511 11510
f 11508 11509 11512 11511
f 624 4510 11504 4466
f 4510 4509 11505 11504
f 4509 4508 11506 11505
f 4508 633 4511 11506
f 11506 4511 4512 11509
f 11509 4512 4513 11512
f 11512 4513 632 4514
f 11511 11512 4514 4515
f 11510 11511 4515 4516
f 4468 11510 4516 623
f 4467 11507 11510 4468
f 4466 11504 11507 4467
f 11513 11514 11517 11516
f 11514 11515 11518 11517
f 11516 11517 11520 11519
f 11517 11518 11521 11520
f 631 4517 11513 4505
f 4517 4518 11514 11513
f 4518 4519 11515 11514
f 4519 635 4483 11515
f 11515 4483 4482 11518
f 11518 4482 4481 11521
f 11521 4481 636 4520
f 11520 11521 4520 4521
f 11519 11520 4521 4522
f 4507 11519 4522 633
f 4506 11516 11519 4507
f 4505 11513 11516 4506
f 11522 11523 11526 11525
f 11523 11524 11527 11526
f 11525 11526 11529 11528
f 11526 11527 11530 11529
f 633 4522 11522 4511
f 4522 4521 11523 11522
f 4521 4520 11524 11523
f 4520 636 4495 11524
f 11524 4495 4494 11527
f 11527 4494 4493 11530
f 11530 4493 634 4523
f 11529 11530 4523 4524
f 11528 11529 4524 4525
f 4513 11528 4525 632
f 4512 11525 11528 4513
f 4511 11522 11525 4512
f 11531 11532 11535 11534
f 11532 11533 11536 11535
f 11534 11535 11538 11537
f 11535 11536 11539 11538
f 638 4529 11531 4528
f 4529 4530 11532 11531
f 4530 4531 11533 11532
f 4531 620 4447 11533
f 11533 4447 4446 11536
f 11536 4446 4445 11539
f 11539 4445 621 4532
f 11538 11539 4532 4533
f 11537 11538 4533 4534
f 4526 11537 4534 639
f 4527 11534 11537 4526
f 4528 11531 11534 4527
f 11540 11541 11544 11543
f 11541 11542 11545 11544
f 11543 11544 11547 11546
f 11544 11545 11548 11547
f 639 4534 11540 4537
f 4534 4533 11541 11540
f 4533 4532 11542 11541
f 4532 621 4459 11542
f 11542 4459 4458 11545
f 11545 4458 4457 11548
f 11548 4457 619 4538
f 11547 11548 4538 4539
f 11546 11547 4539 4540
f 4535 11546 4540 637
f 4536 11543 11546 4535
f 4537 11540 11543 4536
f 11549 11550 11553 11552
f 11550 11551 11554 11553
f 11552 11553 11556 11555
f 11553 11554 11557 11556
f 641 4544 11549 4543
f 4544 4545 11550 11549
f 4545 4546 11551 11550
f 4546 638 4528 11551
f 11551 4528 4527 11554
f 11554 4527 4526 11557
f 11557 4526 639 4547
f 11556 11557 4547 4548
f 11555 11556 4548 4549
f 4541 11555 4549 642
f 4542 11552 11555 4541
f 4543 11549 11552 4542
f 11558 11559 11562 11561
f 11559 11560 11563 11562
f 11561 11562 11565 11564
f 11562 11563 11566 11565
f 642 4549 11558 4552
f 4549 4548 11559 11558
f 4548 4547 11560 11559
f 4547 639 4537 11560
f 11560 4537 4536 11563
f 11563 4536 4535 11566
f 11566 4535 637 4553
f 11565 11566 4553 4554
f 11564 11565 4554 4555
f 4550 11564 4555 640
f 4551 11561 11564 4550
f 4552 11558 11561 4551
f 11567 11568 11571 11570
f 11568 11569 11572 11571
f 11570 11571 11574 11573
f 11571 11572 11575 11574
f 628 4556 11567 4487
f 4556 4557 11568 11567
f 4557 4558 11569 11568
f 4558 641 4543 11569
f 11569 4543 4542 11572
f 11572 4542 4541 11575
f 11575 4541 642 4559
f 11574 11575 4559 4560
f 11573 11574 4560 4561
f 4489 11573 4561 630
f 4488 11570 11573 4489
f 4487 11567 11570 4488
f 11576 11577 11580 11579
f 11577 11578 11581 11580
f 11579 11580 11583 11582
f 11580 11581 11584 11583
f 630 4561 11576 4496
f 4561 4560 11577 11576
f 4560 4559 11578 11577
f 4559 642 4552 11578
f 11578 4552 4551 11581
f 11581 4551 4550 11584
f 11584 4550 640 4562
f 11583 11584 4562 4563
f 11582 11583 4563 4564
f 4498 11582 4564 629
f 4497 11579 11582 4498
f 4496 11576 11579 4497
f 11585 11586 11589 11588
f 11586 11587 11590 11589
f 11588 11589 11592 11591
f 11589 11590 11593 11592
f 667 4828 11585 4777
f 4828 4827 11586 11585
f 4827 4826 11587 11586
f 4826 670 4736 11587
f 11587 4736 4737 11590
f 11590 4737 4738 11593
f 11593 4738 616 4406
f 11592 11593 4406 4407
f 11591 11592 4407 4408
f 4775 11591 4408 610
f 4776 11588 11591 4775
f 4777 11585 11588 4776
f 11594 11595 11598 11597
f 11595 11596 11599 11598
f 11597 11598 11601 11600
f 11598 11599 11602 11601
f 644 4610 11594 4609
f 4610 4611 11595 11594
f 4611 4612 11596 11595
f 4612 649 4613 11596
f 11596 4613 4614 11599
f 11599 4614 4615 11602
f 11602 4615 651 4616
f 11601 11602 4616 4617
f 11600 11601 4617 4618
f 4607 11600 4618 645
f 4608 11597 11600 4607
f 4609 11594 11597 4608
f 11603 11604 11607 11606
f 11604 11605 11608 11607
f 11606 11607 11610 11609
f 11607 11608 11611 11610
f 645 4618 11603 4621
f 4618 4617 11604 11603
f 4617 4616 11605 11604
f 4616 651 4622 11605
f 11605 4622 4623 11608
f 11608 4623 4624 11611
f 11611 4624 650 4625
f 11610 11611 4625 4626
f 11609 11610 4626 4627
f 4619 11609 4627 643
f 4620 11606 11609 4619
f 4621 11603 11606 4620
f 11612 11613 11616 11615
f 11613 11614 11617 11616
f 11615 11616 11619 11618
f 11616 11617 11620 11619
f 647 4631 11612 4630
f 4631 4632 11613 11612
f 4632 4633 11614 11613
f 4633 650 4624 11614
f 11614 4624 4623 11617
f 11617 4623 4622 11620
f 11620 4622 651 4634
f 11619 11620 4634 4635
f 11618 11619 4635 4636
f 4628 11618 4636 648
f 4629 11615 11618 4628
f 4630 11612 11615 4629
f 11621 11622 11625 11624
f 11622 11623 11626 11625
f 11624 11625 11628 11627
f 11625 11626 11629 11628
f 648 4636 11621 4639
f 4636 4635 11622 11621
f 4635 4634 11623 11622
f 4634 651 4615 11623
f 11623 4615 4614 11626
f 11626 4614 4613 11629
f 11629 4613 649 4640
f 11628 11629 4640 4641
f 11627 11628 4641 4642
f 4637 11627 4642 646
f 4638 11624 11627 4637
f 4639 11621 11624 4638
f 11630 11631 11634 11633
f 11631 11632 11635 11634
f 11633 11634 11637 11636
f 11634 11635 11638 11637
f 659 4646 11630 4645
f 4646 4647 11631 11630
f 4647 4648 11632 11631
f 4648 652 4649 11632
f 11632 4649 4650 11635
f 11635 4650 4651 11638
f 11638 4651 654 4652
f 11637 11638 4652 4653
f 11636 11637 4653 4654
f 4643 11636 4654 660
f 4644 11633 11636 4643
f 4645 11630 11633 4644
f 11639 11640 11643 11642
f 11640 11641 11644 11643
f 11642 11643 11646 11645
f 11643 11644 11647 11646
f 660 4654 11639 4657
f 4654 4653 11640 11639
f 4653 4652 11641 11640
f 4652 654 4658 11641
f 11641 4658 4659 11644
f 11644 4659 4660 11647
f 11647 4660 653 4661
f 11646 11647 4661 4662
f 11645 11646 4662 4663
f 4655 11645 4663 658
f 4656 11642 11645 4655
f 4657 11639 11642 4656
f 11648 11649 11652 11651
f 11649 11650 11653 11652
f 11651 11652 11655 11654
f 11652 11653 11656 11655
f 646 4664 11648 4637
f 4664 4665 11649 11648
f 4665 4666 11650 11649
f 4666 655 4667 11650
f 11650 4667 4668 11653
f 11653 4668 4669 11656
f 11656 4669 657 4670
f 11655 11656 4670 4671
f 11654 11655 4671 4672
f 4639 11654 4672 648
f 4638 11651 11654 4639
f 4637 11648 11651 4638
f 11657 11658 11661 11660
f 11658 11659 11662 11661
f 11660 11661 11664 11663
f 11661 11662 11665 11664
f 648 4672 11657 4628
f 4672 4671 11658 11657
f 4671 4670 11659 11658
f 4670 657 4673 11659
f 11659 4673 4674 11662
f 11662 4674 4675 11665
f 11665 4675 656 4676
f 11664 11665 4676 4677
f 11663 11664 4677 4678
f 4630 11663 4678 647
f 4629 11660 11663 4630
f 4628 11657 11660 4629
f 11666 11667 11670 11669
f 11667 11668 11671 11670
f 11669 11670 11673 11672
f 11670 11671 11674 11673
f 655 4679 11666 4667
f 4679 4680 11667 11666
f 4680 4681 11668 11667
f 4681 659 4645 11668
f 11668 4645 4644 11671
f 11671 4644 4643 11674
f 11674 4643 660 4682
f 11673 11674 4682 4683
f 11672 11673 4683 4684
f 4669 11672 4684 657
f 4668 11669 11672 4669
f 4667 11666 11669 4668
f 11675 11676 11679 11678
f 11676 11677 11680 11679
f 11678 11679 11682 11681
f 11679 11680 11683 11682
f 657 4684 11675 4673
f 4684 4683 11676 11675
f 4683 4682 11677 11676
f 4682 660 4657 11677
f 11677 4657 4656 11680
f 11680 4656 4655 11683
f 11683 4655 658 4685
f 11682 11683 4685 4686
f 11681 11682 4686 4687
f 4675 11681 4687 656
f 4674 11678 11681 4675
f 4673 11675 11678 4674
f 11684 11685 11688 11687
f 11685 11686 11689 11688
f 11687 11688 11691 11690
f 11688 11689 11692 11691
f 662 4691 11684 4690
f 4691 4692 11685 11684
f 4692 4693 11686 11685
f 4693 644 4609 11686
f 11686 4609 4608 11689
f 11689 4608 4607 11692
f 11692 4607 645 4694
f 11691 11692 4694 4695
f 11690 11691 4695 4696
f 4688 11690 4696 663
f 4689 11687 11690 4688
f 4690 11684 11687 4689
f 11693 11694 11697 11696
f 11694 11695 11698 11697
f 11696 11697 11700 11699
f 11697 11698 11701 11700
f 663 4696 11693 4699
f 4696 4695 11694 11693
f 4695 4694 11695 11694
f 4694 645 4621 11695
f 11695 4621 4620 11698
f 11698 4620 4619 11701
f 11701 4619 643 4700
f 11700 11701 4700 4701
f 11699 11700 4701 4702
f 4697 11699 4702 661
f 4698 11696 11699 4697
f 4699 11693 11696 4698
f 11702 11703 11706 11705
f 11703 11704 11707 11706
f 11705 11706 11709 11708
f 11706 11707 11710 11709
f 665 4706 11702 4705
f 4706 4707 11703 11702
f 4707 4708 11704 11703
f 4708 662 4690 11704
f 11704 4690 4689 11707
f 11707 4689 4688 11710
f 11710 4688 663 4709
f 11709 11710 4709 4710
f 11708 11709 4710 4711
f 4703 11708 4711 666
f 4704 11705 11708 4703
f 4705 11702 11705 4704
f 11711 11712 11715 11714
f 11712 11713 11716 11715
f 11714 11715 11718 11717
f 11715 11716 11719 11718
f 666 4711 11711 4714
f 4711 4710 11712 11711
f 4710 4709 11713 11712
f 4709 663 4699 11713
f 11713 4699 4698 11716
f 11716 4698 4697 11719
f 11719 4697 661 4715
f 11718 11719 4715 4716
f 11717 11718 4716 4717
f 4712 11717 4717 664
f 4713 11714 11717 4712
f 4714 11711 11714 4713
f 11720 11721 11724 11723
f 11721 11722 11725 11724
f 11723 11724 11727 11726
f 11724 11725 11728 11727
f 652 4718 11720 4649
f 4718 4719 11721 11720
f 4719 4720 11722 11721
f 4720 665 4705 11722
f 11722 4705 4704 11725
f 11725 4704 4703 11728
f 11728 4703 666 4721
f 11727 11728 4721 4722
f 11726 11727 4722 4723
f 4651 11726 4723 654
f 4650 11723 11726 4651
f 4649 11720 11723 4650
f 11729 11730 11733 11732
f 11730 11731 11734 11733
f 11732 11733 11736 11735
f 11733 11734 11737 11736
f 654 4723 11729 4658
f 4723 4722 11730 11729
f 4722 4721 11731 11730
f 4721 666 4714 11731
f 11731 4714 4713 11734
f 11734 4713 4712 11737
f 11737 4712 664 4724
f 11736 11737 4724 4725
f 11735 11736 4725 4726
f 4660 11735 4726 653
f 4659 11732 11735 4660
f 4658 11729 11732 4659
f 11738 11739 11742 11741
f 11739 11740 11743 11742
f 11741 11742 11745 11744
f 11742 11743 11746 11745
f 683 4897 11738 4873
f 4897 4896 11739 11738
f 4896 4895 11740 11739
f 4895 684 4730 11740
f 11740 4730 4731 11743
f 11743 4731 4732 11746
f 11746 4732 643 4627
f 11745 11746 4627 4626
f 11744 11745 4626 4625
f 4871 11744 4625 650
f 4872 11741 11744 4871
f 4873 11738 11741 4872
f 11747 11748 11751 11750
f 11748 11749 11752 11751
f 11750 11751 11754 11753
f 11751 11752 11755 11754
f 564 4102 11747 4570
f 4102 4101 11748 11747
f 4101 4100 11749 11748
f 4100 546 4418 11749
f 11749 4418 4419 11752
f 11752 4419 4420 11755
f 11755 4420 608 4382
f 11754 11755 4382 4383
f 11753 11754 4383 4384
f 4568 11753 4384 609
f 4569 11750 11753 4568
f 4570 11747 11750 4569
f 11756 11757 11760 11759
f 11757 11758 11761 11760
f 11759 11760 11763 11762
f 11760 11761 11764 11763
f 600 4375 11756 4597
f 4375 4374 11757 11756
f 4374 4373 11758 11757
f 4373 566 4430 11758
f 11758 4430 4431 11761
f 11761 4431 4432 11764
f 11764 4432 603 4589
f 11763 11764 4589 4590
f 11762 11763 4590 4591
f 4595 11762 4591 604
f 4596 11759 11762 4595
f 4597 11756 11759 4596
f 11765 11766 11769 11768
f 11766 11767 11770 11769
f 11768 11769 11772 11771
f 11769 11770 11773 11772
f 576 4210 11765 4586
f 4210 4209 11766 11765
f 4209 4208 11767 11766
f 4208 575 4582 11767
f 11767 4582 4581 11770
f 11770 4581 4580 11773
f 11773 4580 606 4415
f 11772 11773 4415 4416
f 11771 11772 4416 4417
f 4588 11771 4417 602
f 4587 11768 11771 4588
f 4586 11765 11768 4587
f 11774 11775 11778 11777
f 11775 11776 11779 11778
f 11777 11778 11781 11780
f 11778 11779 11782 11781
f 593 4372 11774 4574
f 4372 4371 11775 11774
f 4371 4370 11776 11775
f 4370 600 4597 11776
f 11776 4597 4596 11779
f 11779 4596 4595 11782
f 11782 4595 604 4388
f 11781 11782 4388 4389
f 11780 11781 4389 4390
f 4576 11780 4390 607
f 4575 11777 11780 4576
f 4574 11774 11777 4575
f 11783 11784 11787 11786
f 11784 11785 11788 11787
f 11786 11787 11790 11789
f 11787 11788 11791 11790
f 575 4207 11783 4582
f 4207 4206 11784 11783
f 4206 4205 11785 11784
f 4205 555 4385 11785
f 11785 4385 4386 11788
f 11788 4386 4387 11791
f 11791 4387 605 4379
f 11790 11791 4379 4380
f 11789 11790 4380 4381
f 4580 11789 4381 606
f 4581 11786 11789 4580
f 4582 11783 11786 4581
f 11792 11793 11796 11795
f 11793 11794 11797 11796
f 11795 11796 11799 11798
f 11796 11797 11800 11799
f 566 4186 11792 4430
f 4186 4185 11793 11792
f 4185 4184 11794 11793
f 4184 576 4586 11794
f 11794 4586 4587 11797
f 11797 4587 4588 11800
f 11800 4588 602 4565
f 11799 11800 4565 4566
f 11798 11799 4566 4567
f 4432 11798 4567 603
f 4431 11795 11798 4432
f 4430 11792 11795 4431
f 11801 11802 11805 11804
f 11802 11803 11806 11805
f 11804 11805 11808 11807
f 11805 11806 11809 11808
f 555 4103 11801 4385
f 4103 4104 11802 11801
f 4104 4105 11803 11802
f 4105 564 4570 11803
f 11803 4570 4569 11806
f 11806 4569 4568 11809
f 11809 4568 609 4427
f 11808 11809 4427 4428
f 11807 11808 4428 4429
f 4387 11807 4429 605
f 4386 11804 11807 4387
f 4385 11801 11804 4386
f 11810 11811 11814 11813
f 11811 11812 11815 11814
f 11813 11814 11817 11816
f 11814 11815 11818 11817
f 644 4693 11810 4735
f 4693 4692 11811 11810
f 4692 4691 11812 11811
f 4691 662 4781 11812
f 11812 4781 4782 11815
f 11815 4782 4783 11818
f 11818 4783 669 4823
f 11817 11818 4823 4824
f 11816 11817 4824 4825
f 4733 11816 4825 668
f 4734 11813 11816 4733
f 4735 11810 11813 4734
f 11819 11820 11823 11822
f 11820 11821 11824 11823
f 11822 11823 11826 11825
f 11823 11824 11827 11826
f 668 4825 11819 4780
f 4825 4824 11820 11819
f 4824 4823 11821 11820
f 4823 669 4784 11821
f 11821 4784 4785 11824
f 11824 4785 4786 11827
f 11827 4786 670 4826
f 11826 11827 4826 4827
f 11825 11826 4827 4828
f 4778 11825 4828 667
f 4779 11822 11825 4778
f 4780 11819 11822 4779
f 11828 11829 11832 11831
f 11829 11830 11833 11832
f 11831 11832 11835 11834
f 11832 11833 11836 11835
f 649 4612 11828 4741
f 4612 4611 11829 11828
f 4611 4610 11830 11829
f 4610 644 4735 11830
f 11830 4735 4734 11833
f 11833 4734 4733 11836
f 11836 4733 668 4829
f 11835 11836 4829 4830
f 11834 11835 4830 4831
f 4739 11834 4831 672
f 4740 11831 11834 4739
f 4741 11828 11831 4740
f 11837 11838 11841 11840
f 11838 11839 11842 11841
f 11840 11841 11844 11843
f 11841 11842 11845 11844
f 672 4831 11837 4792
f 4831 4830 11838 11837
f 4830 4829 11839 11838
f 4829 668 4780 11839
f 11839 4780 4779 11842
f 11842 4779 4778 11845
f 11845 4778 667 4832
f 11844 11845 4832 4833
f 11843 11844 4833 4834
f 4790 11843 4834 671
f 4791 11840 11843 4790
f 4792 11837 11840 4791
f 11846 11847 11850 11849
f 11847 11848 11851 11850
f 11849 11850 11853 11852
f 11850 11851 11854 11853
f 662 4708 11846 4781
f 4708 4707 11847 11846
f 4707 4706 11848 11847
f 4706 665 4771 11848
f 11848 4771 4770 11851
f 11851 4770 4769 11854
f 11854 4769 682 4835
f 11853 11854 4835 4836
f 11852 11853 4836 4837
f 4783 11852 4837 669
f 4782 11849 11852 4783
f 4781 11846 11849 4782
f 11855 11856 11859 11858
f 11856 11857 11860 11859
f 11858 11859 11862 11861
f 11859 11860 11863 11862
f 669 4837 11855 4784
f 4837 4836 11856 11855
f 4836 4835 11857 11856
f 4835 682 4822 11857
f 11857 4822 4821 11860
f 11860 4821 4820 11863
f 11863 4820 681 4838
f 11862 11863 4838 4839
f 11861 11862 4839 4840
f 4786 11861 4840 670
f 4785 11858 11861 4786
f 4784 11855 11858 4785
f 11864 11865 11868 11867
f 11865 11866 11869 11868
f 11867 11868 11871 11870
f 11868 11869 11872 11871
f 659 4681 11864 4811
f 4681 4680 11865 11864
f 4680 4679 11866 11865
f 4679 655 4756 11866
f 11866 4756 4755 11869
f 11869 4755 4754 11872
f 11872 4754 676 4841
f 11871 11872 4841 4842
f 11870 11871 4842 4843
f 4813 11870 4843 679
f 4812 11867 11870 4813
f 4811 11864 11867 4812
f 11873 11874 11877 11876
f 11874 11875 11878 11877
f 11876 11877 11880 11879
f 11877 11878 11881 11880
f 679 4843 11873 4814
f 4843 4842 11874 11873
f 4842 4841 11875 11874
f 4841 676 4804 11875
f 11875 4804 4803 11878
f 11878 4803 4802 11881
f 11881 4802 675 4844
f 11880 11881 4844 4845
f 11879 11880 4845 4846
f 4816 11879 4846 680
f 4815 11876 11879 4816
f 4814 11873 11876 4815
f 11882 11883 11886 11885
f 11883 11884 11887 11886
f 11885 11886 11889 11888
f 11886 11887 11890 11889
f 652 4648 11882 4759
f 4648 4647 11883 11882
f 4647 4646 11884 11883
f 4646 659 4811 11884
f 11884 4811 4812 11887
f 11887 4812 4813 11890
f 11890 4813 679 4847
f 11889 11890 4847 4848
f 11888 11889 4848 4849
f 4757 11888 4849 678
f 4758 11885 11888 4757
f 4759 11882 11885 4758
f 11891 11892 11895 11894
f 11892 11893 11896 11895
f 11894 11895 11898 11897
f 11895 11896 11899 11898
f 678 4849 11891 4810
f 4849 4848 11892 11891
f 4848 4847 11893 11892
f 4847 679 4814 11893
f 11893 4814 4815 11896
f 11896 4815 4816 11899
f 11899 4816 680 4850
f 11898 11899 4850 4851
f 11897 11898 4851 4852
f 4808 11897 4852 677
f 4809 11894 11897 4808
f 4810 11891 11894 4809
f 11900 11901 11904 11903
f 11901 11902 11905 11904
f 11903 11904 11907 11906
f 11904 11905 11908 11907
f 646 4642 11900 4747
f 4642 4641 11901 11900
f 4641 4640 11902 11901
f 4640 649 4741 11902
f 11902 4741 4740 11905
f 11905 4740 4739 11908
f 11908 4739 672 4853
f 11907 11908 4853 4854
f 11906 11907 4854 4855
f 4745 11906 4855 674
f 4746 11903 11906 4745
f 4747 11900 11903 4746
f 11909 11910 11913 11912
f 11910 11911 11914 11913
f 11912 11913 11916 11915
f 11913 11914 11917 11916
f 674 4855 11909 4798
f 4855 4854 11910 11909
f 4854 4853 11911 11910
f 4853 672 4792 11911
f 11911 4792 4791 11914
f 11914 4791 4790 11917
f 11917 4790 671 4856
f 11916 11917 4856 4857
f 11915 11916 4857 4858
f 4796 11915 4858 673
f 4797 11912 11915 4796
f 4798 11909 11912 4797
f 11918 11919 11922 11921
f 11919 11920 11923 11922
f 11921 11922 11925 11924
f 11922 11923 11926 11925
f 665 4720 11918 4771
f 4720 4719 11919 11918
f 4719 4718 11920 11919
f 4718 652 4759 11920
f 11920 4759 4758 11923
f 11923 4758 4757 11926
f 11926 4757 678 4859
f 11925 11926 4859 4860
f 11924 11925 4860 4861
f 4769 11924 4861 682
f 4770 11921 11924 4769
f 4771 11918 11921 4770
f 11927 11928 11931 11930
f 11928 11929 11932 11931
f 11930 11931 11934 11933
f 11931 11932 11935 11934
f 682 4861 11927 4822
f 4861 4860 11928 11927
f 4860 4859 11929 11928
f 4859 678 4810 11929
f 11929 4810 4809 11932
f 11932 4809 4808 11935
f 11935 4808 677 4862
f 11934 11935 4862 4863
f 11933 11934 4863 4864
f 4820 11933 4864 681
f 4821 11930 11933 4820
f 4822 11927 11930 4821
f 11936 11937 11940 11939
f 11937 11938 11941 11940
f 11939 11940 11943 11942
f 11940 11941 11944 11943
f 655 4666 11936 4756
f 4666 4665 11937 11936
f 4665 4664 11938 11937
f 4664 646 4747 11938
f 11938 4747 4746 11941
f 11941 4746 4745 11944
f 11944 4745 674 4865
f 11943 11944 4865 4866
f 11942 11943 4866 4867
f 4754 11942 4867 676
f 4755 11939 11942 4754
f 4756 11936 11939 4755
f 11945 11946 11949 11948
f 11946 11947 11950 11949
f 11948 11949 11952 11951
f 11949 11950 11953 11952
f 676 4867 11945 4804
f 4867 4866 11946 11945
f 4866 4865 11947 11946
f 4865 674 4798 11947
f 11947 4798 4797 11950
f 11950 4797 4796 11953
f 11953 4796 673 4868
f 11952 11953 4868 4869
f 11951 11952 4869 4870
f 4802 11951 4870 675
f 4803 11948 11951 4802
f 4804 11945 11948 4803
f 11954 11955 11958 11957
f 11955 11956 11959 11958
f 11957 11958 11961 11960
f 11958 11959 11962 11961
f 625 4450 11954 4729
f 4450 4449 11955 11954
f 4449 4448 11956 11955
f 4448 620 4874 11956
f 11956 4874 4875 11959
f 11959 4875 4876 11962
f 11962 4876 684 4895
f 11961 11962 4895 4896
f 11960 11961 4896 4897
f 4727 11960 4897 683
f 4728 11957 11960 4727
f 4729 11954 11957 4728
f 11963 11964 11967 11966
f 11964 11965 11968 11967
f 11966 11967 11970 11969
f 11967 11968 11971 11970
f 620 4531 11963 4874
f 4531 4530 11964 11963
f 4530 4529 11965 11964
f 4529 638 4877 11965
f 11965 4877 4878 11968
f 11968 4878 4879 11971
f 11971 4879 685 4898
f 11970 11971 4898 4899
f 11969 11970 4899 4900
f 4876 11969 4900 684
f 4875 11966 11969 4876
f 4874 11963 11966 4875
f 11972 11973 11976 11975
f 11973 11974 11977 11976
f 11975 11976 11979 11978
f 11976 11977 11980 11979
f 641 4558 11972 4765
f 4558 4557 11973 11972
f 4557 4556 11974 11973
f 4556 628 4889 11974
f 11974 4889 4890 11977
f 11977 4890 4891 11980
f 11980 4891 689 4901
f 11979 11980 4901 4902
f 11978 11979 4902 4903
f 4763 11978 4903 688
f 4764 11975 11978 4763
f 4765 11972 11975 4764
f 11981 11982 11985 11984
f 11982 11983 11986 11985
f 11984 11985 11988 11987
f 11985 11986 11989 11988
f 635 4519 11981 4892
f 4519 4518 11982 11981
f 4518 4517 11983 11982
f 4517 631 4750 11983
f 11983 4750 4749 11986
f 11986 4749 4748 11989
f 11989 4748 686 4904
f 11988 11989 4904 4905
f 11987 11988 4905 4906
f 4894 11987 4906 690
f 4893 11984 11987 4894
f 4892 11981 11984 4893
f 11990 11991 11994 11993
f 11991 11992 11995 11994
f 11993 11994 11997 11996
f 11994 11995 11998 11997
f 638 4546 11990 4877
f 4546 4545 11991 11990
f 4545 4544 11992 11991
f 4544 641 4765 11992
f 11992 4765 4764 11995
f 11995 4764 4763 11998
f 11998 4763 688 4907
f 11997 11998 4907 4908
f 11996 11997 4908 4909
f 4879 11996 4909 685
f 4878 11993 11996 4879
f 4877 11990 11993 4878
f 11999 12000 12003 12002
f 12000 12001 12004 12003
f 12002 12003 12006 12005
f 12003 12004 12007 12006
f 631 4504 11999 4750
f 4504 4503 12000 11999
f 4503 4502 12001 12000
f 4502 622 4883 12001
f 12001 4883 4884 12004
f 12004 4884 4885 12007
f 12007 4885 687 4910
f 12006 12007 4910 4911
f 12005 12006 4911 4912
f 4748 12005 4912 686
f 4749 12002 12005 4748
f 4750 11999 12002 4749
f 12008 12009 12012 12011
f 12009 12010 12013 12012
f 12011 12012 12015 12014
f 12012 12013 12016 12015
f 622 4480 12008 4883
f 4480 4479 12009 12008
f 4479 4478 12010 12009
f 4478 625 4729 12010
f 12010 4729 4728 12013
f 12013 4728 4727 12016
f 12016 4727 683 4913
f 12015 12016 4913 4914
f 12014 12015 4914 4915
f 4885 12014 4915 687
f 4884 12011 12014 4885
f 4883 12008 12011 4884
f 12017 12018 12021 12020
f 12018 12019 12022 12021
f 12020 12021 12024 12023
f 12021 12022 12025 12024
f 628 4486 12017 4889
f 4486 4485 12018 12017
f 4485 4484 12019 12018
f 4484 635 4892 12019
f 12019 4892 4893 12022
f 12022 4893 4894 12025
f 12025 4894 690 4916
f 12024 12025 4916 4917
f 12023 12024 4917 4918
f 4891 12023 4918 689
f 4890 12020 12023 4891
f 4889 12017 12020 4890
f 12026 12027 12030 12029
f 12027 12028 12031 12030
f 12029 12030 12033 12032
f 12030 12031 12034 12033
f 608 4426 12026 4922
f 4426 4425 12027 12026
f 4425 4424 12028 12027
f 4424 607 4925 12028
f 12028 4925 4926 12031
f 12031 4926 4927 12034
f 12034 4927 693 4943
f 12033 12034 4943 4944
f 12032 12033 4944 4945
f 4924 12032 4945 692
f 4923 12029 12032 4924
f 4922 12026 12029 4923
f 12035 12036 12039 12038
f 12036 12037 12040 12039
f 12038 12039 12042 12041
f 12039 12040 12043 12042
f 609 4384 12035 4606
f 4384 4383 12036 12035
f 4383 4382 12037 12036
f 4382 608 4922 12037
f 12037 4922 4923 12040
f 12040 4923 4924 12043
f 12043 4924 692 4946
f 12042 12043 4946 4947
f 12041 12042 4947 4948
f 4604 12041 4948 698
f 4605 12038 12041 4604
f 4606 12035 12038 4605
f 12044 12045 12048 12047
f 12045 12046 12049 12048
f 12047 12048 12051 12050
f 12048 12049 12052 12051
f 604 4591 12044 4594
f 4591 4590 12045 12044
f 4590 4589 12046 12045
f 4589 603 4934 12046
f 12046 4934 4935 12049
f 12049 4935 4936 12052
f 12052 4936 696 4949
f 12051 12052 4949 4950
f 12050 12051 4950 4951
f 4592 12050 4951 695
f 4593 12047 12050 4592
f 4594 12044 12047 4593
f 12053 12054 12057 12056
f 12054 12055 12058 12057
f 12056 12057 12060 12059
f 12057 12058 12061 12060
f 602 4417 12053 4937
f 4417 4416 12054 12053
f 4416 4415 12055 12054
f 4415 606 4423 12055
f 12055 4423 4422 12058
f 12058 4422 4421 12061
f 12061 4421 691 4952
f 12060 12061 4952 4953
f 12059 12060 4953 4954
f 4939 12059 4954 697
f 4938 12056 12059 4939
f 4937 12053 12056 4938
f 12062 12063 12066 12065
f 12063 12064 12067 12066
f 12065 12066 12069 12068
f 12066 12067 12070 12069
f 607 4390 12062 4925
f 4390 4389 12063 12062
f 4389 4388 12064 12063
f 4388 604 4594 12064
f 12064 4594 4593 12067
f 12067 4593 4592 12070
f 12070 4592 695 4955
f 12069 12070 4955 4956
f 12068 12069 4956 4957
f 4927 12068 4957 693
f 4926 12065 12068 4927
f 4925 12062 12065 4926
f 12071 12072 12075 12074
f 12072 12073 12076 12075
f 12074 12075 12078 12077
f 12075 12076 12079 12078
f 606 4381 12071 4423
f 4381 4380 12072 12071
f 4380 4379 12073 12072
f 4379 605 4928 12073
f 12073 4928 4929 12076
f 12076 4929 4930 12079
f 12079 4930 694 4958
f 12078 12079 4958 4959
f 12077 12078 4959 4960
f 4421 12077 4960 691
f 4422 12074 12077 4421
f 4423 12071 12074 4422
f 12080 12081 12084 12083
f 12081 12082 12085 12084
f 12083 12084 12087 12086
f 12084 12085 12088 12087
f 603 4567 12080 4934
f 4567 4566 12081 12080
f 4566 4565 12082 12081
f 4565 602 4937 12082
f 12082 4937 4938 12085
f 12085 4938 4939 12088
f 12088 4939 697 4961
f 12087 12088 4961 4962
f 12086 12087 4962 4963
f 4936 12086 4963 696
f 4935 12083 12086 4936
f 4934 12080 12083 4935
f 12089 12090 12093 12092
f 12090 12091 12094 12093
f 12092 12093 12096 12095
f 12093 12094 12097 12096
f 605 4429 12089 4928
f 4429 4428 12090 12089
f 4428 4427 12091 12090
f 4427 609 4606 12091
f 12091 4606 4605 12094
f 12094 4605 4604 12097
f 12097 4604 698 4964
f 12096 12097 4964 4965
f 12095 12096 4965 4966
f 4930 12095 4966 694
f 4929 12092 12095 4930
f 4928 12089 12092 4929
f 12098 12099 12102 12101
f 12099 12100 12103 12102
f 12101 12102 12105 12104
f 12102 12103 12106 12105
f 563 4099 12098 4967
f 4099 4098 12099 12098
f 4098 4097 12100 12099
f 4097 561 4246 12100
f 12100 4246 4245 12103
f 12103 4245 4244 12106
f 12106 4244 586 4979
f 12105 12106 4979 4980
f 12104 12105 4980 4981
f 4969 12104 4981 699
f 4968 12101 12104 4969
f 4967 12098 12101 4968
f 12107 12108 12111 12110
f 12108 12109 12112 12111
f 12110 12111 12114 12113
f 12111 12112 12115 12114
f 585 4982 12107 4265
f 4982 4983 12108 12107
f 4983 4984 12109 12108
f 4984 700 4972 12109
f 12109 4972 4971 12112
f 12112 4971 4970 12115
f 12115 4970 699 4981
f 12114 12115 4981 4980
f 12113 12114 4980 4979
f 4267 12113 4979 586
f 4266 12110 12113 4267
f 4265 12107 12110 4266
f 12116 12117 12120 12119
f 12117 12118 12121 12120
f 12119 12120 12123 12122
f 12120 12121 12124 12123
f 579 4985 12116 4262
f 4985 4986 12117 12116
f 4986 4987 12118 12117
f 4987 701 4975 12118
f 12118 4975 4974 12121
f 12121 4974 4973 12124
f 12124 4973 700 4984
f 12123 12124 4984 4983
f 12122 12123 4983 4982
f 4264 12122 4982 585
f 4263 12119 12122 4264
f 4262 12116 12119 4263
f 12125 12126 12129 12128
f 12126 12127 12130 12129
f 12128 12129 12132 12131
f 12129 12130 12133 12132
f 776 5446 12125 5353
f 5446 5445 12126 12125
f 5445 5444 12127 12126
f 5444 779 5362 12127
f 12127 5362 5361 12130
f 12130 5361 5360 12133
f 12133 5360 701 4987
f 12132 12133 4987 4986
f 12131 12132 4986 4985
f 5351 12131 4985 579
f 5352 12128 12131 5351
f 5353 12125 12128 5352
f 12134 12135 12138 12137
f 12135 12136 12139 12138
f 12137 12138 12141 12140
f 12138 12139 12142 12141
f 577 4991 12134 4237
f 4991 4992 12135 12134
f 4992 4993 12136 12135
f 4993 703 5008 12136
f 12136 5008 5007 12139
f 12139 5007 5006 12142
f 12142 5006 702 4990
f 12141 12142 4990 4989
f 12140 12141 4989 4988
f 4235 12140 4988 580
f 4236 12137 12140 4235
f 4237 12134 12137 4236
f 12143 12144 12147 12146
f 12144 12145 12148 12147
f 12146 12147 12150 12149
f 12147 12148 12151 12150
f 578 4994 12143 4231
f 4994 4995 12144 12143
f 4995 4996 12145 12144
f 4996 704 5011 12145
f 12145 5011 5010 12148
f 12148 5010 5009 12151
f 12151 5009 703 4993
f 12150 12151 4993 4992
f 12149 12150 4992 4991
f 4229 12149 4991 577
f 4230 12146 12149 4229
f 4231 12143 12146 4230
f 12152 12153 12156 12155
f 12153 12154 12157 12156
f 12155 12156 12159 12158
f 12156 12157 12160 12159
f 591 4997 12152 4318
f 4997 4998 12153 12152
f 4998 4999 12154 12153
f 4999 705 5014 12154
f 12154 5014 5013 12157
f 12157 5013 5012 12160
f 12160 5012 704 4996
f 12159 12160 4996 4995
f 12158 12159 4995 4994
f 4316 12158 4994 578
f 4317 12155 12158 4316
f 4318 12152 12155 4317
f 12161 12162 12165 12164
f 12162 12163 12166 12165
f 12164 12165 12168 12167
f 12165 12166 12169 12168
f 860 5836 12161 5891
f 5836 5835 12162 12161
f 5835 5834 12163 12162
f 5834 705 4999 12163
f 12163 4999 4998 12166
f 12166 4998 4997 12169
f 12169 4997 591 4309
f 12168 12169 4309 4308
f 12167 12168 4308 4307
f 5893 12167 4307 858
f 5892 12164 12167 5893
f 5891 12161 12164 5892
f 12170 12171 12174 12173
f 12171 12172 12175 12174
f 12173 12174 12177 12176
f 12174 12175 12178 12177
f 565 5003 12170 4174
f 5003 5004 12171 12170
f 5004 5005 12172 12171
f 5005 707 5020 12172
f 12172 5020 5019 12175
f 12175 5019 5018 12178
f 12178 5018 706 5002
f 12177 12178 5002 5001
f 12176 12177 5001 5000
f 4172 12176 5000 568
f 4173 12173 12176 4172
f 4174 12170 12173 4173
f 12179 12180 12183 12182
f 12180 12181 12184 12183
f 12182 12183 12186 12185
f 12183 12184 12187 12186
f 565 4171 12179 5003
f 4171 4170 12180 12179
f 4170 4169 12181 12180
f 4169 567 4376 12181
f 12181 4376 4377 12184
f 12184 4377 4378 12187
f 12187 4378 601 5021
f 12186 12187 5021 5022
f 12185 12186 5022 5023
f 5005 12185 5023 707
f 5004 12182 12185 5005
f 5003 12179 12182 5004
f 12188 12189 12192 12191
f 12189 12190 12193 12192
f 12191 12192 12195 12194
f 12192 12193 12196 12195
f 708 5026 12188 5029
f 5026 5025 12189 12188
f 5025 5024 12190 12189
f 5024 552 4094 12190
f 12190 4094 4095 12193
f 12193 4095 4096 12196
f 12196 4096 563 4967
f 12195 12196 4967 4968
f 12194 12195 4968 4969
f 5027 12194 4969 699
f 5028 12191 12194 5027
f 5029 12188 12191 5028
f 12197 12198 12201 12200
f 12198 12199 12202 12201
f 12200 12201 12204 12203
f 12201 12202 12205 12204
f 774 5443 12197 5347
f 5443 5442 12198 12197
f 5442 5441 12199 12198
f 5441 780 5365 12199
f 12199 5365 5364 12202
f 12202 5364 5363 12205
f 12205 5363 599 4357
f 12204 12205 4357 4356
f 12203 12204 4356 4355
f 5345 12203 4355 553
f 5346 12200 12203 5345
f 5347 12197 12200 5346
f 12206 12207 12210 12209
f 12207 12208 12211 12210
f 12209 12210 12213 12212
f 12210 12211 12214 12213
f 700 4973 12206 5041
f 4973 4974 12207 12206
f 4974 4975 12208 12207
f 4975 701 5036 12208
f 12208 5036 5037 12211
f 12211 5037 5038 12214
f 12214 5038 710 5035
f 12213 12214 5035 5034
f 12212 12213 5034 5033
f 5039 12212 5033 709
f 5040 12209 12212 5039
f 5041 12206 12209 5040
f 12215 12216 12219 12218
f 12216 12217 12220 12219
f 12218 12219 12222 12221
f 12219 12220 12223 12222
f 782 5440 12215 5371
f 5440 5439 12216 12215
f 5439 5438 12217 12216
f 5438 781 5045 12217
f 12217 5045 5046 12220
f 12220 5046 5047 12223
f 12223 5047 712 5044
f 12222 12223 5044 5043
f 12221 12222 5043 5042
f 5369 12221 5042 711
f 5370 12218 12221 5369
f 5371 12215 12218 5370
f 12224 12225 12228 12227
f 12225 12226 12229 12228
f 12227 12228 12231 12230
f 12228 12229 12232 12231
f 711 5042 12224 5059
f 5042 5043 12225 12224
f 5043 5044 12226 12225
f 5044 712 5054 12226
f 12226 5054 5055 12229
f 12229 5055 5056 12232
f 12232 5056 714 5053
f 12231 12232 5053 5052
f 12230 12231 5052 5051
f 5057 12230 5051 713
f 5058 12227 12230 5057
f 5059 12224 12227 5058
f 12233 12234 12237 12236
f 12234 12235 12238 12237
f 12236 12237 12240 12239
f 12237 12238 12241 12240
f 713 5051 12233 5068
f 5051 5052 12234 12233
f 5052 5053 12235 12234
f 5053 714 5063 12235
f 12235 5063 5064 12238
f 12238 5064 5065 12241
f 12241 5065 716 5062
f 12240 12241 5062 5061
f 12239 12240 5061 5060
f 5066 12239 5060 715
f 5067 12236 12239 5066
f 5068 12233 12236 5067
f 12242 12243 12246 12245
f 12243 12244 12247 12246
f 12245 12246 12249 12248
f 12246 12247 12250 12249
f 715 5060 12242 5077
f 5060 5061 12243 12242
f 5061 5062 12244 12243
f 5062 716 5072 12244
f 12244 5072 5073 12247
f 12247 5073 5074 12250
f 12250 5074 718 5071
f 12249 12250 5071 5070
f 12248 12249 5070 5069
f 5075 12248 5069 717
f 5076 12245 12248 5075
f 5077 12242 12245 5076
f 12251 12252 12255 12254
f 12252 12253 12256 12255
f 12254 12255 12258 12257
f 12255 12256 12259 12258
f 724 5122 12251 5119
f 5122 5121 12252 12251
f 5121 5120 12253 12252
f 5120 723 5084 12253
f 12253 5084 5085 12256
f 12256 5085 5086 12259
f 12259 5086 722 5083
f 12258 12259 5083 5082
f 12257 12258 5082 5081
f 5117 12257 5081 721
f 5118 12254 12257 5117
f 5119 12251 12254 5118
f 12260 12261 12264 12263
f 12261 12262 12265 12264
f 12263 12264 12267 12266
f 12264 12265 12268 12267
f 706 5018 12260 5090
f 5018 5019 12261 12260
f 5019 5020 12262 12261
f 5020 707 5093 12262
f 12262 5093 5094 12265
f 12265 5094 5095 12268
f 12268 5095 721 5081
f 12267 12268 5081 5082
f 12266 12267 5082 5083
f 5092 12266 5083 722
f 5091 12263 12266 5092
f 5090 12260 12263 5091
f 12269 12270 12273 12272
f 12270 12271 12274 12273
f 12272 12273 12276 12275
f 12273 12274 12277 12276
f 700 5041 12269 4972
f 5041 5040 12270 12269
f 5040 5039 12271 12270
f 5039 709 5098 12271
f 12271 5098 5097 12274
f 12274 5097 5096 12277
f 12277 5096 708 5029
f 12276 12277 5029 5028
f 12275 12276 5028 5027
f 4970 12275 5027 699
f 4971 12272 12275 4970
f 4972 12269 12272 4971
f 12278 12279 12282 12281
f 12279 12280 12283 12282
f 12281 12282 12285 12284
f 12282 12283 12286 12285
f 780 5437 12278 5365
f 5437 5436 12279 12278
f 5436 5435 12280 12279
f 5435 782 5371 12280
f 12280 5371 5370 12283
f 12283 5370 5369 12286
f 12286 5369 711 5101
f 12285 12286 5101 5100
f 12284 12285 5100 5099
f 5363 12284 5099 599
f 5364 12281 12284 5363
f 5365 12278 12281 5364
f 12287 12288 12291 12290
f 12288 12289 12292 12291
f 12290 12291 12294 12293
f 12291 12292 12295 12294
f 599 5099 12287 4339
f 5099 5100 12288 12287
f 5100 5101 12289 12288
f 5101 711 5059 12289
f 12289 5059 5058 12292
f 12292 5058 5057 12295
f 12295 5057 713 5104
f 12294 12295 5104 5103
f 12293 12294 5103 5102
f 4337 12293 5102 597
f 4338 12290 12293 4337
f 4339 12287 12290 4338
f 12296 12297 12300 12299
f 12297 12298 12301 12300
f 12299 12300 12303 12302
f 12300 12301 12304 12303
f 597 5102 12296 4330
f 5102 5103 12297 12296
f 5103 5104 12298 12297
f 5104 713 5068 12298
f 12298 5068 5067 12301
f 12301 5067 5066 12304
f 12304 5066 715 5107
f 12303 12304 5107 5106
f 12302 12303 5106 5105
f 4328 12302 5105 598
f 4329 12299 12302 4328
f 4330 12296 12299 4329
f 12305 12306 12309 12308
f 12306 12307 12310 12309
f 12308 12309 12312 12311
f 12309 12310 12313 12312
f 598 5105 12305 4336
f 5105 5106 12306 12305
f 5106 5107 12307 12306
f 5107 715 5077 12307
f 12307 5077 5076 12310
f 12310 5076 5075 12313
f 12313 5075 717 5110
f 12312 12313 5110 5109
f 12311 12312 5109 5108
f 4334 12311 5108 595
f 4335 12308 12311 4334
f 4336 12305 12308 4335
f 12314 12315 12318 12317
f 12315 12316 12319 12318
f 12317 12318 12321 12320
f 12318 12319 12322 12321
f 859 4325 12314 5888
f 4325 4326 12315 12314
f 4326 4327 12316 12315
f 4327 595 5108 12316
f 12316 5108 5109 12319
f 12319 5109 5110 12322
f 12322 5110 717 5837
f 12321 12322 5837 5838
f 12320 12321 5838 5839
f 5890 12320 5839 861
f 5889 12317 12320 5890
f 5888 12314 12317 5889
f 12323 12324 12327 12326
f 12324 12325 12328 12327
f 12326 12327 12330 12329
f 12327 12328 12331 12330
f 719 5078 12323 5089
f 5078 5079 12324 12323
f 5079 5080 12325 12324
f 5080 720 5114 12325
f 12325 5114 5115 12328
f 12328 5115 5116 12331
f 12331 5116 723 5120
f 12330 12331 5120 5121
f 12329 12330 5121 5122
f 5087 12329 5122 724
f 5088 12326 12329 5087
f 5089 12323 12326 5088
f 12332 12333 12336 12335
f 12333 12334 12337 12336
f 12335 12336 12339 12338
f 12336 12337 12340 12339
f 596 5123 12332 4333
f 5123 5124 12333 12332
f 5124 5125 12334 12333
f 5125 719 5089 12334
f 12334 5089 5088 12337
f 12337 5088 5087 12340
f 12340 5087 724 5128
f 12339 12340 5128 5127
f 12338 12339 5127 5126
f 4331 12338 5126 592
f 4332 12335 12338 4331
f 4333 12332 12335 4332
f 12341 12342 12345 12344
f 12342 12343 12346 12345
f 12344 12345 12348 12347
f 12345 12346 12349 12348
f 592 5126 12341 4322
f 5126 5127 12342 12341
f 5127 5128 12343 12342
f 5128 724 5119 12343
f 12343 5119 5118 12346
f 12346 5118 5117 12349
f 12349 5117 721 5131
f 12348 12349 5131 5130
f 12347 12348 5130 5129
f 4324 12347 5129 594
f 4323 12344 12347 4324
f 4322 12341 12344 4323
f 12350 12351 12354 12353
f 12351 12352 12355 12354
f 12353 12354 12357 12356
f 12354 12355 12358 12357
f 594 5129 12350 4367
f 5129 5130 12351 12350
f 5130 5131 12352 12351
f 5131 721 5095 12352
f 12352 5095 5094 12355
f 12355 5094 5093 12358
f 12358 5093 707 5023
f 12357 12358 5023 5022
f 12356 12357 5022 5021
f 4369 12356 5021 601
f 4368 12353 12356 4369
f 4367 12350 12353 4368
f 12359 12360 12363 12362
f 12360 12361 12364 12363
f 12362 12363 12366 12365
f 12363 12364 12367 12366
f 784 5434 12359 5377
f 5434 5433 12360 12359
f 5433 5432 12361 12360
f 5432 783 5135 12361
f 12361 5135 5136 12364
f 12364 5136 5137 12367
f 12367 5137 725 5132
f 12366 12367 5132 5133
f 12365 12366 5133 5134
f 5375 12365 5134 726
f 5376 12362 12365 5375
f 5377 12359 12362 5376
f 12368 12369 12372 12371
f 12369 12370 12373 12372
f 12371 12372 12375 12374
f 12372 12373 12376 12375
f 726 5134 12368 5149
f 5134 5133 12369 12368
f 5133 5132 12370 12369
f 5132 725 5144 12370
f 12370 5144 5145 12373
f 12373 5145 5146 12376
f 12376 5146 727 5141
f 12375 12376 5141 5142
f 12374 12375 5142 5143
f 5147 12374 5143 728
f 5148 12371 12374 5147
f 5149 12368 12371 5148
f 12377 12378 12381 12380
f 12378 12379 12382 12381
f 12380 12381 12384 12383
f 12381 12382 12385 12384
f 728 5143 12377 5158
f 5143 5142 12378 12377
f 5142 5141 12379 12378
f 5141 727 5153 12379
f 12379 5153 5154 12382
f 12382 5154 5155 12385
f 12385 5155 729 5150
f 12384 12385 5150 5151
f 12383 12384 5151 5152
f 5156 12383 5152 730
f 5157 12380 12383 5156
f 5158 12377 12380 5157
f 12386 12387 12390 12389
f 12387 12388 12391 12390
f 12389 12390 12393 12392
f 12390 12391 12394 12393
f 863 5887 12386 5845
f 5887 5886 12387 12386
f 5886 5885 12388 12387
f 5885 862 5162 12388
f 12388 5162 5163 12391
f 12391 5163 5164 12394
f 12394 5164 731 5159
f 12393 12394 5159 5160
f 12392 12393 5160 5161
f 5843 12392 5161 732
f 5844 12389 12392 5843
f 5845 12386 12389 5844
f 12395 12396 12399 12398
f 12396 12397 12400 12399
f 12398 12399 12402 12401
f 12399 12400 12403 12402
f 789 5431 12395 5392
f 5431 5430 12396 12395
f 5430 5429 12397 12396
f 5429 787 5174 12397
f 12397 5174 5175 12400
f 12400 5175 5176 12403
f 12403 5176 723 5116
f 12402 12403 5116 5115
f 12401 12402 5115 5114
f 5390 12401 5114 720
f 5391 12398 12401 5390
f 5392 12395 12398 5391
f 12404 12405 12408 12407
f 12405 12406 12409 12408
f 12407 12408 12411 12410
f 12408 12409 12412 12411
f 864 5177 12404 5882
f 5177 5178 12405 12404
f 5178 5179 12406 12405
f 5179 720 5080 12406
f 12406 5080 5079 12409
f 12409 5079 5078 12412
f 12412 5078 719 5113
f 12411 12412 5113 5112
f 12410 12411 5112 5111
f 5884 12410 5111 861
f 5883 12407 12410 5884
f 5882 12404 12407 5883
f 12413 12414 12417 12416
f 12414 12415 12418 12417
f 12416 12417 12420 12419
f 12417 12418 12421 12420
f 865 5881 12413 5426
f 5881 5880 12414 12413
f 5880 5879 12415 12414
f 5879 864 5848 12415
f 12415 5848 5847 12418
f 12418 5847 5846 12421
f 12421 5846 718 5182
f 12420 12421 5182 5181
f 12419 12420 5181 5180
f 5428 12419 5180 788
f 5427 12416 12419 5428
f 5426 12413 12416 5427
f 12422 12423 12426 12425
f 12423 12424 12427 12426
f 12425 12426 12429 12428
f 12426 12427 12430 12429
f 786 5171 12422 5423
f 5171 5172 12423 12422
f 5172 5173 12424 12423
f 5173 728 5158 12424
f 12424 5158 5157 12427
f 12427 5157 5156 12430
f 12430 5156 730 5387
f 12429 12430 5387 5388
f 12428 12429 5388 5389
f 5425 12428 5389 788
f 5424 12425 12428 5425
f 5423 12422 12425 5424
f 12431 12432 12435 12434
f 12432 12433 12436 12435
f 12434 12435 12438 12437
f 12435 12436 12439 12438
f 784 5377 12431 5420
f 5377 5376 12432 12431
f 5376 5375 12433 12432
f 5375 726 5149 12433
f 12433 5149 5148 12436
f 12436 5148 5147 12439
f 12439 5147 728 5173
f 12438 12439 5173 5172
f 12437 12438 5172 5171
f 5422 12437 5171 786
f 5421 12434 12437 5422
f 5420 12431 12434 5421
f 12440 12441 12444 12443
f 12441 12442 12445 12444
f 12443 12444 12447 12446
f 12444 12445 12448 12447
f 779 5419 12440 5362
f 5419 5418 12441 12440
f 5418 5417 12442 12441
f 5417 785 5380 12442
f 12442 5380 5379 12445
f 12445 5379 5378 12448
f 12448 5378 710 5038
f 12447 12448 5038 5037
f 12446 12447 5037 5036
f 5360 12446 5036 701
f 5361 12443 12446 5360
f 5362 12440 12443 5361
f 12449 12450 12453 12452
f 12450 12451 12454 12453
f 12452 12453 12456 12455
f 12453 12454 12457 12456
f 792 5416 12449 5405
f 5416 5415 12450 12449
f 5415 5414 12451 12450
f 5414 790 5395 12451
f 12451 5395 5394 12454
f 12454 5394 5393 12457
f 12457 5393 725 5137
f 12456 12457 5137 5136
f 12455 12456 5136 5135
f 5407 12455 5135 783
f 5406 12452 12455 5407
f 5405 12449 12452 5406
f 12458 12459 12462 12461
f 12459 12460 12463 12462
f 12461 12462 12465 12464
f 12462 12463 12466 12465
f 29 1009 12458 5195
f 1009 1008 12459 12458
f 1008 1007 12460 12459
f 1007 28 5192 12460
f 12460 5192 5193 12463
f 12463 5193 5194 12466
f 12466 5194 703 5009
f 12465 12466 5009 5010
f 12464 12465 5010 5011
f 5197 12464 5011 704
f 5196 12461 12464 5197
f 5195 12458 12461 5196
f 12467 12468 12471 12470
f 12468 12469 12472 12471
f 12470 12471 12474 12473
f 12471 12472 12475 12474
f 36 1033 12467 5198
f 1033 1032 12468 12467
f 1032 1031 12469 12468
f 1031 29 5195 12469
f 12469 5195 5196 12472
f 12472 5196 5197 12475
f 12475 5197 704 5012
f 12474 12475 5012 5013
f 12473 12474 5013 5014
f 5200 12473 5014 705
f 5199 12470 12473 5200
f 5198 12467 12470 5199
f 12476 12477 12480 12479
f 12477 12478 12481 12480
f 12479 12480 12483 12482
f 12480 12481 12484 12483
f 810 5686 12476 5876
f 5686 5685 12477 12476
f 5685 5684 12478 12477
f 5684 36 5198 12478
f 12478 5198 5199 12481
f 12481 5199 5200 12484
f 12484 5200 705 5834
f 12483 12484 5834 5835
f 12482 12483 5835 5836
f 5878 12482 5836 860
f 5877 12479 12482 5878
f 5876 12476 12479 5877
f 12485 12486 12489 12488
f 12486 12487 12490 12489
f 12488 12489 12492 12491
f 12489 12490 12493 12492
f 34 1025 12485 5204
f 1025 1026 12486 12485
f 1026 1027 12487 12486
f 1027 35 5201 12487
f 12487 5201 5202 12490
f 12490 5202 5203 12493
f 12493 5203 706 5090
f 12492 12493 5090 5091
f 12491 12492 5091 5092
f 5206 12491 5092 722
f 5205 12488 12491 5206
f 5204 12485 12488 5205
f 12494 12495 12498 12497
f 12495 12496 12499 12498
f 12497 12498 12501 12500
f 12498 12499 12502 12501
f 34 5204 12494 1022
f 5204 5205 12495 12494
f 5205 5206 12496 12495
f 5206 722 5086 12496
f 12496 5086 5085 12499
f 12499 5085 5084 12502
f 12502 5084 723 5209
f 12501 12502 5209 5208
f 12500 12501 5208 5207
f 1024 12500 5207 33
f 1023 12497 12500 1024
f 1022 12494 12497 1023
f 12503 12504 12507 12506
f 12504 12505 12508 12507
f 12506 12507 12510 12509
f 12507 12508 12511 12510
f 737 5404 12503 1019
f 5404 5403 12504 12503
f 5403 5402 12505 12504
f 5402 787 5386 12505
f 12505 5386 5385 12508
f 12508 5385 5384 12511
f 12511 5384 731 5212
f 12510 12511 5212 5211
f 12509 12510 5211 5210
f 1021 12509 5210 32
f 1020 12506 12509 1021
f 1019 12503 12506 1020
f 12512 12513 12516 12515
f 12513 12514 12517 12516
f 12515 12516 12519 12518
f 12516 12517 12520 12519
f 809 5875 12512 1016
f 5875 5874 12513 12512
f 5874 5873 12514 12513
f 5873 862 5842 12514
f 12514 5842 5841 12517
f 12517 5841 5840 12520
f 12520 5840 729 5215
f 12519 12520 5215 5214
f 12518 12519 5214 5213
f 1018 12518 5213 30
f 1017 12515 12518 1018
f 1016 12512 12515 1017
f 12521 12522 12525 12524
f 12522 12523 12526 12525
f 12524 12525 12528 12527
f 12525 12526 12529 12528
f 30 5213 12521 1010
f 5213 5214 12522 12521
f 5214 5215 12523 12522
f 5215 729 5155 12523
f 12523 5155 5154 12526
f 12526 5154 5153 12529
f 12529 5153 727 5218
f 12528 12529 5218 5217
f 12527 12528 5217 5216
f 1012 12527 5216 31
f 1011 12524 12527 1012
f 1010 12521 12524 1011
f 12530 12531 12534 12533
f 12531 12532 12535 12534
f 12533 12534 12537 12536
f 12534 12535 12538 12537
f 31 5216 12530 1015
f 5216 5217 12531 12530
f 5217 5218 12532 12531
f 5218 727 5146 12532
f 12532 5146 5145 12535
f 12535 5145 5144 12538
f 12538 5144 725 5221
f 12537 12538 5221 5220
f 12536 12537 5220 5219
f 1013 12536 5219 28
f 1014 12533 12536 1013
f 1015 12530 12533 1014
f 12539 12540 12543 12542
f 12540 12541 12544 12543
f 12542 12543 12546 12545
f 12543 12544 12547 12546
f 790 5401 12539 5395
f 5401 5400 12540 12539
f 5400 5399 12541 12540
f 5399 791 5222 12541
f 12541 5222 5223 12544
f 12544 5223 5224 12547
f 12547 5224 28 5219
f 12546 12547 5219 5220
f 12545 12546 5220 5221
f 5393 12545 5221 725
f 5394 12542 12545 5393
f 5395 12539 12542 5394
f 12548 12549 12552 12551
f 12549 12550 12553 12552
f 12551 12552 12555 12554
f 12552 12553 12556 12555
f 733 5188 12548 5191
f 5188 5187 12549 12548
f 5187 5186 12550 12549
f 5186 702 5396 12550
f 12550 5396 5397 12553
f 12553 5397 5398 12556
f 12556 5398 791 5399
f 12555 12556 5399 5400
f 12554 12555 5400 5401
f 5189 12554 5401 790
f 5190 12551 12554 5189
f 5191 12548 12551 5190
f 12557 12558 12561 12560
f 12558 12559 12562 12561
f 12560 12561 12564 12563
f 12561 12562 12565 12564
f 33 5207 12557 5234
f 5207 5208 12558 12557
f 5208 5209 12559 12558
f 5209 723 5176 12559
f 12559 5176 5175 12562
f 12562 5175 5174 12565
f 12565 5174 787 5402
f 12564 12565 5402 5403
f 12563 12564 5403 5404
f 5236 12563 5404 737
f 5235 12560 12563 5236
f 5234 12557 12560 5235
f 12566 12567 12570 12569
f 12567 12568 12571 12570
f 12569 12570 12573 12572
f 12570 12571 12574 12573
f 781 5413 12566 5045
f 5413 5412 12567 12566
f 5412 5411 12568 12567
f 5411 792 5405 12568
f 12568 5405 5406 12571
f 12571 5406 5407 12574
f 12574 5407 783 5374
f 12573 12574 5374 5373
f 12572 12573 5373 5372
f 5047 12572 5372 712
f 5046 12569 12572 5047
f 5045 12566 12569 5046
f 12575 12576 12579 12578
f 12576 12577 12580 12579
f 12578 12579 12582 12581
f 12579 12580 12583 12582
f 710 5378 12575 5366
f 5378 5379 12576 12575
f 5379 5380 12577 12576
f 5380 785 5408 12577
f 12577 5408 5409 12580
f 12580 5409 5410 12583
f 12583 5410 792 5411
f 12582 12583 5411 5412
f 12581 12582 5412 5413
f 5368 12581 5413 781
f 5367 12578 12581 5368
f 5366 12575 12578 5367
f 12584 12585 12588 12587
f 12585 12586 12589 12588
f 12587 12588 12591 12590
f 12588 12589 12592 12591
f 785 5168 12584 5408
f 5168 5169 12585 12584
f 5169 5170 12586 12585
f 5170 733 5191 12586
f 12586 5191 5190 12589
f 12589 5190 5189 12592
f 12592 5189 790 5414
f 12591 12592 5414 5415
f 12590 12591 5415 5416
f 5410 12590 5416 792
f 5409 12587 12590 5410
f 5408 12584 12587 5409
f 12593 12594 12597 12596
f 12594 12595 12598 12597
f 12596 12597 12600 12599
f 12597 12598 12601 12600
f 702 5186 12593 4978
f 5186 5187 12594 12593
f 5187 5188 12595 12594
f 5188 733 5170 12595
f 12595 5170 5169 12598
f 12598 5169 5168 12601
f 12601 5168 785 5417
f 12600 12601 5417 5418
f 12599 12600 5418 5419
f 4976 12599 5419 779
f 4977 12596 12599 4976
f 4978 12593 12596 4977
f 12602 12603 12606 12605
f 12603 12604 12607 12606
f 12605 12606 12609 12608
f 12606 12607 12610 12609
f 714 5140 12602 5063
f 5140 5139 12603 12602
f 5139 5138 12604 12603
f 5138 784 5420 12604
f 12604 5420 5421 12607
f 12607 5421 5422 12610
f 12610 5422 786 5383
f 12609 12610 5383 5382
f 12608 12609 5382 5381
f 5065 12608 5381 716
f 5064 12605 12608 5065
f 5063 12602 12605 5064
f 12611 12612 12615 12614
f 12612 12613 12616 12615
f 12614 12615 12618 12617
f 12615 12616 12619 12618
f 716 5381 12611 5072
f 5381 5382 12612 12611
f 5382 5383 12613 12612
f 5383 786 5423 12613
f 12613 5423 5424 12616
f 12616 5424 5425 12619
f 12619 5425 788 5180
f 12618 12619 5180 5181
f 12617 12618 5181 5182
f 5074 12617 5182 718
f 5073 12614 12617 5074
f 5072 12611 12614 5073
f 12620 12621 12624 12623
f 12621 12622 12625 12624
f 12623 12624 12627 12626
f 12624 12625 12628 12627
f 863 5872 12620 5165
f 5872 5871 12621 12620
f 5871 5870 12622 12621
f 5870 865 5426 12622
f 12622 5426 5427 12625
f 12625 5427 5428 12628
f 12628 5428 788 5389
f 12627 12628 5389 5388
f 12626 12627 5388 5387
f 5167 12626 5387 730
f 5166 12623 12626 5167
f 5165 12620 12623 5166
f 12629 12630 12633 12632
f 12630 12631 12634 12633
f 12632 12633 12636 12635
f 12633 12634 12637 12636
f 732 5161 12629 5185
f 5161 5160 12630 12629
f 5160 5159 12631 12630
f 5159 731 5384 12631
f 12631 5384 5385 12634
f 12634 5385 5386 12637
f 12637 5386 787 5429
f 12636 12637 5429 5430
f 12635 12636 5430 5431
f 5183 12635 5431 789
f 5184 12632 12635 5183
f 5185 12629 12632 5184
f 12638 12639 12642 12641
f 12639 12640 12643 12642
f 12641 12642 12645 12644
f 12642 12643 12646 12645
f 714 5056 12638 5140
f 5056 5055 12639 12638
f 5055 5054 12640 12639
f 5054 712 5372 12640
f 12640 5372 5373 12643
f 12643 5373 5374 12646
f 12646 5374 783 5432
f 12645 12646 5432 5433
f 12644 12645 5433 5434
f 5138 12644 5434 784
f 5139 12641 12644 5138
f 5140 12638 12641 5139
f 12647 12648 12651 12650
f 12648 12649 12652 12651
f 12650 12651 12654 12653
f 12651 12652 12655 12654
f 708 5096 12647 5032
f 5096 5097 12648 12647
f 5097 5098 12649 12648
f 5098 709 5050 12649
f 12649 5050 5049 12652
f 12652 5049 5048 12655
f 12655 5048 782 5435
f 12654 12655 5435 5436
f 12653 12654 5436 5437
f 5030 12653 5437 780
f 5031 12650 12653 5030
f 5032 12647 12650 5031
f 12656 12657 12660 12659
f 12657 12658 12661 12660
f 12659 12660 12663 12662
f 12660 12661 12664 12663
f 709 5033 12656 5050
f 5033 5034 12657 12656
f 5034 5035 12658 12657
f 5035 710 5366 12658
f 12658 5366 5367 12661
f 12661 5367 5368 12664
f 12664 5368 781 5438
f 12663 12664 5438 5439
f 12662 12663 5439 5440
f 5048 12662 5440 782
f 5049 12659 12662 5048
f 5050 12656 12659 5049
f 12665 12666 12669 12668
f 12666 12667 12670 12669
f 12668 12669 12672 12671
f 12669 12670 12673 12672
f 552 5024 12665 4060
f 5024 5025 12666 12665
f 5025 5026 12667 12666
f 5026 708 5032 12667
f 12667 5032 5031 12670
f 12670 5031 5030 12673
f 12673 5030 780 5441
f 12672 12673 5441 5442
f 12671 12672 5442 5443
f 4058 12671 5443 774
f 4059 12668 12671 4058
f 4060 12665 12668 4059
f 12674 12675 12678 12677
f 12675 12676 12679 12678
f 12677 12678 12681 12680
f 12678 12679 12682 12681
f 580 4988 12674 4234
f 4988 4989 12675 12674
f 4989 4990 12676 12675
f 4990 702 4978 12676
f 12676 4978 4977 12679
f 12679 4977 4976 12682
f 12682 4976 779 5444
f 12681 12682 5444 5445
f 12680 12681 5445 5446
f 4232 12680 5446 776
f 4233 12677 12680 4232
f 4234 12674 12677 4233
f 12683 12684 12687 12686
f 12684 12685 12688 12687
f 12686 12687 12690 12689
f 12687 12688 12691 12690
f 586 4282 12683 4267
f 4282 4281 12684 12683
f 4281 4280 12685 12684
f 4280 777 5447 12685
f 12685 5447 5448 12688
f 12688 5448 5449 12691
f 12691 5449 778 4283
f 12690 12691 4283 4284
f 12689 12690 4284 4285
f 4265 12689 4285 585
f 4266 12686 12689 4265
f 4267 12683 12686 4266
f 12692 12693 12696 12695
f 12693 12694 12697 12696
f 12695 12696 12699 12698
f 12696 12697 12700 12699
f 561 5348 12692 4246
f 5348 5349 12693 12692
f 5349 5350 12694 12693
f 5350 775 5450 12694
f 12694 5450 5451 12697
f 12697 5451 5452 12700
f 12700 5452 777 4280
f 12699 12700 4280 4281
f 12698 12699 4281 4282
f 4244 12698 4282 586
f 4245 12695 12698 4244
f 4246 12692 12695 4245
f 12701 12702 12705 12704
f 12702 12703 12706 12705
f 12704 12705 12708 12707
f 12705 12706 12709 12708
f 585 4285 12701 4264
f 4285 4284 12702 12701
f 4284 4283 12703 12702
f 4283 778 5453 12703
f 12703 5453 5454 12706
f 12706 5454 5455 12709
f 12709 5455 776 5353
f 12708 12709 5353 5352
f 12707 12708 5352 5351
f 4262 12707 5351 579
f 4263 12704 12707 4262
f 4264 12701 12704 4263
f 12710 12711 12714 12713
f 12711 12712 12715 12714
f 12713 12714 12717 12716
f 12714 12715 12718 12717
f 541 5342 12710 4142
f 5342 5343 12711 12710
f 5343 5344 12712 12711
f 5344 773 5456 12712
f 12712 5456 5457 12715
f 12715 5457 5458 12718
f 12718 5458 775 5350
f 12717 12718 5350 5349
f 12716 12717 5349 5348
f 4144 12716 5348 561
f 4143 12713 12716 4144
f 4142 12710 12713 4143
f 12719 12720 12723 12722
f 12720 12721 12724 12723
f 12722 12723 12726 12725
f 12723 12724 12727 12726
f 533 5339 12719 4162
f 5339 5340 12720 12719
f 5340 5341 12721 12720
f 5341 772 5459 12721
f 12721 5459 5460 12724
f 12724 5460 5461 12727
f 12727 5461 774 5347
f 12726 12727 5347 5346
f 12725 12726 5346 5345
f 4160 12725 5345 553
f 4161 12722 12725 4160
f 4162 12719 12722 4161
f 12728 12729 12732 12731
f 12729 12730 12733 12732
f 12731 12732 12735 12734
f 12732 12733 12736 12735
f 504 5336 12728 4033
f 5336 5337 12729 12728
f 5337 5338 12730 12729
f 5338 771 5462 12730
f 12730 5462 5463 12733
f 12733 5463 5464 12736
f 12736 5464 773 5344
f 12735 12736 5344 5343
f 12734 12735 5343 5342
f 4031 12734 5342 541
f 4032 12731 12734 4031
f 4033 12728 12731 4032
f 12737 12738 12741 12740
f 12738 12739 12742 12741
f 12740 12741 12744 12743
f 12741 12742 12745 12744
f 487 5330 12737 3997
f 5330 5331 12738 12737
f 5331 5332 12739 12738
f 5332 769 5465 12739
f 12739 5465 5466 12742
f 12742 5466 5467 12745
f 12745 5467 772 5341
f 12744 12745 5341 5340
f 12743 12744 5340 5339
f 3995 12743 5339 533
f 3996 12740 12743 3995
f 3997 12737 12740 3996
f 12746 12747 12750 12749
f 12747 12748 12751 12750
f 12749 12750 12753 12752
f 12750 12751 12754 12753
f 494 5333 12746 3793
f 5333 5334 12747 12746
f 5334 5335 12748 12747
f 5335 770 5468 12748
f 12748 5468 5469 12751
f 12751 5469 5470 12754
f 12754 5470 771 5338
f 12753 12754 5338 5337
f 12752 12753 5337 5336
f 3791 12752 5336 504
f 3792 12749 12752 3791
f 3793 12746 12749 3792
f 12755 12756 12759 12758
f 12756 12757 12760 12759
f 12758 12759 12762 12761
f 12759 12760 12763 12762
f 168 5267 12755 3748
f 5267 5268 12756 12755
f 5268 5269 12757 12756
f 5269 748 5471 12757
f 12757 5471 5472 12760
f 12760 5472 5473 12763
f 12763 5473 770 5335
f 12762 12763 5335 5334
f 12761 12762 5334 5333
f 3746 12761 5333 494
f 3747 12758 12761 3746
f 3748 12755 12758 3747
f 12764 12765 12768 12767
f 12765 12766 12769 12768
f 12767 12768 12771 12770
f 12768 12769 12772 12771
f 475 5327 12764 3658
f 5327 5328 12765 12764
f 5328 5329 12766 12765
f 5329 768 5474 12766
f 12766 5474 5475 12769
f 12769 5475 5476 12772
f 12772 5476 769 5332
f 12771 12772 5332 5331
f 12770 12771 5331 5330
f 3656 12770 5330 487
f 3657 12767 12770 3656
f 3658 12764 12767 3657
f 12773 12774 12777 12776
f 12774 12775 12778 12777
f 12776 12777 12780 12779
f 12777 12778 12781 12780
f 175 5270 12773 3605
f 5270 5271 12774 12773
f 5271 5272 12775 12774
f 5272 749 5477 12775
f 12775 5477 5478 12778
f 12778 5478 5479 12781
f 12781 5479 768 5329
f 12780 12781 5329 5328
f 12779 12780 5328 5327
f 3607 12779 5327 475
f 3606 12776 12779 3607
f 3605 12773 12776 3606
f 12782 12783 12786 12785
f 12783 12784 12787 12786
f 12785 12786 12789 12788
f 12786 12787 12790 12789
f 166 1699 12782 3479
f 1699 1698 12783 12782
f 1698 1697 12784 12783
f 1697 746 5480 12784
f 12784 5480 5481 12787
f 12787 5481 5482 12790
f 12790 5482 767 3518
f 12789 12790 3518 3519
f 12788 12789 3519 3520
f 3481 12788 3520 457
f 3480 12785 12788 3481
f 3479 12782 12785 3480
f 12791 12792 12795 12794
f 12792 12793 12796 12795
f 12794 12795 12798 12797
f 12795 12796 12799 12798
f 159 1681 12791 3064
f 1681 1680 12792 12791
f 1680 1679 12793 12792
f 1679 745 5483 12793
f 12793 5483 5484 12796
f 12796 5484 5485 12799
f 12799 5485 766 3509
f 12798 12799 3509 3510
f 12797 12798 3510 3511
f 3062 12797 3511 459
f 3063 12794 12797 3062
f 3064 12791 12794 3063
f 12800 12801 12804 12803
f 12801 12802 12805 12804
f 12803 12804 12807 12806
f 12804 12805 12808 12807
f 304 2569 12800 3431
f 2569 2568 12801 12800
f 2568 2567 12802 12801
f 2567 756 5486 12802
f 12802 5486 5487 12805
f 12805 5487 5488 12808
f 12808 5488 765 3473
f 12807 12808 3473 3474
f 12806 12807 3474 3475
f 3433 12806 3475 449
f 3432 12803 12806 3433
f 3431 12800 12803 3432
f 12809 12810 12813 12812
f 12810 12811 12814 12813
f 12812 12813 12816 12815
f 12813 12814 12817 12816
f 313 2623 12809 3070
f 2623 2622 12810 12809
f 2622 2621 12811 12810
f 2621 759 5489 12811
f 12811 5489 5490 12814
f 12814 5490 5491 12817
f 12817 5491 764 3464
f 12816 12817 3464 3465
f 12815 12816 3465 3466
f 3068 12815 3466 451
f 3069 12812 12815 3068
f 3070 12809 12812 3069
f 12818 12819 12822 12821
f 12819 12820 12823 12822
f 12821 12822 12825 12824
f 12822 12823 12826 12825
f 224 1969 12818 2416
f 1969 1968 12819 12818
f 1968 1967 12820 12819
f 1967 750 5492 12820
f 12820 5492 5493 12823
f 12823 5493 5494 12826
f 12826 5494 763 3419
f 12825 12826 3419 3420
f 12824 12825 3420 3421
f 2414 12824 3421 447
f 2415 12821 12824 2414
f 2416 12818 12821 2415
f 12827 12828 12831 12830
f 12828 12829 12832 12831
f 12830 12831 12834 12833
f 12831 12832 12835 12834
f 212 2005 12827 2386
f 2005 2004 12828 12827
f 2004 2003 12829 12828
f 2003 753 5495 12829
f 12829 5495 5496 12832
f 12832 5496 5497 12835
f 12835 5497 762 3407
f 12834 12835 3407 3408
f 12833 12834 3408 3409
f 2384 12833 3409 442
f 2385 12830 12833 2384
f 2386 12827 12830 2385
f 12836 12837 12840 12839
f 12837 12838 12841 12840
f 12839 12840 12843 12842
f 12840 12841 12844 12843
f 309 2629 12836 2600
f 2629 2628 12837 12836
f 2628 2627 12838 12837
f 2627 760 5498 12838
f 12838 5498 5499 12841
f 12841 5499 5500 12844
f 12844 5500 761 2633
f 12843 12844 2633 2634
f 12842 12843 2634 2635
f 2602 12842 2635 308
f 2601 12839 12842 2602
f 2600 12836 12839 2601
f 12845 12846 12849 12848
f 12846 12847 12850 12849
f 12848 12849 12852 12851
f 12849 12850 12853 12852
f 307 5300 12845 2591
f 5300 5301 12846 12845
f 5301 5302 12847 12846
f 5302 759 5501 12847
f 12847 5501 5502 12850
f 12850 5502 5503 12853
f 12853 5503 760 2627
f 12852 12853 2627 2628
f 12851 12852 2628 2629
f 2593 12851 2629 309
f 2592 12848 12851 2593
f 2591 12845 12848 2592
f 12854 12855 12858 12857
f 12855 12856 12859 12858
f 12857 12858 12861 12860
f 12858 12859 12862 12861
f 318 2575 12854 2578
f 2575 2574 12855 12854
f 2574 2573 12856 12855
f 2573 757 5504 12856
f 12856 5504 5505 12859
f 12859 5505 5506 12862
f 12862 5506 758 2582
f 12861 12862 2582 2583
f 12860 12861 2583 2584
f 2576 12860 2584 316
f 2577 12857 12860 2576
f 2578 12854 12857 2577
f 12863 12864 12867 12866
f 12864 12865 12868 12867
f 12866 12867 12870 12869
f 12867 12868 12871 12870
f 317 5291 12863 2566
f 5291 5292 12864 12863
f 5292 5293 12865 12864
f 5293 756 5507 12865
f 12865 5507 5508 12868
f 12868 5508 5509 12871
f 12871 5509 757 2573
f 12870 12871 2573 2574
f 12869 12870 2574 2575
f 2564 12869 2575 318
f 2565 12866 12869 2564
f 2566 12863 12866 2565
f 12872 12873 12876 12875
f 12873 12874 12877 12876
f 12875 12876 12879 12878
f 12876 12877 12880 12879
f 210 2008 12872 1943
f 2008 2007 12873 12872
f 2007 2006 12874 12873
f 2006 754 5510 12874
f 12874 5510 5511 12877
f 12877 5511 5512 12880
f 12880 5512 755 2009
f 12879 12880 2009 2010
f 12878 12879 2010 2011
f 1945 12878 2011 209
f 1944 12875 12878 1945
f 1943 12872 12875 1944
f 12881 12882 12885 12884
f 12882 12883 12886 12885
f 12884 12885 12888 12887
f 12885 12886 12889 12888
f 208 5282 12881 1937
f 5282 5283 12882 12881
f 5283 5284 12883 12882
f 5284 753 5513 12883
f 12883 5513 5514 12886
f 12886 5514 5515 12889
f 12889 5515 754 2006
f 12888 12889 2006 2007
f 12887 12888 2007 2008
f 1939 12887 2008 210
f 1938 12884 12887 1939
f 1937 12881 12884 1938
f 12890 12891 12894 12893
f 12891 12892 12895 12894
f 12893 12894 12897 12896
f 12894 12895 12898 12897
f 219 1972 12890 1975
f 1972 1971 12891 12890
f 1971 1970 12892 12891
f 1970 751 5516 12892
f 12892 5516 5517 12895
f 12895 5517 5518 12898
f 12898 5518 752 1976
f 12897 12898 1976 1977
f 12896 12897 1977 1978
f 1973 12896 1978 217
f 1974 12893 12896 1973
f 1975 12890 12893 1974
f 12899 12900 12903 12902
f 12900 12901 12904 12903
f 12902 12903 12906 12905
f 12903 12904 12907 12906
f 218 5273 12899 1966
f 5273 5274 12900 12899
f 5274 5275 12901 12900
f 5275 750 5519 12901
f 12901 5519 5520 12904
f 12904 5520 5521 12907
f 12907 5521 751 1970
f 12906 12907 1970 1971
f 12905 12906 1971 1972
f 1964 12905 1972 219
f 1965 12902 12905 1964
f 1966 12899 12902 1965
f 12908 12909 12912 12911
f 12909 12910 12913 12912
f 12911 12912 12915 12914
f 12912 12913 12916 12915
f 451 3466 12908 3439
f 3466 3465 12909 12908
f 3465 3464 12910 12909
f 3464 764 5522 12910
f 12910 5522 5523 12913
f 12913 5523 5524 12916
f 12916 5524 752 5281
f 12915 12916 5281 5280
f 12914 12915 5280 5279
f 3437 12914 5279 223
f 3438 12911 12914 3437
f 3439 12908 12911 3438
f 12917 12918 12921 12920
f 12918 12919 12922 12921
f 12920 12921 12924 12923
f 12921 12922 12925 12924
f 449 3475 12917 3053
f 3475 3474 12918 12917
f 3474 3473 12919 12918
f 3473 765 5525 12919
f 12919 5525 5526 12922
f 12922 5526 5527 12925
f 12925 5527 755 5290
f 12924 12925 5290 5289
f 12923 12924 5289 5288
f 3055 12923 5288 211
f 3054 12920 12923 3055
f 3053 12917 12920 3054
f 12926 12927 12930 12929
f 12927 12928 12931 12930
f 12929 12930 12933 12932
f 12930 12931 12934 12933
f 442 3409 12926 3388
f 3409 3408 12927 12926
f 3408 3407 12928 12927
f 3407 762 5528 12928
f 12928 5528 5529 12931
f 12931 5529 5530 12934
f 12934 5530 749 5272
f 12933 12934 5272 5271
f 12932 12933 5271 5270
f 3386 12932 5270 175
f 3387 12929 12932 3386
f 3388 12926 12929 3387
f 12935 12936 12939 12938
f 12936 12937 12940 12939
f 12938 12939 12942 12941
f 12939 12940 12943 12942
f 447 3421 12935 3403
f 3421 3420 12936 12935
f 3420 3419 12937 12936
f 3419 763 5531 12937
f 12937 5531 5532 12940
f 12940 5532 5533 12943
f 12943 5533 748 5269
f 12942 12943 5269 5268
f 12941 12942 5268 5267
f 3401 12941 5267 168
f 3402 12938 12941 3401
f 3403 12935 12938 3402
f 12944 12945 12948 12947
f 12945 12946 12949 12948
f 12947 12948 12951 12950
f 12948 12949 12952 12951
f 459 3511 12944 3487
f 3511 3510 12945 12944
f 3510 3509 12946 12945
f 3509 766 5534 12946
f 12946 5534 5535 12949
f 12949 5535 5536 12952
f 12952 5536 761 5308
f 12951 12952 5308 5307
f 12950 12951 5307 5306
f 3485 12950 5306 314
f 3486 12947 12950 3485
f 3487 12944 12947 3486
f 12953 12954 12957 12956
f 12954 12955 12958 12957
f 12956 12957 12960 12959
f 12957 12958 12961 12960
f 457 3520 12953 3047
f 3520 3519 12954 12953
f 3519 3518 12955 12954
f 3518 767 5537 12955
f 12955 5537 5538 12958
f 12958 5538 5539 12961
f 12961 5539 758 5299
f 12960 12961 5299 5298
f 12959 12960 5298 5297
f 3049 12959 5297 305
f 3048 12956 12959 3049
f 3047 12953 12956 3048
f 12962 12963 12966 12965
f 12963 12964 12967 12966
f 12965 12966 12969 12968
f 12966 12967 12970 12969
f 166 1708 12962 1699
f 1708 1707 12963 12962
f 1707 1706 12964 12963
f 1706 167 5264 12964
f 12964 5264 5265 12967
f 12967 5265 5266 12970
f 12970 5266 747 5540
f 12969 12970 5540 5541
f 12968 12969 5541 5542
f 1697 12968 5542 746
f 1698 12965 12968 1697
f 1699 12962 12965 1698
f 12971 12972 12975 12974
f 12972 12973 12976 12975
f 12974 12975 12978 12977
f 12975 12976 12979 12978
f 167 1711 12971 5264
f 1711 1710 12972 12971
f 1710 1709 12973 12972
f 1709 164 5258 12973
f 12973 5258 5259 12976
f 12976 5259 5260 12979
f 12979 5260 745 5543
f 12978 12979 5543 5544
f 12977 12978 5544 5545
f 5266 12977 5545 747
f 5265 12974 12977 5266
f 5264 12971 12974 5265
f 12980 12981 12984 12983
f 12981 12982 12985 12984
f 12983 12984 12987 12986
f 12984 12985 12988 12987
f 84 1408 12980 1315
f 1408 1407 12981 12980
f 1407 1406 12982 12981
f 1406 742 5546 12982
f 12982 5546 5547 12985
f 12985 5547 5548 12988
f 12988 5548 743 1409
f 12987 12988 1409 1410
f 12986 12987 1410 1411
f 1313 12986 1411 83
f 1314 12983 12986 1313
f 1315 12980 12983 1314
f 12989 12990 12993 12992
f 12990 12991 12994 12993
f 12992 12993 12996 12995
f 12993 12994 12997 12996
f 10 919 12989 985
f 919 918 12990 12989
f 918 917 12991 12990
f 917 735 5549 12991
f 12991 5549 5550 12994
f 12994 5550 5551 12997
f 12997 5551 742 1406
f 12996 12997 1406 1407
f 12995 12996 1407 1408
f 983 12995 1408 84
f 984 12992 12995 983
f 985 12989 12992 984
f 12998 12999 13002 13001
f 12999 13000 13003 13002
f 13001 13002 13005 13004
f 13002 13003 13006 13005
f 23 967 12998 1262
f 967 966 12999 12998
f 966 965 13000 12999
f 965 736 5552 13000
f 13000 5552 5553 13003
f 13003 5553 5554 13006
f 13006 5554 741 1283
f 13005 13006 1283 1284
f 13004 13005 1284 1285
f 1264 13004 1285 78
f 1263 13001 13004 1264
f 1262 12998 13001 1263
f 13007 13008 13011 13010
f 13008 13009 13012 13011
f 13010 13011 13014 13013
f 13011 13012 13015 13014
f 78 1285 13007 1172
f 1285 1284 13008 13007
f 1284 1283 13009 13008
f 1283 741 5555 13009
f 13009 5555 5556 13012
f 13012 5556 5557 13015
f 13015 5557 740 1193
f 13014 13015 1193 1194
f 13013 13014 1194 1195
f 1174 13013 1195 63
f 1173 13010 13013 1174
f 1172 13007 13010 1173
f 13016 13017 13020 13019
f 13017 13018 13021 13020
f 13019 13020 13023 13022
f 13020 13021 13024 13023
f 53 5237 13016 1040
f 5237 5238 13017 13016
f 5238 5239 13018 13017
f 5239 738 5558 13018
f 13018 5558 5559 13021
f 13021 5559 5560 13024
f 13024 5560 739 1076
f 13023 13024 1076 1077
f 13022 13023 1077 1078
f 1042 13022 1078 54
f 1041 13019 13022 1042
f 1040 13016 13019 1041
f 13025 13026 13029 13028
f 13026 13027 13030 13029
f 13028 13029 13032 13031
f 13029 13030 13033 13032
f 107 1456 13025 1432
f 1456 1455 13026 13025
f 1455 1454 13027 13026
f 1454 744 5561 13027
f 13027 5561 5562 13030
f 13030 5562 5563 13033
f 13033 5563 737 1019
f 13032 13033 1019 1020
f 13031 13032 1020 1021
f 1430 13031 1021 32
f 1431 13028 13031 1430
f 1432 13025 13028 1431
f 13034 13035 13038 13037
f 13035 13036 13039 13038
f 13037 13038 13041 13040
f 13038 13039 13042 13041
f 63 1195 13034 1145
f 1195 1194 13035 13034
f 1194 1193 13036 13035
f 1193 740 5564 13036
f 13036 5564 5565 13039
f 13039 5565 5566 13042
f 13042 5566 739 5242
f 13041 13042 5242 5241
f 13040 13041 5241 5240
f 1147 13040 5240 46
f 1146 13037 13040 1147
f 1145 13034 13037 1146
f 13043 13044 13047 13046
f 13044 13045 13048 13047
f 13046 13047 13050 13049
f 13047 13048 13051 13050
f 83 1411 13043 1312
f 1411 1410 13044 13043
f 1410 1409 13045 13044
f 1409 743 5567 13045
f 13045 5567 5568 13048
f 13048 5568 5569 13051
f 13051 5569 736 965
f 13050 13051 965 966
f 13049 13050 966 967
f 1310 13049 967 23
f 1311 13046 13049 1310
f 1312 13043 13046 1311
f 13052 13053 13056 13055
f 13053 13054 13057 13056
f 13055 13056 13059 13058
f 13056 13057 13060 13059
f 10 904 13052 919
f 904 903 13053 13052
f 903 902 13054 13053
f 902 9 916 13054
f 13054 916 915 13057
f 13057 915 914 13060
f 13060 914 734 5570
f 13059 13060 5570 5571
f 13058 13059 5571 5572
f 917 13058 5572 735
f 918 13055 13058 917
f 919 13052 13055 918
f 13061 13062 13065 13064
f 13062 13063 13066 13065
f 13064 13065 13068 13067
f 13065 13066 13069 13068
f 703 5194 13061 5008
f 5194 5193 13062 13061
f 5193 5192 13063 13062
f 5192 28 5224 13063
f 13063 5224 5223 13066
f 13066 5223 5222 13069
f 13069 5222 791 5398
f 13068 13069 5398 5397
f 13067 13068 5397 5396
f 5006 13067 5396 702
f 5007 13064 13067 5006
f 5008 13061 13064 5007
f 13070 13071 13074 13073
f 13071 13072 13075 13074
f 13073 13074 13077 13076
f 13074 13075 13078 13077
f 50 1093 13070 5608
f 1093 1092 13071 13070
f 1092 1091 13072 13071
f 1091 40 5603 13072
f 13072 5603 5604 13075
f 13075 5604 5605 13078
f 13078 5605 794 5588
f 13077 13078 5588 5589
f 13076 13077 5589 5590
f 5606 13076 5590 799
f 5607 13073 13076 5606
f 5608 13070 13073 5607
f 13079 13080 13083 13082
f 13080 13081 13084 13083
f 13082 13083 13086 13085
f 13083 13084 13087 13086
f 37 1063 13079 5614
f 1063 1062 13080 13079
f 1062 1061 13081 13080
f 1061 48 5609 13081
f 13081 5609 5610 13084
f 13084 5610 5611 13087
f 13087 5611 798 5579
f 13086 13087 5579 5580
f 13085 13086 5580 5581
f 5612 13085 5581 793
f 5613 13082 13085 5612
f 5614 13079 13082 5613
f 13088 13089 13092 13091
f 13089 13090 13093 13092
f 13091 13092 13095 13094
f 13092 13093 13096 13095
f 738 5239 13088 5620
f 5239 5238 13089 13088
f 5238 5237 13090 13089
f 5237 53 5615 13090
f 13090 5615 5616 13093
f 13093 5616 5617 13096
f 13096 5617 801 5600
f 13095 13096 5600 5601
f 13094 13095 5601 5602
f 5618 13094 5602 802
f 5619 13091 13094 5618
f 5620 13088 13091 5619
f 13097 13098 13101 13100
f 13098 13099 13102 13101
f 13100 13101 13104 13103
f 13101 13102 13105 13104
f 44 1105 13097 5626
f 1105 1104 13098 13097
f 1104 1103 13099 13098
f 1103 41 5621 13099
f 13099 5621 5622 13102
f 13102 5622 5623 13105
f 13105 5623 795 5594
f 13104 13105 5594 5595
f 13103 13104 5595 5596
f 5624 13103 5596 796
f 5625 13100 13103 5624
f 5626 13097 13100 5625
f 13106 13107 13110 13109
f 13107 13108 13111 13110
f 13109 13110 13113 13112
f 13110 13111 13114 13113
f 813 5695 13106 5867
f 5695 5694 13107 13106
f 5694 5693 13108 13107
f 5693 45 5627 13108
f 13108 5627 5628 13111
f 13111 5628 5629 13114
f 13114 5629 797 5855
f 13113 13114 5855 5856
f 13112 13113 5856 5857
f 5869 13112 5857 867
f 5868 13109 13112 5869
f 5867 13106 13109 5868
f 13115 13116 13119 13118
f 13116 13117 13120 13119
f 13118 13119 13122 13121
f 13119 13120 13123 13122
f 53 1039 13115 5615
f 1039 1038 13116 13115
f 1038 1037 13117 13116
f 1037 44 5626 13117
f 13117 5626 5625 13120
f 13120 5625 5624 13123
f 13123 5624 796 5573
f 13122 13123 5573 5574
f 13121 13122 5574 5575
f 5617 13121 5575 801
f 5616 13118 13121 5617
f 5615 13115 13118 5616
f 13124 13125 13128 13127
f 13125 13126 13129 13128
f 13127 13128 13131 13130
f 13128 13129 13132 13131
f 40 1111 13124 5603
f 1111 1110 13125 13124
f 1110 1109 13126 13125
f 1109 37 5614 13126
f 13126 5614 5613 13129
f 13129 5613 5612 13132
f 13132 5612 793 5597
f 13131 13132 5597 5598
f 13130 13131 5598 5599
f 5605 13130 5599 794
f 5604 13127 13130 5605
f 5603 13124 13127 5604
f 13133 13134 13137 13136
f 13134 13135 13138 13137
f 13136 13137 13140 13139
f 13137 13138 13141 13140
f 811 5689 13133 5864
f 5689 5688 13134 13133
f 5688 5687 13135 13134
f 5687 51 5630 13135
f 13135 5630 5631 13138
f 13138 5631 5632 13141
f 13141 5632 800 5852
f 13140 13141 5852 5853
f 13139 13140 5853 5854
f 5866 13139 5854 866
f 5865 13136 13139 5866
f 5864 13133 13136 5865
f 13142 13143 13146 13145
f 13143 13144 13147 13146
f 13145 13146 13149 13148
f 13146 13147 13150 13149
f 51 1051 13142 5630
f 1051 1050 13143 13142
f 1050 1049 13144 13143
f 1049 50 5608 13144
f 13144 5608 5607 13147
f 13147 5607 5606 13150
f 13150 5606 799 5576
f 13149 13150 5576 5577
f 13148 13149 5577 5578
f 5632 13148 5578 800
f 5631 13145 13148 5632
f 5630 13142 13145 5631
f 13151 13152 13155 13154
f 13152 13153 13156 13155
f 13154 13155 13158 13157
f 13155 13156 13159 13158
f 45 1072 13151 5627
f 1072 1071 13152 13151
f 1071 1070 13153 13152
f 1070 738 5620 13153
f 13153 5620 5619 13156
f 13156 5619 5618 13159
f 13159 5618 802 5582
f 13158 13159 5582 5583
f 13157 13158 5583 5584
f 5629 13157 5584 797
f 5628 13154 13157 5629
f 5627 13151 13154 5628
f 13160 13161 13164 13163
f 13161 13162 13165 13164
f 13163 13164 13167 13166
f 13164 13165 13168 13167
f 99 5636 13160 1435
f 5636 5637 13161 13160
f 5637 5638 13162 13161
f 5638 793 5581 13162
f 13162 5581 5580 13165
f 13165 5580 5579 13168
f 13168 5579 798 5635
f 13167 13168 5635 5634
f 13166 13167 5634 5633
f 1433 13166 5633 100
f 1434 13163 13166 1433
f 1435 13160 13163 1434
f 13169 13170 13173 13172
f 13170 13171 13174 13173
f 13172 13173 13176 13175
f 13173 13174 13177 13176
f 101 5639 13169 1438
f 5639 5640 13170 13169
f 5640 5641 13171 13170
f 5641 794 5599 13171
f 13171 5599 5598 13174
f 13174 5598 5597 13177
f 13177 5597 793 5638
f 13176 13177 5638 5637
f 13175 13176 5637 5636
f 1436 13175 5636 99
f 1437 13172 13175 1436
f 1438 13169 13172 1437
f 13178 13179 13182 13181
f 13179 13180 13183 13182
f 13181 13182 13185 13184
f 13182 13183 13186 13185
f 102 5642 13178 1447
f 5642 5643 13179 13178
f 5643 5644 13180 13179
f 5644 799 5590 13180
f 13180 5590 5589 13183
f 13183 5589 5588 13186
f 13186 5588 794 5641
f 13185 13186 5641 5640
f 13184 13185 5640 5639
f 1445 13184 5639 101
f 1446 13181 13184 1445
f 1447 13178 13181 1446
f 13187 13188 13191 13190
f 13188 13189 13192 13191
f 13190 13191 13194 13193
f 13191 13192 13195 13194
f 104 5645 13187 1450
f 5645 5646 13188 13187
f 5646 5647 13189 13188
f 5647 800 5578 13189
f 13189 5578 5577 13192
f 13192 5577 5576 13195
f 13195 5576 799 5644
f 13194 13195 5644 5643
f 13193 13194 5643 5642
f 1448 13193 5642 102
f 1449 13190 13193 1448
f 1450 13187 13190 1449
f 13196 13197 13200 13199
f 13197 13198 13201 13200
f 13199 13200 13203 13202
f 13200 13201 13204 13203
f 824 5863 13196 5728
f 5863 5862 13197 13196
f 5862 5861 13198 13197
f 5861 866 5854 13198
f 13198 5854 5853 13201
f 13201 5853 5852 13204
f 13204 5852 800 5647
f 13203 13204 5647 5646
f 13202 13203 5646 5645
f 5726 13202 5645 104
f 5727 13199 13202 5726
f 5728 13196 13199 5727
f 13205 13206 13209 13208
f 13206 13207 13210 13209
f 13208 13209 13212 13211
f 13209 13210 13213 13212
f 105 5651 13205 1441
f 5651 5652 13206 13205
f 5652 5653 13207 13206
f 5653 796 5596 13207
f 13207 5596 5595 13210
f 13210 5595 5594 13213
f 13213 5594 795 5650
f 13212 13213 5650 5649
f 13211 13212 5649 5648
f 1439 13211 5648 103
f 1440 13208 13211 1439
f 1441 13205 13208 1440
f 13214 13215 13218 13217
f 13215 13216 13219 13218
f 13217 13218 13221 13220
f 13218 13219 13222 13221
f 106 5654 13214 1453
f 5654 5655 13215 13214
f 5655 5656 13216 13215
f 5656 801 5575 13216
f 13216 5575 5574 13219
f 13219 5574 5573 13222
f 13222 5573 796 5653
f 13221 13222 5653 5652
f 13220 13221 5652 5651
f 1451 13220 5651 105
f 1452 13217 13220 1451
f 1453 13214 13217 1452
f 13223 13224 13227 13226
f 13224 13225 13228 13227
f 13226 13227 13230 13229
f 13227 13228 13231 13230
f 744 5657 13223 5257
f 5657 5658 13224 13223
f 5658 5659 13225 13224
f 5659 802 5602 13225
f 13225 5602 5601 13228
f 13228 5601 5600 13231
f 13231 5600 801 5656
f 13230 13231 5656 5655
f 13229 13230 5655 5654
f 5255 13229 5654 106
f 5256 13226 13229 5255
f 5257 13223 13226 5256
f 13232 13233 13236 13235
f 13233 13234 13237 13236
f 13235 13236 13239 13238
f 13236 13237 13240 13239
f 107 5660 13232 1456
f 5660 5661 13233 13232
f 5661 5662 13234 13233
f 5662 797 5584 13234
f 13234 5584 5583 13237
f 13237 5583 5582 13240
f 13240 5582 802 5659
f 13239 13240 5659 5658
f 13238 13239 5658 5657
f 1454 13238 5657 744
f 1455 13235 13238 1454
f 1456 13232 13235 1455
f 13241 13242 13245 13244
f 13242 13243 13246 13245
f 13244 13245 13248 13247
f 13245 13246 13249 13248
f 823 5860 13241 5725
f 5860 5859 13242 13241
f 5859 5858 13243 13242
f 5858 867 5857 13243
f 13243 5857 5856 13246
f 13246 5856 5855 13249
f 13249 5855 797 5662
f 13248 13249 5662 5661
f 13247 13248 5661 5660
f 5723 13247 5660 107
f 5724 13244 13247 5723
f 5725 13241 13244 5724
f 13250 13251 13254 13253
f 13251 13252 13255 13254
f 13253 13254 13257 13256
f 13254 13255 13258 13257
f 100 5633 13250 1444
f 5633 5634 13251 13250
f 5634 5635 13252 13251
f 5635 798 5593 13252
f 13252 5593 5592 13255
f 13255 5592 5591 13258
f 13258 5591 867 5858
f 13257 13258 5858 5859
f 13256 13257 5859 5860
f 1442 13256 5860 823
f 1443 13253 13256 1442
f 1444 13250 13253 1443
f 13259 13260 13263 13262
f 13260 13261 13264 13263
f 13262 13263 13266 13265
f 13263 13264 13267 13266
f 103 5648 13259 1459
f 5648 5649 13260 13259
f 5649 5650 13261 13260
f 5650 795 5587 13261
f 13261 5587 5586 13264
f 13264 5586 5585 13267
f 13267 5585 866 5861
f 13266 13267 5861 5862
f 13265 13266 5862 5863
f 1457 13265 5863 824
f 1458 13262 13265 1457
f 1459 13259 13262 1458
f 13268 13269 13272 13271
f 13269 13270 13273 13272
f 13271 13272 13275 13274
f 13272 13273 13276 13275
f 41 1081 13268 5621
f 1081 1080 13269 13268
f 1080 1079 13270 13269
f 1079 811 5864 13270
f 13270 5864 5865 13273
f 13273 5865 5866 13276
f 13276 5866 866 5585
f 13275 13276 5585 5586
f 13274 13275 5586 5587
f 5623 13274 5587 795
f 5622 13271 13274 5623
f 5621 13268 13271 5622
f 13277 13278 13281 13280
f 13278 13279 13282 13281
f 13280 13281 13284 13283
f 13281 13282 13285 13284
f 48 1099 13277 5609
f 1099 1098 13278 13277
f 1098 1097 13279 13278
f 1097 813 5867 13279
f 13279 5867 5868 13282
f 13282 5868 5869 13285
f 13285 5869 867 5591
f 13284 13285 5591 5592
f 13283 13284 5592 5593
f 5611 13283 5593 798
f 5610 13280 13283 5611
f 5609 13277 13280 5610
f 13286 13287 13290 13289
f 13287 13288 13291 13290
f 13289 13290 13293 13292
f 13290 13291 13294 13293
f 732 5185 13286 5843
f 5185 5184 13287 13286
f 5184 5183 13288 13287
f 5183 789 5849 13288
f 13288 5849 5850 13291
f 13291 5850 5851 13294
f 13294 5851 865 5870
f 13293 13294 5870 5871
f 13292 13293 5871 5872
f 5845 13292 5872 863
f 5844 13289 13292 5845
f 5843 13286 13289 5844
f 13295 13296 13299 13298
f 13296 13297 13300 13299
f 13298 13299 13302 13301
f 13299 13300 13303 13302
f 32 5210 13295 5681
f 5210 5211 13296 13295
f 5211 5212 13297 13296
f 5212 731 5164 13297
f 13297 5164 5163 13300
f 13300 5163 5162 13303
f 13303 5162 862 5873
f 13302 13303 5873 5874
f 13301 13302 5874 5875
f 5683 13301 5875 809
f 5682 13298 13301 5683
f 5681 13295 13298 5682
f 13304 13305 13308 13307
f 13305 13306 13309 13308
f 13307 13308 13311 13310
f 13308 13309 13312 13311
f 35 1030 13304 5201
f 1030 1029 13305 13304
f 1029 1028 13306 13305
f 1028 810 5876 13306
f 13306 5876 5877 13309
f 13309 5877 5878 13312
f 13312 5878 860 5015
f 13311 13312 5015 5016
f 13310 13311 5016 5017
f 5203 13310 5017 706
f 5202 13307 13310 5203
f 5201 13304 13307 5202
f 13313 13314 13317 13316
f 13314 13315 13318 13317
f 13316 13317 13320 13319
f 13317 13318 13321 13320
f 789 5392 13313 5849
f 5392 5391 13314 13313
f 5391 5390 13315 13314
f 5390 720 5179 13315
f 13315 5179 5178 13318
f 13318 5178 5177 13321
f 13321 5177 864 5879
f 13320 13321 5879 5880
f 13319 13320 5880 5881
f 5851 13319 5881 865
f 5850 13316 13319 5851
f 5849 13313 13316 5850
f 13322 13323 13326 13325
f 13323 13324 13327 13326
f 13325 13326 13329 13328
f 13326 13327 13330 13329
f 718 5846 13322 5071
f 5846 5847 13323 13322
f 5847 5848 13324 13323
f 5848 864 5882 13324
f 13324 5882 5883 13327
f 13327 5883 5884 13330
f 13330 5884 861 5839
f 13329 13330 5839 5838
f 13328 13329 5838 5837
f 5069 13328 5837 717
f 5070 13325 13328 5069
f 5071 13322 13325 5070
f 13331 13332 13335 13334
f 13332 13333 13336 13335
f 13334 13335 13338 13337
f 13335 13336 13339 13338
f 730 5152 13331 5167
f 5152 5151 13332 13331
f 5151 5150 13333 13332
f 5150 729 5840 13333
f 13333 5840 5841 13336
f 13336 5841 5842 13339
f 13339 5842 862 5885
f 13338 13339 5885 5886
f 13337 13338 5886 5887
f 5165 13337 5887 863
f 5166 13334 13337 5165
f 5167 13331 13334 5166
f 13340 13341 13344 13343
f 13341 13342 13345 13344
f 13343 13344 13347 13346
f 13344 13345 13348 13347
f 596 5831 13340 5123
f 5831 5832 13341 13340
f 5832 5833 13342 13341
f 5833 859 5888 13342
f 13342 5888 5889 13345
f 13345 5889 5890 13348
f 13348 5890 861 5111
f 13347 13348 5111 5112
f 13346 13347 5112 5113
f 5125 13346 5113 719
f 5124 13343 13346 5125
f 5123 13340 13343 5124
f 13349 13350 13353 13352
f 13350 13351 13354 13353
f 13352 13353 13356 13355
f 13353 13354 13357 13356
f 706 5017 13349 5002
f 5017 5016 13350 13349
f 5016 5015 13351 13350
f 5015 860 5891 13351
f 13351 5891 5892 13354
f 13354 5892 5893 13357
f 13357 5893 858 5830
f 13356 13357 5830 5829
f 13355 13356 5829 5828
f 5000 13355 5828 568
f 5001 13352 13355 5000
f 5002 13349 13352 5001
f 13358 13359 13362 13361
f 13359 13360 13363 13362
f 13361 13362 13365 13364
f 13362 13363 13366 13365
f 549 5816 13358 4348
f 5816 5817 13359 13358
f 5817 5818 13360 13359
f 5818 854 5894 13360
f 13360 5894 5895 13363
f 13363 5895 5896 13366
f 13366 5896 859 5833
f 13365 13366 5833 5832
f 13364 13365 5832 5831
f 4346 13364 5831 596
f 4347 13361 13364 4346
f 4348 13358 13361 4347
f 13367 13368 13371 13370
f 13368 13369 13372 13371
f 13370 13371 13374 13373
f 13371 13372 13375 13374
f 591 4300 13367 4309
f 4300 4299 13368 13367
f 4299 4298 13369 13368
f 4298 590 4306 13369
f 13369 4306 4305 13372
f 13372 4305 4304 13375
f 13375 4304 857 5897
f 13374 13375 5897 5898
f 13373 13374 5898 5899
f 4307 13373 5899 858
f 4308 13370 13373 4307
f 4309 13367 13370 4308
f 13376 13377 13380 13379
f 13377 13378 13381 13380
f 13379 13380 13383 13382
f 13380 13381 13384 13383
f 571 5825 13376 4196
f 5825 5826 13377 13376
f 5826 5827 13378 13377
f 5827 857 5900 13378
f 13378 5900 5901 13381
f 13381 5901 5902 13384
f 13384 5902 856 5824
f 13383 13384 5824 5823
f 13382 13383 5823 5822
f 4198 13382 5822 572
f 4197 13379 13382 4198
f 4196 13376 13379 4197
f 13385 13386 13389 13388
f 13386 13387 13390 13389
f 13388 13389 13392 13391
f 13389 13390 13393 13392
f 557 5819 13385 4292
f 5819 5820 13386 13385
f 5820 5821 13387 13386
f 5821 855 5903 13387
f 13387 5903 5904 13390
f 13390 5904 5905 13393
f 13393 5905 856 4301
f 13392 13393 4301 4302
f 13391 13392 4302 4303
f 4294 13391 4303 589
f 4293 13388 13391 4294
f 4292 13385 13388 4293
f 13394 13395 13398 13397
f 13395 13396 13399 13398
f 13397 13398 13401 13400
f 13398 13399 13402 13401
f 529 5810 13394 4141
f 5810 5811 13395 13394
f 5811 5812 13396 13395
f 5812 852 5906 13396
f 13396 5906 5907 13399
f 13399 5907 5908 13402
f 13402 5908 854 5818
f 13401 13402 5818 5817
f 13400 13401 5817 5816
f 4139 13400 5816 549
f 4140 13397 13400 4139
f 4141 13394 13397 4140
f 13403 13404 13407 13406
f 13404 13405 13408 13407
f 13406 13407 13410 13409
f 13407 13408 13411 13410
f 537 5813 13403 4120
f 5813 5814 13404 13403
f 5814 5815 13405 13404
f 5815 853 5909 13405
f 13405 5909 5910 13408
f 13408 5910 5911 13411
f 13411 5911 855 5821
f 13410 13411 5821 5820
f 13409 13410 5820 5819
f 4118 13409 5819 557
f 4119 13406 13409 4118
f 4120 13403 13406 4119
f 13412 13413 13416 13415
f 13413 13414 13417 13416
f 13415 13416 13419 13418
f 13416 13417 13420 13419
f 500 5807 13412 4016
f 5807 5808 13413 13412
f 5808 5809 13414 13413
f 5809 851 5912 13414
f 13414 5912 5913 13417
f 13417 5913 5914 13420
f 13420 5914 853 5815
f 13419 13420 5815 5814
f 13418 13419 5814 5813
f 4018 13418 5813 537
f 4017 13415 13418 4018
f 4016 13412 13415 4017
f 13421 13422 13425 13424
f 13422 13423 13426 13425
f 13424 13425 13428 13427
f 13425 13426 13429 13428
f 481 5804 13421 3986
f 5804 5805 13422 13421
f 5805 5806 13423 13422
f 5806 850 5915 13423
f 13423 5915 5916 13426
f 13426 5916 5917 13429
f 13429 5917 852 5812
f 13428 13429 5812 5811
f 13427 13428 5811 5810
f 3988 13427 5810 529
f 3987 13424 13427 3988
f 3986 13421 13424 3987
f 13430 13431 13434 13433
f 13431 13432 13435 13434
f 13433 13434 13437 13436
f 13434 13435 13438 13437
f 488 5801 13430 3782
f 5801 5802 13431 13430
f 5802 5803 13432 13431
f 5803 849 5918 13432
f 13432 5918 5919 13435
f 13435 5919 5920 13438
f 13438 5920 851 5809
f 13437 13438 5809 5808
f 13436 13437 5808 5807
f 3784 13436 5807 500
f 3783 13433 13436 3784
f 3782 13430 13433 3783
f 13439 13440 13443 13442
f 13440 13441 13444 13443
f 13442 13443 13446 13445
f 13443 13444 13447 13446
f 134 5738 13439 3734
f 5738 5739 13440 13439
f 5739 5740 13441 13440
f 5740 828 5921 13441
f 13441 5921 5922 13444
f 13444 5922 5923 13447
f 13447 5923 849 5803
f 13446 13447 5803 5802
f 13445 13446 5802 5801
f 3736 13445 5801 488
f 3735 13442 13445 3736
f 3734 13439 13442 3735
f 13448 13449 13452 13451
f 13449 13450 13453 13452
f 13451 13452 13455 13454
f 13452 13453 13456 13455
f 469 5798 13448 3677
f 5798 5799 13449 13448
f 5799 5800 13450 13449
f 5800 848 5924 13450
f 13450 5924 5925 13453
f 13453 5925 5926 13456
f 13456 5926 850 5806
f 13455 13456 5806 5805
f 13454 13455 5805 5804
f 3679 13454 5804 481
f 3678 13451 13454 3679
f 3677 13448 13451 3678
f 13457 13458 13461 13460
f 13458 13459 13462 13461
f 13460 13461 13464 13463
f 13461 13462 13465 13464
f 141 5741 13457 3590
f 5741 5742 13458 13457
f 5742 5743 13459 13458
f 5743 829 5927 13459
f 13459 5927 5928 13462
f 13462 5928 5929 13465
f 13465 5929 848 5800
f 13464 13465 5800 5799
f 13463 13464 5799 5798
f 3592 13463 5798 469
f 3591 13460 13463 3592
f 3590 13457 13460 3591
f 13466 13467 13470 13469
f 13467 13468 13471 13470
f 13469 13470 13473 13472
f 13470 13471 13474 13473
f 125 1537 13466 3184
f 1537 1536 13467 13466
f 1536 1535 13468 13467
f 1535 825 5930 13468
f 13468 5930 5931 13471
f 13471 5931 5932 13474
f 13474 5932 831 1760
f 13473 13474 1760 1761
f 13472 13473 1761 1762
f 3182 13472 1762 415
f 3183 13469 13472 3182
f 3184 13466 13469 3183
f 13475 13476 13479 13478
f 13476 13477 13480 13479
f 13478 13479 13482 13481
f 13479 13480 13483 13482
f 132 1555 13475 3142
f 1555 1554 13476 13475
f 1554 1553 13477 13476
f 1553 826 5933 13477
f 13477 5933 5934 13480
f 13480 5934 5935 13483
f 13483 5935 832 1769
f 13482 13483 1769 1770
f 13481 13482 1770 1771
f 3140 13481 1771 408
f 3141 13478 13481 3140
f 3142 13475 13478 3141
f 13484 13485 13488 13487
f 13485 13486 13489 13488
f 13487 13488 13491 13490
f 13488 13489 13492 13491
f 368 2881 13484 3187
f 2881 2880 13485 13484
f 2880 2879 13486 13485
f 2879 842 5936 13486
f 13486 5936 5937 13489
f 13489 5937 5938 13492
f 13492 5938 830 1754
f 13491 13492 1754 1755
f 13490 13491 1755 1756
f 3185 13490 1756 407
f 3186 13487 13490 3185
f 3187 13484 13487 3186
f 13493 13494 13497 13496
f 13494 13495 13498 13497
f 13496 13497 13500 13499
f 13497 13498 13501 13500
f 356 2917 13493 3148
f 2917 2916 13494 13493
f 2916 2915 13495 13494
f 2915 845 5939 13495
f 13495 5939 5940 13498
f 13498 5940 5941 13501
f 13501 5941 841 2387
f 13500 13501 2387 2388
f 13499 13500 2388 2389
f 3146 13499 2389 400
f 3147 13496 13499 3146
f 3148 13493 13496 3147
f 13502 13503 13506 13505
f 13503 13504 13507 13506
f 13505 13506 13509 13508
f 13506 13507 13510 13509
f 278 2209 13502 2459
f 2209 2208 13503 13502
f 2208 2207 13504 13503
f 2207 835 5942 13504
f 13504 5942 5943 13507
f 13507 5943 5944 13510
f 13510 5944 834 1808
f 13509 13510 1808 1809
f 13508 13509 1809 1810
f 2461 13508 1810 176
f 2460 13505 13508 2461
f 2459 13502 13505 2460
f 13511 13512 13515 13514
f 13512 13513 13516 13515
f 13514 13515 13518 13517
f 13515 13516 13519 13518
f 269 2245 13511 2482
f 2245 2244 13512 13511
f 2244 2243 13513 13512
f 2243 838 5945 13513
f 13513 5945 5946 13516
f 13516 5946 5947 13519
f 13519 5947 833 1799
f 13518 13519 1799 1800
f 13517 13518 1800 1801
f 2480 13517 1801 181
f 2481 13514 13517 2480
f 2482 13511 13514 2481
f 13520 13521 13524 13523
f 13521 13522 13525 13524
f 13523 13524 13527 13526
f 13524 13525 13528 13527
f 354 2920 13520 2855
f 2920 2919 13521 13520
f 2919 2918 13522 13521
f 2918 846 5948 13522
f 13522 5948 5949 13525
f 13525 5949 5950 13528
f 13528 5950 847 2921
f 13527 13528 2921 2922
f 13526 13527 2922 2923
f 2857 13526 2923 353
f 2856 13523 13526 2857
f 2855 13520 13523 2856
f 13529 13530 13533 13532
f 13530 13531 13534 13533
f 13532 13533 13536 13535
f 13533 13534 13537 13536
f 352 5789 13529 2849
f 5789 5790 13530 13529
f 5790 5791 13531 13530
f 5791 845 5951 13531
f 13531 5951 5952 13534
f 13534 5952 5953 13537
f 13537 5953 846 2918
f 13536 13537 2918 2919
f 13535 13536 2919 2920
f 2851 13535 2920 354
f 2850 13532 13535 2851
f 2849 13529 13532 2850
f 13538 13539 13542 13541
f 13539 13540 13543 13542
f 13541 13542 13545 13544
f 13542 13543 13546 13545
f 363 2884 13538 2887
f 2884 2883 13539 13538
f 2883 2882 13540 13539
f 2882 843 5954 13540
f 13540 5954 5955 13543
f 13543 5955 5956 13546
f 13546 5956 844 2888
f 13545 13546 2888 2889
f 13544 13545 2889 2890
f 2885 13544 2890 361
f 2886 13541 13544 2885
f 2887 13538 13541 2886
f 13547 13548 13551 13550
f 13548 13549 13552 13551
f 13550 13551 13554 13553
f 13551 13552 13555 13554
f 362 5780 13547 2878
f 5780 5781 13548 13547
f 5781 5782 13549 13548
f 5782 842 5957 13549
f 13549 5957 5958 13552
f 13552 5958 5959 13555
f 13555 5959 843 2882
f 13554 13555 2882 2883
f 13553 13554 2883 2884
f 2876 13553 2884 363
f 2877 13550 13553 2876
f 2878 13547 13550 2877
f 13556 13557 13560 13559
f 13557 13558 13561 13560
f 13559 13560 13563 13562
f 13560 13561 13564 13563
f 258 2248 13556 2183
f 2248 2247 13557 13556
f 2247 2246 13558 13557
f 2246 839 5960 13558
f 13558 5960 5961 13561
f 13561 5961 5962 13564
f 13564 5962 840 2249
f 13563 13564 2249 2250
f 13562 13563 2250 2251
f 2185 13562 2251 257
f 2184 13559 13562 2185
f 2183 13556 13559 2184
f 13565 13566 13569 13568
f 13566 13567 13570 13569
f 13568 13569 13572 13571
f 13569 13570 13573 13572
f 256 5768 13565 2177
f 5768 5769 13566 13565
f 5769 5770 13567 13566
f 5770 838 5963 13567
f 13567 5963 5964 13570
f 13570 5964 5965 13573
f 13573 5965 839 2246
f 13572 13573 2246 2247
f 13571 13572 2247 2248
f 2179 13571 2248 258
f 2178 13568 13571 2179
f 2177 13565 13568 2178
f 13574 13575 13578 13577
f 13575 13576 13579 13578
f 13577 13578 13581 13580
f 13578 13579 13582 13581
f 273 2212 13574 2215
f 2212 2211 13575 13574
f 2211 2210 13576 13575
f 2210 836 5966 13576
f 13576 5966 5967 13579
f 13579 5967 5968 13582
f 13582 5968 837 2216
f 13581 13582 2216 2217
f 13580 13581 2217 2218
f 2213 13580 2218 271
f 2214 13577 13580 2213
f 2215 13574 13577 2214
f 13583 13584 13587 13586
f 13584 13585 13588 13587
f 13586 13587 13590 13589
f 13587 13588 13591 13590
f 272 5759 13583 2206
f 5759 5760 13584 13583
f 5760 5761 13585 13584
f 5761 835 5969 13585
f 13585 5969 5970 13588
f 13588 5970 5971 13591
f 13591 5971 836 2210
f 13590 13591 2210 2211
f 13589 13590 2211 2212
f 2204 13589 2212 273
f 2205 13586 13589 2204
f 2206 13583 13586 2205
f 13592 13593 13596 13595
f 13593 13594 13597 13596
f 13595 13596 13599 13598
f 13596 13597 13600 13599
f 181 1801 13592 2455
f 1801 1800 13593 13592
f 1800 1799 13594 13593
f 1799 833 5972 13594
f 13594 5972 5973 13597
f 13597 5973 5974 13600
f 13600 5974 829 5743
f 13599 13600 5743 5742
f 13598 13599 5742 5741
f 2453 13598 5741 141
f 2454 13595 13598 2453
f 2455 13592 13595 2454
f 13601 13602 13605 13604
f 13602 13603 13606 13605
f 13604 13605 13608 13607
f 13605 13606 13609 13608
f 176 1810 13601 2510
f 1810 1809 13602 13601
f 1809 1808 13603 13602
f 1808 834 5975 13603
f 13603 5975 5976 13606
f 13606 5976 5977 13609
f 13609 5977 828 5740
f 13608 13609 5740 5739
f 13607 13608 5739 5738
f 2512 13607 5738 134
f 2511 13604 13607 2512
f 2510 13601 13604 2511
f 13610 13611 13614 13613
f 13611 13612 13615 13614
f 13613 13614 13617 13616
f 13614 13615 13618 13617
f 400 2389 13610 1789
f 2389 2388 13611 13610
f 2388 2387 13612 13611
f 2387 841 5978 13612
f 13612 5978 5979 13615
f 13615 5979 5980 13618
f 13618 5980 840 5776
f 13617 13618 5776 5775
f 13616 13617 5775 5774
f 1787 13616 5774 268
f 1788 13613 13616 1787
f 1789 13610 13613 1788
f 13619 13620 13623 13622
f 13620 13621 13624 13623
f 13622 13623 13626 13625
f 13623 13624 13627 13626
f 407 1756 13619 1786
f 1756 1755 13620 13619
f 1755 1754 13621 13620
f 1754 830 5981 13621
f 13621 5981 5982 13624
f 13624 5982 5983 13627
f 13627 5983 837 5767
f 13626 13627 5767 5766
f 13625 13626 5766 5765
f 1784 13625 5765 277
f 1785 13622 13625 1784
f 1786 13619 13622 1785
f 13628 13629 13632 13631
f 13629 13630 13633 13632
f 13631 13632 13635 13634
f 13632 13633 13636 13635
f 408 1771 13628 1777
f 1771 1770 13629 13628
f 1770 1769 13630 13629
f 1769 832 5984 13630
f 13630 5984 5985 13633
f 13633 5985 5986 13636
f 13636 5986 847 5797
f 13635 13636 5797 5796
f 13634 13635 5796 5795
f 1775 13634 5795 355
f 1776 13631 13634 1775
f 1777 13628 13631 1776
f 13637 13638 13641 13640
f 13638 13639 13642 13641
f 13640 13641 13644 13643
f 13641 13642 13645 13644
f 415 1762 13637 1744
f 1762 1761 13638 13637
f 1761 1760 13639 13638
f 1760 831 5987 13639
f 13639 5987 5988 13642
f 13642 5988 5989 13645
f 13645 5989 844 5788
f 13644 13645 5788 5787
f 13643 13644 5787 5786
f 1742 13643 5786 367
f 1743 13640 13643 1742
f 1744 13637 13640 1743
f 13646 13647 13650 13649
f 13647 13648 13651 13650
f 13649 13650 13653 13652
f 13650 13651 13654 13653
f 132 1564 13646 1555
f 1564 1563 13647 13646
f 1563 1562 13648 13647
f 1562 133 5735 13648
f 13648 5735 5736 13651
f 13651 5736 5737 13654
f 13654 5737 827 5990
f 13653 13654 5990 5991
f 13652 13653 5991 5992
f 1553 13652 5992 826
f 1554 13649 13652 1553
f 1555 13646 13649 1554
f 13655 13656 13659 13658
f 13656 13657 13660 13659
f 13658 13659 13662 13661
f 13659 13660 13663 13662
f 133 1567 13655 5735
f 1567 1566 13656 13655
f 1566 1565 13657 13656
f 1565 130 5729 13657
f 13657 5729 5730 13660
f 13660 5730 5731 13663
f 13663 5731 825 5993
f 13662 13663 5993 5994
f 13661 13662 5994 5995
f 5737 13661 5995 827
f 5736 13658 13661 5737
f 5735 13655 13658 5736
f 13664 13665 13668 13667
f 13665 13666 13669 13668
f 13667 13668 13671 13670
f 13668 13669 13672 13671
f 89 1366 13664 1331
f 1366 1365 13665 13664
f 1365 1364 13666 13665
f 1364 821 5996 13666
f 13666 5996 5997 13669
f 13669 5997 5998 13672
f 13672 5998 822 1367
f 13671 13672 1367 1368
f 13670 13671 1368 1369
f 1333 13670 1369 90
f 1332 13667 13670 1333
f 1331 13664 13667 1332
f 13673 13674 13677 13676
f 13674 13675 13678 13677
f 13676 13677 13680 13679
f 13677 13678 13681 13680
f 16 940 13673 1328
f 940 939 13674 13673
f 939 938 13675 13674
f 938 805 5999 13675
f 13675 5999 6000 13678
f 13678 6000 6001 13681
f 13681 6001 821 1364
f 13680 13681 1364 1365
f 13679 13680 1365 1366
f 1330 13679 1366 89
f 1329 13676 13679 1330
f 1328 13673 13676 1329
f 13682 13683 13686 13685
f 13683 13684 13687 13686
f 13685 13686 13689 13688
f 13686 13687 13690 13689
f 85 1360 13682 1319
f 1360 1359 13683 13682
f 1359 1358 13684 13683
f 1358 819 6002 13684
f 13684 6002 6003 13687
f 13687 6003 6004 13690
f 13690 6004 820 1361
f 13689 13690 1361 1362
f 13688 13689 1362 1363
f 1321 13688 1363 86
f 1320 13685 13688 1321
f 1319 13682 13685 1320
f 13691 13692 13695 13694
f 13692 13693 13696 13695
f 13694 13695 13698 13697
f 13695 13696 13699 13698
f 7 910 13691 1316
f 910 909 13692 13691
f 909 908 13693 13692
f 908 804 6005 13693
f 13693 6005 6006 13696
f 13696 6006 6007 13699
f 13699 6007 819 1358
f 13698 13699 1358 1359
f 13697 13698 1359 1360
f 1318 13697 1360 85
f 1317 13694 13697 1318
f 1316 13691 13694 1317
f 13700 13701 13704 13703
f 13701 13702 13705 13704
f 13703 13704 13707 13706
f 13704 13705 13708 13707
f 64 964 13700 1253
f 964 963 13701 13700
f 963 962 13702 13701
f 962 807 6008 13702
f 13702 6008 6009 13705
f 13705 6009 6010 13708
f 13708 6010 818 1289
f 13707 13708 1289 1290
f 13706 13707 1290 1291
f 1255 13706 1291 75
f 1254 13703 13706 1255
f 1253 13700 13703 1254
f 13709 13710 13713 13712
f 13710 13711 13714 13713
f 13712 13713 13716 13715
f 13713 13714 13717 13716
f 26 976 13709 1256
f 976 975 13710 13709
f 975 974 13711 13710
f 974 808 6011 13711
f 13711 6011 6012 13714
f 13714 6012 6013 13717
f 13717 6013 817 1280
f 13716 13717 1280 1281
f 13715 13716 1281 1282
f 1258 13715 1282 76
f 1257 13712 13715 1258
f 1256 13709 13712 1257
f 13718 13719 13722 13721
f 13719 13720 13723 13722
f 13721 13722 13725 13724
f 13722 13723 13726 13725
f 76 1282 13718 1163
f 1282 1281 13719 13718
f 1281 1280 13720 13719
f 1280 817 6014 13720
f 13720 6014 6015 13723
f 13723 6015 6016 13726
f 13726 6016 816 1196
f 13725 13726 1196 1197
f 13724 13725 1197 1198
f 1165 13724 1198 60
f 1164 13721 13724 1165
f 1163 13718 13721 1164
f 13727 13728 13731 13730
f 13728 13729 13732 13731
f 13730 13731 13734 13733
f 13731 13732 13735 13734
f 75 1291 13727 1154
f 1291 1290 13728 13727
f 1290 1289 13729 13728
f 1289 818 6017 13729
f 13729 6017 6018 13732
f 13732 6018 6019 13735
f 13735 6019 815 1187
f 13734 13735 1187 1188
f 13733 13734 1188 1189
f 1156 13733 1189 68
f 1155 13730 13733 1156
f 1154 13727 13730 1155
f 13736 13737 13740 13739
f 13737 13738 13741 13740
f 13739 13740 13743 13742
f 13740 13741 13744 13743
f 45 5693 13736 1073
f 5693 5694 13737 13736
f 5694 5695 13738 13737
f 5695 813 6020 13738
f 13738 6020 6021 13741
f 13741 6021 6022 13744
f 13744 6022 814 1100
f 13743 13744 1100 1101
f 13742 13743 1101 1102
f 1075 13742 1102 46
f 1074 13739 13742 1075
f 1073 13736 13739 1074
f 13745 13746 13749 13748
f 13746 13747 13750 13749
f 13748 13749 13752 13751
f 13749 13750 13753 13752
f 51 5687 13745 1052
f 5687 5688 13746 13745
f 5688 5689 13747 13746
f 5689 811 6023 13747
f 13747 6023 6024 13750
f 13750 6024 6025 13753
f 13753 6025 812 1085
f 13752 13753 1085 1086
f 13751 13752 1086 1087
f 1054 13751 1087 52
f 1053 13748 13751 1054
f 1052 13745 13748 1053
f 13754 13755 13758 13757
f 13755 13756 13759 13758
f 13757 13758 13761 13760
f 13758 13759 13762 13761
f 100 1444 13754 1115
f 1444 1443 13755 13754
f 1443 1442 13756 13755
f 1442 823 6026 13756
f 13756 6026 6027 13759
f 13759 6027 6028 13762
f 13762 6028 809 1016
f 13761 13762 1016 1017
f 13760 13761 1017 1018
f 1117 13760 1018 30
f 1116 13757 13760 1117
f 1115 13754 13757 1116
f 13763 13764 13767 13766
f 13764 13765 13768 13767
f 13766 13767 13770 13769
f 13767 13768 13771 13770
f 68 1189 13763 1124
f 1189 1188 13764 13763
f 1188 1187 13765 13764
f 1187 815 6029 13765
f 13765 6029 6030 13768
f 13768 6030 6031 13771
f 13771 6031 814 5698
f 13770 13771 5698 5697
f 13769 13770 5697 5696
f 1126 13769 5696 47
f 1125 13766 13769 1126
f 1124 13763 13766 1125
f 13772 13773 13776 13775
f 13773 13774 13777 13776
f 13775 13776 13779 13778
f 13776 13777 13780 13779
f 103 1459 13772 1423
f 1459 1458 13773 13772
f 1458 1457 13774 13773
f 1457 824 6032 13774
f 13774 6032 6033 13777
f 13777 6033 6034 13780
f 13780 6034 810 1028
f 13779 13780 1028 1029
f 13778 13779 1029 1030
f 1421 13778 1030 35
f 1422 13775 13778 1421
f 1423 13772 13775 1422
f 13781 13782 13785 13784
f 13782 13783 13786 13785
f 13784 13785 13788 13787
f 13785 13786 13789 13788
f 60 1198 13781 1136
f 1198 1197 13782 13781
f 1197 1196 13783 13782
f 1196 816 6035 13783
f 13783 6035 6036 13786
f 13786 6036 6037 13789
f 13789 6037 812 5692
f 13788 13789 5692 5691
f 13787 13788 5691 5690
f 1138 13787 5690 42
f 1137 13784 13787 1138
f 1136 13781 13784 1137
f 13790 13791 13794 13793
f 13791 13792 13795 13794
f 13793 13794 13797 13796
f 13794 13795 13798 13797
f 86 1363 13790 986
f 1363 1362 13791 13790
f 1362 1361 13792 13791
f 1361 820 6038 13792
f 13792 6038 6039 13795
f 13795 6039 6040 13798
f 13798 6040 807 962
f 13797 13798 962 963
f 13796 13797 963 964
f 988 13796 964 64
f 987 13793 13796 988
f 986 13790 13793 987
f 13799 13800 13803 13802
f 13800 13801 13804 13803
f 13802 13803 13806 13805
f 13803 13804 13807 13806
f 90 1369 13799 992
f 1369 1368 13800 13799
f 1368 1367 13801 13800
f 1367 822 6041 13801
f 13801 6041 6042 13804
f 13804 6042 6043 13807
f 13807 6043 808 974
f 13806 13807 974 975
f 13805 13806 975 976
f 994 13805 976 26
f 993 13802 13805 994
f 992 13799 13802 993
f 13808 13809 13812 13811
f 13809 13810 13813 13812
f 13811 13812 13815 13814
f 13812 13813 13816 13815
f 16 931 13808 940
f 931 930 13809 13808
f 930 929 13810 13809
f 929 15 5672 13810
f 13810 5672 5673 13813
f 13813 5673 5674 13816
f 13816 5674 806 6044
f 13815 13816 6044 6045
f 13814 13815 6045 6046
f 938 13814 6046 805
f 939 13811 13814 938
f 940 13808 13811 939
f 13817 13818 13821 13820
f 13818 13819 13822 13821
f 13820 13821 13824 13823
f 13821 13822 13825 13824
f 7 892 13817 910
f 892 891 13818 13817
f 891 890 13819 13818
f 890 5 907 13819
f 13819 907 906 13822
f 13822 906 905 13825
f 13825 905 803 6047
f 13824 13825 6047 6048
f 13823 13824 6048 6049
f 908 13823 6049 804
f 909 13820 13823 908
f 910 13817 13820 909
f 13826 13827 13830 13829
f 13827 13828 13831 13830
f 13829 13830 13833 13832
f 13830 13831 13834 13833
f 2 943 13826 874
f 943 942 13827 13826
f 942 941 13828 13827
f 941 18 6050 13828
f 13828 6050 6051 13831
f 13831 6051 6052 13834
f 13834 6052 868 6053
f 13833 13834 6053 6054
f 13832 13833 6054 6055
f 872 13832 6055 1
f 873 13829 13832 872
f 874 13826 13829 873
f 13835 13836 13839 13838
f 13836 13837 13840 13839
f 13838 13839 13842 13841
f 13839 13840 13843 13842
f 18 949 13835 6050
f 949 948 13836 13835
f 948 947 13837 13836
f 947 806 6056 13837
f 13837 6056 6057 13840
f 13840 6057 6058 13843
f 13843 6058 870 6059
f 13842 13843 6059 6060
f 13841 13842 6060 6061
f 6052 13841 6061 868
f 6051 13838 13841 6052
f 6050 13835 13838 6051
f 13844 13845 13848 13847
f 13845 13846 13849 13848
f 13847 13848 13851 13850
f 13848 13849 13852 13851
f 806 5674 13844 6056
f 5674 5673 13845 13844
f 5673 5672 13846 13845
f 5672 15 934 13846
f 13846 934 933 13849
f 13849 933 932 13852
f 13852 932 13 6062
f 13851 13852 6062 6063
f 13850 13851 6063 6064
f 6058 13850 6064 870
f 6057 13847 13850 6058
f 6056 13844 13847 6057
f 13853 13854 13857 13856
f 13854 13855 13858 13857
f 13856 13857 13860 13859
f 13857 13858 13861 13860
f 1 6055 13853 898
f 6055 6054 13854 13853
f 6054 6053 13855 13854
f 6053 868 6065 13855
f 13855 6065 6066 13858
f 13858 6066 6067 13861
f 13861 6067 869 6068
f 13860 13861 6068 6069
f 13859 13860 6069 6070
f 896 13859 6070 6
f 897 13856 13859 896
f 898 13853 13856 897
f 13862 13863 13866 13865
f 13863 13864 13867 13866
f 13865 13866 13869 13868
f 13866 13867 13870 13869
f 868 6061 13862 6065
f 6061 6060 13863 13862
f 6060 6059 13864 13863
f 6059 870 6071 13864
f 13864 6071 6072 13867
f 13867 6072 6073 13870
f 13870 6073 871 6074
f 13869 13870 6074 6075
f 13868 13869 6075 6076
f 6067 13868 6076 869
f 6066 13865 13868 6067
f 6065 13862 13865 6066
f 13871 13872 13875 13874
f 13872 13873 13876 13875
f 13874 13875 13878 13877
f 13875 13876 13879 13878
f 870 6064 13871 6071
f 6064 6063 13872 13871
f 6063 6062 13873 13872
f 6062 13 925 13873
f 13873 925 924 13876
f 13876 924 923 13879
f 13879 923 11 6077
f 13878 13879 6077 6078
f 13877 13878 6078 6079
f 6073 13877 6079 871
f 6072 13874 13877 6073
f 6071 13871 13874 6072
f 13880 13881 13884 13883
f 13881 13882 13885 13884
f 13883 13884 13887 13886
f 13884 13885 13888 13887
f 6 6070 13880 886
f 6070 6069 13881 13880
f 6069 6068 13882 13881
f 6068 869 6080 13882
f 13882 6080 6081 13885
f 13885 6081 6082 13888
f 13888 6082 803 905
f 13887 13888 905 906
f 13886 13887 906 907
f 884 13886 907 5
f 885 13883 13886 884
f 886 13880 13883 885
f 13889 13890 13893 13892
f 13890 13891 13894 13893
f 13892 13893 13896 13895
f 13893 13894 13897 13896
f 869 6076 13889 6080
f 6076 6075 13890 13889
f 6075 6074 13891 13890
f 6074 871 6083 13891
f 13891 6083 6084 13894
f 13894 6084 6085 13897
f 13897 6085 9 5663
f 13896 13897 5663 5664
f 13895 13896 5664 5665
f 6082 13895 5665 803
f 6081 13892 13895 6082
f 6080 13889 13892 6081
f 13898 13899 13902 13901
f 13899 13900 13903 13902
f 13901 13902 13905 13904
f 13902 13903 13906 13905
f 871 6079 13898 6083
f 6079 6078 13899 13898
f 6078 6077 13900 13899
f 6077 11 5225 13900
f 13900 5225 5226 13903
f 13903 5226 5227 13906
f 13906 5227 734 914
f 13905 13906 914 915
f 13904 13905 915 916
f 6085 13904 916 9
f 6084 13901 13904 6085
f 6083 13898 13901 6084
