# Blender 4.4.0
# www.blender.org
o Sphere
v 0.000000 0.826144 -0.548476
v 0.000000 0.552012 -0.820853
v 0.000000 0.193841 -0.968262
v 0.000000 0.000000 -0.987231
v 0.000000 -0.193841 -0.968262
v 0.000000 -0.552012 -0.820853
v 0.038970 0.973792 -0.195917
v 0.073705 0.917962 -0.370538
v 0.107002 0.826144 -0.537938
v 0.136188 0.702578 -0.684665
v 0.160140 0.552012 -0.805080
v 0.177939 0.380232 -0.894557
v 0.188899 0.193841 -0.949657
v 0.192599 0.000000 -0.968262
v 0.188899 -0.193841 -0.949657
v 0.177939 -0.380232 -0.894557
v 0.160140 -0.552012 -0.805080
v 0.136188 -0.702578 -0.684664
v 0.107002 -0.826144 -0.537937
v 0.073705 -0.917962 -0.370538
v 0.038970 -0.973792 -0.195917
v 0.076443 0.973792 -0.184550
v 0.144577 0.917962 -0.349039
v 0.209893 0.826144 -0.506726
v 0.267143 0.702578 -0.644940
v 0.314127 0.552012 -0.758369
v 0.349039 0.380232 -0.842655
v 0.370538 0.193841 -0.894557
v 0.377797 0.000000 -0.912083
v 0.370538 -0.193841 -0.894557
v 0.349039 -0.380232 -0.842655
v 0.314127 -0.552012 -0.758369
v 0.267143 -0.702578 -0.644940
v 0.209893 -0.826144 -0.506726
v 0.144577 -0.917962 -0.349039
v 0.076443 -0.973792 -0.184550
v 0.110978 0.973792 -0.166091
v 0.209893 0.917962 -0.314127
v 0.304717 0.826144 -0.456041
v 0.387831 0.702578 -0.580431
v 0.456041 0.552012 -0.682514
v 0.506726 0.380232 -0.758369
v 0.537937 0.193841 -0.805080
v 0.548476 0.000000 -0.820853
v 0.537937 -0.193841 -0.805080
v 0.506726 -0.380232 -0.758369
v 0.456041 -0.552012 -0.682514
v 0.387831 -0.702578 -0.580431
v 0.304717 -0.826144 -0.456041
v 0.209893 -0.917962 -0.314127
v 0.110978 -0.973792 -0.166091
v 0.141248 0.973792 -0.141248
v 0.267143 0.917962 -0.267143
v 0.387831 0.826144 -0.387831
v 0.493616 0.702578 -0.493616
v 0.580431 0.552012 -0.580431
v 0.644940 0.380232 -0.644940
v 0.684665 0.193841 -0.684664
v 0.698078 0.000000 -0.698078
v 0.684665 -0.193841 -0.684664
v 0.644940 -0.380232 -0.644940
v 0.580431 -0.552012 -0.580431
v 0.493616 -0.702578 -0.493616
v 0.387831 -0.826144 -0.387831
v 0.267143 -0.917962 -0.267143
v 0.141248 -0.973792 -0.141248
v 0.166091 0.973792 -0.110978
v 0.314127 0.917962 -0.209893
v 0.456041 0.826144 -0.304717
v 0.580431 0.702578 -0.387831
v 0.682514 0.552012 -0.456041
v 0.758369 0.380232 -0.506726
v 0.805080 0.193841 -0.537937
v 0.820853 0.000000 -0.548476
v 0.805080 -0.193841 -0.537937
v 0.758369 -0.380232 -0.506726
v 0.682514 -0.552012 -0.456041
v 0.580431 -0.702578 -0.387831
v 0.456041 -0.826144 -0.304717
v 0.314127 -0.917962 -0.209893
v 0.166091 -0.973792 -0.110978
v 0.000000 0.997577 0.000000
v 0.184550 0.973792 -0.076443
v 0.349039 0.917962 -0.144577
v 0.506726 0.826144 -0.209893
v 0.644940 0.702578 -0.267143
v 0.758369 0.552012 -0.314127
v 0.842654 0.380232 -0.349039
v 0.894557 0.193841 -0.370538
v 0.912083 0.000000 -0.377797
v 0.894557 -0.193841 -0.370538
v 0.842654 -0.380232 -0.349039
v 0.758369 -0.552012 -0.314127
v 0.644940 -0.702578 -0.267143
v 0.506726 -0.826144 -0.209893
v 0.349039 -0.917962 -0.144577
v 0.184550 -0.973792 -0.076443
v 0.195917 0.973792 -0.038970
v 0.370538 0.917962 -0.073705
v 0.537937 0.826144 -0.107002
v 0.684664 0.702578 -0.136188
v 0.805080 0.552012 -0.160140
v 0.894557 0.380232 -0.177939
v 0.949657 0.193841 -0.188898
v 0.968262 0.000000 -0.192599
v 0.949657 -0.193841 -0.188898
v 0.894557 -0.380232 -0.177938
v 0.805080 -0.552012 -0.160140
v 0.684664 -0.702578 -0.136188
v 0.537937 -0.826144 -0.107002
v 0.370538 -0.917962 -0.073705
v 0.195917 -0.973792 -0.038970
v 0.199755 0.973792 0.000000
v 0.377797 0.917962 0.000000
v 0.548476 0.826144 0.000000
v 0.698078 0.702578 0.000000
v 0.820853 0.552012 0.000000
v 0.912083 0.380232 -0.000000
v 0.968262 0.193841 0.000000
v 0.987231 0.000000 0.000000
v 0.968262 -0.193841 0.000000
v 0.912083 -0.380232 -0.000000
v 0.820853 -0.552012 0.000000
v 0.698078 -0.702578 0.000000
v 0.548476 -0.826144 0.000000
v 0.377797 -0.917962 0.000000
v 0.199755 -0.973792 0.000000
v 0.195917 0.973792 0.038970
v 0.370538 0.917962 0.073705
v 0.537937 0.826144 0.107002
v 0.684664 0.702578 0.136188
v 0.805080 0.552012 0.160140
v 0.894557 0.380232 0.177939
v 0.949657 0.193841 0.188899
v 0.968262 0.000000 0.192599
v 0.949657 -0.193841 0.188899
v 0.894557 -0.380232 0.177939
v 0.805080 -0.552012 0.160140
v 0.684664 -0.702578 0.136188
v 0.537937 -0.826144 0.107002
v 0.370538 -0.917962 0.073705
v 0.195917 -0.973792 0.038970
v 0.184550 0.973792 0.076443
v 0.349039 0.917962 0.144577
v 0.506726 0.826144 0.209893
v 0.644940 0.702578 0.267143
v 0.758369 0.552012 0.314127
v 0.842654 0.380232 0.349039
v 0.894557 0.193841 0.370538
v 0.912082 0.000000 0.377797
v 0.894557 -0.193841 0.370538
v 0.842654 -0.380232 0.349039
v 0.758369 -0.552012 0.314127
v 0.644940 -0.702578 0.267143
v 0.506726 -0.826144 0.209893
v 0.349039 -0.917962 0.144577
v 0.184550 -0.973792 0.076443
v 0.166090 0.973792 0.110978
v 0.314127 0.917962 0.209893
v 0.456041 0.826144 0.304717
v 0.580431 0.702578 0.387831
v 0.682514 0.552012 0.456041
v 0.758369 0.380232 0.506726
v 0.805080 0.193841 0.537937
v 0.820852 0.000000 0.548476
v 0.805080 -0.193841 0.537937
v 0.758369 -0.380232 0.506726
v 0.682514 -0.552012 0.456041
v 0.580430 -0.702578 0.387831
v 0.456041 -0.826144 0.304717
v 0.314127 -0.917962 0.209893
v 0.166090 -0.973792 0.110978
v 0.141248 0.973792 0.141248
v 0.267143 0.917962 0.267143
v 0.387831 0.826144 0.387831
v 0.493616 0.702578 0.493616
v 0.580430 0.552012 0.580430
v 0.644940 0.380232 0.644940
v 0.684664 0.193841 0.684664
v 0.698077 0.000000 0.698078
v 0.684664 -0.193841 0.684664
v 0.644940 -0.380232 0.644940
v 0.580430 -0.552012 0.580430
v 0.493616 -0.702578 0.493616
v 0.387831 -0.826144 0.387831
v 0.267143 -0.917962 0.267143
v 0.141248 -0.973792 0.141248
v 0.110978 0.973792 0.166090
v 0.209893 0.917962 0.314127
v 0.304717 0.826144 0.456041
v 0.387831 0.702578 0.580430
v 0.456041 0.552012 0.682514
v 0.506726 0.380232 0.758369
v 0.537937 0.193841 0.805080
v 0.548476 0.000000 0.820853
v 0.537937 -0.193841 0.805080
v 0.506726 -0.380232 0.758369
v 0.456041 -0.552012 0.682514
v 0.387831 -0.702578 0.580430
v 0.304717 -0.826144 0.456041
v 0.209893 -0.917962 0.314127
v 0.110978 -0.973792 0.166091
v 0.076443 0.973792 0.184550
v 0.144577 0.917962 0.349039
v 0.209893 0.826144 0.506726
v 0.267143 0.702578 0.644940
v 0.314127 0.552012 0.758369
v 0.349039 0.380232 0.842654
v 0.370538 0.193841 0.894557
v 0.377797 0.000000 0.912082
v 0.370538 -0.193841 0.894557
v 0.349039 -0.380232 0.842654
v 0.314127 -0.552012 0.758369
v 0.267143 -0.702578 0.644940
v 0.209893 -0.826144 0.506726
v 0.144577 -0.917962 0.349039
v 0.076443 -0.973792 0.184550
v 0.038970 0.973792 0.195917
v 0.073704 0.917962 0.370538
v 0.107002 0.826144 0.537937
v 0.136188 0.702578 0.684664
v 0.160140 0.552012 0.805080
v 0.177938 0.380232 0.894557
v 0.188898 0.193841 0.949657
v 0.192599 0.000000 0.968261
v 0.188898 -0.193841 0.949657
v 0.177938 -0.380232 0.894557
v 0.160140 -0.552012 0.805080
v 0.136188 -0.702578 0.684664
v 0.107002 -0.826144 0.537937
v 0.073704 -0.917962 0.370538
v 0.038970 -0.973792 0.195917
v -0.000000 0.973792 0.199755
v -0.000000 0.917962 0.377797
v -0.000000 0.826144 0.548476
v -0.000000 0.702578 0.698078
v -0.000000 0.552012 0.820853
v -0.000000 0.380232 0.912082
v -0.000000 0.193841 0.968262
v -0.000000 0.000000 0.987231
v -0.000000 -0.193841 0.968262
v -0.000000 -0.380232 0.912082
v -0.000000 -0.552012 0.820853
v -0.000000 -0.702578 0.698078
v -0.000000 -0.826144 0.548476
v -0.000000 -0.917962 0.377797
v -0.000000 -0.973792 0.199755
v -0.038970 0.973792 0.195917
v -0.073705 0.917962 0.370538
v -0.107002 0.826144 0.537937
v -0.136188 0.702578 0.684664
v -0.160140 0.552012 0.805080
v -0.177938 0.380232 0.894557
v -0.188899 0.193841 0.949657
v -0.192599 0.000000 0.968261
v -0.188899 -0.193841 0.949657
v -0.177938 -0.380232 0.894557
v -0.160140 -0.552012 0.805080
v -0.136188 -0.702578 0.684664
v -0.107002 -0.826144 0.537937
v -0.073705 -0.917962 0.370538
v -0.038970 -0.973792 0.195917
v -0.076443 0.973792 0.184550
v -0.144577 0.917962 0.349039
v -0.209893 0.826144 0.506726
v -0.267143 0.702578 0.644940
v -0.314127 0.552012 0.758369
v -0.349039 0.380232 0.842654
v -0.370538 0.193841 0.894557
v -0.377797 0.000000 0.912082
v -0.370538 -0.193841 0.894557
v -0.349039 -0.380232 0.842654
v -0.314127 -0.552012 0.758369
v -0.267143 -0.702578 0.644940
v -0.209893 -0.826144 0.506726
v -0.144577 -0.917962 0.349039
v -0.076443 -0.973792 0.184550
v -0.110978 0.973792 0.166090
v -0.209893 0.917962 0.314127
v -0.304717 0.826144 0.456041
v -0.387831 0.702578 0.580430
v -0.456041 0.552012 0.682514
v -0.506726 0.380232 0.758369
v -0.537937 0.193841 0.805080
v -0.548476 0.000000 0.820852
v -0.537937 -0.193841 0.805080
v -0.506726 -0.380232 0.758369
v -0.456041 -0.552012 0.682514
v -0.387831 -0.702578 0.580430
v -0.304717 -0.826144 0.456041
v -0.209893 -0.917962 0.314127
v -0.110978 -0.973792 0.166090
v -0.141248 0.973792 0.141248
v -0.267143 0.917962 0.267143
v -0.387831 0.826144 0.387831
v -0.493615 0.702578 0.493615
v -0.580430 0.552012 0.580430
v -0.644940 0.380232 0.644940
v -0.684664 0.193841 0.684664
v -0.698078 0.000000 0.698077
v -0.684664 -0.193841 0.684664
v -0.644940 -0.380232 0.644940
v -0.580430 -0.552012 0.580430
v -0.493616 -0.702578 0.493615
v -0.387831 -0.826144 0.387831
v -0.267143 -0.917962 0.267143
v -0.141248 -0.973792 0.141248
v 0.000000 -0.997577 0.000000
v -0.166090 0.973792 0.110978
v -0.314127 0.917962 0.209893
v -0.456041 0.826144 0.304717
v -0.580430 0.702578 0.387831
v -0.682514 0.552012 0.456041
v -0.758369 0.380232 0.506726
v -0.805080 0.193841 0.537937
v -0.820852 0.000000 0.548476
v -0.805080 -0.193841 0.537937
v -0.758369 -0.380232 0.506726
v -0.682514 -0.552012 0.456041
v -0.580430 -0.702578 0.387831
v -0.456041 -0.826144 0.304717
v -0.314127 -0.917962 0.209893
v -0.166090 -0.973792 0.110978
v -0.184550 0.973792 0.076443
v -0.349039 0.917962 0.144577
v -0.506726 0.826144 0.209893
v -0.644940 0.702578 0.267143
v -0.758369 0.552012 0.314126
v -0.842654 0.380232 0.349039
v -0.894557 0.193841 0.370537
v -0.912082 0.000000 0.377796
v -0.894557 -0.193841 0.370537
v -0.842654 -0.380232 0.349039
v -0.758369 -0.552012 0.314127
v -0.644940 -0.702578 0.267143
v -0.506726 -0.826144 0.209893
v -0.349039 -0.917962 0.144577
v -0.184550 -0.973792 0.076443
v -0.195917 0.973792 0.038970
v -0.370538 0.917962 0.073704
v -0.537937 0.826144 0.107002
v -0.684664 0.702578 0.136188
v -0.805080 0.552012 0.160140
v -0.894557 0.380232 0.177938
v -0.949657 0.193841 0.188898
v -0.968261 0.000000 0.192599
v -0.949657 -0.193841 0.188898
v -0.894557 -0.380232 0.177938
v -0.805080 -0.552012 0.160140
v -0.684664 -0.702578 0.136188
v -0.537937 -0.826144 0.107002
v -0.370538 -0.917962 0.073704
v -0.195917 -0.973792 0.038970
v -0.199755 0.973792 -0.000000
v -0.377797 0.917962 -0.000000
v -0.548476 0.826144 -0.000000
v -0.698078 0.702578 -0.000000
v -0.820852 0.552012 -0.000000
v -0.912082 0.380232 -0.000000
v -0.968261 0.193841 -0.000000
v -0.987231 0.000000 -0.000000
v -0.968261 -0.193841 -0.000000
v -0.912082 -0.380232 -0.000000
v -0.820852 -0.552012 -0.000000
v -0.698078 -0.702578 -0.000000
v -0.548476 -0.826144 -0.000000
v -0.377797 -0.917962 -0.000000
v -0.199755 -0.973792 -0.000000
v -0.195917 0.973792 -0.038970
v -0.370538 0.917962 -0.073705
v -0.537937 0.826144 -0.107002
v -0.684664 0.702578 -0.136188
v -0.805080 0.552012 -0.160140
v -0.894557 0.380232 -0.177939
v -0.949656 0.193841 -0.188899
v -0.968261 0.000000 -0.192600
v -0.949656 -0.193841 -0.188899
v -0.894557 -0.380232 -0.177938
v -0.805080 -0.552012 -0.160140
v -0.684664 -0.702578 -0.136188
v -0.537937 -0.826144 -0.107002
v -0.370538 -0.917962 -0.073705
v -0.195917 -0.973792 -0.038970
v -0.184550 0.973792 -0.076443
v -0.349039 0.917962 -0.144577
v -0.506726 0.826144 -0.209893
v -0.644940 0.702578 -0.267143
v -0.758369 0.552012 -0.314127
v -0.842654 0.380232 -0.349039
v -0.894557 0.193841 -0.370538
v -0.912082 0.000000 -0.377797
v -0.894557 -0.193841 -0.370538
v -0.842654 -0.380232 -0.349039
v -0.758369 -0.552012 -0.314127
v -0.644940 -0.702578 -0.267143
v -0.506726 -0.826144 -0.209893
v -0.349039 -0.917962 -0.144577
v -0.184550 -0.973792 -0.076443
v -0.166090 0.973792 -0.110978
v -0.314127 0.917962 -0.209893
v -0.456041 0.826144 -0.304717
v -0.580430 0.702578 -0.387831
v -0.682514 0.552012 -0.456041
v -0.758369 0.380232 -0.506726
v -0.805080 0.193841 -0.537937
v -0.820852 0.000000 -0.548476
v -0.805080 -0.193841 -0.537937
v -0.758369 -0.380232 -0.506726
v -0.682514 -0.552012 -0.456041
v -0.580430 -0.702578 -0.387831
v -0.456041 -0.826144 -0.304717
v -0.314126 -0.917962 -0.209893
v -0.166090 -0.973792 -0.110978
v -0.141248 0.973792 -0.141248
v -0.267143 0.917962 -0.267143
v -0.387831 0.826144 -0.387831
v -0.493615 0.702578 -0.493615
v -0.580430 0.552012 -0.580430
v -0.644939 0.380232 -0.644940
v -0.684664 0.193841 -0.684664
v -0.698077 0.000000 -0.698078
v -0.684664 -0.193841 -0.684664
v -0.644939 -0.380232 -0.644940
v -0.580430 -0.552012 -0.580430
v -0.493615 -0.702578 -0.493615
v -0.387831 -0.826144 -0.387831
v -0.267143 -0.917962 -0.267143
v -0.141248 -0.973792 -0.141248
v -0.110978 0.973792 -0.166090
v -0.209893 0.917962 -0.314127
v -0.304717 0.826144 -0.456041
v -0.387831 0.702578 -0.580430
v -0.456041 0.552012 -0.682514
v -0.506726 0.380232 -0.758369
v -0.537937 0.193841 -0.805080
v -0.548475 0.000000 -0.820852
v -0.537937 -0.193841 -0.805080
v -0.506726 -0.380232 -0.758369
v -0.456041 -0.552012 -0.682514
v -0.387831 -0.702578 -0.580430
v -0.304717 -0.826144 -0.456041
v -0.209893 -0.917962 -0.314127
v -0.110978 -0.973792 -0.166090
v -0.076443 0.973792 -0.184550
v -0.144577 0.917962 -0.349039
v -0.209892 0.826144 -0.506726
v -0.267143 0.702578 -0.644940
v -0.314126 0.552012 -0.758369
v -0.349039 0.380232 -0.842654
v -0.370537 0.193841 -0.894557
v -0.377796 0.000000 -0.912082
v -0.370537 -0.193841 -0.894557
v -0.349039 -0.380232 -0.842654
v -0.314126 -0.552012 -0.758369
v -0.267143 -0.702578 -0.644940
v -0.209892 -0.826144 -0.506726
v -0.144576 -0.917962 -0.349039
v -0.076443 -0.973792 -0.184550
v -0.038970 0.973792 -0.195917
v -0.073704 0.917962 -0.370538
v -0.107002 0.826144 -0.537937
v -0.136188 0.702578 -0.684664
v -0.160140 0.552012 -0.805080
v -0.177938 0.380232 -0.894557
v -0.188898 0.193841 -0.949656
v -0.192599 0.000000 -0.968261
v -0.188898 -0.193841 -0.949656
v -0.177938 -0.380232 -0.894557
v -0.160140 -0.552012 -0.805080
v -0.136188 -0.702578 -0.684664
v -0.107002 -0.826144 -0.537937
v -0.073704 -0.917962 -0.370538
v -0.038970 -0.973792 -0.195917
v 0.000000 0.973792 -0.199755
v 0.000000 0.917962 -0.377797
v 0.000000 0.702578 -0.698078
v 0.000000 0.380232 -0.912082
v 0.000000 -0.380232 -0.912082
v 0.000000 -0.702578 -0.698078
v 0.000000 -0.826144 -0.548476
v 0.000000 -0.917962 -0.377797
v 0.000000 -0.973792 -0.199755
v 0.000000 0.145791 -0.976544
v 0.000000 0.097389 -0.982473
v 0.000000 0.048753 -0.986040
v 0.000000 -0.048753 -0.986040
v 0.000000 -0.097389 -0.982474
v 0.000000 -0.145791 -0.976544
v 0.047387 0.963516 -0.238229
v 0.056083 0.950719 -0.281948
v 0.064906 0.935500 -0.326307
v 0.082347 0.898197 -0.413984
v 0.090790 0.876269 -0.456434
v 0.099016 0.852233 -0.497785
v 0.114731 0.798061 -0.576791
v 0.122183 0.768056 -0.614256
v 0.129342 0.736204 -0.650244
v 0.142706 0.667256 -0.717433
v 0.148881 0.630328 -0.748474
v 0.154697 0.591882 -0.777714
v 0.165198 0.510809 -0.830504
v 0.169857 0.468376 -0.853927
v 0.174107 0.424816 -0.875296
v 0.181340 0.334732 -0.911659
v 0.184305 0.288424 -0.926565
v 0.186827 0.241423 -0.939242
v 0.190514 0.145791 -0.957780
v 0.191671 0.097389 -0.963596
v 0.192367 0.048753 -0.967093
v 0.192367 -0.048753 -0.967093
v 0.191671 -0.097389 -0.963596
v 0.190514 -0.145791 -0.957780
v 0.186827 -0.241423 -0.939242
v 0.184305 -0.288424 -0.926565
v 0.181340 -0.334732 -0.911659
v 0.174107 -0.424816 -0.875297
v 0.169857 -0.468376 -0.853927
v 0.165198 -0.510809 -0.830504
v 0.154697 -0.591882 -0.777714
v 0.148881 -0.630328 -0.748474
v 0.142706 -0.667256 -0.717433
v 0.129342 -0.736204 -0.650244
v 0.122183 -0.768056 -0.614256
v 0.114731 -0.798061 -0.576791
v 0.099016 -0.852233 -0.497785
v 0.090790 -0.876269 -0.456434
v 0.082347 -0.898198 -0.413984
v 0.064906 -0.935500 -0.326307
v 0.056083 -0.950719 -0.281948
v 0.047387 -0.963516 -0.238229
v 0.144857 0.000000 -0.976544
v 0.096765 0.000000 -0.982474
v 0.048441 0.000000 -0.986040
v 0.047510 0.193841 -0.967093
v 0.094906 0.193841 -0.963596
v 0.142073 0.193841 -0.957780
v 0.142073 -0.193841 -0.957780
v 0.094906 -0.193841 -0.963596
v 0.047510 -0.193841 -0.967093
v 0.080478 0.826144 -0.542539
v 0.053760 0.826144 -0.545833
v 0.026912 0.826144 -0.547814
v 0.120444 -0.552012 -0.811966
v 0.080457 -0.552012 -0.816897
v 0.040277 -0.552012 -0.819862
v 0.120444 0.552012 -0.811966
v 0.080457 0.552012 -0.816897
v 0.040277 0.552012 -0.819862
v 0.092952 0.963516 -0.224407
v 0.110011 0.950719 -0.265589
v 0.127319 0.935500 -0.307374
v 0.161529 0.898197 -0.389965
v 0.178092 0.876269 -0.429951
v 0.194226 0.852233 -0.468903
v 0.225053 0.798061 -0.543326
v 0.239671 0.768056 -0.578617
v 0.253713 0.736204 -0.612516
v 0.279928 0.667256 -0.675807
v 0.292040 0.630328 -0.705047
v 0.303449 0.591882 -0.732590
v 0.324047 0.510809 -0.782318
v 0.333186 0.468376 -0.804382
v 0.341524 0.424816 -0.824511
v 0.355712 0.334732 -0.858764
v 0.361528 0.288424 -0.872805
v 0.366474 0.241423 -0.884747
v 0.373707 0.145791 -0.902209
v 0.375976 0.097389 -0.907687
v 0.377341 0.048753 -0.910982
v 0.377341 -0.048753 -0.910982
v 0.375976 -0.097389 -0.907687
v 0.373707 -0.145791 -0.902209
v 0.366474 -0.241423 -0.884747
v 0.361528 -0.288424 -0.872805
v 0.355712 -0.334732 -0.858764
v 0.341524 -0.424816 -0.824511
v 0.333186 -0.468376 -0.804382
v 0.324047 -0.510809 -0.782318
v 0.303449 -0.591882 -0.732590
v 0.292040 -0.630328 -0.705047
v 0.279928 -0.667256 -0.675807
v 0.253713 -0.736204 -0.612516
v 0.239671 -0.768056 -0.578617
v 0.225053 -0.798061 -0.543326
v 0.194226 -0.852233 -0.468903
v 0.178092 -0.876269 -0.429951
v 0.161529 -0.898198 -0.389965
v 0.127319 -0.935500 -0.307374
v 0.110011 -0.950719 -0.265589
v 0.092952 -0.963516 -0.224407
v 0.326197 0.193841 -0.911659
v 0.281071 0.193841 -0.926565
v 0.235268 0.193841 -0.939242
v 0.221617 0.380232 -0.884747
v 0.264763 0.380232 -0.872805
v 0.307271 0.380232 -0.858764
v 0.067497 -0.973703 -0.188970
v 0.058513 -0.973614 -0.192890
v 0.048864 -0.973703 -0.194622
v 0.091797 -0.917962 -0.366474
v 0.109668 -0.917962 -0.361528
v 0.127276 -0.917962 -0.355712
v 0.332588 0.000000 -0.929519
v 0.286577 0.000000 -0.944718
v 0.239877 0.000000 -0.957643
v 0.067497 0.973703 -0.188970
v 0.058513 0.973614 -0.192890
v 0.048864 0.973703 -0.194622
v 0.326197 -0.193841 -0.911659
v 0.281071 -0.193841 -0.926565
v 0.235268 -0.193841 -0.939242
v 0.127276 0.917962 -0.355712
v 0.109668 0.917962 -0.361528
v 0.091797 0.917962 -0.366474
v 0.307271 -0.380232 -0.858764
v 0.264763 -0.380232 -0.872805
v 0.221617 -0.380232 -0.884747
v 0.184776 0.826144 -0.516413
v 0.159214 0.826144 -0.524857
v 0.133268 0.826144 -0.532038
v 0.276537 -0.552012 -0.772867
v 0.238280 -0.552012 -0.785504
v 0.199450 -0.552012 -0.796251
v 0.235175 0.702578 -0.657270
v 0.202641 0.702578 -0.668016
v 0.169619 0.702578 -0.677156
v 0.235175 -0.702578 -0.657270
v 0.202641 -0.702578 -0.668016
v 0.169619 -0.702578 -0.677156
v 0.276537 0.552012 -0.772867
v 0.238280 0.552012 -0.785504
v 0.199450 0.552012 -0.796251
v 0.184776 -0.826144 -0.516413
v 0.159214 -0.826144 -0.524857
v 0.133268 -0.826144 -0.532038
v 0.134946 0.963516 -0.201961
v 0.159711 0.950719 -0.239024
v 0.184838 0.935500 -0.276630
v 0.234503 0.898197 -0.350959
v 0.258549 0.876269 -0.386946
v 0.281973 0.852233 -0.422002
v 0.326726 0.798061 -0.488980
v 0.347948 0.768056 -0.520741
v 0.368333 0.736204 -0.551250
v 0.406393 0.667256 -0.608210
v 0.423976 0.630328 -0.634525
v 0.440539 0.591882 -0.659314
v 0.470443 0.510809 -0.704067
v 0.483711 0.468376 -0.723925
v 0.495816 0.424816 -0.742041
v 0.516413 0.334732 -0.772867
v 0.524857 0.288424 -0.785504
v 0.532038 0.241423 -0.796251
v 0.542539 0.145791 -0.811966
v 0.545833 0.097389 -0.816897
v 0.547814 0.048753 -0.819862
v 0.547814 -0.048753 -0.819862
v 0.545833 -0.097389 -0.816897
v 0.542539 -0.145791 -0.811966
v 0.532038 -0.241423 -0.796251
v 0.524857 -0.288424 -0.785504
v 0.516413 -0.334732 -0.772867
v 0.495816 -0.424816 -0.742041
v 0.483711 -0.468376 -0.723925
v 0.470443 -0.510809 -0.704067
v 0.440539 -0.591882 -0.659314
v 0.423976 -0.630328 -0.634525
v 0.406393 -0.667256 -0.608210
v 0.368333 -0.736204 -0.551250
v 0.347948 -0.768056 -0.520741
v 0.326726 -0.798061 -0.488980
v 0.281973 -0.852233 -0.422002
v 0.258549 -0.876269 -0.386946
v 0.234503 -0.898198 -0.350959
v 0.184838 -0.935500 -0.276630
v 0.159711 -0.950719 -0.239024
v 0.134946 -0.963516 -0.201961
v 0.422002 -0.552012 -0.704067
v 0.386946 -0.552012 -0.723925
v 0.350959 -0.552012 -0.742041
v 0.389965 -0.380232 -0.824511
v 0.429951 -0.380232 -0.804382
v 0.468903 -0.380232 -0.782318
v 0.358883 0.702578 -0.598760
v 0.329070 0.702578 -0.615647
v 0.298466 0.702578 -0.631054
v 0.234503 0.826144 -0.495816
v 0.258549 0.826144 -0.483711
v 0.281973 0.826144 -0.470443
v 0.358883 -0.702578 -0.598760
v 0.329070 -0.702578 -0.615647
v 0.298466 -0.702578 -0.631054
v 0.422002 0.552012 -0.704067
v 0.386946 0.552012 -0.723925
v 0.350959 0.552012 -0.742041
v 0.281973 -0.826144 -0.470443
v 0.258549 -0.826144 -0.483711
v 0.234503 -0.826144 -0.495816
v 0.468903 0.380232 -0.782318
v 0.429951 0.380232 -0.804382
v 0.389965 0.380232 -0.824511
v 0.194226 -0.917962 -0.324047
v 0.178092 -0.917962 -0.333186
v 0.161529 -0.917962 -0.341524
v 0.497785 0.193841 -0.830504
v 0.456434 0.193841 -0.853927
v 0.413984 0.193841 -0.875297
v 0.103066 -0.973703 -0.172171
v 0.095019 -0.973614 -0.177769
v 0.085894 -0.973703 -0.181349
v 0.507537 0.000000 -0.846774
v 0.465376 0.000000 -0.870657
v 0.422095 0.000000 -0.892444
v 0.103066 0.973703 -0.172171
v 0.095019 0.973614 -0.177769
v 0.085894 0.973703 -0.181349
v 0.497785 -0.193841 -0.830504
v 0.456434 -0.193841 -0.853927
v 0.413984 -0.193841 -0.875297
v 0.194226 0.917962 -0.324047
v 0.178092 0.917962 -0.333186
v 0.161529 0.917962 -0.341524
v 0.171753 0.963516 -0.171753
v 0.203273 0.950719 -0.203273
v 0.235254 0.935500 -0.235254
v 0.298466 0.898197 -0.298466
v 0.329070 0.876269 -0.329070
v 0.358883 0.852233 -0.358883
v 0.415843 0.798061 -0.415843
v 0.442854 0.768056 -0.442854
v 0.468800 0.736204 -0.468799
v 0.517240 0.667256 -0.517240
v 0.539619 0.630328 -0.539619
v 0.560700 0.591882 -0.560700
v 0.598760 0.510809 -0.598760
v 0.615647 0.468376 -0.615647
v 0.631054 0.424816 -0.631054
v 0.657270 0.334732 -0.657270
v 0.668016 0.288424 -0.668016
v 0.677156 0.241423 -0.677156
v 0.690521 0.145791 -0.690521
v 0.694714 0.097389 -0.694714
v 0.697236 0.048753 -0.697235
v 0.697235 -0.048753 -0.697235
v 0.694714 -0.097389 -0.694714
v 0.690521 -0.145791 -0.690521
v 0.677156 -0.241423 -0.677156
v 0.668016 -0.288424 -0.668016
v 0.657270 -0.334732 -0.657270
v 0.631054 -0.424816 -0.631054
v 0.615647 -0.468376 -0.615647
v 0.598760 -0.510809 -0.598760
v 0.560700 -0.591882 -0.560700
v 0.539619 -0.630328 -0.539619
v 0.517240 -0.667256 -0.517240
v 0.468800 -0.736204 -0.468800
v 0.442854 -0.768056 -0.442854
v 0.415843 -0.798061 -0.415843
v 0.358883 -0.852233 -0.358883
v 0.329070 -0.876269 -0.329070
v 0.298466 -0.898198 -0.298466
v 0.235254 -0.935500 -0.235254
v 0.203273 -0.950719 -0.203273
v 0.171753 -0.963516 -0.171753
v 0.134675 -0.973703 -0.148756
v 0.127874 -0.973614 -0.155815
v 0.119624 -0.973703 -0.161108
v 0.225053 -0.917962 -0.303449
v 0.239671 -0.917962 -0.292040
v 0.253713 -0.917962 -0.279928
v 0.662983 0.000000 -0.731488
v 0.626290 0.000000 -0.763137
v 0.588091 0.000000 -0.792950
v 0.576792 0.193841 -0.777714
v 0.614257 0.193841 -0.748474
v 0.650244 0.193841 -0.717433
v 0.134675 0.973703 -0.148756
v 0.127874 0.973614 -0.155815
v 0.119624 0.973703 -0.161108
v 0.650244 -0.193841 -0.717433
v 0.614257 -0.193841 -0.748474
v 0.576791 -0.193841 -0.777714
v 0.253713 0.917962 -0.279928
v 0.239671 0.917962 -0.292040
v 0.225053 0.917962 -0.303449
v 0.612516 -0.380232 -0.675807
v 0.578617 -0.380232 -0.705047
v 0.543326 -0.380232 -0.732590
v 0.368333 0.826144 -0.406393
v 0.347948 0.826144 -0.423976
v 0.326726 0.826144 -0.440539
v 0.551250 -0.552012 -0.608210
v 0.520741 -0.552012 -0.634525
v 0.488980 -0.552012 -0.659314
v 0.468800 0.702578 -0.517240
v 0.442854 0.702578 -0.539619
v 0.415843 0.702578 -0.560700
v 0.468800 -0.702578 -0.517240
v 0.442854 -0.702578 -0.539619
v 0.415843 -0.702578 -0.560700
v 0.551250 0.552012 -0.608210
v 0.520741 0.552012 -0.634525
v 0.488980 0.552012 -0.659314
v 0.368333 -0.826144 -0.406393
v 0.347948 -0.826144 -0.423976
v 0.326726 -0.826144 -0.440539
v 0.612516 0.380232 -0.675807
v 0.578617 0.380232 -0.705047
v 0.543326 0.380232 -0.732590
v 0.201961 0.963516 -0.134946
v 0.239024 0.950719 -0.159711
v 0.276630 0.935500 -0.184838
v 0.350959 0.898197 -0.234503
v 0.386946 0.876269 -0.258549
v 0.422002 0.852233 -0.281973
v 0.488980 0.798061 -0.326726
v 0.520741 0.768056 -0.347948
v 0.551250 0.736204 -0.368333
v 0.608210 0.667256 -0.406393
v 0.634525 0.630328 -0.423976
v 0.659314 0.591882 -0.440539
v 0.704067 0.510809 -0.470443
v 0.723925 0.468376 -0.483711
v 0.742041 0.424816 -0.495816
v 0.772867 0.334732 -0.516413
v 0.785504 0.288424 -0.524857
v 0.796251 0.241423 -0.532038
v 0.811966 0.145791 -0.542539
v 0.816897 0.097389 -0.545833
v 0.819862 0.048753 -0.547814
v 0.819862 -0.048753 -0.547814
v 0.816897 -0.097389 -0.545833
v 0.811966 -0.145791 -0.542538
v 0.796251 -0.241423 -0.532038
v 0.785504 -0.288424 -0.524857
v 0.772867 -0.334732 -0.516413
v 0.742041 -0.424816 -0.495816
v 0.723925 -0.468376 -0.483711
v 0.704067 -0.510809 -0.470443
v 0.659314 -0.591882 -0.440539
v 0.634525 -0.630328 -0.423976
v 0.608210 -0.667256 -0.406393
v 0.551250 -0.736204 -0.368333
v 0.520741 -0.768056 -0.347948
v 0.488980 -0.798061 -0.326726
v 0.422002 -0.852233 -0.281973
v 0.386946 -0.876269 -0.258549
v 0.350959 -0.898198 -0.234503
v 0.276630 -0.935500 -0.184838
v 0.239024 -0.950719 -0.159711
v 0.201961 -0.963516 -0.134946
v 0.560700 0.702578 -0.415843
v 0.539620 0.702578 -0.442854
v 0.517240 0.702578 -0.468800
v 0.406393 0.826144 -0.368333
v 0.423976 0.826144 -0.347948
v 0.440539 0.826144 -0.326726
v 0.560700 -0.702578 -0.415843
v 0.539619 -0.702578 -0.442854
v 0.517240 -0.702578 -0.468800
v 0.608210 -0.552012 -0.551250
v 0.634525 -0.552012 -0.520741
v 0.659314 -0.552012 -0.488980
v 0.659314 0.552012 -0.488980
v 0.634525 0.552012 -0.520741
v 0.608210 0.552012 -0.551250
v 0.440539 -0.826144 -0.326726
v 0.423976 -0.826144 -0.347948
v 0.406393 -0.826144 -0.368333
v 0.732590 0.380232 -0.543326
v 0.705047 0.380232 -0.578617
v 0.675807 0.380232 -0.612516
v 0.303449 -0.917962 -0.225053
v 0.292040 -0.917962 -0.239671
v 0.279928 -0.917962 -0.253712
v 0.777714 0.193841 -0.576791
v 0.748474 0.193841 -0.614256
v 0.717433 0.193841 -0.650244
v 0.161108 -0.973703 -0.119623
v 0.155815 -0.973614 -0.127874
v 0.148756 -0.973703 -0.134675
v 0.792950 0.000000 -0.588091
v 0.763137 0.000000 -0.626290
v 0.731488 0.000000 -0.662982
v 0.161108 0.973703 -0.119624
v 0.155815 0.973614 -0.127874
v 0.148756 0.973703 -0.134675
v 0.777714 -0.193841 -0.576791
v 0.748474 -0.193841 -0.614256
v 0.717433 -0.193841 -0.650244
v 0.303449 0.917962 -0.225053
v 0.292040 0.917962 -0.239671
v 0.279929 0.917962 -0.253712
v 0.732590 -0.380232 -0.543326
v 0.705047 -0.380232 -0.578617
v 0.675807 -0.380232 -0.612516
v 0.069700 0.991953 -0.028871
v 0.109146 0.987361 -0.045210
v 0.146422 0.981568 -0.060650
v 0.224406 0.963516 -0.092952
v 0.265589 0.950719 -0.110011
v 0.307374 0.935500 -0.127319
v 0.389965 0.898197 -0.161529
v 0.429951 0.876269 -0.178092
v 0.468903 0.852233 -0.194226
v 0.543326 0.798061 -0.225053
v 0.578617 0.768056 -0.239671
v 0.612516 0.736204 -0.253712
v 0.675807 0.667256 -0.279928
v 0.705047 0.630328 -0.292040
v 0.732590 0.591882 -0.303449
v 0.782318 0.510809 -0.324047
v 0.804382 0.468376 -0.333186
v 0.824511 0.424816 -0.341524
v 0.858764 0.334732 -0.355712
v 0.872805 0.288424 -0.361528
v 0.884747 0.241423 -0.366474
v 0.902209 0.145791 -0.373707
v 0.907687 0.097389 -0.375976
v 0.910982 0.048753 -0.377341
v 0.910982 -0.048753 -0.377341
v 0.907687 -0.097389 -0.375976
v 0.902209 -0.145791 -0.373707
v 0.884747 -0.241423 -0.366474
v 0.872805 -0.288424 -0.361528
v 0.858764 -0.334732 -0.355712
v 0.824511 -0.424816 -0.341524
v 0.804382 -0.468376 -0.333186
v 0.782318 -0.510809 -0.324047
v 0.732590 -0.591882 -0.303449
v 0.705047 -0.630328 -0.292040
v 0.675807 -0.667256 -0.279928
v 0.612516 -0.736204 -0.253712
v 0.578617 -0.768056 -0.239671
v 0.543326 -0.798061 -0.225053
v 0.468903 -0.852233 -0.194226
v 0.429951 -0.876269 -0.178092
v 0.389965 -0.898198 -0.161529
v 0.307374 -0.935500 -0.127319
v 0.265589 -0.950719 -0.110011
v 0.224407 -0.963516 -0.092952
v 0.892444 0.000000 -0.422094
v 0.870657 0.000000 -0.465376
v 0.846774 0.000000 -0.507537
v 0.830504 0.193841 -0.497785
v 0.853927 0.193841 -0.456434
v 0.875296 0.193841 -0.413984
v 0.181349 0.973703 -0.085894
v 0.177769 0.973614 -0.095019
v 0.172171 0.973703 -0.103066
v 0.172171 -0.973703 -0.103066
v 0.177769 -0.973614 -0.095019
v 0.181349 -0.973703 -0.085894
v 0.875296 -0.193841 -0.413984
v 0.853927 -0.193841 -0.456434
v 0.830504 -0.193841 -0.497785
v 0.341524 0.917962 -0.161529
v 0.333186 0.917962 -0.178092
v 0.324047 0.917962 -0.194226
v 0.824511 -0.380232 -0.389965
v 0.804382 -0.380232 -0.429951
v 0.782318 -0.380232 -0.468903
v 0.495816 0.826144 -0.234503
v 0.483711 0.826144 -0.258549
v 0.470443 0.826144 -0.281973
v 0.742041 -0.552012 -0.350959
v 0.723925 -0.552012 -0.386946
v 0.704067 -0.552012 -0.422002
v 0.631054 0.702578 -0.298466
v 0.615647 0.702578 -0.329070
v 0.598760 0.702578 -0.358883
v 0.631054 -0.702578 -0.298466
v 0.615647 -0.702578 -0.329070
v 0.598760 -0.702578 -0.358883
v 0.742041 0.552012 -0.350959
v 0.723925 0.552012 -0.386946
v 0.704067 0.552012 -0.422002
v 0.495816 -0.826144 -0.234503
v 0.483711 -0.826144 -0.258549
v 0.470443 -0.826144 -0.281973
v 0.824511 0.380232 -0.389965
v 0.804382 0.380232 -0.429951
v 0.782318 0.380232 -0.468903
v 0.341524 -0.917962 -0.161529
v 0.333186 -0.917962 -0.178092
v 0.324047 -0.917962 -0.194226
v 0.238229 0.963516 -0.047387
v 0.281948 0.950719 -0.056083
v 0.326307 0.935500 -0.064906
v 0.413984 0.898197 -0.082347
v 0.456434 0.876269 -0.090790
v 0.497785 0.852233 -0.099016
v 0.576791 0.798061 -0.114731
v 0.614256 0.768056 -0.122183
v 0.650244 0.736204 -0.129341
v 0.717433 0.667256 -0.142706
v 0.748474 0.630328 -0.148881
v 0.777714 0.591882 -0.154697
v 0.830504 0.510809 -0.165197
v 0.853927 0.468376 -0.169857
v 0.875296 0.424816 -0.174107
v 0.911659 0.334732 -0.181340
v 0.926565 0.288424 -0.184305
v 0.939242 0.241423 -0.186827
v 0.957780 0.145791 -0.190514
v 0.963596 0.097389 -0.191671
v 0.967093 0.048753 -0.192367
v 0.967093 -0.048753 -0.192367
v 0.963596 -0.097389 -0.191671
v 0.957780 -0.145791 -0.190514
v 0.939242 -0.241423 -0.186827
v 0.926565 -0.288424 -0.184305
v 0.911659 -0.334732 -0.181340
v 0.875296 -0.424816 -0.174107
v 0.853927 -0.468376 -0.169857
v 0.830504 -0.510809 -0.165197
v 0.777714 -0.591882 -0.154697
v 0.748474 -0.630328 -0.148881
v 0.717433 -0.667256 -0.142706
v 0.650244 -0.736204 -0.129341
v 0.614256 -0.768056 -0.122183
v 0.576791 -0.798061 -0.114731
v 0.497785 -0.852233 -0.099016
v 0.456434 -0.876269 -0.090790
v 0.413984 -0.898198 -0.082347
v 0.326307 -0.935500 -0.064906
v 0.281948 -0.950719 -0.056083
v 0.238229 -0.963516 -0.047387
v 0.677156 -0.702578 -0.169619
v 0.668016 -0.702578 -0.202641
v 0.657270 -0.702578 -0.235175
v 0.772867 -0.552012 -0.276536
v 0.785504 -0.552012 -0.238280
v 0.796251 -0.552012 -0.199450
v 0.796251 0.552012 -0.199450
v 0.785504 0.552012 -0.238280
v 0.772867 0.552012 -0.276536
v 0.657270 0.702578 -0.235175
v 0.668016 0.702578 -0.202641
v 0.677156 0.702578 -0.169619
v 0.532038 -0.826144 -0.133268
v 0.524857 -0.826144 -0.159214
v 0.516413 -0.826144 -0.184776
v 0.884747 0.380232 -0.221617
v 0.872805 0.380232 -0.264763
v 0.858764 0.380232 -0.307271
v 0.366474 -0.917962 -0.091797
v 0.361528 -0.917962 -0.109668
v 0.355712 -0.917962 -0.127276
v 0.939242 0.193841 -0.235268
v 0.926565 0.193841 -0.281070
v 0.911659 0.193841 -0.326197
v 0.194622 -0.973703 -0.048864
v 0.192890 -0.973614 -0.058513
v 0.188970 -0.973703 -0.067497
v 0.957643 0.000000 -0.239877
v 0.944718 0.000000 -0.286577
v 0.929519 0.000000 -0.332588
v 0.194622 0.973703 -0.048864
v 0.192890 0.973614 -0.058513
v 0.188970 0.973703 -0.067497
v 0.939242 -0.193841 -0.235268
v 0.926565 -0.193841 -0.281070
v 0.911659 -0.193841 -0.326197
v 0.366474 0.917962 -0.091797
v 0.361528 0.917962 -0.109668
v 0.355712 0.917962 -0.127276
v 0.884747 -0.380232 -0.221617
v 0.872805 -0.380232 -0.264763
v 0.858764 -0.380232 -0.307271
v 0.532038 0.826144 -0.133268
v 0.524857 0.826144 -0.159214
v 0.516413 0.826144 -0.184776
v 0.242896 0.963516 0.000000
v 0.287471 0.950719 0.000000
v 0.332699 0.935500 0.000000
v 0.422095 0.898197 0.000000
v 0.465376 0.876269 0.000000
v 0.507537 0.852233 0.000000
v 0.588091 0.798061 0.000000
v 0.626290 0.768056 0.000000
v 0.662983 0.736204 0.000000
v 0.731488 0.667256 0.000000
v 0.763137 0.630328 0.000000
v 0.792950 0.591882 0.000000
v 0.846774 0.510809 0.000000
v 0.870657 0.468376 0.000000
v 0.892444 0.424816 0.000000
v 0.929519 0.334732 0.000000
v 0.944718 0.288424 0.000000
v 0.957643 0.241423 0.000000
v 0.976544 0.145791 0.000000
v 0.982473 0.097389 0.000000
v 0.986040 0.048753 0.000000
v 0.986040 -0.048753 0.000000
v 0.982473 -0.097389 0.000000
v 0.976544 -0.145791 0.000000
v 0.957643 -0.241423 0.000000
v 0.944718 -0.288424 0.000000
v 0.929519 -0.334732 0.000000
v 0.892444 -0.424816 0.000000
v 0.870657 -0.468376 0.000000
v 0.846774 -0.510809 0.000000
v 0.792950 -0.591882 0.000000
v 0.763137 -0.630328 0.000000
v 0.731488 -0.667256 0.000000
v 0.662983 -0.736204 0.000000
v 0.626290 -0.768056 0.000000
v 0.588091 -0.798061 0.000000
v 0.507537 -0.852233 0.000000
v 0.465376 -0.876269 0.000000
v 0.422095 -0.898198 0.000000
v 0.332699 -0.935500 0.000000
v 0.287471 -0.950719 0.000000
v 0.242896 -0.963516 0.000000
v 0.198507 -0.973703 -0.029334
v 0.200599 -0.973614 -0.019757
v 0.200415 -0.973703 -0.009957
v 0.967093 -0.193841 -0.047510
v 0.963596 -0.193841 -0.094906
v 0.957780 -0.193841 -0.142073
v 0.976544 0.000000 -0.144857
v 0.982473 0.000000 -0.096765
v 0.986040 0.000000 -0.048441
v 0.377341 0.917962 -0.018537
v 0.375976 0.917962 -0.037030
v 0.373707 0.917962 -0.055434
v 0.198507 0.973703 -0.029334
v 0.200599 0.973614 -0.019757
v 0.200415 0.973703 -0.009957
v 0.910982 -0.380232 -0.044753
v 0.907687 -0.380232 -0.089399
v 0.902209 -0.380232 -0.133830
v 0.547814 0.826144 -0.026912
v 0.545833 0.826144 -0.053760
v 0.542539 0.826144 -0.080478
v 0.819862 -0.552012 -0.040277
v 0.816897 -0.552012 -0.080457
v 0.811966 -0.552012 -0.120444
v 0.697235 0.702578 -0.034253
v 0.694714 0.702578 -0.068423
v 0.690521 0.702578 -0.102429
v 0.697235 -0.702578 -0.034253
v 0.694714 -0.702578 -0.068423
v 0.690521 -0.702578 -0.102429
v 0.819862 0.552012 -0.040277
v 0.816897 0.552012 -0.080457
v 0.811966 0.552012 -0.120444
v 0.547814 -0.826144 -0.026912
v 0.545833 -0.826144 -0.053760
v 0.542539 -0.826144 -0.080478
v 0.910982 0.380232 -0.044753
v 0.907687 0.380232 -0.089399
v 0.902209 0.380232 -0.133830
v 0.377341 -0.917962 -0.018537
v 0.375976 -0.917962 -0.037030
v 0.373707 -0.917962 -0.055434
v 0.967093 0.193841 -0.047510
v 0.963596 0.193841 -0.094906
v 0.957780 0.193841 -0.142073
v 0.238229 0.963516 0.047387
v 0.281948 0.950719 0.056083
v 0.326307 0.935500 0.064906
v 0.413984 0.898197 0.082347
v 0.456434 0.876269 0.090790
v 0.497785 0.852233 0.099016
v 0.576791 0.798061 0.114731
v 0.614256 0.768056 0.122183
v 0.650244 0.736204 0.129342
v 0.717433 0.667256 0.142706
v 0.748474 0.630328 0.148881
v 0.777713 0.591882 0.154697
v 0.830504 0.510809 0.165198
v 0.853927 0.468376 0.169857
v 0.875296 0.424816 0.174107
v 0.911659 0.334732 0.181340
v 0.926565 0.288424 0.184305
v 0.939242 0.241423 0.186827
v 0.957779 0.145791 0.190514
v 0.963595 0.097389 0.191671
v 0.967093 0.048753 0.192367
v 0.967093 -0.048753 0.192367
v 0.963596 -0.097389 0.191671
v 0.957780 -0.145791 0.190514
v 0.939242 -0.241423 0.186827
v 0.926565 -0.288424 0.184305
v 0.911659 -0.334732 0.181340
v 0.875296 -0.424816 0.174107
v 0.853927 -0.468376 0.169857
v 0.830504 -0.510809 0.165198
v 0.777713 -0.591882 0.154697
v 0.748474 -0.630328 0.148881
v 0.717433 -0.667256 0.142706
v 0.650244 -0.736204 0.129342
v 0.614256 -0.768056 0.122183
v 0.576791 -0.798061 0.114731
v 0.497785 -0.852233 0.099016
v 0.456434 -0.876269 0.090790
v 0.413984 -0.898198 0.082347
v 0.326307 -0.935500 0.064906
v 0.281948 -0.950719 0.056083
v 0.238229 -0.963516 0.047387
v 0.542539 -0.826144 0.080478
v 0.545833 -0.826144 0.053760
v 0.547814 -0.826144 0.026912
v 0.697235 -0.702578 0.034253
v 0.694714 -0.702578 0.068423
v 0.690521 -0.702578 0.102429
v 0.902209 0.380232 0.133830
v 0.907687 0.380232 0.089399
v 0.910982 0.380232 0.044753
v 0.819862 0.552012 0.040277
v 0.816897 0.552012 0.080457
v 0.811966 0.552012 0.120444
v 0.373707 -0.917962 0.055434
v 0.375976 -0.917962 0.037030
v 0.377341 -0.917962 0.018538
v 0.957780 0.193841 0.142074
v 0.963596 0.193841 0.094906
v 0.967093 0.193841 0.047510
v 0.198507 -0.973703 0.029334
v 0.200599 -0.973614 0.019757
v 0.200415 -0.973703 0.009957
v 0.976544 0.000000 0.144857
v 0.982473 0.000000 0.096765
v 0.986040 0.000000 0.048441
v 0.198507 0.973703 0.029334
v 0.200599 0.973614 0.019757
v 0.200415 0.973703 0.009957
v 0.957780 -0.193841 0.142073
v 0.963596 -0.193841 0.094906
v 0.967093 -0.193841 0.047510
v 0.373707 0.917962 0.055434
v 0.375976 0.917962 0.037030
v 0.377341 0.917962 0.018538
v 0.902209 -0.380232 0.133830
v 0.907687 -0.380232 0.089399
v 0.910982 -0.380232 0.044753
v 0.542539 0.826144 0.080478
v 0.545833 0.826144 0.053760
v 0.547814 0.826144 0.026912
v 0.811966 -0.552012 0.120444
v 0.816897 -0.552012 0.080457
v 0.819862 -0.552012 0.040277
v 0.690521 0.702578 0.102429
v 0.694714 0.702578 0.068423
v 0.697235 0.702578 0.034253
v 0.224406 0.963516 0.092952
v 0.265589 0.950719 0.110011
v 0.307374 0.935500 0.127319
v 0.389964 0.898197 0.161529
v 0.429951 0.876269 0.178092
v 0.468903 0.852233 0.194226
v 0.543326 0.798061 0.225053
v 0.578617 0.768056 0.239671
v 0.612516 0.736204 0.253712
v 0.675807 0.667256 0.279928
v 0.705047 0.630328 0.292040
v 0.732590 0.591882 0.303449
v 0.782317 0.510809 0.324047
v 0.804382 0.468376 0.333186
v 0.824511 0.424816 0.341524
v 0.858764 0.334732 0.355712
v 0.872805 0.288424 0.361528
v 0.884747 0.241423 0.366474
v 0.902209 0.145791 0.373707
v 0.907687 0.097389 0.375976
v 0.910982 0.048753 0.377341
v 0.910982 -0.048753 0.377341
v 0.907687 -0.097389 0.375976
v 0.902209 -0.145791 0.373707
v 0.884747 -0.241423 0.366474
v 0.872805 -0.288424 0.361528
v 0.858764 -0.334732 0.355712
v 0.824511 -0.424816 0.341524
v 0.804382 -0.468376 0.333186
v 0.782317 -0.510809 0.324047
v 0.732590 -0.591882 0.303449
v 0.705047 -0.630328 0.292040
v 0.675807 -0.667256 0.279928
v 0.612516 -0.736204 0.253712
v 0.578617 -0.768056 0.239671
v 0.543326 -0.798061 0.225053
v 0.468903 -0.852233 0.194226
v 0.429951 -0.876269 0.178092
v 0.389964 -0.898198 0.161529
v 0.307374 -0.935500 0.127319
v 0.265589 -0.950719 0.110011
v 0.224406 -0.963516 0.092952
v 0.355712 0.917962 0.127276
v 0.361528 0.917962 0.109668
v 0.366474 0.917962 0.091797
v 0.194622 0.973703 0.048864
v 0.192890 0.973614 0.058513
v 0.188970 0.973703 0.067497
v 0.858764 -0.380232 0.307271
v 0.872805 -0.380232 0.264763
v 0.884747 -0.380232 0.221617
v 0.939242 -0.193841 0.235268
v 0.926565 -0.193841 0.281071
v 0.911659 -0.193841 0.326197
v 0.516413 0.826144 0.184776
v 0.524857 0.826144 0.159214
v 0.532038 0.826144 0.133268
v 0.772867 -0.552012 0.276537
v 0.785504 -0.552012 0.238280
v 0.796251 -0.552012 0.199450
v 0.657270 0.702578 0.235175
v 0.668016 0.702578 0.202641
v 0.677156 0.702578 0.169619
v 0.657269 -0.702578 0.235175
v 0.668016 -0.702578 0.202641
v 0.677156 -0.702578 0.169619
v 0.772867 0.552012 0.276537
v 0.785504 0.552012 0.238280
v 0.796251 0.552012 0.199450
v 0.516413 -0.826144 0.184776
v 0.524857 -0.826144 0.159214
v 0.532038 -0.826144 0.133268
v 0.858764 0.380232 0.307271
v 0.872805 0.380232 0.264763
v 0.884747 0.380232 0.221617
v 0.355712 -0.917962 0.127276
v 0.361528 -0.917962 0.109668
v 0.366474 -0.917962 0.091797
v 0.911659 0.193841 0.326197
v 0.926565 0.193841 0.281071
v 0.939242 0.193841 0.235268
v 0.188970 -0.973703 0.067497
v 0.192890 -0.973614 0.058513
v 0.194622 -0.973703 0.048864
v 0.929519 0.000000 0.332588
v 0.944717 0.000000 0.286577
v 0.957643 0.000000 0.239877
v 0.201960 0.963516 0.134946
v 0.239024 0.950719 0.159711
v 0.276629 0.935500 0.184838
v 0.350959 0.898197 0.234503
v 0.386946 0.876269 0.258549
v 0.422002 0.852233 0.281973
v 0.488980 0.798061 0.326726
v 0.520741 0.768056 0.347948
v 0.551250 0.736204 0.368333
v 0.608210 0.667256 0.406393
v 0.634525 0.630328 0.423976
v 0.659314 0.591882 0.440539
v 0.704067 0.510809 0.470443
v 0.723924 0.468376 0.483711
v 0.742041 0.424816 0.495816
v 0.772867 0.334732 0.516413
v 0.785504 0.288424 0.524857
v 0.796251 0.241423 0.532038
v 0.811966 0.145791 0.542539
v 0.816897 0.097389 0.545833
v 0.819862 0.048753 0.547814
v 0.819862 -0.048753 0.547814
v 0.816897 -0.097389 0.545833
v 0.811966 -0.145791 0.542539
v 0.796251 -0.241423 0.532038
v 0.785504 -0.288424 0.524857
v 0.772867 -0.334732 0.516413
v 0.742040 -0.424816 0.495816
v 0.723925 -0.468376 0.483711
v 0.704067 -0.510809 0.470443
v 0.659314 -0.591882 0.440539
v 0.634525 -0.630328 0.423976
v 0.608210 -0.667256 0.406393
v 0.551250 -0.736204 0.368333
v 0.520741 -0.768056 0.347948
v 0.488980 -0.798061 0.326726
v 0.422002 -0.852233 0.281973
v 0.386946 -0.876269 0.258549
v 0.350959 -0.898198 0.234503
v 0.276629 -0.935500 0.184838
v 0.239024 -0.950719 0.159711
v 0.201960 -0.963516 0.134946
v 0.782317 0.380232 0.468903
v 0.804382 0.380232 0.429951
v 0.824511 0.380232 0.389964
v 0.742040 0.552012 0.350959
v 0.723924 0.552012 0.386946
v 0.704067 0.552012 0.422002
v 0.324046 -0.917962 0.194226
v 0.333186 -0.917962 0.178092
v 0.341524 -0.917962 0.161529
v 0.495816 -0.826144 0.234503
v 0.483711 -0.826144 0.258549
v 0.470443 -0.826144 0.281973
v 0.830504 0.193841 0.497785
v 0.853927 0.193841 0.456434
v 0.875296 0.193841 0.413984
v 0.172171 -0.973703 0.103066
v 0.177769 -0.973614 0.095019
v 0.181349 -0.973703 0.085894
v 0.846774 0.000000 0.507537
v 0.870656 0.000000 0.465376
v 0.892444 0.000000 0.422095
v 0.172171 0.973703 0.103066
v 0.177769 0.973614 0.095019
v 0.181349 0.973703 0.085894
v 0.830504 -0.193841 0.497785
v 0.853927 -0.193841 0.456434
v 0.875296 -0.193841 0.413984
v 0.324046 0.917962 0.194226
v 0.333186 0.917962 0.178092
v 0.341524 0.917962 0.161529
v 0.782318 -0.380232 0.468903
v 0.804382 -0.380232 0.429951
v 0.824511 -0.380232 0.389964
v 0.470443 0.826144 0.281973
v 0.483711 0.826144 0.258549
v 0.495816 0.826144 0.234503
v 0.704067 -0.552012 0.422002
v 0.723925 -0.552012 0.386946
v 0.742040 -0.552012 0.350959
v 0.598760 0.702578 0.358883
v 0.615647 0.702578 0.329070
v 0.631054 0.702578 0.298466
v 0.598760 -0.702578 0.358883
v 0.615647 -0.702578 0.329070
v 0.631054 -0.702578 0.298466
v 0.171753 0.963516 0.171753
v 0.203273 0.950719 0.203273
v 0.235254 0.935500 0.235254
v 0.298466 0.898197 0.298466
v 0.329070 0.876269 0.329070
v 0.358883 0.852233 0.358883
v 0.415843 0.798061 0.415843
v 0.442854 0.768056 0.442854
v 0.468799 0.736204 0.468800
v 0.517240 0.667256 0.517240
v 0.539619 0.630328 0.539619
v 0.560700 0.591882 0.560700
v 0.598760 0.510809 0.598760
v 0.615647 0.468376 0.615647
v 0.631054 0.424816 0.631054
v 0.657269 0.334732 0.657270
v 0.668016 0.288424 0.668016
v 0.677156 0.241423 0.677156
v 0.690520 0.145791 0.690521
v 0.694713 0.097389 0.694714
v 0.697235 0.048753 0.697235
v 0.697235 -0.048753 0.697235
v 0.694713 -0.097389 0.694714
v 0.690520 -0.145791 0.690521
v 0.677156 -0.241423 0.677156
v 0.668016 -0.288424 0.668016
v 0.657270 -0.334732 0.657269
v 0.631054 -0.424816 0.631054
v 0.615647 -0.468376 0.615647
v 0.598760 -0.510809 0.598760
v 0.560700 -0.591882 0.560700
v 0.539619 -0.630328 0.539619
v 0.517240 -0.667256 0.517240
v 0.468799 -0.736204 0.468800
v 0.442854 -0.768056 0.442854
v 0.415843 -0.798061 0.415843
v 0.358883 -0.852233 0.358883
v 0.329070 -0.876269 0.329070
v 0.298466 -0.898198 0.298466
v 0.235254 -0.935500 0.235254
v 0.203273 -0.950719 0.203273
v 0.171753 -0.963516 0.171753
v 0.675807 -0.380232 0.612516
v 0.705047 -0.380232 0.578617
v 0.732590 -0.380232 0.543326
v 0.777713 -0.193841 0.576791
v 0.748473 -0.193841 0.614256
v 0.717433 -0.193841 0.650244
v 0.406393 0.826144 0.368333
v 0.423976 0.826144 0.347948
v 0.440539 0.826144 0.326726
v 0.303449 0.917962 0.225053
v 0.292040 0.917962 0.239671
v 0.279928 0.917962 0.253712
v 0.608210 -0.552012 0.551250
v 0.634525 -0.552012 0.520741
v 0.659314 -0.552012 0.488980
v 0.517240 0.702578 0.468800
v 0.539619 0.702578 0.442854
v 0.560700 0.702578 0.415843
v 0.517240 -0.702578 0.468800
v 0.539619 -0.702578 0.442854
v 0.560700 -0.702578 0.415843
v 0.608210 0.552012 0.551250
v 0.634525 0.552012 0.520741
v 0.659314 0.552012 0.488980
v 0.406393 -0.826144 0.368333
v 0.423976 -0.826144 0.347948
v 0.440539 -0.826144 0.326726
v 0.675807 0.380232 0.612516
v 0.705047 0.380232 0.578617
v 0.732590 0.380232 0.543326
v 0.279928 -0.917962 0.253712
v 0.292040 -0.917962 0.239671
v 0.303449 -0.917962 0.225053
v 0.717433 0.193841 0.650244
v 0.748473 0.193841 0.614256
v 0.777713 0.193841 0.576791
v 0.148755 -0.973703 0.134675
v 0.155815 -0.973614 0.127874
v 0.161108 -0.973703 0.119623
v 0.731488 0.000000 0.662983
v 0.763137 0.000000 0.626290
v 0.792950 0.000000 0.588091
v 0.148755 0.973703 0.134675
v 0.155815 0.973614 0.127874
v 0.161108 0.973703 0.119623
v 0.134946 0.963516 0.201960
v 0.159711 0.950719 0.239024
v 0.184838 0.935500 0.276630
v 0.234503 0.898197 0.350959
v 0.258549 0.876269 0.386946
v 0.281972 0.852233 0.422002
v 0.326726 0.798061 0.488980
v 0.347948 0.768056 0.520741
v 0.368333 0.736204 0.551250
v 0.406393 0.667256 0.608210
v 0.423976 0.630328 0.634525
v 0.440539 0.591882 0.659314
v 0.470443 0.510809 0.704067
v 0.483711 0.468376 0.723925
v 0.495816 0.424816 0.742040
v 0.516413 0.334732 0.772867
v 0.524857 0.288424 0.785504
v 0.532038 0.241423 0.796251
v 0.542538 0.145791 0.811966
v 0.545833 0.097389 0.816897
v 0.547814 0.048753 0.819862
v 0.547814 -0.048753 0.819862
v 0.545833 -0.097389 0.816897
v 0.542538 -0.145791 0.811966
v 0.532038 -0.241423 0.796251
v 0.524857 -0.288424 0.785504
v 0.516413 -0.334732 0.772867
v 0.495816 -0.424816 0.742040
v 0.483711 -0.468376 0.723925
v 0.470443 -0.510809 0.704067
v 0.440539 -0.591882 0.659314
v 0.423976 -0.630328 0.634525
v 0.406393 -0.667256 0.608210
v 0.368333 -0.736204 0.551250
v 0.347948 -0.768056 0.520741
v 0.326726 -0.798061 0.488980
v 0.281973 -0.852233 0.422002
v 0.258549 -0.876269 0.386946
v 0.234503 -0.898198 0.350959
v 0.184838 -0.935500 0.276629
v 0.159711 -0.950719 0.239024
v 0.134946 -0.963516 0.201961
v 0.225053 -0.917962 0.303449
v 0.239671 -0.917962 0.292040
v 0.253712 -0.917962 0.279928
v 0.368333 -0.826144 0.406393
v 0.347948 -0.826144 0.423976
v 0.326726 -0.826144 0.440539
v 0.576791 0.193841 0.777713
v 0.614256 0.193841 0.748474
v 0.650243 0.193841 0.717433
v 0.612516 0.380232 0.675807
v 0.578617 0.380232 0.705047
v 0.543326 0.380232 0.732590
v 0.119623 -0.973703 0.161108
v 0.127874 -0.973614 0.155815
v 0.134675 -0.973703 0.148755
v 0.588091 0.000000 0.792950
v 0.626290 0.000000 0.763137
v 0.662982 0.000000 0.731488
v 0.119623 0.973703 0.161108
v 0.127874 0.973614 0.155815
v 0.134675 0.973703 0.148755
v 0.576791 -0.193841 0.777713
v 0.614256 -0.193841 0.748474
v 0.650243 -0.193841 0.717433
v 0.225053 0.917962 0.303449
v 0.239671 0.917962 0.292040
v 0.253712 0.917962 0.279928
v 0.543326 -0.380232 0.732590
v 0.578617 -0.380232 0.705047
v 0.612516 -0.380232 0.675807
v 0.326726 0.826144 0.440539
v 0.347948 0.826144 0.423976
v 0.368333 0.826144 0.406393
v 0.488980 -0.552012 0.659314
v 0.520741 -0.552012 0.634525
v 0.551250 -0.552012 0.608210
v 0.415843 0.702578 0.560700
v 0.442854 0.702578 0.539619
v 0.468799 0.702578 0.517240
v 0.415843 -0.702578 0.560700
v 0.442854 -0.702578 0.539619
v 0.468799 -0.702578 0.517240
v 0.488980 0.552012 0.659314
v 0.520741 0.552012 0.634525
v 0.551250 0.552012 0.608210
v 0.092952 0.963516 0.224406
v 0.110011 0.950719 0.265589
v 0.127319 0.935500 0.307374
v 0.161528 0.898197 0.389964
v 0.178091 0.876269 0.429951
v 0.194226 0.852233 0.468903
v 0.225053 0.798061 0.543326
v 0.239671 0.768056 0.578617
v 0.253712 0.736204 0.612516
v 0.279928 0.667256 0.675807
v 0.292040 0.630328 0.705047
v 0.303449 0.591882 0.732590
v 0.324046 0.510809 0.782317
v 0.333186 0.468376 0.804382
v 0.341524 0.424816 0.824511
v 0.355712 0.334732 0.858764
v 0.361528 0.288424 0.872805
v 0.366474 0.241423 0.884747
v 0.373707 0.145791 0.902209
v 0.375976 0.097389 0.907687
v 0.377341 0.048753 0.910982
v 0.377341 -0.048753 0.910982
v 0.375976 -0.097389 0.907687
v 0.373707 -0.145791 0.902209
v 0.366474 -0.241423 0.884747
v 0.361528 -0.288424 0.872805
v 0.355712 -0.334732 0.858764
v 0.341524 -0.424816 0.824511
v 0.333186 -0.468376 0.804382
v 0.324046 -0.510809 0.782318
v 0.303449 -0.591882 0.732590
v 0.292040 -0.630328 0.705047
v 0.279928 -0.667256 0.675807
v 0.253712 -0.736204 0.612516
v 0.239671 -0.768056 0.578617
v 0.225053 -0.798061 0.543326
v 0.194226 -0.852233 0.468903
v 0.178091 -0.876269 0.429951
v 0.161529 -0.898198 0.389964
v 0.127319 -0.935500 0.307374
v 0.110011 -0.950719 0.265589
v 0.092952 -0.963516 0.224406
v 0.234503 0.826144 0.495816
v 0.258549 0.826144 0.483711
v 0.281973 0.826144 0.470443
v 0.194226 0.917962 0.324047
v 0.178092 0.917962 0.333186
v 0.161529 0.917962 0.341524
v 0.350959 -0.552012 0.742041
v 0.386946 -0.552012 0.723925
v 0.422002 -0.552012 0.704067
v 0.468903 -0.380232 0.782317
v 0.429951 -0.380232 0.804382
v 0.389964 -0.380232 0.824511
v 0.298466 0.702578 0.631054
v 0.329070 0.702578 0.615647
v 0.358883 0.702578 0.598760
v 0.298466 -0.702578 0.631054
v 0.329070 -0.702578 0.615647
v 0.358883 -0.702578 0.598760
v 0.350959 0.552012 0.742040
v 0.386946 0.552012 0.723925
v 0.422002 0.552012 0.704067
v 0.234503 -0.826144 0.495816
v 0.258549 -0.826144 0.483711
v 0.281972 -0.826144 0.470443
v 0.389964 0.380232 0.824511
v 0.429951 0.380232 0.804382
v 0.468903 0.380232 0.782318
v 0.161529 -0.917962 0.341524
v 0.178092 -0.917962 0.333186
v 0.194226 -0.917962 0.324047
v 0.413984 0.193841 0.875296
v 0.456433 0.193841 0.853927
v 0.497785 0.193841 0.830504
v 0.085894 -0.973703 0.181349
v 0.095019 -0.973614 0.177769
v 0.103066 -0.973703 0.172171
v 0.422094 0.000000 0.892444
v 0.465375 0.000000 0.870657
v 0.507537 0.000000 0.846774
v 0.085894 0.973703 0.181349
v 0.095019 0.973614 0.177769
v 0.103066 0.973703 0.172171
v 0.413984 -0.193841 0.875296
v 0.456433 -0.193841 0.853927
v 0.497785 -0.193841 0.830504
v 0.047387 0.963516 0.238229
v 0.056083 0.950719 0.281948
v 0.064906 0.935500 0.326307
v 0.082346 0.898197 0.413984
v 0.090790 0.876269 0.456434
v 0.099016 0.852233 0.497785
v 0.114731 0.798061 0.576791
v 0.122183 0.768056 0.614256
v 0.129341 0.736204 0.650244
v 0.142706 0.667256 0.717433
v 0.148881 0.630328 0.748473
v 0.154697 0.591882 0.777713
v 0.165197 0.510809 0.830504
v 0.169857 0.468376 0.853927
v 0.174107 0.424816 0.875296
v 0.181340 0.334732 0.911659
v 0.184305 0.288424 0.926565
v 0.186827 0.241423 0.939242
v 0.190514 0.145791 0.957779
v 0.191671 0.097389 0.963595
v 0.192367 0.048753 0.967093
v 0.192367 -0.048753 0.967093
v 0.191671 -0.097389 0.963595
v 0.190514 -0.145791 0.957780
v 0.186827 -0.241423 0.939242
v 0.184305 -0.288424 0.926565
v 0.181340 -0.334732 0.911659
v 0.174107 -0.424816 0.875296
v 0.169857 -0.468376 0.853927
v 0.165197 -0.510809 0.830504
v 0.154697 -0.591882 0.777713
v 0.148881 -0.630328 0.748474
v 0.142706 -0.667256 0.717433
v 0.129341 -0.736204 0.650244
v 0.122183 -0.768056 0.614256
v 0.114731 -0.798061 0.576791
v 0.099016 -0.852233 0.497785
v 0.090790 -0.876269 0.456434
v 0.082346 -0.898198 0.413984
v 0.064906 -0.935500 0.326307
v 0.056083 -0.950719 0.281948
v 0.047387 -0.963516 0.238229
v 0.235268 0.193841 0.939242
v 0.281070 0.193841 0.926565
v 0.326197 0.193841 0.911659
v 0.307271 0.380232 0.858764
v 0.264763 0.380232 0.872805
v 0.221617 0.380232 0.884747
v 0.048864 -0.973703 0.194622
v 0.058513 -0.973614 0.192890
v 0.067497 -0.973703 0.188970
v 0.127276 -0.917962 0.355712
v 0.109668 -0.917962 0.361528
v 0.091797 -0.917962 0.366474
v 0.239877 0.000000 0.957643
v 0.286577 0.000000 0.944717
v 0.332587 0.000000 0.929519
v 0.048864 0.973703 0.194622
v 0.058513 0.973614 0.192890
v 0.067497 0.973703 0.188970
v 0.235268 -0.193841 0.939242
v 0.281070 -0.193841 0.926565
v 0.326197 -0.193841 0.911659
v 0.091797 0.917962 0.366474
v 0.109668 0.917962 0.361528
v 0.127276 0.917962 0.355712
v 0.221617 -0.380232 0.884747
v 0.264763 -0.380232 0.872805
v 0.307271 -0.380232 0.858764
v 0.133268 0.826144 0.532038
v 0.159214 0.826144 0.524857
v 0.184776 0.826144 0.516413
v 0.199450 -0.552012 0.796251
v 0.238280 -0.552012 0.785504
v 0.276536 -0.552012 0.772867
v 0.169619 0.702578 0.677156
v 0.202640 0.702578 0.668016
v 0.235175 0.702578 0.657270
v 0.169619 -0.702578 0.677156
v 0.202640 -0.702578 0.668016
v 0.235175 -0.702578 0.657270
v 0.199450 0.552012 0.796251
v 0.238280 0.552012 0.785504
v 0.276536 0.552012 0.772867
v 0.133268 -0.826144 0.532038
v 0.159214 -0.826144 0.524857
v 0.184776 -0.826144 0.516413
v -0.000000 0.963516 0.242896
v -0.000000 0.950719 0.287471
v -0.000000 0.935500 0.332699
v -0.000000 0.898197 0.422094
v -0.000000 0.876269 0.465376
v -0.000000 0.852233 0.507537
v -0.000000 0.798061 0.588091
v -0.000000 0.768056 0.626290
v -0.000000 0.736204 0.662982
v -0.000000 0.667256 0.731488
v -0.000000 0.630328 0.763137
v -0.000000 0.591882 0.792950
v -0.000000 0.510809 0.846774
v -0.000000 0.468376 0.870657
v -0.000000 0.424816 0.892444
v -0.000000 0.334732 0.929519
v -0.000000 0.288424 0.944717
v -0.000000 0.241423 0.957643
v -0.000000 0.145791 0.976543
v -0.000000 0.097389 0.982473
v -0.000000 0.048753 0.986039
v -0.000000 -0.048753 0.986039
v -0.000000 -0.097389 0.982473
v -0.000000 -0.145791 0.976543
v -0.000000 -0.241423 0.957643
v -0.000000 -0.288424 0.944718
v -0.000000 -0.334732 0.929519
v -0.000000 -0.424816 0.892444
v -0.000000 -0.468376 0.870657
v -0.000000 -0.510809 0.846774
v -0.000000 -0.591882 0.792950
v -0.000000 -0.630328 0.763137
v -0.000000 -0.667256 0.731488
v -0.000000 -0.736204 0.662982
v -0.000000 -0.768056 0.626290
v -0.000000 -0.798061 0.588091
v -0.000000 -0.852233 0.507537
v -0.000000 -0.876269 0.465376
v -0.000000 -0.898198 0.422094
v -0.000000 -0.935500 0.332699
v -0.000000 -0.950719 0.287471
v -0.000000 -0.963516 0.242896
v 0.040277 -0.552012 0.819862
v 0.080457 -0.552012 0.816897
v 0.120444 -0.552012 0.811966
v 0.133830 -0.380232 0.902209
v 0.089399 -0.380232 0.907687
v 0.044753 -0.380232 0.910982
v 0.034253 0.702578 0.697235
v 0.068423 0.702578 0.694714
v 0.102429 0.702578 0.690521
v 0.080478 0.826144 0.542538
v 0.053760 0.826144 0.545833
v 0.026912 0.826144 0.547814
v 0.034253 -0.702578 0.697235
v 0.068423 -0.702578 0.694714
v 0.102429 -0.702578 0.690521
v 0.040277 0.552012 0.819862
v 0.080457 0.552012 0.816897
v 0.120444 0.552012 0.811966
v 0.026912 -0.826144 0.547814
v 0.053760 -0.826144 0.545833
v 0.080478 -0.826144 0.542538
v 0.044753 0.380232 0.910982
v 0.089399 0.380232 0.907687
v 0.133830 0.380232 0.902209
v 0.018537 -0.917962 0.377341
v 0.037030 -0.917962 0.375976
v 0.055434 -0.917962 0.373707
v 0.047510 0.193841 0.967093
v 0.094906 0.193841 0.963595
v 0.142073 0.193841 0.957779
v 0.009957 -0.973703 0.200415
v 0.019757 -0.973614 0.200599
v 0.029334 -0.973703 0.198507
v 0.048441 0.000000 0.986039
v 0.096765 0.000000 0.982473
v 0.144857 0.000000 0.976543
v 0.009957 0.973703 0.200415
v 0.019757 0.973614 0.200599
v 0.029334 0.973703 0.198507
v 0.047510 -0.193841 0.967093
v 0.094906 -0.193841 0.963595
v 0.142073 -0.193841 0.957780
v 0.018537 0.917962 0.377341
v 0.037030 0.917962 0.375976
v 0.055434 0.917962 0.373707
v -0.047387 0.963516 0.238229
v -0.056083 0.950719 0.281948
v -0.064906 0.935500 0.326307
v -0.082347 0.898197 0.413984
v -0.090790 0.876269 0.456434
v -0.099016 0.852233 0.497785
v -0.114731 0.798061 0.576791
v -0.122183 0.768056 0.614256
v -0.129342 0.736204 0.650243
v -0.142706 0.667256 0.717433
v -0.148881 0.630328 0.748473
v -0.154697 0.591882 0.777713
v -0.165198 0.510809 0.830504
v -0.169857 0.468376 0.853927
v -0.174107 0.424816 0.875296
v -0.181340 0.334732 0.911659
v -0.184305 0.288424 0.926565
v -0.186827 0.241423 0.939242
v -0.190514 0.145791 0.957779
v -0.191671 0.097389 0.963595
v -0.192367 0.048753 0.967093
v -0.192367 -0.048753 0.967093
v -0.191671 -0.097389 0.963595
v -0.190514 -0.145791 0.957779
v -0.186827 -0.241423 0.939242
v -0.184305 -0.288424 0.926565
v -0.181340 -0.334732 0.911659
v -0.174107 -0.424816 0.875296
v -0.169857 -0.468376 0.853927
v -0.165198 -0.510809 0.830504
v -0.154697 -0.591882 0.777713
v -0.148881 -0.630328 0.748473
v -0.142706 -0.667256 0.717433
v -0.129342 -0.736204 0.650243
v -0.122183 -0.768056 0.614256
v -0.114731 -0.798061 0.576791
v -0.099016 -0.852233 0.497785
v -0.090790 -0.876269 0.456434
v -0.082347 -0.898198 0.413984
v -0.064906 -0.935500 0.326307
v -0.056083 -0.950719 0.281948
v -0.047387 -0.963516 0.238229
v -0.029334 -0.973703 0.198507
v -0.019757 -0.973614 0.200599
v -0.009957 -0.973703 0.200415
v -0.018538 -0.917962 0.377341
v -0.037030 -0.917962 0.375976
v -0.055434 -0.917962 0.373707
v -0.144857 0.000000 0.976543
v -0.096765 0.000000 0.982473
v -0.048441 0.000000 0.986039
v -0.047510 0.193841 0.967093
v -0.094906 0.193841 0.963595
v -0.142074 0.193841 0.957779
v -0.029334 0.973703 0.198507
v -0.019757 0.973614 0.200599
v -0.009957 0.973703 0.200415
v -0.142074 -0.193841 0.957779
v -0.094906 -0.193841 0.963595
v -0.047510 -0.193841 0.967093
v -0.055434 0.917962 0.373707
v -0.037030 0.917962 0.375976
v -0.018538 0.917962 0.377341
v -0.133830 -0.380232 0.902209
v -0.089399 -0.380232 0.907687
v -0.044753 -0.380232 0.910982
v -0.080478 0.826144 0.542538
v -0.053760 0.826144 0.545833
v -0.026912 0.826144 0.547814
v -0.120444 -0.552012 0.811966
v -0.080457 -0.552012 0.816897
v -0.040277 -0.552012 0.819862
v -0.102429 0.702578 0.690521
v -0.068423 0.702578 0.694714
v -0.034253 0.702578 0.697235
v -0.102429 -0.702578 0.690521
v -0.068423 -0.702578 0.694714
v -0.034253 -0.702578 0.697235
v -0.120444 0.552012 0.811966
v -0.080457 0.552012 0.816897
v -0.040277 0.552012 0.819862
v -0.080478 -0.826144 0.542538
v -0.053760 -0.826144 0.545833
v -0.026912 -0.826144 0.547814
v -0.133830 0.380232 0.902209
v -0.089399 0.380232 0.907687
v -0.044753 0.380232 0.910982
v -0.092952 0.963516 0.224406
v -0.110011 0.950719 0.265589
v -0.127319 0.935500 0.307374
v -0.161529 0.898197 0.389964
v -0.178092 0.876269 0.429951
v -0.194226 0.852233 0.468903
v -0.225053 0.798061 0.543325
v -0.239671 0.768056 0.578617
v -0.253712 0.736204 0.612516
v -0.279928 0.667256 0.675807
v -0.292040 0.630328 0.705047
v -0.303449 0.591882 0.732590
v -0.324047 0.510809 0.782317
v -0.333186 0.468376 0.804382
v -0.341524 0.424816 0.824511
v -0.355712 0.334732 0.858764
v -0.361528 0.288424 0.872805
v -0.366474 0.241423 0.884746
v -0.373707 0.145791 0.902208
v -0.375976 0.097389 0.907687
v -0.377341 0.048753 0.910982
v -0.377341 -0.048753 0.910981
v -0.375976 -0.097389 0.907687
v -0.373707 -0.145791 0.902208
v -0.366474 -0.241423 0.884746
v -0.361528 -0.288424 0.872805
v -0.355712 -0.334732 0.858764
v -0.341524 -0.424816 0.824511
v -0.333186 -0.468376 0.804382
v -0.324047 -0.510809 0.782317
v -0.303449 -0.591882 0.732590
v -0.292040 -0.630328 0.705047
v -0.279928 -0.667256 0.675807
v -0.253712 -0.736204 0.612516
v -0.239671 -0.768056 0.578617
v -0.225053 -0.798061 0.543325
v -0.194226 -0.852233 0.468903
v -0.178092 -0.876269 0.429951
v -0.161529 -0.898198 0.389964
v -0.127319 -0.935500 0.307374
v -0.110011 -0.950719 0.265589
v -0.092952 -0.963516 0.224406
v -0.235175 -0.702578 0.657269
v -0.202641 -0.702578 0.668016
v -0.169619 -0.702578 0.677156
v -0.199450 -0.552012 0.796251
v -0.238280 -0.552012 0.785504
v -0.276537 -0.552012 0.772867
v -0.276537 0.552012 0.772867
v -0.238280 0.552012 0.785504
v -0.199450 0.552012 0.796251
v -0.169619 0.702578 0.677156
v -0.202641 0.702578 0.668016
v -0.235175 0.702578 0.657269
v -0.184776 -0.826144 0.516413
v -0.159214 -0.826144 0.524857
v -0.133268 -0.826144 0.532038
v -0.307271 0.380232 0.858764
v -0.264763 0.380232 0.872805
v -0.221617 0.380232 0.884747
v -0.127276 -0.917962 0.355712
v -0.109668 -0.917962 0.361528
v -0.091797 -0.917962 0.366474
v -0.326197 0.193841 0.911659
v -0.281071 0.193841 0.926565
v -0.235268 0.193841 0.939242
v -0.067497 -0.973703 0.188970
v -0.058513 -0.973614 0.192890
v -0.048864 -0.973703 0.194622
v -0.332588 0.000000 0.929519
v -0.286577 0.000000 0.944717
v -0.239877 0.000000 0.957642
v -0.067497 0.973703 0.188970
v -0.058513 0.973614 0.192890
v -0.048864 0.973703 0.194622
v -0.326197 -0.193841 0.911659
v -0.281071 -0.193841 0.926565
v -0.235268 -0.193841 0.939242
v -0.127276 0.917962 0.355712
v -0.109668 0.917962 0.361528
v -0.091797 0.917962 0.366474
v -0.307271 -0.380232 0.858764
v -0.264763 -0.380232 0.872805
v -0.221617 -0.380232 0.884747
v -0.184776 0.826144 0.516413
v -0.159214 0.826144 0.524857
v -0.133268 0.826144 0.532038
v -0.134946 0.963516 0.201960
v -0.159711 0.950719 0.239024
v -0.184838 0.935500 0.276629
v -0.234503 0.898197 0.350959
v -0.258549 0.876269 0.386946
v -0.281973 0.852233 0.422002
v -0.326726 0.798061 0.488980
v -0.347948 0.768056 0.520741
v -0.368333 0.736204 0.551250
v -0.406393 0.667256 0.608210
v -0.423976 0.630328 0.634525
v -0.440539 0.591882 0.659313
v -0.470443 0.510809 0.704067
v -0.483711 0.468376 0.723924
v -0.495815 0.424816 0.742040
v -0.516413 0.334732 0.772867
v -0.524857 0.288424 0.785504
v -0.532038 0.241423 0.796251
v -0.542539 0.145791 0.811966
v -0.545833 0.097389 0.816896
v -0.547814 0.048753 0.819862
v -0.547814 -0.048753 0.819862
v -0.545833 -0.097389 0.816896
v -0.542539 -0.145791 0.811966
v -0.532038 -0.241423 0.796251
v -0.524857 -0.288424 0.785504
v -0.516413 -0.334732 0.772867
v -0.495816 -0.424816 0.742040
v -0.483711 -0.468376 0.723924
v -0.470443 -0.510809 0.704067
v -0.440539 -0.591882 0.659313
v -0.423976 -0.630328 0.634525
v -0.406393 -0.667256 0.608210
v -0.368333 -0.736204 0.551250
v -0.347948 -0.768056 0.520741
v -0.326726 -0.798061 0.488980
v -0.281973 -0.852233 0.422002
v -0.258549 -0.876269 0.386946
v -0.234503 -0.898198 0.350959
v -0.184838 -0.935500 0.276629
v -0.159711 -0.950719 0.239024
v -0.134946 -0.963516 0.201960
v -0.103066 0.973703 0.172171
v -0.095019 0.973614 0.177768
v -0.085894 0.973703 0.181349
v -0.085894 -0.973703 0.181349
v -0.095019 -0.973614 0.177768
v -0.103066 -0.973703 0.172171
v -0.497785 -0.193841 0.830504
v -0.456434 -0.193841 0.853927
v -0.413984 -0.193841 0.875296
v -0.422095 0.000000 0.892444
v -0.465376 0.000000 0.870656
v -0.507537 0.000000 0.846774
v -0.194226 0.917962 0.324046
v -0.178092 0.917962 0.333186
v -0.161529 0.917962 0.341524
v -0.468903 -0.380232 0.782317
v -0.429951 -0.380232 0.804382
v -0.389964 -0.380232 0.824511
v -0.281973 0.826144 0.470442
v -0.258549 0.826144 0.483711
v -0.234503 0.826144 0.495815
v -0.422002 -0.552012 0.704067
v -0.386946 -0.552012 0.723924
v -0.350959 -0.552012 0.742040
v -0.358883 0.702578 0.598760
v -0.329070 0.702578 0.615647
v -0.298466 0.702578 0.631054
v -0.358883 -0.702578 0.598760
v -0.329070 -0.702578 0.615647
v -0.298466 -0.702578 0.631053
v -0.422002 0.552012 0.704067
v -0.386946 0.552012 0.723924
v -0.350959 0.552012 0.742040
v -0.281973 -0.826144 0.470442
v -0.258549 -0.826144 0.483711
v -0.234503 -0.826144 0.495815
v -0.468903 0.380232 0.782317
v -0.429951 0.380232 0.804382
v -0.389964 0.380232 0.824511
v -0.194226 -0.917962 0.324046
v -0.178092 -0.917962 0.333186
v -0.161529 -0.917962 0.341524
v -0.497785 0.193841 0.830504
v -0.456434 0.193841 0.853927
v -0.413984 0.193841 0.875296
v -0.171753 0.963516 0.171753
v -0.203273 0.950719 0.203273
v -0.235254 0.935500 0.235254
v -0.298466 0.898197 0.298466
v -0.329070 0.876269 0.329070
v -0.358883 0.852233 0.358883
v -0.415843 0.798061 0.415843
v -0.442854 0.768056 0.442854
v -0.468799 0.736204 0.468799
v -0.517240 0.667256 0.517240
v -0.539619 0.630328 0.539619
v -0.560700 0.591882 0.560700
v -0.598760 0.510809 0.598760
v -0.615647 0.468376 0.615647
v -0.631053 0.424816 0.631054
v -0.657269 0.334732 0.657269
v -0.668016 0.288424 0.668016
v -0.677156 0.241423 0.677156
v -0.690520 0.145791 0.690520
v -0.694714 0.097389 0.694713
v -0.697235 0.048753 0.697235
v -0.697235 -0.048753 0.697235
v -0.694714 -0.097389 0.694713
v -0.690520 -0.145791 0.690520
v -0.677156 -0.241423 0.677156
v -0.668016 -0.288424 0.668016
v -0.657269 -0.334732 0.657269
v -0.631053 -0.424816 0.631054
v -0.615647 -0.468376 0.615647
v -0.598760 -0.510809 0.598760
v -0.560700 -0.591882 0.560700
v -0.539619 -0.630328 0.539619
v -0.517240 -0.667256 0.517240
v -0.468799 -0.736204 0.468799
v -0.442854 -0.768056 0.442854
v -0.415843 -0.798061 0.415843
v -0.358883 -0.852233 0.358883
v -0.329070 -0.876269 0.329070
v -0.298466 -0.898198 0.298466
v -0.235254 -0.935500 0.235254
v -0.203273 -0.950719 0.203273
v -0.171753 -0.963516 0.171753
v -0.112067 -0.981568 0.112067
v -0.083537 -0.987361 0.083537
v -0.053346 -0.991953 0.053346
v -0.551250 0.552012 0.608210
v -0.520741 0.552012 0.634525
v -0.488980 0.552012 0.659314
v -0.415843 0.702578 0.560700
v -0.442854 0.702578 0.539619
v -0.468799 0.702578 0.517240
v -0.368333 -0.826144 0.406393
v -0.347948 -0.826144 0.423976
v -0.326726 -0.826144 0.440539
v -0.415843 -0.702578 0.560700
v -0.442854 -0.702578 0.539619
v -0.468799 -0.702578 0.517240
v -0.612516 0.380232 0.675807
v -0.578617 0.380232 0.705046
v -0.543325 0.380232 0.732590
v -0.253712 -0.917962 0.279928
v -0.239671 -0.917962 0.292040
v -0.225053 -0.917962 0.303449
v -0.650243 0.193841 0.717433
v -0.614256 0.193841 0.748473
v -0.576791 0.193841 0.777713
v -0.134675 -0.973703 0.148755
v -0.127874 -0.973614 0.155815
v -0.119623 -0.973703 0.161108
v -0.662982 0.000000 0.731488
v -0.626290 0.000000 0.763136
v -0.588091 0.000000 0.792949
v -0.134675 0.973703 0.148755
v -0.127874 0.973614 0.155815
v -0.119623 0.973703 0.161108
v -0.650244 -0.193841 0.717433
v -0.614256 -0.193841 0.748473
v -0.576791 -0.193841 0.777713
v -0.253712 0.917962 0.279928
v -0.239671 0.917962 0.292040
v -0.225053 0.917962 0.303449
v -0.612516 -0.380232 0.675807
v -0.578617 -0.380232 0.705046
v -0.543325 -0.380232 0.732590
v -0.368333 0.826144 0.406393
v -0.347948 0.826144 0.423976
v -0.326726 0.826144 0.440539
v -0.551250 -0.552012 0.608210
v -0.520741 -0.552012 0.634525
v -0.488980 -0.552012 0.659314
v -0.201960 0.963516 0.134946
v -0.239024 0.950719 0.159711
v -0.276629 0.935500 0.184838
v -0.350959 0.898197 0.234503
v -0.386946 0.876269 0.258549
v -0.422002 0.852233 0.281972
v -0.488980 0.798061 0.326726
v -0.520741 0.768056 0.347948
v -0.551250 0.736204 0.368333
v -0.608210 0.667256 0.406393
v -0.634525 0.630328 0.423976
v -0.659314 0.591882 0.440539
v -0.704067 0.510809 0.470442
v -0.723924 0.468376 0.483711
v -0.742040 0.424816 0.495815
v -0.772867 0.334732 0.516413
v -0.785504 0.288424 0.524857
v -0.796251 0.241423 0.532038
v -0.811966 0.145791 0.542538
v -0.816897 0.097389 0.545833
v -0.819862 0.048753 0.547814
v -0.819862 -0.048753 0.547814
v -0.816897 -0.097389 0.545833
v -0.811966 -0.145791 0.542538
v -0.796251 -0.241423 0.532038
v -0.785504 -0.288424 0.524857
v -0.772867 -0.334732 0.516413
v -0.742040 -0.424816 0.495815
v -0.723924 -0.468376 0.483711
v -0.704067 -0.510809 0.470442
v -0.659314 -0.591882 0.440539
v -0.634525 -0.630328 0.423976
v -0.608210 -0.667256 0.406393
v -0.551250 -0.736204 0.368333
v -0.520741 -0.768056 0.347948
v -0.488980 -0.798061 0.326726
v -0.422002 -0.852233 0.281972
v -0.386946 -0.876269 0.258549
v -0.350959 -0.898198 0.234503
v -0.276629 -0.935500 0.184838
v -0.239024 -0.950719 0.159710
v -0.201960 -0.963516 0.134946
v -0.777713 -0.193841 0.576791
v -0.748473 -0.193841 0.614256
v -0.717433 -0.193841 0.650243
v -0.731488 0.000000 0.662982
v -0.763137 0.000000 0.626290
v -0.792950 0.000000 0.588091
v -0.303449 0.917962 0.225053
v -0.292040 0.917962 0.239671
v -0.279928 0.917962 0.253712
v -0.148755 0.973703 0.134675
v -0.155815 0.973614 0.127874
v -0.161108 0.973703 0.119623
v -0.732590 -0.380232 0.543326
v -0.705047 -0.380232 0.578617
v -0.675807 -0.380232 0.612516
v -0.440539 0.826144 0.326726
v -0.423976 0.826144 0.347948
v -0.406393 0.826144 0.368333
v -0.659313 -0.552012 0.488980
v -0.634525 -0.552012 0.520741
v -0.608210 -0.552012 0.551250
v -0.560700 0.702578 0.415843
v -0.539619 0.702578 0.442854
v -0.517240 0.702578 0.468799
v -0.560700 -0.702578 0.415843
v -0.539619 -0.702578 0.442854
v -0.517240 -0.702578 0.468799
v -0.659313 0.552012 0.488980
v -0.634525 0.552012 0.520741
v -0.608210 0.552012 0.551250
v -0.440539 -0.826144 0.326726
v -0.423976 -0.826144 0.347948
v -0.406393 -0.826144 0.368333
v -0.732590 0.380232 0.543326
v -0.705047 0.380232 0.578617
v -0.675807 0.380232 0.612516
v -0.303449 -0.917962 0.225053
v -0.292040 -0.917962 0.239671
v -0.279928 -0.917962 0.253712
v -0.777713 0.193841 0.576791
v -0.748473 0.193841 0.614256
v -0.717433 0.193841 0.650243
v -0.161108 -0.973703 0.119623
v -0.155815 -0.973614 0.127874
v -0.148755 -0.973703 0.134675
v -0.224406 0.963516 0.092952
v -0.265589 0.950719 0.110010
v -0.307374 0.935500 0.127318
v -0.389964 0.898197 0.161528
v -0.429951 0.876269 0.178091
v -0.468903 0.852233 0.194226
v -0.543325 0.798061 0.225053
v -0.578617 0.768056 0.239671
v -0.612516 0.736204 0.253712
v -0.675807 0.667256 0.279928
v -0.705047 0.630328 0.292040
v -0.732590 0.591882 0.303449
v -0.782317 0.510809 0.324046
v -0.804382 0.468376 0.333186
v -0.824511 0.424816 0.341524
v -0.858764 0.334732 0.355712
v -0.872805 0.288424 0.361528
v -0.884747 0.241423 0.366474
v -0.902208 0.145791 0.373707
v -0.907687 0.097389 0.375976
v -0.910982 0.048753 0.377341
v -0.910982 -0.048753 0.377341
v -0.907687 -0.097389 0.375976
v -0.902208 -0.145791 0.373707
v -0.884747 -0.241423 0.366474
v -0.872805 -0.288424 0.361528
v -0.858764 -0.334732 0.355712
v -0.824511 -0.424816 0.341524
v -0.804382 -0.468376 0.333186
v -0.782317 -0.510809 0.324046
v -0.732590 -0.591882 0.303449
v -0.705047 -0.630328 0.292040
v -0.675807 -0.667256 0.279928
v -0.612516 -0.736204 0.253712
v -0.578617 -0.768056 0.239671
v -0.543325 -0.798061 0.225053
v -0.468903 -0.852233 0.194226
v -0.429951 -0.876269 0.178091
v -0.389964 -0.898198 0.161528
v -0.307374 -0.935500 0.127318
v -0.265589 -0.950719 0.110010
v -0.224406 -0.963516 0.092952
v -0.495815 -0.826144 0.234503
v -0.483711 -0.826144 0.258549
v -0.470442 -0.826144 0.281972
v -0.598760 -0.702578 0.358883
v -0.615647 -0.702578 0.329070
v -0.631053 -0.702578 0.298466
v -0.824511 0.380232 0.389964
v -0.804382 0.380232 0.429951
v -0.782317 0.380232 0.468903
v -0.704067 0.552012 0.422002
v -0.723924 0.552012 0.386946
v -0.742040 0.552012 0.350959
v -0.341524 -0.917962 0.161528
v -0.333186 -0.917962 0.178091
v -0.324046 -0.917962 0.194226
v -0.875296 0.193841 0.413984
v -0.853927 0.193841 0.456433
v -0.830504 0.193841 0.497785
v -0.181349 -0.973703 0.085894
v -0.177768 -0.973614 0.095019
v -0.172171 -0.973703 0.103066
v -0.892444 0.000000 0.422094
v -0.870656 0.000000 0.465375
v -0.846774 0.000000 0.507537
v -0.181349 0.973703 0.085894
v -0.177768 0.973614 0.095019
v -0.172171 0.973703 0.103066
v -0.875296 -0.193841 0.413984
v -0.853927 -0.193841 0.456433
v -0.830504 -0.193841 0.497785
v -0.341524 0.917962 0.161528
v -0.333186 0.917962 0.178091
v -0.324046 0.917962 0.194226
v -0.824511 -0.380232 0.389964
v -0.804382 -0.380232 0.429951
v -0.782317 -0.380232 0.468903
v -0.495815 0.826144 0.234503
v -0.483711 0.826144 0.258549
v -0.470442 0.826144 0.281972
v -0.742040 -0.552012 0.350959
v -0.723924 -0.552012 0.386946
v -0.704067 -0.552012 0.422002
v -0.631053 0.702578 0.298466
v -0.615647 0.702578 0.329070
v -0.598760 0.702578 0.358883
v -0.238229 0.963516 0.047387
v -0.281948 0.950719 0.056083
v -0.326307 0.935500 0.064906
v -0.413984 0.898197 0.082346
v -0.456433 0.876269 0.090790
v -0.497785 0.852233 0.099015
v -0.576791 0.798061 0.114731
v -0.614256 0.768056 0.122183
v -0.650243 0.736204 0.129341
v -0.717433 0.667256 0.142706
v -0.748473 0.630328 0.148881
v -0.777713 0.591882 0.154697
v -0.830504 0.510809 0.165197
v -0.853927 0.468376 0.169857
v -0.875296 0.424816 0.174107
v -0.911659 0.334732 0.181340
v -0.926565 0.288424 0.184305
v -0.939242 0.241423 0.186827
v -0.957779 0.145791 0.190514
v -0.963595 0.097389 0.191671
v -0.967093 0.048753 0.192366
v -0.967093 -0.048753 0.192366
v -0.963595 -0.097389 0.191671
v -0.957779 -0.145791 0.190514
v -0.939242 -0.241423 0.186827
v -0.926565 -0.288424 0.184305
v -0.911659 -0.334732 0.181340
v -0.875296 -0.424816 0.174107
v -0.853927 -0.468376 0.169857
v -0.830504 -0.510809 0.165197
v -0.777713 -0.591882 0.154697
v -0.748473 -0.630328 0.148881
v -0.717433 -0.667256 0.142706
v -0.650244 -0.736204 0.129341
v -0.614256 -0.768056 0.122183
v -0.576791 -0.798061 0.114731
v -0.497785 -0.852233 0.099015
v -0.456433 -0.876269 0.090790
v -0.413984 -0.898198 0.082346
v -0.326307 -0.935500 0.064906
v -0.281948 -0.950719 0.056083
v -0.238229 -0.963516 0.047387
v -0.366474 0.917962 0.091797
v -0.361528 0.917962 0.109668
v -0.355712 0.917962 0.127276
v -0.188970 0.973703 0.067497
v -0.192890 0.973614 0.058513
v -0.194622 0.973703 0.048864
v -0.884747 -0.380232 0.221617
v -0.872805 -0.380232 0.264762
v -0.858764 -0.380232 0.307271
v -0.911659 -0.193841 0.326197
v -0.926565 -0.193841 0.281070
v -0.939242 -0.193841 0.235267
v -0.532038 0.826144 0.133268
v -0.524857 0.826144 0.159213
v -0.516413 0.826144 0.184776
v -0.796251 -0.552012 0.199450
v -0.785504 -0.552012 0.238280
v -0.772867 -0.552012 0.276536
v -0.677156 0.702578 0.169618
v -0.668016 0.702578 0.202640
v -0.657269 0.702578 0.235175
v -0.677156 -0.702578 0.169618
v -0.668016 -0.702578 0.202640
v -0.657269 -0.702578 0.235175
v -0.796251 0.552012 0.199450
v -0.785504 0.552012 0.238280
v -0.772867 0.552012 0.276536
v -0.532038 -0.826144 0.133268
v -0.524857 -0.826144 0.159213
v -0.516413 -0.826144 0.184776
v -0.884747 0.380232 0.221617
v -0.872805 0.380232 0.264762
v -0.858764 0.380232 0.307271
v -0.366474 -0.917962 0.091797
v -0.361528 -0.917962 0.109668
v -0.355712 -0.917962 0.127276
v -0.939242 0.193841 0.235267
v -0.926565 0.193841 0.281070
v -0.911659 0.193841 0.326197
v -0.194622 -0.973703 0.048864
v -0.192890 -0.973614 0.058513
v -0.188970 -0.973703 0.067497
v -0.957642 0.000000 0.239876
v -0.944717 0.000000 0.286576
v -0.929519 0.000000 0.332587
v -0.242896 0.963516 -0.000000
v -0.287471 0.950719 -0.000000
v -0.332699 0.935500 -0.000000
v -0.422094 0.898198 -0.000000
v -0.465376 0.876269 -0.000000
v -0.507537 0.852233 -0.000000
v -0.588091 0.798061 -0.000000
v -0.626290 0.768057 -0.000000
v -0.662983 0.736204 -0.000000
v -0.731488 0.667256 -0.000000
v -0.763137 0.630328 -0.000000
v -0.792950 0.591883 -0.000000
v -0.846774 0.510809 -0.000000
v -0.870656 0.468376 -0.000000
v -0.892444 0.424816 -0.000000
v -0.929519 0.334732 -0.000000
v -0.944717 0.288424 -0.000000
v -0.957643 0.241423 -0.000000
v -0.976543 0.145791 -0.000000
v -0.982473 0.097389 -0.000000
v -0.986039 0.048753 -0.000000
v -0.986039 -0.048753 -0.000000
v -0.982473 -0.097389 -0.000000
v -0.976543 -0.145791 -0.000000
v -0.957643 -0.241423 -0.000000
v -0.944717 -0.288424 -0.000000
v -0.929519 -0.334732 -0.000000
v -0.892444 -0.424816 -0.000000
v -0.870656 -0.468376 -0.000000
v -0.846774 -0.510809 -0.000000
v -0.792950 -0.591882 -0.000000
v -0.763137 -0.630328 -0.000000
v -0.731488 -0.667256 -0.000000
v -0.662982 -0.736204 -0.000000
v -0.626290 -0.768056 -0.000000
v -0.588091 -0.798061 -0.000000
v -0.507537 -0.852233 -0.000000
v -0.465376 -0.876269 -0.000000
v -0.422094 -0.898198 -0.000000
v -0.332699 -0.935500 -0.000000
v -0.287471 -0.950719 -0.000000
v -0.242896 -0.963516 -0.000000
v -0.910982 0.380232 0.044753
v -0.907687 0.380232 0.089399
v -0.902209 0.380232 0.133830
v -0.811966 0.552012 0.120444
v -0.816897 0.552012 0.080457
v -0.819862 0.552012 0.040277
v -0.377341 -0.917962 0.018537
v -0.375976 -0.917962 0.037030
v -0.373707 -0.917962 0.055434
v -0.542538 -0.826144 0.080478
v -0.545833 -0.826144 0.053760
v -0.547814 -0.826144 0.026912
v -0.967093 0.193841 0.047510
v -0.963595 0.193841 0.094906
v -0.957779 0.193841 0.142073
v -0.200415 -0.973703 0.009957
v -0.200599 -0.973614 0.019757
v -0.198507 -0.973703 0.029334
v -0.986039 0.000000 0.048440
v -0.982473 0.000000 0.096765
v -0.976543 -0.000000 0.144856
v -0.200415 0.973703 0.009957
v -0.200599 0.973614 0.019757
v -0.198507 0.973703 0.029334
v -0.967093 -0.193841 0.047510
v -0.963595 -0.193841 0.094906
v -0.957779 -0.193841 0.142073
v -0.377341 0.917962 0.018537
v -0.375976 0.917962 0.037030
v -0.373707 0.917962 0.055434
v -0.910982 -0.380232 0.044753
v -0.907687 -0.380232 0.089399
v -0.902209 -0.380232 0.133830
v -0.547814 0.826144 0.026912
v -0.545833 0.826144 0.053760
v -0.542538 0.826144 0.080478
v -0.819862 -0.552012 0.040277
v -0.816897 -0.552012 0.080457
v -0.811966 -0.552012 0.120444
v -0.697235 0.702578 0.034253
v -0.694714 0.702578 0.068423
v -0.690520 0.702578 0.102429
v -0.697235 -0.702578 0.034253
v -0.694714 -0.702578 0.068423
v -0.690521 -0.702578 0.102429
v -0.238229 0.963516 -0.047387
v -0.281948 0.950719 -0.056083
v -0.326307 0.935500 -0.064906
v -0.413984 0.898198 -0.082347
v -0.456433 0.876269 -0.090790
v -0.497785 0.852233 -0.099016
v -0.576791 0.798062 -0.114731
v -0.614256 0.768056 -0.122183
v -0.650244 0.736204 -0.129342
v -0.717433 0.667256 -0.142706
v -0.748473 0.630328 -0.148881
v -0.777713 0.591883 -0.154697
v -0.830504 0.510809 -0.165198
v -0.853927 0.468376 -0.169857
v -0.875296 0.424816 -0.174107
v -0.911659 0.334732 -0.181340
v -0.926565 0.288424 -0.184305
v -0.939242 0.241423 -0.186827
v -0.957779 0.145791 -0.190514
v -0.963595 0.097389 -0.191671
v -0.967093 0.048753 -0.192367
v -0.967093 -0.048753 -0.192367
v -0.963595 -0.097389 -0.191671
v -0.957779 -0.145791 -0.190514
v -0.939242 -0.241423 -0.186827
v -0.926565 -0.288424 -0.184305
v -0.911659 -0.334732 -0.181340
v -0.875296 -0.424816 -0.174107
v -0.853927 -0.468376 -0.169857
v -0.830503 -0.510809 -0.165198
v -0.777713 -0.591883 -0.154697
v -0.748473 -0.630328 -0.148881
v -0.717433 -0.667256 -0.142706
v -0.650243 -0.736204 -0.129342
v -0.614256 -0.768056 -0.122183
v -0.576791 -0.798061 -0.114731
v -0.497785 -0.852233 -0.099016
v -0.456433 -0.876269 -0.090790
v -0.413984 -0.898198 -0.082347
v -0.326307 -0.935500 -0.064906
v -0.281948 -0.950719 -0.056083
v -0.238229 -0.963516 -0.047387
v -0.902208 -0.380232 -0.133830
v -0.907687 -0.380232 -0.089399
v -0.910982 -0.380232 -0.044754
v -0.967093 -0.193841 -0.047510
v -0.963595 -0.193841 -0.094906
v -0.957779 -0.193841 -0.142074
v -0.542538 0.826144 -0.080478
v -0.545833 0.826144 -0.053760
v -0.547814 0.826144 -0.026912
v -0.377341 0.917962 -0.018538
v -0.375976 0.917962 -0.037030
v -0.373707 0.917962 -0.055434
v -0.811966 -0.552012 -0.120444
v -0.816897 -0.552012 -0.080457
v -0.819862 -0.552012 -0.040277
v -0.690521 0.702578 -0.102429
v -0.694713 0.702578 -0.068423
v -0.697235 0.702578 -0.034253
v -0.690520 -0.702578 -0.102429
v -0.694713 -0.702578 -0.068423
v -0.697235 -0.702578 -0.034253
v -0.811966 0.552012 -0.120444
v -0.816896 0.552012 -0.080457
v -0.819862 0.552012 -0.040277
v -0.542538 -0.826144 -0.080478
v -0.545833 -0.826144 -0.053760
v -0.547814 -0.826144 -0.026912
v -0.902208 0.380232 -0.133830
v -0.907687 0.380232 -0.089399
v -0.910982 0.380232 -0.044754
v -0.373707 -0.917962 -0.055434
v -0.375976 -0.917962 -0.037030
v -0.377341 -0.917962 -0.018538
v -0.957779 0.193841 -0.142074
v -0.963595 0.193841 -0.094906
v -0.967093 0.193841 -0.047510
v -0.198507 -0.973703 -0.029334
v -0.200599 -0.973614 -0.019757
v -0.200415 -0.973703 -0.009957
v -0.976543 -0.000000 -0.144857
v -0.982473 0.000000 -0.096766
v -0.986039 0.000000 -0.048441
v -0.198507 0.973703 -0.029334
v -0.200599 0.973614 -0.019757
v -0.200415 0.973703 -0.009957
v -0.224406 0.963516 -0.092952
v -0.265589 0.950719 -0.110011
v -0.307374 0.935500 -0.127319
v -0.389964 0.898197 -0.161529
v -0.429951 0.876269 -0.178092
v -0.468903 0.852233 -0.194226
v -0.543325 0.798061 -0.225053
v -0.578617 0.768056 -0.239671
v -0.612516 0.736204 -0.253712
v -0.675807 0.667256 -0.279928
v -0.705047 0.630328 -0.292040
v -0.732590 0.591882 -0.303449
v -0.782317 0.510809 -0.324047
v -0.804382 0.468376 -0.333186
v -0.824511 0.424816 -0.341524
v -0.858764 0.334732 -0.355712
v -0.872805 0.288424 -0.361528
v -0.884746 0.241423 -0.366474
v -0.902208 0.145791 -0.373707
v -0.907687 0.097389 -0.375976
v -0.910981 0.048753 -0.377341
v -0.910981 -0.048753 -0.377341
v -0.907687 -0.097389 -0.375976
v -0.902208 -0.145791 -0.373707
v -0.884746 -0.241423 -0.366474
v -0.872805 -0.288424 -0.361528
v -0.858764 -0.334732 -0.355712
v -0.824511 -0.424816 -0.341524
v -0.804382 -0.468376 -0.333186
v -0.782317 -0.510809 -0.324047
v -0.732590 -0.591882 -0.303449
v -0.705046 -0.630328 -0.292040
v -0.675807 -0.667256 -0.279928
v -0.612516 -0.736204 -0.253712
v -0.578617 -0.768056 -0.239671
v -0.543325 -0.798061 -0.225053
v -0.468903 -0.852233 -0.194226
v -0.429951 -0.876269 -0.178092
v -0.389964 -0.898198 -0.161529
v -0.307374 -0.935500 -0.127319
v -0.265589 -0.950719 -0.110011
v -0.224406 -0.963516 -0.092952
v -0.355712 -0.917962 -0.127276
v -0.361528 -0.917962 -0.109668
v -0.366474 -0.917962 -0.091797
v -0.532038 -0.826144 -0.133268
v -0.524857 -0.826144 -0.159214
v -0.516413 -0.826144 -0.184776
v -0.911658 0.193841 -0.326197
v -0.926565 0.193841 -0.281071
v -0.939242 0.193841 -0.235268
v -0.884746 0.380232 -0.221617
v -0.872805 0.380232 -0.264763
v -0.858764 0.380232 -0.307271
v -0.188970 -0.973703 -0.067497
v -0.192890 -0.973614 -0.058513
v -0.194622 -0.973703 -0.048864
v -0.929519 0.000000 -0.332588
v -0.944717 0.000000 -0.286577
v -0.957642 0.000000 -0.239877
v -0.188970 0.973703 -0.067497
v -0.192890 0.973614 -0.058513
v -0.194622 0.973703 -0.048864
v -0.911658 -0.193841 -0.326197
v -0.926565 -0.193841 -0.281071
v -0.939242 -0.193841 -0.235268
v -0.355712 0.917962 -0.127276
v -0.361528 0.917962 -0.109668
v -0.366474 0.917962 -0.091797
v -0.858764 -0.380232 -0.307271
v -0.872805 -0.380232 -0.264763
v -0.884746 -0.380232 -0.221617
v -0.516413 0.826144 -0.184776
v -0.524857 0.826144 -0.159214
v -0.532038 0.826144 -0.133268
v -0.772867 -0.552012 -0.276537
v -0.785504 -0.552012 -0.238280
v -0.796251 -0.552012 -0.199450
v -0.657269 0.702578 -0.235175
v -0.668016 0.702578 -0.202641
v -0.677156 0.702578 -0.169619
v -0.657269 -0.702578 -0.235175
v -0.668016 -0.702578 -0.202641
v -0.677156 -0.702578 -0.169619
v -0.772867 0.552012 -0.276537
v -0.785504 0.552012 -0.238280
v -0.796251 0.552012 -0.199450
v -0.201960 0.963516 -0.134946
v -0.239024 0.950719 -0.159711
v -0.276629 0.935500 -0.184838
v -0.350959 0.898197 -0.234503
v -0.386945 0.876269 -0.258549
v -0.422002 0.852233 -0.281973
v -0.488980 0.798061 -0.326726
v -0.520741 0.768056 -0.347948
v -0.551250 0.736204 -0.368333
v -0.608210 0.667256 -0.406393
v -0.634525 0.630328 -0.423976
v -0.659313 0.591882 -0.440539
v -0.704067 0.510809 -0.470443
v -0.723924 0.468376 -0.483711
v -0.742040 0.424816 -0.495815
v -0.772867 0.334732 -0.516413
v -0.785504 0.288424 -0.524857
v -0.796251 0.241423 -0.532038
v -0.811966 0.145791 -0.542539
v -0.816896 0.097389 -0.545833
v -0.819861 0.048753 -0.547814
v -0.819861 -0.048753 -0.547814
v -0.816896 -0.097389 -0.545833
v -0.811966 -0.145791 -0.542539
v -0.796251 -0.241423 -0.532038
v -0.785504 -0.288424 -0.524857
v -0.772867 -0.334732 -0.516413
v -0.742040 -0.424816 -0.495816
v -0.723924 -0.468376 -0.483711
v -0.704067 -0.510809 -0.470443
v -0.659313 -0.591882 -0.440539
v -0.634525 -0.630328 -0.423976
v -0.608210 -0.667256 -0.406393
v -0.551250 -0.736204 -0.368333
v -0.520741 -0.768056 -0.347948
v -0.488980 -0.798061 -0.326726
v -0.422002 -0.852233 -0.281973
v -0.386945 -0.876269 -0.258549
v -0.350959 -0.898198 -0.234503
v -0.276629 -0.935500 -0.184838
v -0.239024 -0.950719 -0.159711
v -0.201960 -0.963516 -0.134946
v -0.704067 -0.552012 -0.422002
v -0.723924 -0.552012 -0.386946
v -0.742040 -0.552012 -0.350959
v -0.824511 -0.380232 -0.389964
v -0.804382 -0.380232 -0.429951
v -0.782317 -0.380232 -0.468903
v -0.598760 0.702578 -0.358883
v -0.615647 0.702578 -0.329070
v -0.631053 0.702578 -0.298466
v -0.495815 0.826144 -0.234503
v -0.483711 0.826144 -0.258549
v -0.470442 0.826144 -0.281973
v -0.598760 -0.702578 -0.358883
v -0.615647 -0.702578 -0.329070
v -0.631053 -0.702578 -0.298466
v -0.704067 0.552012 -0.422002
v -0.723924 0.552012 -0.386946
v -0.742040 0.552012 -0.350959
v -0.470442 -0.826144 -0.281973
v -0.483711 -0.826144 -0.258549
v -0.495815 -0.826144 -0.234503
v -0.782317 0.380232 -0.468903
v -0.804382 0.380232 -0.429951
v -0.824511 0.380232 -0.389964
v -0.324046 -0.917962 -0.194226
v -0.333186 -0.917962 -0.178092
v -0.341524 -0.917962 -0.161529
v -0.830503 0.193841 -0.497785
v -0.853927 0.193841 -0.456434
v -0.875296 0.193841 -0.413984
v -0.172171 -0.973703 -0.103066
v -0.177768 -0.973614 -0.095019
v -0.181349 -0.973703 -0.085894
v -0.846774 0.000000 -0.507537
v -0.870656 0.000000 -0.465376
v -0.892444 0.000000 -0.422095
v -0.172171 0.973703 -0.103066
v -0.177768 0.973614 -0.095019
v -0.181349 0.973703 -0.085894
v -0.830503 -0.193841 -0.497785
v -0.853927 -0.193841 -0.456434
v -0.875296 -0.193841 -0.413984
v -0.324046 0.917962 -0.194226
v -0.333186 0.917962 -0.178092
v -0.341524 0.917962 -0.161529
v -0.171753 0.963516 -0.171753
v -0.203273 0.950719 -0.203273
v -0.235254 0.935500 -0.235254
v -0.298466 0.898197 -0.298466
v -0.329070 0.876269 -0.329070
v -0.358883 0.852233 -0.358883
v -0.415843 0.798061 -0.415843
v -0.442854 0.768056 -0.442854
v -0.468799 0.736204 -0.468799
v -0.517240 0.667256 -0.517240
v -0.539619 0.630328 -0.539619
v -0.560700 0.591882 -0.560700
v -0.598760 0.510809 -0.598760
v -0.615647 0.468376 -0.615647
v -0.631053 0.424816 -0.631053
v -0.657269 0.334732 -0.657269
v -0.668016 0.288424 -0.668016
v -0.677155 0.241423 -0.677156
v -0.690520 0.145791 -0.690520
v -0.694713 0.097389 -0.694714
v -0.697235 0.048753 -0.697235
v -0.697235 -0.048753 -0.697235
v -0.694713 -0.097389 -0.694714
v -0.690520 -0.145791 -0.690520
v -0.677155 -0.241423 -0.677156
v -0.668016 -0.288424 -0.668016
v -0.657269 -0.334732 -0.657269
v -0.631053 -0.424816 -0.631053
v -0.615647 -0.468376 -0.615647
v -0.598760 -0.510809 -0.598760
v -0.560700 -0.591882 -0.560700
v -0.539619 -0.630328 -0.539619
v -0.517240 -0.667256 -0.517240
v -0.468799 -0.736204 -0.468799
v -0.442854 -0.768056 -0.442854
v -0.415843 -0.798061 -0.415843
v -0.358883 -0.852233 -0.358883
v -0.329070 -0.876269 -0.329070
v -0.298466 -0.898198 -0.298466
v -0.235254 -0.935500 -0.235254
v -0.203273 -0.950719 -0.203273
v -0.171753 -0.963516 -0.171753
v -0.148755 -0.973703 -0.134675
v -0.155815 -0.973614 -0.127874
v -0.161108 -0.973703 -0.119623
v -0.303449 -0.917962 -0.225053
v -0.292040 -0.917962 -0.239671
v -0.279928 -0.917962 -0.253712
v -0.731488 0.000000 -0.662982
v -0.763136 0.000000 -0.626290
v -0.792949 0.000000 -0.588091
v -0.777713 0.193841 -0.576791
v -0.748473 0.193841 -0.614256
v -0.717432 0.193841 -0.650243
v -0.148755 0.973703 -0.134675
v -0.155815 0.973614 -0.127874
v -0.161107 0.973703 -0.119623
v -0.717432 -0.193841 -0.650244
v -0.748473 -0.193841 -0.614256
v -0.777713 -0.193841 -0.576791
v -0.279928 0.917962 -0.253712
v -0.292040 0.917962 -0.239671
v -0.303449 0.917962 -0.225053
v -0.675807 -0.380232 -0.612516
v -0.705046 -0.380232 -0.578617
v -0.732590 -0.380232 -0.543325
v -0.406393 0.826144 -0.368333
v -0.423976 0.826144 -0.347948
v -0.440539 0.826144 -0.326726
v -0.608210 -0.552012 -0.551250
v -0.634525 -0.552012 -0.520741
v -0.659313 -0.552012 -0.488980
v -0.517240 0.702578 -0.468799
v -0.539619 0.702578 -0.442854
v -0.560700 0.702578 -0.415843
v -0.517240 -0.702578 -0.468799
v -0.539619 -0.702578 -0.442854
v -0.560700 -0.702578 -0.415843
v -0.608210 0.552012 -0.551250
v -0.634525 0.552012 -0.520741
v -0.659313 0.552012 -0.488980
v -0.406393 -0.826144 -0.368333
v -0.423976 -0.826144 -0.347948
v -0.440539 -0.826144 -0.326726
v -0.675807 0.380232 -0.612516
v -0.705046 0.380232 -0.578617
v -0.732590 0.380232 -0.543325
v -0.134946 0.963516 -0.201960
v -0.159710 0.950719 -0.239024
v -0.184838 0.935500 -0.276629
v -0.234503 0.898197 -0.350959
v -0.258549 0.876269 -0.386946
v -0.281972 0.852233 -0.422002
v -0.326726 0.798061 -0.488980
v -0.347948 0.768056 -0.520741
v -0.368333 0.736204 -0.551250
v -0.406393 0.667256 -0.608210
v -0.423976 0.630328 -0.634525
v -0.440539 0.591882 -0.659314
v -0.470442 0.510809 -0.704067
v -0.483711 0.468376 -0.723924
v -0.495815 0.424816 -0.742040
v -0.516413 0.334732 -0.772867
v -0.524857 0.288424 -0.785504
v -0.532038 0.241423 -0.796251
v -0.542538 0.145791 -0.811966
v -0.545832 0.097389 -0.816896
v -0.547814 0.048753 -0.819862
v -0.547814 -0.048753 -0.819862
v -0.545832 -0.097389 -0.816896
v -0.542538 -0.145791 -0.811966
v -0.532038 -0.241423 -0.796251
v -0.524857 -0.288424 -0.785504
v -0.516413 -0.334732 -0.772867
v -0.495815 -0.424816 -0.742040
v -0.483711 -0.468376 -0.723924
v -0.470442 -0.510809 -0.704067
v -0.440539 -0.591882 -0.659313
v -0.423976 -0.630328 -0.634525
v -0.406393 -0.667256 -0.608210
v -0.368333 -0.736204 -0.551250
v -0.347948 -0.768056 -0.520741
v -0.326726 -0.798061 -0.488980
v -0.281972 -0.852233 -0.422002
v -0.258549 -0.876269 -0.386946
v -0.234503 -0.898198 -0.350959
v -0.184838 -0.935500 -0.276629
v -0.159710 -0.950719 -0.239024
v -0.134946 -0.963516 -0.201960
v -0.415843 0.702578 -0.560700
v -0.442854 0.702578 -0.539619
v -0.468799 0.702578 -0.517240
v -0.368333 0.826144 -0.406393
v -0.347948 0.826144 -0.423976
v -0.326726 0.826144 -0.440539
v -0.415843 -0.702578 -0.560700
v -0.442854 -0.702578 -0.539619
v -0.468799 -0.702578 -0.517240
v -0.551249 -0.552012 -0.608210
v -0.520741 -0.552012 -0.634525
v -0.488980 -0.552012 -0.659313
v -0.488980 0.552012 -0.659313
v -0.520741 0.552012 -0.634525
v -0.551250 0.552012 -0.608210
v -0.326726 -0.826144 -0.440539
v -0.347948 -0.826144 -0.423976
v -0.368333 -0.826144 -0.406393
v -0.543325 0.380232 -0.732590
v -0.578617 0.380232 -0.705047
v -0.612516 0.380232 -0.675807
v -0.225053 -0.917962 -0.303449
v -0.239671 -0.917962 -0.292040
v -0.253712 -0.917962 -0.279928
v -0.576791 0.193841 -0.777713
v -0.614256 0.193841 -0.748473
v -0.650243 0.193841 -0.717433
v -0.119623 -0.973703 -0.161108
v -0.127874 -0.973614 -0.155815
v -0.134674 -0.973703 -0.148755
v -0.588091 0.000000 -0.792950
v -0.626290 0.000000 -0.763137
v -0.662982 0.000000 -0.731488
v -0.119623 0.973703 -0.161108
v -0.127874 0.973614 -0.155815
v -0.134674 0.973703 -0.148755
v -0.576791 -0.193841 -0.777713
v -0.614256 -0.193841 -0.748473
v -0.650243 -0.193841 -0.717433
v -0.225053 0.917962 -0.303449
v -0.239671 0.917962 -0.292040
v -0.253712 0.917962 -0.279928
v -0.543325 -0.380232 -0.732590
v -0.578617 -0.380232 -0.705047
v -0.612516 -0.380232 -0.675807
v -0.092952 0.963516 -0.224406
v -0.110010 0.950719 -0.265589
v -0.127318 0.935500 -0.307374
v -0.161528 0.898197 -0.389964
v -0.178091 0.876269 -0.429951
v -0.194226 0.852233 -0.468903
v -0.225053 0.798061 -0.543325
v -0.239671 0.768056 -0.578617
v -0.253712 0.736204 -0.612516
v -0.279928 0.667256 -0.675807
v -0.292040 0.630328 -0.705046
v -0.303448 0.591882 -0.732590
v -0.324046 0.510809 -0.782317
v -0.333186 0.468376 -0.804382
v -0.341523 0.424816 -0.824511
v -0.355711 0.334732 -0.858764
v -0.361528 0.288424 -0.872805
v -0.366474 0.241423 -0.884746
v -0.373707 0.145791 -0.902208
v -0.375976 0.097389 -0.907687
v -0.377340 0.048753 -0.910981
v -0.377340 -0.048753 -0.910981
v -0.375976 -0.097389 -0.907687
v -0.373707 -0.145791 -0.902208
v -0.366474 -0.241423 -0.884746
v -0.361528 -0.288424 -0.872805
v -0.355711 -0.334732 -0.858764
v -0.341523 -0.424816 -0.824511
v -0.333186 -0.468376 -0.804382
v -0.324046 -0.510809 -0.782317
v -0.303448 -0.591882 -0.732590
v -0.292040 -0.630328 -0.705046
v -0.279928 -0.667256 -0.675807
v -0.253712 -0.736204 -0.612516
v -0.239671 -0.768056 -0.578617
v -0.225053 -0.798061 -0.543325
v -0.194226 -0.852233 -0.468903
v -0.178091 -0.876269 -0.429951
v -0.161528 -0.898198 -0.389964
v -0.127318 -0.935500 -0.307374
v -0.110010 -0.950719 -0.265589
v -0.092952 -0.963516 -0.224406
v -0.422094 0.000000 -0.892444
v -0.465375 0.000000 -0.870656
v -0.507537 0.000000 -0.846774
v -0.497785 0.193841 -0.830504
v -0.456433 0.193841 -0.853927
v -0.413984 0.193841 -0.875296
v -0.085894 0.973703 -0.181349
v -0.095019 0.973614 -0.177768
v -0.103066 0.973703 -0.172171
v -0.103066 -0.973703 -0.172171
v -0.095019 -0.973614 -0.177768
v -0.085894 -0.973703 -0.181349
v -0.413984 -0.193841 -0.875296
v -0.456433 -0.193841 -0.853927
v -0.497785 -0.193841 -0.830504
v -0.161528 0.917962 -0.341524
v -0.178091 0.917962 -0.333186
v -0.194226 0.917962 -0.324046
v -0.389964 -0.380232 -0.824511
v -0.429951 -0.380232 -0.804382
v -0.468903 -0.380232 -0.782317
v -0.234503 0.826144 -0.495815
v -0.258549 0.826144 -0.483711
v -0.281972 0.826144 -0.470442
v -0.350958 -0.552012 -0.742040
v -0.386945 -0.552012 -0.723924
v -0.422002 -0.552012 -0.704067
v -0.298466 0.702578 -0.631053
v -0.329070 0.702578 -0.615647
v -0.358883 0.702578 -0.598760
v -0.298466 -0.702578 -0.631053
v -0.329070 -0.702578 -0.615647
v -0.358883 -0.702578 -0.598760
v -0.350958 0.552012 -0.742040
v -0.386945 0.552012 -0.723924
v -0.422002 0.552012 -0.704067
v -0.234503 -0.826144 -0.495815
v -0.258549 -0.826144 -0.483711
v -0.281972 -0.826144 -0.470442
v -0.389964 0.380232 -0.824511
v -0.429951 0.380232 -0.804382
v -0.468903 0.380232 -0.782317
v -0.161528 -0.917962 -0.341524
v -0.178091 -0.917962 -0.333186
v -0.194226 -0.917962 -0.324046
v -0.047387 0.963516 -0.238229
v -0.056083 0.950719 -0.281948
v -0.064906 0.935500 -0.326307
v -0.082346 0.898197 -0.413984
v -0.090790 0.876269 -0.456433
v -0.099015 0.852233 -0.497785
v -0.114731 0.798061 -0.576791
v -0.122183 0.768056 -0.614256
v -0.129341 0.736204 -0.650243
v -0.142706 0.667256 -0.717433
v -0.148880 0.630328 -0.748473
v -0.154697 0.591882 -0.777713
v -0.165197 0.510809 -0.830504
v -0.169857 0.468376 -0.853927
v -0.174107 0.424816 -0.875296
v -0.181340 0.334732 -0.911659
v -0.184305 0.288424 -0.926565
v -0.186827 0.241423 -0.939242
v -0.190514 0.145791 -0.957779
v -0.191671 0.097389 -0.963595
v -0.192366 0.048753 -0.967093
v -0.192366 -0.048753 -0.967093
v -0.191671 -0.097389 -0.963595
v -0.190514 -0.145791 -0.957779
v -0.186827 -0.241423 -0.939242
v -0.184305 -0.288424 -0.926565
v -0.181340 -0.334732 -0.911659
v -0.174107 -0.424816 -0.875296
v -0.169857 -0.468376 -0.853927
v -0.165197 -0.510809 -0.830504
v -0.154697 -0.591882 -0.777713
v -0.148880 -0.630328 -0.748473
v -0.142706 -0.667256 -0.717433
v -0.129341 -0.736204 -0.650243
v -0.122183 -0.768056 -0.614256
v -0.114731 -0.798061 -0.576791
v -0.099015 -0.852233 -0.497785
v -0.090790 -0.876269 -0.456433
v -0.082346 -0.898198 -0.413984
v -0.064906 -0.935500 -0.326307
v -0.056083 -0.950719 -0.281948
v -0.047387 -0.963516 -0.238229
v -0.169618 -0.702578 -0.677156
v -0.202640 -0.702578 -0.668016
v -0.235175 -0.702578 -0.657269
v -0.276536 -0.552012 -0.772867
v -0.238280 -0.552012 -0.785504
v -0.199450 -0.552012 -0.796251
v -0.199450 0.552012 -0.796251
v -0.238280 0.552012 -0.785504
v -0.276536 0.552012 -0.772867
v -0.235175 0.702578 -0.657269
v -0.202640 0.702578 -0.668016
v -0.169618 0.702578 -0.677156
v -0.133268 -0.826144 -0.532038
v -0.159213 -0.826144 -0.524857
v -0.184776 -0.826144 -0.516413
v -0.221617 0.380232 -0.884746
v -0.264762 0.380232 -0.872805
v -0.307271 0.380232 -0.858764
v -0.091797 -0.917962 -0.366474
v -0.109668 -0.917962 -0.361528
v -0.127276 -0.917962 -0.355712
v -0.235267 0.193841 -0.939242
v -0.281070 0.193841 -0.926565
v -0.326197 0.193841 -0.911659
v -0.048864 -0.973703 -0.194622
v -0.058513 -0.973614 -0.192890
v -0.067497 -0.973703 -0.188970
v -0.239876 0.000000 -0.957642
v -0.286576 0.000000 -0.944717
v -0.332587 0.000000 -0.929519
v -0.048864 0.973703 -0.194622
v -0.058513 0.973614 -0.192890
v -0.067497 0.973703 -0.188970
v -0.235267 -0.193841 -0.939242
v -0.281070 -0.193841 -0.926565
v -0.326197 -0.193841 -0.911659
v -0.091797 0.917962 -0.366474
v -0.109668 0.917962 -0.361528
v -0.127276 0.917962 -0.355712
v -0.221617 -0.380232 -0.884746
v -0.264762 -0.380232 -0.872805
v -0.307271 -0.380232 -0.858764
v -0.133268 0.826144 -0.532038
v -0.159213 0.826144 -0.524857
v -0.184776 0.826144 -0.516413
v 0.000000 0.963516 -0.242896
v 0.000000 0.950719 -0.287471
v 0.000000 0.935500 -0.332699
v 0.000000 -0.736204 -0.662982
v 0.000000 -0.768056 -0.626290
v 0.000000 -0.798061 -0.588091
v 0.000000 -0.852233 -0.507537
v 0.000000 -0.876269 -0.465375
v 0.000000 -0.898198 -0.422094
v 0.000000 -0.935500 -0.332699
v 0.000000 -0.950719 -0.287471
v 0.000000 -0.963516 -0.242896
v -0.009957 0.973703 -0.200415
v -0.019757 0.973614 -0.200599
v -0.029334 0.973703 -0.198507
v -0.029334 -0.973703 -0.198507
v -0.019757 -0.973614 -0.200599
v -0.009957 -0.973703 -0.200415
v -0.018537 0.917962 -0.377341
v -0.037030 0.917962 -0.375976
v -0.055434 0.917962 -0.373707
v -0.044753 -0.380232 -0.910982
v -0.089399 -0.380232 -0.907687
v -0.133830 -0.380232 -0.902208
v -0.034253 0.702578 -0.697235
v -0.068423 0.702578 -0.694714
v -0.102429 0.702578 -0.690520
v -0.034253 -0.702578 -0.697235
v -0.068423 -0.702578 -0.694714
v -0.102429 -0.702578 -0.690520
v -0.026912 -0.826144 -0.547814
v -0.053760 -0.826144 -0.545833
v -0.080478 -0.826144 -0.542538
v -0.044753 0.380232 -0.910982
v -0.089399 0.380232 -0.907687
v -0.133830 0.380232 -0.902208
v -0.018537 -0.917962 -0.377341
v -0.037030 -0.917962 -0.375976
v -0.055434 -0.917962 -0.373707
v 0.000000 0.991953 -0.075443
v 0.000000 0.987361 -0.118139
v 0.000000 0.981568 -0.158486
v 0.000000 0.898197 -0.422094
v 0.000000 0.876269 -0.465376
v 0.000000 0.852233 -0.507537
v 0.000000 0.798061 -0.588091
v 0.000000 0.768056 -0.626290
v 0.000000 0.736204 -0.662983
v 0.000000 0.667256 -0.731488
v 0.000000 0.630328 -0.763137
v 0.000000 0.591882 -0.792950
v 0.000000 0.510809 -0.846774
v 0.000000 0.468376 -0.870657
v 0.000000 0.424816 -0.892444
v 0.000000 0.334732 -0.929519
v 0.000000 0.288424 -0.944717
v 0.000000 0.241423 -0.957643
v 0.000000 -0.241423 -0.957643
v 0.000000 -0.288424 -0.944717
v 0.000000 -0.334732 -0.929519
v 0.000000 -0.424816 -0.892444
v 0.000000 -0.468376 -0.870657
v 0.000000 -0.510809 -0.846774
v 0.000000 -0.591882 -0.792950
v 0.000000 -0.630328 -0.763137
v 0.000000 -0.667256 -0.731488
v 0.000000 -0.981568 -0.158486
v 0.000000 -0.987361 -0.118139
v 0.000000 -0.991953 -0.075443
v 0.014718 0.991953 -0.073993
v 0.023048 0.987361 -0.115869
v 0.030919 0.981568 -0.155441
v 0.030919 -0.981568 -0.155441
v 0.023048 -0.987361 -0.115869
v 0.014718 -0.991953 -0.073993
v 0.029334 0.973703 -0.198507
v 0.019757 0.973614 -0.200599
v 0.009957 0.973703 -0.200415
v 0.009957 -0.973703 -0.200415
v 0.019757 -0.973614 -0.200599
v 0.029334 -0.973703 -0.198507
v 0.055434 0.917962 -0.373707
v 0.037030 0.917962 -0.375976
v 0.018538 0.917962 -0.377341
v 0.133830 -0.380232 -0.902209
v 0.089399 -0.380232 -0.907687
v 0.044754 -0.380232 -0.910982
v 0.102429 0.702578 -0.690521
v 0.068423 0.702578 -0.694714
v 0.034253 0.702578 -0.697235
v 0.102429 -0.702578 -0.690521
v 0.068423 -0.702578 -0.694714
v 0.034253 -0.702578 -0.697235
v 0.080478 -0.826144 -0.542538
v 0.053760 -0.826144 -0.545833
v 0.026912 -0.826144 -0.547814
v 0.133830 0.380232 -0.902209
v 0.089399 0.380232 -0.907687
v 0.044754 0.380232 -0.910982
v 0.055434 -0.917962 -0.373707
v 0.037030 -0.917962 -0.375976
v 0.018538 -0.917962 -0.377341
v 0.028871 0.991953 -0.069700
v 0.045210 0.987361 -0.109146
v 0.060650 0.981568 -0.146422
v 0.060650 -0.981568 -0.146422
v 0.045210 -0.987361 -0.109146
v 0.028871 -0.991953 -0.069700
v 0.041914 0.991953 -0.062728
v 0.065634 0.987361 -0.098229
v 0.088050 0.981568 -0.131777
v 0.088050 -0.981568 -0.131777
v 0.065634 -0.987361 -0.098229
v 0.041914 -0.991953 -0.062728
v 0.053346 0.991953 -0.053346
v 0.083537 0.987361 -0.083537
v 0.112067 0.981568 -0.112067
v 0.112067 -0.981568 -0.112067
v 0.083537 -0.987361 -0.083537
v 0.053346 -0.991953 -0.053346
v 0.062728 0.991953 -0.041914
v 0.098229 0.987361 -0.065634
v 0.131777 0.981568 -0.088050
v 0.131777 -0.981568 -0.088050
v 0.098229 -0.987361 -0.065634
v 0.062728 -0.991953 -0.041914
v 0.146422 -0.981568 -0.060650
v 0.109146 -0.987361 -0.045210
v 0.069700 -0.991953 -0.028871
v 0.073993 0.991953 -0.014718
v 0.115869 0.987361 -0.023048
v 0.155441 0.981568 -0.030919
v 0.155441 -0.981568 -0.030919
v 0.115869 -0.987361 -0.023048
v 0.073993 -0.991953 -0.014718
v 0.075443 0.991953 0.000000
v 0.118139 0.987361 0.000000
v 0.158486 0.981568 0.000000
v 0.158486 -0.981568 0.000000
v 0.118139 -0.987361 0.000000
v 0.075443 -0.991953 0.000000
v 0.073993 0.991953 0.014718
v 0.115869 0.987361 0.023048
v 0.155441 0.981568 0.030919
v 0.155441 -0.981568 0.030919
v 0.115869 -0.987361 0.023048
v 0.073993 -0.991953 0.014718
v 0.069700 0.991953 0.028871
v 0.109146 0.987361 0.045210
v 0.146422 0.981568 0.060650
v 0.146422 -0.981568 0.060650
v 0.109146 -0.987361 0.045210
v 0.069700 -0.991953 0.028871
v 0.062728 0.991953 0.041914
v 0.098229 0.987361 0.065634
v 0.131777 0.981568 0.088050
v 0.131777 -0.981568 0.088050
v 0.098229 -0.987361 0.065634
v 0.062728 -0.991953 0.041914
v 0.053346 0.991953 0.053346
v 0.083537 0.987361 0.083537
v 0.112067 0.981568 0.112067
v 0.112067 -0.981568 0.112067
v 0.083537 -0.987361 0.083537
v 0.053346 -0.991953 0.053346
v 0.041914 0.991953 0.062728
v 0.065634 0.987361 0.098229
v 0.088050 0.981568 0.131777
v 0.088050 -0.981568 0.131777
v 0.065634 -0.987361 0.098229
v 0.041914 -0.991953 0.062728
v 0.028871 0.991953 0.069700
v 0.045210 0.987361 0.109146
v 0.060650 0.981568 0.146422
v 0.060650 -0.981568 0.146422
v 0.045210 -0.987361 0.109146
v 0.028871 -0.991953 0.069700
v 0.014718 0.991953 0.073993
v 0.023048 0.987361 0.115869
v 0.030919 0.981568 0.155441
v 0.030919 -0.981568 0.155441
v 0.023048 -0.987361 0.115869
v 0.014718 -0.991953 0.073993
v -0.000000 0.991953 0.075443
v -0.000000 0.987361 0.118139
v -0.000000 0.981568 0.158486
v -0.000000 -0.981568 0.158486
v -0.000000 -0.987361 0.118139
v -0.000000 -0.991953 0.075443
v -0.014718 0.991953 0.073993
v -0.023048 0.987361 0.115869
v -0.030919 0.981568 0.155441
v -0.030919 -0.981568 0.155441
v -0.023048 -0.987361 0.115869
v -0.014718 -0.991953 0.073993
v -0.028871 0.991953 0.069700
v -0.045210 0.987361 0.109146
v -0.060650 0.981568 0.146422
v -0.060650 -0.981568 0.146422
v -0.045210 -0.987361 0.109146
v -0.028871 -0.991953 0.069700
v -0.041914 0.991953 0.062728
v -0.065634 0.987361 0.098229
v -0.088050 0.981568 0.131777
v -0.088050 -0.981568 0.131777
v -0.065634 -0.987361 0.098229
v -0.041914 -0.991953 0.062728
v -0.053346 0.991953 0.053346
v -0.083537 0.987361 0.083537
v -0.112067 0.981568 0.112067
v -0.062728 0.991953 0.041914
v -0.098229 0.987361 0.065634
v -0.131777 0.981568 0.088050
v -0.131777 -0.981568 0.088050
v -0.098229 -0.987361 0.065634
v -0.062728 -0.991953 0.041914
v -0.069700 0.991953 0.028871
v -0.109146 0.987361 0.045210
v -0.146422 0.981568 0.060650
v -0.146422 -0.981568 0.060650
v -0.109146 -0.987361 0.045210
v -0.069700 -0.991953 0.028871
v -0.073993 0.991953 0.014718
v -0.115869 0.987361 0.023048
v -0.155441 0.981568 0.030919
v -0.155441 -0.981568 0.030919
v -0.115869 -0.987361 0.023048
v -0.073993 -0.991953 0.014718
v -0.075443 0.991953 -0.000000
v -0.118139 0.987361 -0.000000
v -0.158486 0.981568 -0.000000
v -0.158486 -0.981568 -0.000000
v -0.118139 -0.987361 -0.000000
v -0.075443 -0.991953 -0.000000
v -0.073993 0.991953 -0.014718
v -0.115869 0.987361 -0.023048
v -0.155441 0.981568 -0.030919
v -0.155441 -0.981568 -0.030919
v -0.115869 -0.987361 -0.023048
v -0.073993 -0.991953 -0.014718
v -0.069700 0.991953 -0.028871
v -0.109146 0.987361 -0.045210
v -0.146422 0.981568 -0.060650
v -0.146422 -0.981568 -0.060650
v -0.109146 -0.987361 -0.045210
v -0.069700 -0.991953 -0.028871
v -0.062728 0.991953 -0.041914
v -0.098229 0.987361 -0.065634
v -0.131776 0.981568 -0.088050
v -0.131776 -0.981568 -0.088050
v -0.098229 -0.987361 -0.065634
v -0.062728 -0.991953 -0.041914
v -0.053346 0.991953 -0.053346
v -0.083537 0.987361 -0.083537
v -0.112067 0.981568 -0.112067
v -0.112067 -0.981568 -0.112067
v -0.083537 -0.987361 -0.083537
v -0.053346 -0.991953 -0.053346
v -0.041914 0.991953 -0.062728
v -0.065634 0.987361 -0.098229
v -0.088050 0.981568 -0.131776
v -0.088050 -0.981568 -0.131777
v -0.065634 -0.987361 -0.098229
v -0.041914 -0.991953 -0.062728
v -0.028871 0.991953 -0.069700
v -0.045210 0.987361 -0.109146
v -0.060650 0.981568 -0.146422
v -0.060650 -0.981568 -0.146422
v -0.045210 -0.987361 -0.109146
v -0.028871 -0.991953 -0.069700
v -0.014718 0.991953 -0.073993
v -0.023048 0.987361 -0.115869
v -0.030919 0.981568 -0.155441
v -0.030919 -0.981568 -0.155441
v -0.023048 -0.987361 -0.115869
v -0.014718 -0.991953 -0.073993
v -0.047510 -0.193841 -0.967093
v -0.094906 -0.193841 -0.963595
v -0.142073 -0.193841 -0.957779
v -0.144856 0.000000 -0.976543
v -0.096765 0.000000 -0.982473
v -0.048441 0.000000 -0.986040
v -0.026912 0.826144 -0.547814
v -0.053760 0.826144 -0.545833
v -0.080478 0.826144 -0.542538
v -0.040277 -0.552012 -0.819862
v -0.080457 -0.552012 -0.816897
v -0.120444 -0.552012 -0.811966
v -0.040277 0.552012 -0.819862
v -0.080457 0.552012 -0.816897
v -0.120444 0.552012 -0.811966
v -0.047510 0.193841 -0.967093
v -0.094906 0.193841 -0.963595
v -0.142073 0.193841 -0.957779
v 0.048382 0.048753 -0.984850
v 0.048207 0.097389 -0.981288
v 0.047916 0.145791 -0.975365
v 0.096648 0.048753 -0.981288
v 0.096299 0.097389 -0.977739
v 0.095718 0.145791 -0.971838
v 0.144682 0.048753 -0.975365
v 0.144159 0.097389 -0.971838
v 0.143289 0.145791 -0.965972
v 0.013329 0.985270 -0.135336
v 0.008217 0.981342 -0.160481
v 0.007529 0.986701 -0.124216
v 0.009104 0.990311 -0.092429
v 0.016849 0.986701 -0.123298
v 0.023249 0.981342 -0.159001
v 0.016002 0.981055 -0.162470
v 0.013329 -0.985270 -0.135336
v 0.009104 -0.990311 -0.092429
v 0.007529 -0.986701 -0.124216
v 0.008217 -0.981342 -0.160481
v 0.016002 -0.981055 -0.162470
v 0.023249 -0.981342 -0.159001
v 0.016849 -0.986701 -0.123298
v 0.047916 -0.145791 -0.975365
v 0.048207 -0.097389 -0.981288
v 0.048382 -0.048753 -0.984850
v 0.095718 -0.145791 -0.971838
v 0.096299 -0.097389 -0.977739
v 0.096648 -0.048753 -0.981288
v 0.143289 -0.145791 -0.965972
v 0.144159 -0.097389 -0.971838
v 0.144682 -0.048753 -0.975365
v 0.016327 0.935499 -0.332312
v 0.014125 0.950707 -0.287237
v 0.011984 0.963479 -0.242983
v 0.032613 0.935498 -0.331124
v 0.028199 0.950696 -0.286312
v 0.023883 0.963441 -0.242487
v 0.048818 0.935499 -0.329112
v 0.042184 0.950707 -0.284474
v 0.035650 0.963478 -0.240652
v 0.045609 -0.334732 -0.928398
v 0.046355 -0.288424 -0.943578
v 0.046989 -0.241423 -0.956487
v 0.091109 -0.334732 -0.925040
v 0.092598 -0.288424 -0.940165
v 0.093865 -0.241423 -0.953028
v 0.136389 -0.334732 -0.919457
v 0.138619 -0.288424 -0.934490
v 0.140515 -0.241423 -0.947276
v 0.024904 0.852233 -0.506925
v 0.022835 0.876269 -0.464814
v 0.020711 0.898197 -0.421585
v 0.049747 0.852233 -0.505091
v 0.045615 0.876269 -0.463133
v 0.041372 0.898198 -0.420060
v 0.074471 0.852233 -0.502043
v 0.068285 0.876269 -0.460338
v 0.061934 0.898197 -0.417525
v 0.041549 -0.510809 -0.845753
v 0.042721 -0.468376 -0.869606
v 0.043790 -0.424816 -0.891367
v 0.082998 -0.510809 -0.842694
v 0.085339 -0.468376 -0.866461
v 0.087475 -0.424816 -0.888144
v 0.124248 -0.510809 -0.837608
v 0.127752 -0.468376 -0.861231
v 0.130949 -0.424816 -0.882783
v 0.032531 0.736204 -0.662183
v 0.030730 0.768056 -0.625535
v 0.028856 0.798062 -0.587382
v 0.064983 0.736204 -0.659788
v 0.061387 0.768056 -0.623272
v 0.057643 0.798062 -0.585257
v 0.097280 0.736204 -0.655805
v 0.091896 0.768057 -0.619510
v 0.086291 0.798061 -0.581725
v 0.035892 -0.667256 -0.730605
v 0.037445 -0.630328 -0.762216
v 0.038908 -0.591883 -0.791993
v 0.071698 -0.667256 -0.727963
v 0.074800 -0.630328 -0.759459
v 0.077722 -0.591883 -0.789129
v 0.107332 -0.667256 -0.723569
v 0.111975 -0.630328 -0.754876
v 0.116350 -0.591882 -0.784366
v 0.038908 0.591883 -0.791993
v 0.037445 0.630328 -0.762216
v 0.035892 0.667256 -0.730606
v 0.077722 0.591883 -0.789128
v 0.074800 0.630328 -0.759459
v 0.071698 0.667256 -0.727963
v 0.116350 0.591882 -0.784366
v 0.111975 0.630328 -0.754876
v 0.107332 0.667256 -0.723569
v 0.028856 -0.798062 -0.587381
v 0.030731 -0.768057 -0.625534
v 0.032531 -0.736204 -0.662182
v 0.057643 -0.798062 -0.585257
v 0.061387 -0.768056 -0.623272
v 0.064983 -0.736204 -0.659788
v 0.086291 -0.798062 -0.581725
v 0.091896 -0.768056 -0.619510
v 0.097280 -0.736204 -0.655805
v 0.043790 0.424816 -0.891367
v 0.042721 0.468376 -0.869606
v 0.041549 0.510809 -0.845752
v 0.087475 0.424816 -0.888144
v 0.085339 0.468376 -0.866461
v 0.082998 0.510809 -0.842694
v 0.130949 0.424816 -0.882783
v 0.127752 0.468376 -0.861231
v 0.124248 0.510809 -0.837608
v 0.020711 -0.898197 -0.421585
v 0.022835 -0.876269 -0.464814
v 0.024904 -0.852233 -0.506925
v 0.041372 -0.898197 -0.420060
v 0.045615 -0.876269 -0.463133
v 0.049747 -0.852233 -0.505091
v 0.061934 -0.898197 -0.417525
v 0.068285 -0.876269 -0.460338
v 0.074471 -0.852233 -0.502043
v 0.046989 0.241423 -0.956487
v 0.046355 0.288424 -0.943577
v 0.045609 0.334732 -0.928398
v 0.093865 0.241423 -0.953028
v 0.092598 0.288424 -0.940165
v 0.091109 0.334732 -0.925040
v 0.140515 0.241423 -0.947276
v 0.138619 0.288424 -0.934490
v 0.136389 0.334732 -0.919457
v 0.011984 -0.963479 -0.242983
v 0.014125 -0.950707 -0.287237
v 0.016327 -0.935499 -0.332312
v 0.023883 -0.963441 -0.242487
v 0.028199 -0.950696 -0.286312
v 0.032613 -0.935498 -0.331124
v 0.035650 -0.963479 -0.240652
v 0.042184 -0.950707 -0.284474
v 0.048818 -0.935499 -0.329112
v 0.232688 0.241423 -0.928942
v 0.229547 0.288424 -0.916404
v 0.225854 0.334732 -0.901661
v 0.277988 0.241423 -0.916404
v 0.274236 0.288424 -0.904035
v 0.269824 0.334732 -0.889491
v 0.322620 0.241423 -0.901661
v 0.318265 0.288424 -0.889491
v 0.313145 0.334732 -0.875182
v 0.059157 -0.963479 -0.235976
v 0.069891 -0.950707 -0.278962
v 0.080844 -0.935499 -0.322742
v 0.070731 -0.963441 -0.233169
v 0.083514 -0.950696 -0.275309
v 0.096585 -0.935498 -0.318400
v 0.081914 -0.963479 -0.229073
v 0.096871 -0.950707 -0.270778
v 0.112086 -0.935499 -0.313264
v 0.239587 0.048753 -0.956487
v 0.238721 0.097389 -0.953028
v 0.237280 0.145791 -0.947276
v 0.286231 0.048753 -0.943578
v 0.285196 0.097389 -0.940165
v 0.283475 0.145791 -0.934490
v 0.332186 0.048753 -0.928398
v 0.330985 0.097389 -0.925040
v 0.328987 0.145791 -0.919457
v 0.039476 0.985270 -0.130136
v 0.039368 0.981342 -0.155795
v 0.031617 0.986701 -0.120361
v 0.026961 0.990311 -0.088877
v 0.040580 0.986701 -0.117642
v 0.053822 0.981342 -0.151410
v 0.047391 0.981055 -0.156227
v 0.039476 -0.985270 -0.130136
v 0.026961 -0.990311 -0.088877
v 0.031617 -0.986701 -0.120361
v 0.039368 -0.981342 -0.155795
v 0.047391 -0.981055 -0.156227
v 0.053822 -0.981342 -0.151410
v 0.040580 -0.986701 -0.117642
v 0.237280 -0.145791 -0.947276
v 0.238721 -0.097389 -0.953028
v 0.239587 -0.048753 -0.956487
v 0.283475 -0.145791 -0.934490
v 0.285196 -0.097389 -0.940165
v 0.286231 -0.048753 -0.943578
v 0.328987 -0.145791 -0.919457
v 0.330985 -0.097389 -0.925040
v 0.332186 -0.048753 -0.928398
v 0.080844 0.935499 -0.322742
v 0.069891 0.950707 -0.278962
v 0.059157 0.963479 -0.235976
v 0.096585 0.935498 -0.318400
v 0.083514 0.950696 -0.275309
v 0.070731 0.963441 -0.233169
v 0.112086 0.935499 -0.313265
v 0.096871 0.950707 -0.270778
v 0.081914 0.963478 -0.229073
v 0.225854 -0.334732 -0.901661
v 0.229547 -0.288424 -0.916404
v 0.232688 -0.241423 -0.928942
v 0.269824 -0.334732 -0.889491
v 0.274236 -0.288424 -0.904035
v 0.277988 -0.241423 -0.916404
v 0.313145 -0.334732 -0.875182
v 0.318265 -0.288424 -0.889491
v 0.322620 -0.241423 -0.901661
v 0.123321 0.852233 -0.492326
v 0.113077 0.876269 -0.451428
v 0.102560 0.898197 -0.409444
v 0.147330 0.852233 -0.485681
v 0.135091 0.876269 -0.445335
v 0.122527 0.898198 -0.403918
v 0.170984 0.852233 -0.477868
v 0.156780 0.876269 -0.438171
v 0.142199 0.898197 -0.397420
v 0.205749 -0.510809 -0.821396
v 0.211552 -0.468376 -0.844562
v 0.216846 -0.424816 -0.865697
v 0.245805 -0.510809 -0.810310
v 0.252737 -0.468376 -0.833163
v 0.259062 -0.424816 -0.854013
v 0.285269 -0.510809 -0.797274
v 0.293315 -0.468376 -0.819760
v 0.300655 -0.424816 -0.840274
v 0.161091 0.736204 -0.643113
v 0.152176 0.768056 -0.607520
v 0.142894 0.798062 -0.570466
v 0.192453 0.736204 -0.634432
v 0.181802 0.768056 -0.599320
v 0.170713 0.798062 -0.562766
v 0.223352 0.736204 -0.624226
v 0.210991 0.768057 -0.589679
v 0.198122 0.798061 -0.553713
v 0.177737 -0.667256 -0.709565
v 0.185427 -0.630328 -0.740265
v 0.192671 -0.591883 -0.769185
v 0.212339 -0.667256 -0.699988
v 0.221526 -0.630328 -0.730274
v 0.230180 -0.591883 -0.758803
v 0.246431 -0.667256 -0.688727
v 0.257093 -0.630328 -0.718526
v 0.267136 -0.591882 -0.746596
v 0.192671 0.591883 -0.769185
v 0.185427 0.630328 -0.740265
v 0.177737 0.667256 -0.709565
v 0.230180 0.591883 -0.758803
v 0.221526 0.630328 -0.730274
v 0.212339 0.667256 -0.699988
v 0.267136 0.591882 -0.746596
v 0.257093 0.630328 -0.718526
v 0.246431 0.667256 -0.688727
v 0.142894 -0.798062 -0.570466
v 0.152176 -0.768057 -0.607520
v 0.161091 -0.736204 -0.643113
v 0.170713 -0.798062 -0.562766
v 0.181802 -0.768056 -0.599320
v 0.192453 -0.736204 -0.634432
v 0.198122 -0.798062 -0.553713
v 0.210991 -0.768056 -0.589679
v 0.223352 -0.736204 -0.624226
v 0.216846 0.424816 -0.865697
v 0.211552 0.468376 -0.844562
v 0.205749 0.510809 -0.821396
v 0.259062 0.424816 -0.854013
v 0.252737 0.468376 -0.833163
v 0.245805 0.510809 -0.810309
v 0.300655 0.424816 -0.840274
v 0.293315 0.468376 -0.819760
v 0.285269 0.510809 -0.797274
v 0.102560 -0.898197 -0.409444
v 0.113077 -0.876269 -0.451428
v 0.123321 -0.852233 -0.492326
v 0.122527 -0.898197 -0.403918
v 0.135091 -0.876269 -0.445335
v 0.147330 -0.852233 -0.485681
v 0.142199 -0.898197 -0.397420
v 0.156780 -0.876269 -0.438171
v 0.170984 -0.852233 -0.477868
v 0.362042 -0.510809 -0.765473
v 0.372253 -0.468376 -0.787063
v 0.381568 -0.424816 -0.806759
v 0.399165 -0.510809 -0.746785
v 0.410423 -0.468376 -0.767848
v 0.420694 -0.424816 -0.787063
v 0.435328 -0.510809 -0.726301
v 0.447606 -0.468376 -0.746785
v 0.458807 -0.424816 -0.765473
v 0.283461 0.736204 -0.599328
v 0.267773 0.768056 -0.566159
v 0.251441 0.798062 -0.531627
v 0.312527 0.736204 -0.584696
v 0.295230 0.768056 -0.552337
v 0.277223 0.798062 -0.518648
v 0.340841 0.736204 -0.568658
v 0.321977 0.768057 -0.537186
v 0.302339 0.798061 -0.504422
v 0.312751 -0.667256 -0.661256
v 0.326282 -0.630328 -0.689866
v 0.339029 -0.591883 -0.716817
v 0.344820 -0.667256 -0.645113
v 0.359739 -0.630328 -0.673024
v 0.373793 -0.591883 -0.699317
v 0.376060 -0.667256 -0.627417
v 0.392330 -0.630328 -0.654563
v 0.407657 -0.591882 -0.680134
v 0.339029 0.591883 -0.716817
v 0.326282 0.630328 -0.689866
v 0.312751 0.667256 -0.661256
v 0.373793 0.591883 -0.699317
v 0.359739 0.630328 -0.673024
v 0.344820 0.667256 -0.645113
v 0.407657 0.591882 -0.680134
v 0.392330 0.630328 -0.654563
v 0.376060 0.667256 -0.627417
v 0.251441 -0.798062 -0.531627
v 0.267773 -0.768057 -0.566159
v 0.283461 -0.736204 -0.599328
v 0.277223 -0.798062 -0.518648
v 0.295230 -0.768056 -0.552337
v 0.312527 -0.736204 -0.584696
v 0.302339 -0.798062 -0.504422
v 0.321977 -0.768056 -0.537186
v 0.340841 -0.736204 -0.568658
v 0.381568 0.424816 -0.806759
v 0.372253 0.468376 -0.787063
v 0.362042 0.510809 -0.765473
v 0.420694 0.424816 -0.787063
v 0.410423 0.468376 -0.767848
v 0.399165 0.510809 -0.746785
v 0.458807 0.424816 -0.765473
v 0.447606 0.468376 -0.746786
v 0.435328 0.510809 -0.726301
v 0.180468 -0.898197 -0.381568
v 0.198973 -0.876269 -0.420694
v 0.217000 -0.852233 -0.458807
v 0.198973 -0.898197 -0.372253
v 0.219376 -0.876269 -0.410423
v 0.239251 -0.852233 -0.447606
v 0.217000 -0.898197 -0.362042
v 0.239251 -0.876269 -0.399165
v 0.260926 -0.852233 -0.435328
v 0.409444 0.241423 -0.865697
v 0.403918 0.288424 -0.854013
v 0.397420 0.334732 -0.840274
v 0.451428 0.241423 -0.844562
v 0.445335 0.288424 -0.833163
v 0.438171 0.334732 -0.819760
v 0.492326 0.241423 -0.821396
v 0.485681 0.288424 -0.810309
v 0.477868 0.334732 -0.797274
v 0.104057 -0.963479 -0.219901
v 0.122971 -0.950707 -0.259967
v 0.142255 -0.935499 -0.300768
v 0.114861 -0.963441 -0.214890
v 0.135620 -0.950696 -0.253726
v 0.156846 -0.935498 -0.293439
v 0.125030 -0.963479 -0.208691
v 0.147836 -0.950707 -0.246676
v 0.171047 -0.935499 -0.285378
v 0.421585 0.048753 -0.891368
v 0.420061 0.097389 -0.888144
v 0.417525 0.145791 -0.882783
v 0.464814 0.048753 -0.869606
v 0.463133 0.097389 -0.866461
v 0.460338 0.145791 -0.861231
v 0.506925 0.048753 -0.845753
v 0.505091 0.097389 -0.842694
v 0.502043 0.145791 -0.837608
v 0.064106 0.985270 -0.119934
v 0.069005 0.981342 -0.145121
v 0.054491 0.986701 -0.111880
v 0.043782 0.990311 -0.081910
v 0.062751 0.986702 -0.107465
v 0.082326 0.981342 -0.138001
v 0.076958 0.981055 -0.143979
v 0.064106 -0.985270 -0.119934
v 0.043782 -0.990311 -0.081910
v 0.054491 -0.986701 -0.111880
v 0.069005 -0.981342 -0.145121
v 0.076958 -0.981055 -0.143979
v 0.082326 -0.981342 -0.138001
v 0.062751 -0.986701 -0.107465
v 0.417525 -0.145791 -0.882783
v 0.420061 -0.097389 -0.888144
v 0.421585 -0.048753 -0.891368
v 0.460338 -0.145791 -0.861231
v 0.463133 -0.097389 -0.866461
v 0.464814 -0.048753 -0.869606
v 0.502043 -0.145791 -0.837608
v 0.505091 -0.097389 -0.842694
v 0.506925 -0.048753 -0.845753
v 0.142255 0.935499 -0.300768
v 0.122971 0.950707 -0.259967
v 0.104057 0.963479 -0.219901
v 0.156846 0.935498 -0.293439
v 0.135620 0.950696 -0.253726
v 0.114861 0.963441 -0.214890
v 0.171047 0.935499 -0.285378
v 0.147836 0.950707 -0.246676
v 0.125030 0.963478 -0.208691
v 0.397420 -0.334732 -0.840274
v 0.403918 -0.288424 -0.854013
v 0.409444 -0.241423 -0.865697
v 0.438171 -0.334732 -0.819760
v 0.445335 -0.288424 -0.833163
v 0.451428 -0.241423 -0.844562
v 0.477868 -0.334732 -0.797274
v 0.485681 -0.288424 -0.810309
v 0.492326 -0.241423 -0.821396
v 0.217000 0.852233 -0.458807
v 0.198973 0.876269 -0.420694
v 0.180468 0.898197 -0.381568
v 0.239251 0.852233 -0.447606
v 0.219376 0.876269 -0.410423
v 0.198973 0.898198 -0.372253
v 0.260926 0.852233 -0.435328
v 0.239251 0.876269 -0.399165
v 0.217000 0.898197 -0.362042
v 0.144958 -0.963479 -0.195375
v 0.171325 -0.950707 -0.230982
v 0.198198 -0.935499 -0.267237
v 0.154577 -0.963441 -0.188352
v 0.182513 -0.950696 -0.222393
v 0.211080 -0.935498 -0.257201
v 0.163341 -0.963479 -0.180289
v 0.193120 -0.950707 -0.213095
v 0.223435 -0.935499 -0.246525
v 0.587382 0.048753 -0.791993
v 0.585257 0.097389 -0.789128
v 0.581725 0.145791 -0.784366
v 0.625535 0.048753 -0.762216
v 0.623272 0.097389 -0.759459
v 0.619510 0.145791 -0.754875
v 0.662183 0.048753 -0.730605
v 0.659788 0.097389 -0.727963
v 0.655805 0.145791 -0.723569
v 0.086272 0.985270 -0.105123
v 0.095991 0.981342 -0.128870
v 0.075271 0.986702 -0.099099
v 0.058920 0.990311 -0.071795
v 0.082511 0.986702 -0.093158
v 0.107667 0.981342 -0.119288
v 0.103569 0.981055 -0.126199
v 0.086272 -0.985270 -0.105123
v 0.058920 -0.990311 -0.071795
v 0.075271 -0.986701 -0.099099
v 0.095991 -0.981342 -0.128870
v 0.103569 -0.981055 -0.126199
v 0.107667 -0.981342 -0.119288
v 0.082511 -0.986701 -0.093158
v 0.581725 -0.145791 -0.784366
v 0.585257 -0.097389 -0.789128
v 0.587382 -0.048753 -0.791993
v 0.619510 -0.145791 -0.754876
v 0.623272 -0.097389 -0.759459
v 0.625535 -0.048753 -0.762216
v 0.655805 -0.145791 -0.723569
v 0.659788 -0.097389 -0.727963
v 0.662183 -0.048753 -0.730606
v 0.198198 0.935499 -0.267237
v 0.171325 0.950707 -0.230982
v 0.144958 0.963479 -0.195375
v 0.211080 0.935498 -0.257201
v 0.182513 0.950696 -0.222393
v 0.154577 0.963441 -0.188352
v 0.223435 0.935499 -0.246525
v 0.193120 0.950707 -0.213095
v 0.163341 0.963478 -0.180289
v 0.553713 -0.334732 -0.746596
v 0.562766 -0.288424 -0.758803
v 0.570466 -0.241423 -0.769185
v 0.589679 -0.334732 -0.718526
v 0.599320 -0.288424 -0.730274
v 0.607520 -0.241423 -0.740265
v 0.624226 -0.334732 -0.688727
v 0.634432 -0.288424 -0.699988
v 0.643113 -0.241423 -0.709565
v 0.302339 0.852233 -0.407657
v 0.277223 0.876269 -0.373793
v 0.251441 0.898197 -0.339029
v 0.321977 0.852233 -0.392330
v 0.295230 0.876269 -0.359739
v 0.267773 0.898198 -0.326282
v 0.340841 0.852233 -0.376059
v 0.312527 0.876269 -0.344820
v 0.283461 0.898197 -0.312751
v 0.504422 -0.510809 -0.680134
v 0.518648 -0.468376 -0.699317
v 0.531627 -0.424816 -0.716817
v 0.537186 -0.510809 -0.654563
v 0.552337 -0.468376 -0.673024
v 0.566159 -0.424816 -0.689866
v 0.568658 -0.510809 -0.627417
v 0.584696 -0.468376 -0.645112
v 0.599328 -0.424816 -0.661256
v 0.394937 0.736204 -0.532512
v 0.373080 0.768056 -0.503040
v 0.350325 0.798062 -0.472359
v 0.420590 0.736204 -0.512491
v 0.397313 0.768056 -0.484127
v 0.373080 0.798062 -0.454599
v 0.445231 0.736204 -0.491237
v 0.420590 0.768057 -0.464049
v 0.394937 0.798061 -0.435746
v 0.435746 -0.667256 -0.587536
v 0.454599 -0.630328 -0.612956
v 0.472359 -0.591883 -0.636902
v 0.464049 -0.667256 -0.565446
v 0.484127 -0.630328 -0.589911
v 0.503040 -0.591883 -0.612956
v 0.491237 -0.667256 -0.541996
v 0.512491 -0.630328 -0.565446
v 0.532512 -0.591882 -0.587536
v 0.472359 0.591883 -0.636902
v 0.454599 0.630328 -0.612956
v 0.435746 0.667256 -0.587536
v 0.503040 0.591883 -0.612956
v 0.484127 0.630328 -0.589911
v 0.464049 0.667256 -0.565446
v 0.532512 0.591882 -0.587536
v 0.512491 0.630328 -0.565446
v 0.491237 0.667256 -0.541996
v 0.350325 -0.798062 -0.472359
v 0.373080 -0.768057 -0.503040
v 0.394937 -0.736204 -0.532512
v 0.373080 -0.798062 -0.454599
v 0.397313 -0.768056 -0.484127
v 0.420590 -0.736204 -0.512491
v 0.394937 -0.798062 -0.435746
v 0.420590 -0.768056 -0.464049
v 0.445231 -0.736204 -0.491237
v 0.531627 0.424816 -0.716817
v 0.518648 0.468376 -0.699317
v 0.504422 0.510809 -0.680134
v 0.566159 0.424816 -0.689866
v 0.552337 0.468376 -0.673024
v 0.537186 0.510809 -0.654563
v 0.599328 0.424816 -0.661256
v 0.584696 0.468376 -0.645113
v 0.568658 0.510809 -0.627417
v 0.251441 -0.898197 -0.339029
v 0.277223 -0.876269 -0.373793
v 0.302339 -0.852233 -0.407657
v 0.267773 -0.898197 -0.326282
v 0.295230 -0.876269 -0.359739
v 0.321977 -0.852233 -0.392330
v 0.283461 -0.898197 -0.312751
v 0.312527 -0.876269 -0.344820
v 0.340841 -0.852233 -0.376059
v 0.570466 0.241423 -0.769185
v 0.562766 0.288424 -0.758803
v 0.553713 0.334732 -0.746596
v 0.607520 0.241423 -0.740265
v 0.599320 0.288424 -0.730274
v 0.589679 0.334732 -0.718526
v 0.643113 0.241423 -0.709565
v 0.634432 0.288424 -0.699988
v 0.624226 0.334732 -0.688727
v 0.491237 0.736204 -0.445231
v 0.464049 0.768056 -0.420590
v 0.435746 0.798062 -0.394937
v 0.512491 0.736204 -0.420590
v 0.484127 0.768056 -0.397313
v 0.454599 0.798062 -0.373080
v 0.532512 0.736204 -0.394937
v 0.503040 0.768057 -0.373080
v 0.472359 0.798061 -0.350325
v 0.541996 -0.667256 -0.491237
v 0.565446 -0.630328 -0.512491
v 0.587536 -0.591883 -0.532512
v 0.565446 -0.667256 -0.464049
v 0.589911 -0.630328 -0.484127
v 0.612956 -0.591883 -0.503040
v 0.587536 -0.667256 -0.435746
v 0.612956 -0.630328 -0.454599
v 0.636902 -0.591882 -0.472358
v 0.587536 0.591883 -0.532512
v 0.565446 0.630328 -0.512491
v 0.541996 0.667256 -0.491237
v 0.612956 0.591883 -0.503040
v 0.589911 0.630328 -0.484127
v 0.565446 0.667256 -0.464049
v 0.636902 0.591882 -0.472358
v 0.612956 0.630328 -0.454599
v 0.587536 0.667256 -0.435746
v 0.435746 -0.798062 -0.394937
v 0.464049 -0.768057 -0.420590
v 0.491237 -0.736204 -0.445231
v 0.454599 -0.798062 -0.373080
v 0.484127 -0.768056 -0.397313
v 0.512491 -0.736204 -0.420590
v 0.472359 -0.798062 -0.350325
v 0.503040 -0.768056 -0.373080
v 0.532512 -0.736204 -0.394937
v 0.661256 0.424816 -0.599328
v 0.645113 0.468376 -0.584696
v 0.627417 0.510809 -0.568658
v 0.689866 0.424816 -0.566159
v 0.673024 0.468376 -0.552337
v 0.654563 0.510809 -0.537186
v 0.716817 0.424816 -0.531627
v 0.699317 0.468376 -0.518648
v 0.680134 0.510809 -0.504422
v 0.312751 -0.898197 -0.283461
v 0.344820 -0.876269 -0.312527
v 0.376060 -0.852233 -0.340841
v 0.326282 -0.898197 -0.267773
v 0.359739 -0.876269 -0.295230
v 0.392330 -0.852233 -0.321977
v 0.339029 -0.898197 -0.251441
v 0.373793 -0.876269 -0.277223
v 0.407657 -0.852233 -0.302339
v 0.709565 0.241423 -0.643112
v 0.699988 0.288424 -0.634432
v 0.688727 0.334732 -0.624226
v 0.740265 0.241423 -0.607520
v 0.730274 0.288424 -0.599320
v 0.718526 0.334732 -0.589679
v 0.769185 0.241423 -0.570466
v 0.758803 0.288424 -0.562766
v 0.746596 0.334732 -0.553713
v 0.180289 -0.963479 -0.163341
v 0.213095 -0.950707 -0.193120
v 0.246525 -0.935499 -0.223435
v 0.188352 -0.963441 -0.154577
v 0.222393 -0.950696 -0.182513
v 0.257201 -0.935498 -0.211079
v 0.195375 -0.963479 -0.144958
v 0.230982 -0.950707 -0.171325
v 0.267237 -0.935499 -0.198198
v 0.730606 0.048753 -0.662182
v 0.727963 0.097389 -0.659788
v 0.723569 0.145791 -0.655805
v 0.762216 0.048753 -0.625535
v 0.759459 0.097389 -0.623272
v 0.754876 0.145791 -0.619510
v 0.791993 0.048753 -0.587382
v 0.789129 0.097389 -0.585257
v 0.784366 0.145791 -0.581725
v 0.105123 0.985270 -0.086272
v 0.119288 0.981342 -0.107667
v 0.093158 0.986702 -0.082511
v 0.071795 0.990311 -0.058920
v 0.099099 0.986702 -0.075271
v 0.128870 0.981342 -0.095991
v 0.126199 0.981055 -0.103569
v 0.105123 -0.985270 -0.086272
v 0.071795 -0.990311 -0.058920
v 0.093158 -0.986701 -0.082511
v 0.119288 -0.981342 -0.107667
v 0.126199 -0.981055 -0.103569
v 0.128870 -0.981342 -0.095991
v 0.099099 -0.986701 -0.075271
v 0.723569 -0.145791 -0.655805
v 0.727963 -0.097389 -0.659788
v 0.730606 -0.048753 -0.662183
v 0.754876 -0.145791 -0.619510
v 0.759459 -0.097389 -0.623272
v 0.762216 -0.048753 -0.625535
v 0.784366 -0.145791 -0.581725
v 0.789129 -0.097389 -0.585257
v 0.791993 -0.048753 -0.587382
v 0.246525 0.935499 -0.223435
v 0.213095 0.950707 -0.193120
v 0.180289 0.963479 -0.163341
v 0.257201 0.935498 -0.211079
v 0.222393 0.950696 -0.182513
v 0.188352 0.963441 -0.154577
v 0.267237 0.935499 -0.198198
v 0.230982 0.950707 -0.171325
v 0.195375 0.963478 -0.144958
v 0.688727 -0.334732 -0.624226
v 0.699988 -0.288424 -0.634432
v 0.709565 -0.241423 -0.643112
v 0.718526 -0.334732 -0.589679
v 0.730274 -0.288424 -0.599320
v 0.740265 -0.241423 -0.607520
v 0.746596 -0.334732 -0.553713
v 0.758803 -0.288424 -0.562766
v 0.769185 -0.241423 -0.570466
v 0.376060 0.852233 -0.340841
v 0.344820 0.876269 -0.312527
v 0.312751 0.898197 -0.283461
v 0.392330 0.852233 -0.321977
v 0.359739 0.876269 -0.295230
v 0.326282 0.898198 -0.267773
v 0.407657 0.852233 -0.302339
v 0.373793 0.876269 -0.277223
v 0.339029 0.898197 -0.251441
v 0.627417 -0.510809 -0.568658
v 0.645113 -0.468376 -0.584696
v 0.661256 -0.424816 -0.599328
v 0.654563 -0.510809 -0.537186
v 0.673024 -0.468376 -0.552337
v 0.689866 -0.424816 -0.566159
v 0.680134 -0.510809 -0.504422
v 0.699317 -0.468376 -0.518648
v 0.716817 -0.424816 -0.531627
v 0.845753 0.048753 -0.506925
v 0.842694 0.097389 -0.505091
v 0.837608 0.145791 -0.502043
v 0.869606 0.048753 -0.464814
v 0.866461 0.097389 -0.463133
v 0.861231 0.145791 -0.460338
v 0.891368 0.048753 -0.421585
v 0.888144 0.097389 -0.420060
v 0.882783 0.145791 -0.417525
v 0.119934 0.985270 -0.064106
v 0.138001 0.981342 -0.082326
v 0.107465 0.986702 -0.062751
v 0.081910 0.990311 -0.043782
v 0.111880 0.986702 -0.054491
v 0.145121 0.981342 -0.069005
v 0.143979 0.981055 -0.076958
v 0.119934 -0.985270 -0.064106
v 0.081910 -0.990311 -0.043782
v 0.107465 -0.986701 -0.062751
v 0.138001 -0.981342 -0.082326
v 0.143979 -0.981055 -0.076958
v 0.145121 -0.981342 -0.069005
v 0.111880 -0.986701 -0.054491
v 0.837608 -0.145791 -0.502043
v 0.842694 -0.097389 -0.505091
v 0.845753 -0.048753 -0.506925
v 0.861231 -0.145791 -0.460338
v 0.866461 -0.097389 -0.463133
v 0.869606 -0.048753 -0.464814
v 0.882783 -0.145791 -0.417525
v 0.888144 -0.097389 -0.420060
v 0.891368 -0.048753 -0.421585
v 0.285378 0.935499 -0.171047
v 0.246676 0.950707 -0.147836
v 0.208691 0.963479 -0.125030
v 0.293439 0.935498 -0.156846
v 0.253726 0.950696 -0.135620
v 0.214890 0.963441 -0.114861
v 0.300768 0.935499 -0.142255
v 0.259967 0.950707 -0.122971
v 0.219901 0.963478 -0.104057
v 0.797274 -0.334732 -0.477868
v 0.810309 -0.288424 -0.485681
v 0.821396 -0.241423 -0.492326
v 0.819760 -0.334732 -0.438171
v 0.833163 -0.288424 -0.445335
v 0.844563 -0.241423 -0.451428
v 0.840274 -0.334732 -0.397420
v 0.854013 -0.288424 -0.403918
v 0.865697 -0.241423 -0.409444
v 0.435328 0.852233 -0.260926
v 0.399165 0.876269 -0.239250
v 0.362042 0.898197 -0.217000
v 0.447606 0.852233 -0.239250
v 0.410423 0.876269 -0.219376
v 0.372253 0.898198 -0.198973
v 0.458807 0.852233 -0.217000
v 0.420694 0.876269 -0.198973
v 0.381568 0.898197 -0.180468
v 0.726301 -0.510809 -0.435328
v 0.746785 -0.468376 -0.447606
v 0.765473 -0.424816 -0.458807
v 0.746786 -0.510809 -0.399165
v 0.767848 -0.468376 -0.410423
v 0.787063 -0.424816 -0.420694
v 0.765473 -0.510809 -0.362042
v 0.787063 -0.468376 -0.372253
v 0.806759 -0.424816 -0.381568
v 0.568658 0.736204 -0.340841
v 0.537186 0.768056 -0.321977
v 0.504422 0.798062 -0.302339
v 0.584696 0.736204 -0.312527
v 0.552337 0.768056 -0.295230
v 0.518648 0.798062 -0.277223
v 0.599328 0.736204 -0.283461
v 0.566159 0.768057 -0.267773
v 0.531627 0.798061 -0.251441
v 0.627417 -0.667256 -0.376059
v 0.654563 -0.630328 -0.392330
v 0.680134 -0.591883 -0.407657
v 0.645113 -0.667256 -0.344820
v 0.673024 -0.630328 -0.359739
v 0.699317 -0.591883 -0.373792
v 0.661256 -0.667256 -0.312751
v 0.689866 -0.630328 -0.326282
v 0.716817 -0.591882 -0.339029
v 0.680134 0.591883 -0.407657
v 0.654563 0.630328 -0.392330
v 0.627417 0.667256 -0.376059
v 0.699317 0.591883 -0.373792
v 0.673024 0.630328 -0.359739
v 0.645113 0.667256 -0.344820
v 0.716817 0.591882 -0.339029
v 0.689866 0.630328 -0.326282
v 0.661256 0.667256 -0.312751
v 0.504422 -0.798062 -0.302339
v 0.537186 -0.768057 -0.321977
v 0.568658 -0.736204 -0.340841
v 0.518648 -0.798062 -0.277223
v 0.552337 -0.768056 -0.295230
v 0.584696 -0.736204 -0.312527
v 0.531627 -0.798062 -0.251441
v 0.566159 -0.768056 -0.267773
v 0.599328 -0.736204 -0.283461
v 0.765473 0.424816 -0.458807
v 0.746785 0.468376 -0.447606
v 0.726301 0.510809 -0.435328
v 0.787063 0.424816 -0.420694
v 0.767848 0.468376 -0.410423
v 0.746786 0.510809 -0.399165
v 0.806759 0.424816 -0.381568
v 0.787063 0.468376 -0.372253
v 0.765473 0.510809 -0.362042
v 0.362042 -0.898197 -0.217000
v 0.399165 -0.876269 -0.239250
v 0.435328 -0.852233 -0.260926
v 0.372253 -0.898197 -0.198973
v 0.410423 -0.876269 -0.219376
v 0.447606 -0.852233 -0.239250
v 0.381568 -0.898197 -0.180468
v 0.420694 -0.876269 -0.198973
v 0.458807 -0.852233 -0.217000
v 0.821396 0.241423 -0.492326
v 0.810310 0.288424 -0.485681
v 0.797274 0.334732 -0.477868
v 0.844562 0.241423 -0.451428
v 0.833163 0.288424 -0.445335
v 0.819760 0.334732 -0.438171
v 0.865697 0.241423 -0.409444
v 0.854013 0.288424 -0.403918
v 0.840274 0.334732 -0.397420
v 0.208691 -0.963479 -0.125030
v 0.246676 -0.950707 -0.147836
v 0.285378 -0.935499 -0.171047
v 0.214890 -0.963441 -0.114861
v 0.253726 -0.950696 -0.135620
v 0.293439 -0.935498 -0.156846
v 0.219901 -0.963479 -0.104057
v 0.259967 -0.950707 -0.122971
v 0.300768 -0.935499 -0.142255
v 0.688727 -0.667256 -0.246431
v 0.718526 -0.630328 -0.257093
v 0.746596 -0.591883 -0.267136
v 0.699988 -0.667256 -0.212339
v 0.730274 -0.630328 -0.221526
v 0.758803 -0.591883 -0.230180
v 0.709565 -0.667256 -0.177737
v 0.740265 -0.630328 -0.185427
v 0.769184 -0.591882 -0.192670
v 0.746596 0.591883 -0.267136
v 0.718525 0.630328 -0.257093
v 0.688727 0.667256 -0.246431
v 0.758803 0.591883 -0.230180
v 0.730274 0.630328 -0.221526
v 0.699988 0.667256 -0.212339
v 0.769184 0.591882 -0.192670
v 0.740265 0.630328 -0.185427
v 0.709565 0.667256 -0.177737
v 0.553713 -0.798062 -0.198122
v 0.589679 -0.768057 -0.210991
v 0.624226 -0.736204 -0.223352
v 0.562766 -0.798062 -0.170713
v 0.599320 -0.768056 -0.181802
v 0.634432 -0.736204 -0.192453
v 0.570466 -0.798062 -0.142894
v 0.607520 -0.768056 -0.152176
v 0.643113 -0.736204 -0.161091
v 0.840274 0.424816 -0.300655
v 0.819760 0.468376 -0.293315
v 0.797274 0.510809 -0.285269
v 0.854013 0.424816 -0.259062
v 0.833163 0.468376 -0.252737
v 0.810309 0.510809 -0.245805
v 0.865697 0.424816 -0.216846
v 0.844562 0.468376 -0.211552
v 0.821396 0.510809 -0.205749
v 0.397420 -0.898197 -0.142199
v 0.438171 -0.876269 -0.156780
v 0.477868 -0.852233 -0.170984
v 0.403918 -0.898197 -0.122527
v 0.445335 -0.876269 -0.135091
v 0.485681 -0.852233 -0.147330
v 0.409444 -0.898197 -0.102560
v 0.451428 -0.876269 -0.113077
v 0.492326 -0.852233 -0.123321
v 0.901661 0.241423 -0.322620
v 0.889491 0.288424 -0.318265
v 0.875182 0.334732 -0.313145
v 0.916404 0.241423 -0.277988
v 0.904035 0.288424 -0.274236
v 0.889491 0.334732 -0.269824
v 0.928942 0.241423 -0.232688
v 0.916404 0.288424 -0.229547
v 0.901661 0.334732 -0.225854
v 0.229073 -0.963479 -0.081914
v 0.270778 -0.950707 -0.096871
v 0.313264 -0.935499 -0.112086
v 0.233169 -0.963441 -0.070731
v 0.275309 -0.950696 -0.083514
v 0.318399 -0.935498 -0.096585
v 0.235976 -0.963479 -0.059157
v 0.278962 -0.950707 -0.069891
v 0.322742 -0.935499 -0.080844
v 0.928398 0.048753 -0.332186
v 0.925040 0.097389 -0.330985
v 0.919457 0.145791 -0.328987
v 0.943578 0.048753 -0.286231
v 0.940165 0.097389 -0.285196
v 0.934490 0.145791 -0.283474
v 0.956487 0.048753 -0.239587
v 0.953028 0.097389 -0.238721
v 0.947276 0.145791 -0.237280
v 0.130136 0.985270 -0.039476
v 0.151410 0.981342 -0.053822
v 0.117642 0.986702 -0.040580
v 0.088877 0.990311 -0.026961
v 0.120361 0.986702 -0.031617
v 0.155795 0.981342 -0.039368
v 0.156227 0.981055 -0.047391
v 0.130136 -0.985270 -0.039476
v 0.088877 -0.990311 -0.026961
v 0.117642 -0.986701 -0.040580
v 0.151410 -0.981342 -0.053822
v 0.156227 -0.981055 -0.047391
v 0.155795 -0.981342 -0.039368
v 0.120361 -0.986701 -0.031617
v 0.919457 -0.145791 -0.328987
v 0.925040 -0.097389 -0.330985
v 0.928398 -0.048753 -0.332186
v 0.934490 -0.145791 -0.283474
v 0.940165 -0.097389 -0.285196
v 0.943578 -0.048753 -0.286231
v 0.947276 -0.145791 -0.237280
v 0.953028 -0.097389 -0.238721
v 0.956487 -0.048753 -0.239587
v 0.313264 0.935499 -0.112086
v 0.270778 0.950707 -0.096871
v 0.229073 0.963479 -0.081914
v 0.318399 0.935498 -0.096585
v 0.275309 0.950696 -0.083514
v 0.233169 0.963441 -0.070731
v 0.322742 0.935499 -0.080844
v 0.278962 0.950707 -0.069891
v 0.235976 0.963478 -0.059157
v 0.875182 -0.334732 -0.313145
v 0.889491 -0.288424 -0.318265
v 0.901661 -0.241423 -0.322620
v 0.889491 -0.334732 -0.269824
v 0.904035 -0.288424 -0.274236
v 0.916404 -0.241423 -0.277988
v 0.901661 -0.334732 -0.225854
v 0.916404 -0.288424 -0.229547
v 0.928942 -0.241423 -0.232688
v 0.477868 0.852233 -0.170984
v 0.438171 0.876269 -0.156780
v 0.397420 0.898197 -0.142199
v 0.485681 0.852233 -0.147330
v 0.445335 0.876269 -0.135091
v 0.403918 0.898198 -0.122527
v 0.492326 0.852233 -0.123321
v 0.451428 0.876269 -0.113077
v 0.409444 0.898197 -0.102560
v 0.797274 -0.510809 -0.285269
v 0.819760 -0.468376 -0.293315
v 0.840274 -0.424816 -0.300655
v 0.810309 -0.510809 -0.245805
v 0.833163 -0.468376 -0.252737
v 0.854013 -0.424816 -0.259062
v 0.821396 -0.510809 -0.205749
v 0.844562 -0.468376 -0.211552
v 0.865697 -0.424816 -0.216846
v 0.624226 0.736204 -0.223352
v 0.589679 0.768056 -0.210991
v 0.553713 0.798062 -0.198122
v 0.634432 0.736204 -0.192453
v 0.599320 0.768056 -0.181802
v 0.562766 0.798062 -0.170713
v 0.643112 0.736204 -0.161091
v 0.607520 0.768057 -0.152176
v 0.570466 0.798061 -0.142894
v 0.135336 -0.985270 -0.013329
v 0.092429 -0.990311 -0.009104
v 0.123298 -0.986701 -0.016849
v 0.159001 -0.981342 -0.023249
v 0.162470 -0.981055 -0.016002
v 0.160481 -0.981342 -0.008217
v 0.124216 -0.986702 -0.007529
v 0.965972 -0.145791 -0.143289
v 0.971838 -0.097389 -0.144159
v 0.975365 -0.048753 -0.144682
v 0.971838 -0.145791 -0.095718
v 0.977739 -0.097389 -0.096299
v 0.981288 -0.048753 -0.096648
v 0.975365 -0.145791 -0.047916
v 0.981288 -0.097389 -0.048207
v 0.984850 -0.048753 -0.048382
v 0.329112 0.935499 -0.048817
v 0.284474 0.950707 -0.042184
v 0.240652 0.963479 -0.035650
v 0.331124 0.935498 -0.032613
v 0.286312 0.950696 -0.028199
v 0.242487 0.963441 -0.023883
v 0.332312 0.935499 -0.016327
v 0.287237 0.950707 -0.014125
v 0.242983 0.963478 -0.011984
v 0.919457 -0.334732 -0.136389
v 0.934490 -0.288424 -0.138619
v 0.947276 -0.241423 -0.140515
v 0.925040 -0.334732 -0.091108
v 0.940165 -0.288424 -0.092598
v 0.953028 -0.241423 -0.093865
v 0.928398 -0.334732 -0.045609
v 0.943578 -0.288424 -0.046355
v 0.956487 -0.241423 -0.046989
v 0.502043 0.852233 -0.074471
v 0.460338 0.876269 -0.068285
v 0.417525 0.898197 -0.061934
v 0.505091 0.852233 -0.049747
v 0.463133 0.876269 -0.045615
v 0.420060 0.898198 -0.041372
v 0.506925 0.852233 -0.024903
v 0.464814 0.876269 -0.022835
v 0.421585 0.898197 -0.020711
v 0.837607 -0.510809 -0.124248
v 0.861231 -0.468376 -0.127752
v 0.882783 -0.424816 -0.130949
v 0.842694 -0.510809 -0.082998
v 0.866461 -0.468376 -0.085339
v 0.888144 -0.424816 -0.087475
v 0.845753 -0.510809 -0.041549
v 0.869606 -0.468376 -0.042721
v 0.891368 -0.424816 -0.043790
v 0.655805 0.736204 -0.097280
v 0.619510 0.768056 -0.091896
v 0.581725 0.798062 -0.086291
v 0.659788 0.736204 -0.064983
v 0.623272 0.768056 -0.061387
v 0.585257 0.798062 -0.057643
v 0.662183 0.736204 -0.032531
v 0.625535 0.768057 -0.030730
v 0.587382 0.798061 -0.028856
v 0.723569 -0.667256 -0.107332
v 0.754876 -0.630328 -0.111975
v 0.784366 -0.591883 -0.116350
v 0.727963 -0.667256 -0.071698
v 0.759459 -0.630328 -0.074800
v 0.789129 -0.591883 -0.077722
v 0.730606 -0.667256 -0.035892
v 0.762216 -0.630328 -0.037445
v 0.791993 -0.591882 -0.038908
v 0.784366 0.591883 -0.116350
v 0.754875 0.630328 -0.111975
v 0.723569 0.667256 -0.107332
v 0.789129 0.591883 -0.077722
v 0.759459 0.630328 -0.074800
v 0.727963 0.667256 -0.071698
v 0.791993 0.591882 -0.038908
v 0.762216 0.630328 -0.037445
v 0.730606 0.667256 -0.035892
v 0.581725 -0.798062 -0.086291
v 0.619510 -0.768057 -0.091896
v 0.655805 -0.736204 -0.097280
v 0.585257 -0.798062 -0.057643
v 0.623272 -0.768056 -0.061387
v 0.659788 -0.736204 -0.064983
v 0.587382 -0.798062 -0.028856
v 0.625535 -0.768056 -0.030730
v 0.662183 -0.736204 -0.032531
v 0.882783 0.424816 -0.130949
v 0.861231 0.468376 -0.127752
v 0.837607 0.510809 -0.124248
v 0.888144 0.424816 -0.087475
v 0.866461 0.468376 -0.085339
v 0.842694 0.510809 -0.082998
v 0.891368 0.424816 -0.043790
v 0.869606 0.468376 -0.042721
v 0.845752 0.510809 -0.041549
v 0.417525 -0.898197 -0.061934
v 0.460338 -0.876269 -0.068285
v 0.502043 -0.852233 -0.074471
v 0.420060 -0.898197 -0.041372
v 0.463133 -0.876269 -0.045615
v 0.505091 -0.852233 -0.049747
v 0.421585 -0.898197 -0.020711
v 0.464814 -0.876269 -0.022835
v 0.506925 -0.852233 -0.024903
v 0.947276 0.241423 -0.140515
v 0.934490 0.288424 -0.138619
v 0.919457 0.334732 -0.136389
v 0.953028 0.241423 -0.093865
v 0.940165 0.288424 -0.092598
v 0.925040 0.334732 -0.091108
v 0.956487 0.241423 -0.046989
v 0.943578 0.288424 -0.046355
v 0.928398 0.334732 -0.045609
v 0.240652 -0.963479 -0.035650
v 0.284474 -0.950707 -0.042184
v 0.329112 -0.935499 -0.048817
v 0.242487 -0.963441 -0.023883
v 0.286312 -0.950696 -0.028199
v 0.331124 -0.935498 -0.032613
v 0.242983 -0.963479 -0.011984
v 0.287237 -0.950707 -0.014125
v 0.332312 -0.935499 -0.016327
v 0.975365 0.048753 -0.144682
v 0.971838 0.097389 -0.144159
v 0.965972 0.145791 -0.143289
v 0.981288 0.048753 -0.096648
v 0.977739 0.097389 -0.096299
v 0.971838 0.145791 -0.095718
v 0.984850 0.048753 -0.048382
v 0.981288 0.097389 -0.048207
v 0.975365 0.145791 -0.047916
v 0.135336 0.985270 -0.013329
v 0.159001 0.981342 -0.023249
v 0.123298 0.986701 -0.016849
v 0.092429 0.990311 -0.009104
v 0.124216 0.986702 -0.007529
v 0.160481 0.981342 -0.008217
v 0.162470 0.981055 -0.016002
v 0.587382 -0.798062 0.028856
v 0.625535 -0.768057 0.030730
v 0.662183 -0.736204 0.032531
v 0.585257 -0.798062 0.057643
v 0.623272 -0.768056 0.061387
v 0.659788 -0.736204 0.064983
v 0.581725 -0.798062 0.086291
v 0.619510 -0.768056 0.091896
v 0.655805 -0.736204 0.097280
v 0.891368 0.424816 0.043790
v 0.869606 0.468376 0.042721
v 0.845753 0.510809 0.041549
v 0.888144 0.424816 0.087475
v 0.866461 0.468376 0.085339
v 0.842694 0.510809 0.082998
v 0.882783 0.424816 0.130949
v 0.861231 0.468376 0.127752
v 0.837608 0.510809 0.124248
v 0.421585 -0.898197 0.020711
v 0.464814 -0.876269 0.022835
v 0.506925 -0.852233 0.024904
v 0.420060 -0.898197 0.041372
v 0.463133 -0.876269 0.045615
v 0.505091 -0.852233 0.049747
v 0.417525 -0.898197 0.061934
v 0.460338 -0.876269 0.068285
v 0.502043 -0.852233 0.074471
v 0.956487 0.241423 0.046989
v 0.943578 0.288424 0.046355
v 0.928398 0.334732 0.045609
v 0.953028 0.241423 0.093865
v 0.940165 0.288424 0.092598
v 0.925040 0.334732 0.091109
v 0.947276 0.241423 0.140515
v 0.934490 0.288424 0.138619
v 0.919457 0.334732 0.136389
v 0.242983 -0.963479 0.011984
v 0.287237 -0.950707 0.014125
v 0.332312 -0.935499 0.016327
v 0.242487 -0.963441 0.023883
v 0.286312 -0.950696 0.028199
v 0.331124 -0.935498 0.032613
v 0.240652 -0.963479 0.035650
v 0.284474 -0.950707 0.042184
v 0.329112 -0.935499 0.048818
v 0.984850 0.048753 0.048382
v 0.981288 0.097389 0.048207
v 0.975365 0.145791 0.047916
v 0.981288 0.048753 0.096649
v 0.977739 0.097389 0.096299
v 0.971838 0.145791 0.095718
v 0.975365 0.048753 0.144682
v 0.971837 0.097389 0.144159
v 0.965972 0.145791 0.143289
v 0.135337 0.985270 0.013329
v 0.160481 0.981342 0.008217
v 0.124216 0.986701 0.007529
v 0.092429 0.990311 0.009104
v 0.123298 0.986702 0.016849
v 0.159001 0.981342 0.023249
v 0.162470 0.981055 0.016002
v 0.135336 -0.985270 0.013329
v 0.092429 -0.990311 0.009104
v 0.124216 -0.986701 0.007529
v 0.160481 -0.981342 0.008217
v 0.162470 -0.981055 0.016002
v 0.159001 -0.981342 0.023249
v 0.123298 -0.986701 0.016849
v 0.975365 -0.145791 0.047916
v 0.981288 -0.097389 0.048207
v 0.984850 -0.048753 0.048382
v 0.971838 -0.145791 0.095718
v 0.977739 -0.097389 0.096299
v 0.981288 -0.048753 0.096649
v 0.965972 -0.145791 0.143289
v 0.971837 -0.097389 0.144159
v 0.975365 -0.048753 0.144682
v 0.332312 0.935499 0.016327
v 0.287237 0.950707 0.014125
v 0.242983 0.963479 0.011984
v 0.331124 0.935498 0.032613
v 0.286312 0.950696 0.028199
v 0.242487 0.963441 0.023883
v 0.329112 0.935499 0.048818
v 0.284474 0.950707 0.042184
v 0.240652 0.963478 0.035650
v 0.928398 -0.334732 0.045609
v 0.943578 -0.288424 0.046355
v 0.956487 -0.241423 0.046989
v 0.925040 -0.334732 0.091109
v 0.940165 -0.288424 0.092598
v 0.953028 -0.241423 0.093865
v 0.919457 -0.334732 0.136389
v 0.934490 -0.288424 0.138619
v 0.947276 -0.241423 0.140515
v 0.506925 0.852233 0.024904
v 0.464814 0.876269 0.022835
v 0.421585 0.898197 0.020711
v 0.505091 0.852233 0.049747
v 0.463133 0.876269 0.045615
v 0.420060 0.898198 0.041372
v 0.502043 0.852233 0.074471
v 0.460338 0.876269 0.068285
v 0.417525 0.898197 0.061934
v 0.845753 -0.510809 0.041549
v 0.869606 -0.468376 0.042721
v 0.891368 -0.424816 0.043790
v 0.842694 -0.510809 0.082998
v 0.866461 -0.468376 0.085339
v 0.888144 -0.424816 0.087475
v 0.837608 -0.510809 0.124248
v 0.861231 -0.468376 0.127752
v 0.882783 -0.424816 0.130949
v 0.662183 0.736204 0.032531
v 0.625535 0.768056 0.030730
v 0.587382 0.798062 0.028856
v 0.659788 0.736204 0.064983
v 0.623272 0.768056 0.061387
v 0.585257 0.798062 0.057643
v 0.655805 0.736204 0.097280
v 0.619510 0.768057 0.091896
v 0.581725 0.798061 0.086291
v 0.730606 -0.667256 0.035892
v 0.762216 -0.630328 0.037445
v 0.791993 -0.591883 0.038908
v 0.727963 -0.667256 0.071698
v 0.759459 -0.630328 0.074800
v 0.789128 -0.591883 0.077722
v 0.723569 -0.667256 0.107332
v 0.754875 -0.630328 0.111975
v 0.784366 -0.591882 0.116350
v 0.791993 0.591883 0.038908
v 0.762216 0.630328 0.037445
v 0.730606 0.667256 0.035892
v 0.789128 0.591883 0.077722
v 0.759459 0.630328 0.074800
v 0.727963 0.667256 0.071698
v 0.784366 0.591882 0.116350
v 0.754875 0.630328 0.111975
v 0.723569 0.667256 0.107332
v 0.322742 0.935499 0.080844
v 0.278962 0.950707 0.069891
v 0.235976 0.963479 0.059157
v 0.318399 0.935498 0.096585
v 0.275309 0.950696 0.083514
v 0.233169 0.963441 0.070731
v 0.313264 0.935499 0.112086
v 0.270778 0.950707 0.096871
v 0.229073 0.963478 0.081914
v 0.901661 -0.334732 0.225854
v 0.916404 -0.288424 0.229547
v 0.928942 -0.241423 0.232688
v 0.889491 -0.334732 0.269824
v 0.904035 -0.288424 0.274236
v 0.916404 -0.241423 0.277988
v 0.875182 -0.334732 0.313145
v 0.889491 -0.288424 0.318265
v 0.901661 -0.241423 0.322620
v 0.492326 0.852233 0.123321
v 0.451428 0.876269 0.113077
v 0.409444 0.898197 0.102560
v 0.485681 0.852233 0.147330
v 0.445335 0.876269 0.135091
v 0.403918 0.898198 0.122527
v 0.477868 0.852233 0.170984
v 0.438171 0.876269 0.156780
v 0.397420 0.898197 0.142199
v 0.821396 -0.510809 0.205749
v 0.844562 -0.468376 0.211552
v 0.865697 -0.424816 0.216846
v 0.810309 -0.510809 0.245805
v 0.833163 -0.468376 0.252737
v 0.854013 -0.424816 0.259062
v 0.797274 -0.510809 0.285269
v 0.819760 -0.468376 0.293315
v 0.840274 -0.424816 0.300655
v 0.643112 0.736204 0.161091
v 0.607520 0.768056 0.152176
v 0.570466 0.798062 0.142894
v 0.634432 0.736204 0.192453
v 0.599320 0.768056 0.181802
v 0.562766 0.798062 0.170713
v 0.624226 0.736204 0.223352
v 0.589679 0.768057 0.210991
v 0.553713 0.798061 0.198122
v 0.709565 -0.667256 0.177737
v 0.740265 -0.630328 0.185427
v 0.769184 -0.591883 0.192671
v 0.699988 -0.667256 0.212339
v 0.730274 -0.630328 0.221526
v 0.758803 -0.591883 0.230180
v 0.688727 -0.667256 0.246431
v 0.718525 -0.630328 0.257093
v 0.746595 -0.591882 0.267136
v 0.769184 0.591883 0.192671
v 0.740265 0.630328 0.185427
v 0.709565 0.667256 0.177737
v 0.758803 0.591883 0.230180
v 0.730274 0.630328 0.221526
v 0.699988 0.667256 0.212339
v 0.746596 0.591882 0.267136
v 0.718525 0.630328 0.257093
v 0.688727 0.667256 0.246431
v 0.570466 -0.798062 0.142894
v 0.607520 -0.768057 0.152176
v 0.643112 -0.736204 0.161091
v 0.562766 -0.798062 0.170713
v 0.599320 -0.768056 0.181802
v 0.634432 -0.736204 0.192453
v 0.553713 -0.798062 0.198122
v 0.589679 -0.768056 0.210991
v 0.624226 -0.736204 0.223352
v 0.865697 0.424816 0.216846
v 0.844562 0.468376 0.211552
v 0.821396 0.510809 0.205749
v 0.854013 0.424816 0.259062
v 0.833163 0.468376 0.252737
v 0.810309 0.510809 0.245805
v 0.840274 0.424816 0.300655
v 0.819760 0.468376 0.293315
v 0.797274 0.510809 0.285269
v 0.409444 -0.898197 0.102560
v 0.451428 -0.876269 0.113077
v 0.492326 -0.852233 0.123321
v 0.403918 -0.898197 0.122527
v 0.445335 -0.876269 0.135091
v 0.485681 -0.852233 0.147330
v 0.397420 -0.898197 0.142199
v 0.438171 -0.876269 0.156780
v 0.477868 -0.852233 0.170984
v 0.928942 0.241423 0.232688
v 0.916404 0.288424 0.229547
v 0.901661 0.334732 0.225854
v 0.916404 0.241423 0.277988
v 0.904035 0.288424 0.274236
v 0.889491 0.334732 0.269824
v 0.901661 0.241423 0.322620
v 0.889491 0.288424 0.318265
v 0.875182 0.334732 0.313145
v 0.235976 -0.963479 0.059157
v 0.278962 -0.950707 0.069891
v 0.322742 -0.935499 0.080844
v 0.233169 -0.963441 0.070731
v 0.275309 -0.950696 0.083514
v 0.318399 -0.935498 0.096585
v 0.229073 -0.963479 0.081914
v 0.270778 -0.950707 0.096871
v 0.313264 -0.935499 0.112086
v 0.956487 0.048753 0.239588
v 0.953028 0.097389 0.238721
v 0.947276 0.145791 0.237280
v 0.943577 0.048753 0.286231
v 0.940165 0.097389 0.285196
v 0.934490 0.145791 0.283475
v 0.928398 0.048753 0.332186
v 0.925040 0.097389 0.330985
v 0.919457 0.145791 0.328987
v 0.130136 0.985270 0.039476
v 0.155795 0.981342 0.039368
v 0.120361 0.986701 0.031617
v 0.088877 0.990311 0.026961
v 0.117642 0.986702 0.040580
v 0.151410 0.981342 0.053822
v 0.156227 0.981055 0.047391
v 0.130136 -0.985270 0.039476
v 0.088877 -0.990311 0.026961
v 0.120361 -0.986701 0.031617
v 0.155795 -0.981342 0.039368
v 0.156227 -0.981055 0.047391
v 0.151410 -0.981342 0.053822
v 0.117642 -0.986701 0.040580
v 0.947276 -0.145791 0.237280
v 0.953028 -0.097389 0.238721
v 0.956487 -0.048753 0.239588
v 0.934490 -0.145791 0.283475
v 0.940165 -0.097389 0.285196
v 0.943577 -0.048753 0.286231
v 0.919457 -0.145791 0.328987
v 0.925040 -0.097389 0.330985
v 0.928398 -0.048753 0.332186
v 0.806759 0.424816 0.381568
v 0.787063 0.468376 0.372253
v 0.765473 0.510809 0.362042
v 0.787063 0.424816 0.420694
v 0.767848 0.468376 0.410423
v 0.746785 0.510809 0.399165
v 0.765473 0.424816 0.458807
v 0.746785 0.468376 0.447606
v 0.726301 0.510809 0.435328
v 0.381568 -0.898197 0.180468
v 0.420694 -0.876269 0.198973
v 0.458807 -0.852233 0.217000
v 0.372253 -0.898197 0.198973
v 0.410423 -0.876269 0.219376
v 0.447606 -0.852233 0.239251
v 0.362042 -0.898197 0.217000
v 0.399165 -0.876269 0.239251
v 0.435328 -0.852233 0.260926
v 0.865697 0.241423 0.409444
v 0.854013 0.288424 0.403918
v 0.840274 0.334732 0.397420
v 0.844562 0.241423 0.451428
v 0.833163 0.288424 0.445335
v 0.819760 0.334732 0.438171
v 0.821396 0.241423 0.492326
v 0.810309 0.288424 0.485681
v 0.797274 0.334732 0.477868
v 0.219901 -0.963479 0.104057
v 0.259967 -0.950707 0.122971
v 0.300768 -0.935499 0.142255
v 0.214889 -0.963441 0.114861
v 0.253726 -0.950696 0.135620
v 0.293439 -0.935498 0.156846
v 0.208691 -0.963479 0.125030
v 0.246676 -0.950707 0.147836
v 0.285378 -0.935499 0.171047
v 0.891367 0.048753 0.421585
v 0.888144 0.097389 0.420060
v 0.882783 0.145791 0.417525
v 0.869606 0.048753 0.464814
v 0.866461 0.097389 0.463133
v 0.861231 0.145791 0.460338
v 0.845752 0.048753 0.506925
v 0.842694 0.097389 0.505091
v 0.837607 0.145791 0.502043
v 0.119934 0.985270 0.064106
v 0.145121 0.981342 0.069005
v 0.111880 0.986701 0.054491
v 0.081910 0.990311 0.043782
v 0.107465 0.986702 0.062751
v 0.138001 0.981342 0.082326
v 0.143979 0.981055 0.076958
v 0.119934 -0.985270 0.064106
v 0.081910 -0.990311 0.043782
v 0.111880 -0.986701 0.054491
v 0.145121 -0.981342 0.069005
v 0.143979 -0.981055 0.076958
v 0.138001 -0.981342 0.082326
v 0.107465 -0.986701 0.062751
v 0.882783 -0.145791 0.417525
v 0.888144 -0.097389 0.420060
v 0.891367 -0.048753 0.421585
v 0.861231 -0.145791 0.460338
v 0.866461 -0.097389 0.463133
v 0.869606 -0.048753 0.464814
v 0.837607 -0.145791 0.502043
v 0.842693 -0.097389 0.505091
v 0.845752 -0.048753 0.506925
v 0.300768 0.935499 0.142255
v 0.259967 0.950707 0.122971
v 0.219901 0.963479 0.104057
v 0.293439 0.935498 0.156846
v 0.253726 0.950696 0.135620
v 0.214889 0.963441 0.114861
v 0.285378 0.935499 0.171047
v 0.246676 0.950707 0.147836
v 0.208691 0.963478 0.125030
v 0.840274 -0.334732 0.397420
v 0.854013 -0.288424 0.403918
v 0.865697 -0.241423 0.409444
v 0.819760 -0.334732 0.438171
v 0.833163 -0.288424 0.445335
v 0.844562 -0.241423 0.451428
v 0.797274 -0.334732 0.477868
v 0.810309 -0.288424 0.485681
v 0.821396 -0.241423 0.492326
v 0.458807 0.852233 0.217000
v 0.420694 0.876269 0.198973
v 0.381568 0.898197 0.180468
v 0.447606 0.852233 0.239251
v 0.410423 0.876269 0.219376
v 0.372253 0.898198 0.198973
v 0.435328 0.852233 0.260926
v 0.399165 0.876269 0.239251
v 0.362042 0.898197 0.217000
v 0.765473 -0.510809 0.362042
v 0.787063 -0.468376 0.372253
v 0.806759 -0.424816 0.381568
v 0.746785 -0.510809 0.399165
v 0.767848 -0.468376 0.410423
v 0.787063 -0.424816 0.420694
v 0.726301 -0.510809 0.435328
v 0.746785 -0.468376 0.447606
v 0.765473 -0.424816 0.458807
v 0.599328 0.736204 0.283461
v 0.566158 0.768056 0.267773
v 0.531627 0.798062 0.251441
v 0.584696 0.736204 0.312527
v 0.552337 0.768056 0.295230
v 0.518648 0.798062 0.277223
v 0.568658 0.736204 0.340841
v 0.537186 0.768057 0.321977
v 0.504422 0.798061 0.302339
v 0.661256 -0.667256 0.312751
v 0.689866 -0.630328 0.326282
v 0.716817 -0.591883 0.339029
v 0.645113 -0.667256 0.344820
v 0.673024 -0.630328 0.359739
v 0.699317 -0.591883 0.373793
v 0.627417 -0.667256 0.376059
v 0.654563 -0.630328 0.392330
v 0.680134 -0.591882 0.407657
v 0.716817 0.591883 0.339029
v 0.689866 0.630328 0.326282
v 0.661256 0.667256 0.312751
v 0.699317 0.591883 0.373793
v 0.673024 0.630328 0.359739
v 0.645113 0.667256 0.344820
v 0.680134 0.591882 0.407657
v 0.654563 0.630328 0.392330
v 0.627417 0.667256 0.376059
v 0.531627 -0.798062 0.251441
v 0.566159 -0.768057 0.267773
v 0.599328 -0.736204 0.283461
v 0.518648 -0.798062 0.277223
v 0.552336 -0.768056 0.295230
v 0.584696 -0.736204 0.312527
v 0.504422 -0.798062 0.302339
v 0.537186 -0.768056 0.321977
v 0.568658 -0.736204 0.340841
v 0.746596 -0.334732 0.553713
v 0.758803 -0.288424 0.562766
v 0.769184 -0.241423 0.570466
v 0.718526 -0.334732 0.589679
v 0.730274 -0.288424 0.599320
v 0.740265 -0.241423 0.607520
v 0.688727 -0.334732 0.624226
v 0.699988 -0.288424 0.634432
v 0.709565 -0.241423 0.643112
v 0.407657 0.852233 0.302339
v 0.373792 0.876269 0.277223
v 0.339029 0.898197 0.251441
v 0.392330 0.852233 0.321977
v 0.359739 0.876269 0.295230
v 0.326282 0.898198 0.267773
v 0.376059 0.852233 0.340841
v 0.344820 0.876269 0.312527
v 0.312751 0.898197 0.283461
v 0.680134 -0.510809 0.504422
v 0.699317 -0.468376 0.518648
v 0.716817 -0.424816 0.531627
v 0.654563 -0.510809 0.537186
v 0.673024 -0.468376 0.552337
v 0.689866 -0.424816 0.566159
v 0.627417 -0.510809 0.568658
v 0.645112 -0.468376 0.584696
v 0.661256 -0.424816 0.599328
v 0.532511 0.736204 0.394937
v 0.503040 0.768056 0.373080
v 0.472358 0.798062 0.350325
v 0.512491 0.736204 0.420590
v 0.484127 0.768056 0.397313
v 0.454599 0.798062 0.373080
v 0.491236 0.736204 0.445231
v 0.464049 0.768057 0.420590
v 0.435746 0.798061 0.394937
v 0.587536 -0.667256 0.435746
v 0.612956 -0.630328 0.454599
v 0.636902 -0.591883 0.472358
v 0.565446 -0.667256 0.464049
v 0.589911 -0.630328 0.484127
v 0.612956 -0.591883 0.503040
v 0.541996 -0.667256 0.491237
v 0.565446 -0.630328 0.512491
v 0.587536 -0.591882 0.532512
v 0.636902 0.591883 0.472358
v 0.612956 0.630328 0.454599
v 0.587536 0.667256 0.435746
v 0.612956 0.591883 0.503040
v 0.589910 0.630328 0.484127
v 0.565446 0.667256 0.464049
v 0.587536 0.591882 0.532512
v 0.565446 0.630328 0.512491
v 0.541996 0.667256 0.491237
v 0.472358 -0.798062 0.350325
v 0.503040 -0.768057 0.373080
v 0.532511 -0.736204 0.394937
v 0.454599 -0.798062 0.373080
v 0.484127 -0.768056 0.397313
v 0.512491 -0.736204 0.420590
v 0.435746 -0.798062 0.394937
v 0.464049 -0.768056 0.420590
v 0.491237 -0.736204 0.445231
v 0.716817 0.424816 0.531627
v 0.699317 0.468376 0.518648
v 0.680134 0.510809 0.504422
v 0.689866 0.424816 0.566159
v 0.673024 0.468376 0.552337
v 0.654563 0.510809 0.537186
v 0.661256 0.424816 0.599328
v 0.645112 0.468376 0.584696
v 0.627417 0.510809 0.568658
v 0.339029 -0.898197 0.251441
v 0.373792 -0.876269 0.277223
v 0.407657 -0.852233 0.302339
v 0.326282 -0.898197 0.267773
v 0.359739 -0.876269 0.295230
v 0.392330 -0.852233 0.321977
v 0.312751 -0.898197 0.283461
v 0.344820 -0.876269 0.312527
v 0.376059 -0.852233 0.340841
v 0.769184 0.241423 0.570466
v 0.758803 0.288424 0.562766
v 0.746596 0.334732 0.553713
v 0.740265 0.241423 0.607520
v 0.730274 0.288424 0.599320
v 0.718526 0.334732 0.589679
v 0.709565 0.241423 0.643112
v 0.699988 0.288424 0.634432
v 0.688727 0.334732 0.624226
v 0.195375 -0.963479 0.144958
v 0.230982 -0.950707 0.171325
v 0.267237 -0.935499 0.198198
v 0.188352 -0.963441 0.154577
v 0.222393 -0.950696 0.182513
v 0.257201 -0.935498 0.211079
v 0.180289 -0.963479 0.163341
v 0.213095 -0.950707 0.193120
v 0.246525 -0.935499 0.223435
v 0.791993 0.048753 0.587382
v 0.789128 0.097389 0.585257
v 0.784366 0.145791 0.581725
v 0.762216 0.048753 0.625535
v 0.759459 0.097389 0.623272
v 0.754875 0.145791 0.619510
v 0.730605 0.048753 0.662183
v 0.727963 0.097389 0.659788
v 0.723569 0.145791 0.655805
v 0.105123 0.985270 0.086272
v 0.128870 0.981342 0.095991
v 0.099099 0.986701 0.075271
v 0.071795 0.990311 0.058920
v 0.093158 0.986702 0.082511
v 0.119288 0.981342 0.107667
v 0.126199 0.981055 0.103569
v 0.105123 -0.985270 0.086272
v 0.071795 -0.990311 0.058920
v 0.099099 -0.986702 0.075271
v 0.128870 -0.981342 0.095991
v 0.126199 -0.981055 0.103569
v 0.119288 -0.981342 0.107667
v 0.093158 -0.986701 0.082511
v 0.784365 -0.145791 0.581725
v 0.789128 -0.097389 0.585257
v 0.791993 -0.048753 0.587382
v 0.754875 -0.145791 0.619510
v 0.759459 -0.097389 0.623272
v 0.762216 -0.048753 0.625535
v 0.723569 -0.145791 0.655805
v 0.727963 -0.097389 0.659788
v 0.730605 -0.048753 0.662183
v 0.267236 0.935499 0.198198
v 0.230982 0.950707 0.171325
v 0.195375 0.963479 0.144958
v 0.257201 0.935498 0.211079
v 0.222393 0.950696 0.182513
v 0.188352 0.963441 0.154577
v 0.246525 0.935499 0.223435
v 0.213095 0.950707 0.193120
v 0.180289 0.963478 0.163341
v 0.283461 -0.898197 0.312751
v 0.312527 -0.876269 0.344820
v 0.340840 -0.852233 0.376059
v 0.267773 -0.898197 0.326282
v 0.295230 -0.876269 0.359739
v 0.321977 -0.852233 0.392330
v 0.251441 -0.898197 0.339029
v 0.277223 -0.876269 0.373792
v 0.302339 -0.852233 0.407657
v 0.643112 0.241423 0.709565
v 0.634432 0.288424 0.699988
v 0.624226 0.334732 0.688727
v 0.607520 0.241423 0.740265
v 0.599320 0.288424 0.730274
v 0.589679 0.334732 0.718525
v 0.570466 0.241423 0.769184
v 0.562766 0.288424 0.758803
v 0.553713 0.334732 0.746596
v 0.163341 -0.963479 0.180289
v 0.193120 -0.950707 0.213095
v 0.223435 -0.935499 0.246525
v 0.154577 -0.963441 0.188352
v 0.182513 -0.950696 0.222393
v 0.211079 -0.935498 0.257201
v 0.144958 -0.963479 0.195375
v 0.171325 -0.950707 0.230982
v 0.198198 -0.935499 0.267237
v 0.662182 0.048753 0.730606
v 0.659787 0.097389 0.727963
v 0.655805 0.145791 0.723569
v 0.625534 0.048753 0.762216
v 0.623272 0.097389 0.759459
v 0.619510 0.145791 0.754876
v 0.587381 0.048753 0.791993
v 0.585257 0.097389 0.789129
v 0.581725 0.145791 0.784366
v 0.086272 0.985270 0.105123
v 0.107667 0.981342 0.119288
v 0.082511 0.986701 0.093158
v 0.058920 0.990311 0.071795
v 0.075271 0.986702 0.099099
v 0.095991 0.981342 0.128870
v 0.103569 0.981055 0.126199
v 0.086272 -0.985270 0.105123
v 0.058920 -0.990311 0.071795
v 0.082511 -0.986702 0.093158
v 0.107667 -0.981342 0.119288
v 0.103569 -0.981055 0.126199
v 0.095991 -0.981342 0.128870
v 0.075271 -0.986701 0.099099
v 0.655805 -0.145791 0.723569
v 0.659787 -0.097389 0.727963
v 0.662182 -0.048753 0.730606
v 0.619510 -0.145791 0.754876
v 0.623272 -0.097389 0.759459
v 0.625534 -0.048753 0.762216
v 0.581725 -0.145791 0.784366
v 0.585257 -0.097389 0.789129
v 0.587381 -0.048753 0.791993
v 0.223435 0.935499 0.246525
v 0.193120 0.950707 0.213095
v 0.163341 0.963479 0.180289
v 0.211079 0.935498 0.257201
v 0.182513 0.950696 0.222393
v 0.154577 0.963441 0.188352
v 0.198198 0.935499 0.267237
v 0.171325 0.950707 0.230982
v 0.144958 0.963479 0.195375
v 0.624226 -0.334732 0.688727
v 0.634432 -0.288424 0.699988
v 0.643112 -0.241423 0.709565
v 0.589679 -0.334732 0.718525
v 0.599320 -0.288424 0.730274
v 0.607520 -0.241423 0.740265
v 0.553713 -0.334732 0.746596
v 0.562766 -0.288424 0.758803
v 0.570466 -0.241423 0.769184
v 0.340840 0.852233 0.376059
v 0.312527 0.876269 0.344820
v 0.283461 0.898197 0.312751
v 0.321977 0.852233 0.392330
v 0.295230 0.876269 0.359739
v 0.267773 0.898198 0.326282
v 0.302339 0.852233 0.407657
v 0.277223 0.876269 0.373793
v 0.251441 0.898197 0.339029
v 0.568658 -0.510809 0.627417
v 0.584696 -0.468376 0.645113
v 0.599328 -0.424816 0.661256
v 0.537186 -0.510809 0.654563
v 0.552336 -0.468376 0.673024
v 0.566159 -0.424816 0.689866
v 0.504422 -0.510809 0.680134
v 0.518648 -0.468376 0.699317
v 0.531627 -0.424816 0.716817
v 0.445231 0.736204 0.491237
v 0.420590 0.768056 0.464049
v 0.394937 0.798062 0.435746
v 0.420590 0.736204 0.512491
v 0.397313 0.768056 0.484127
v 0.373080 0.798062 0.454599
v 0.394937 0.736204 0.532511
v 0.373080 0.768057 0.503040
v 0.350325 0.798061 0.472358
v 0.491236 -0.667256 0.541996
v 0.512490 -0.630328 0.565446
v 0.532511 -0.591883 0.587536
v 0.464049 -0.667256 0.565446
v 0.484127 -0.630328 0.589911
v 0.503040 -0.591883 0.612956
v 0.435746 -0.667256 0.587536
v 0.454599 -0.630328 0.612956
v 0.472358 -0.591882 0.636902
v 0.532511 0.591883 0.587536
v 0.512490 0.630328 0.565446
v 0.491236 0.667256 0.541996
v 0.503040 0.591883 0.612956
v 0.484127 0.630328 0.589911
v 0.464049 0.667256 0.565446
v 0.472358 0.591882 0.636902
v 0.454599 0.630328 0.612956
v 0.435746 0.667256 0.587536
v 0.394937 -0.798062 0.435746
v 0.420590 -0.768057 0.464049
v 0.445231 -0.736204 0.491237
v 0.373080 -0.798062 0.454599
v 0.397313 -0.768056 0.484127
v 0.420590 -0.736204 0.512491
v 0.350325 -0.798062 0.472358
v 0.373080 -0.768056 0.503040
v 0.394937 -0.736204 0.532512
v 0.599328 0.424816 0.661256
v 0.584696 0.468376 0.645113
v 0.568658 0.510809 0.627417
v 0.566159 0.424816 0.689866
v 0.552337 0.468376 0.673024
v 0.537186 0.510809 0.654563
v 0.531627 0.424816 0.716817
v 0.518648 0.468376 0.699317
v 0.504422 0.510809 0.680134
v 0.260926 0.852233 0.435328
v 0.239250 0.876269 0.399165
v 0.217000 0.898197 0.362042
v 0.239250 0.852233 0.447606
v 0.219376 0.876269 0.410423
v 0.198973 0.898198 0.372253
v 0.216999 0.852233 0.458807
v 0.198973 0.876269 0.420694
v 0.180468 0.898197 0.381568
v 0.435328 -0.510809 0.726301
v 0.447606 -0.468376 0.746785
v 0.458807 -0.424816 0.765473
v 0.399165 -0.510809 0.746785
v 0.410423 -0.468376 0.767848
v 0.420694 -0.424816 0.787063
v 0.362042 -0.510809 0.765473
v 0.372253 -0.468376 0.787063
v 0.381568 -0.424816 0.806758
v 0.340840 0.736204 0.568658
v 0.321977 0.768056 0.537186
v 0.302339 0.798062 0.504422
v 0.312527 0.736204 0.584696
v 0.295230 0.768056 0.552336
v 0.277223 0.798062 0.518648
v 0.283461 0.736204 0.599328
v 0.267773 0.768057 0.566159
v 0.251441 0.798061 0.531627
v 0.376059 -0.667256 0.627417
v 0.392330 -0.630328 0.654563
v 0.407657 -0.591883 0.680134
v 0.344820 -0.667256 0.645113
v 0.359739 -0.630328 0.673024
v 0.373792 -0.591883 0.699317
v 0.312751 -0.667256 0.661256
v 0.326282 -0.630328 0.689866
v 0.339029 -0.591882 0.716817
v 0.407657 0.591883 0.680134
v 0.392330 0.630328 0.654563
v 0.376059 0.667256 0.627417
v 0.373792 0.591883 0.699317
v 0.359739 0.630328 0.673024
v 0.344820 0.667256 0.645112
v 0.339029 0.591882 0.716817
v 0.326282 0.630328 0.689866
v 0.312751 0.667256 0.661256
v 0.302339 -0.798062 0.504422
v 0.321977 -0.768057 0.537186
v 0.340840 -0.736204 0.568658
v 0.277223 -0.798062 0.518648
v 0.295230 -0.768056 0.552337
v 0.312527 -0.736204 0.584696
v 0.251441 -0.798062 0.531627
v 0.267773 -0.768056 0.566159
v 0.283461 -0.736204 0.599328
v 0.458807 0.424816 0.765473
v 0.447606 0.468376 0.746785
v 0.435328 0.510809 0.726301
v 0.420694 0.424816 0.787063
v 0.410423 0.468376 0.767848
v 0.399165 0.510809 0.746785
v 0.381568 0.424816 0.806758
v 0.372253 0.468376 0.787063
v 0.362042 0.510809 0.765473
v 0.217000 -0.898197 0.362042
v 0.239250 -0.876269 0.399165
v 0.260926 -0.852233 0.435328
v 0.198973 -0.898197 0.372253
v 0.219376 -0.876269 0.410423
v 0.239250 -0.852233 0.447606
v 0.180468 -0.898197 0.381568
v 0.198973 -0.876269 0.420694
v 0.216999 -0.852233 0.458807
v 0.492326 0.241423 0.821396
v 0.485681 0.288424 0.810309
v 0.477868 0.334732 0.797274
v 0.451428 0.241423 0.844562
v 0.445335 0.288424 0.833163
v 0.438171 0.334732 0.819760
v 0.409444 0.241423 0.865697
v 0.403918 0.288424 0.854013
v 0.397420 0.334732 0.840274
v 0.125030 -0.963479 0.208691
v 0.147836 -0.950707 0.246676
v 0.171047 -0.935499 0.285378
v 0.114861 -0.963441 0.214889
v 0.135619 -0.950696 0.253726
v 0.156846 -0.935498 0.293439
v 0.104057 -0.963479 0.219901
v 0.122971 -0.950707 0.259967
v 0.142255 -0.935499 0.300768
v 0.506925 0.048753 0.845752
v 0.505091 0.097389 0.842694
v 0.502043 0.145791 0.837607
v 0.464814 0.048753 0.869606
v 0.463133 0.097389 0.866461
v 0.460337 0.145791 0.861231
v 0.421585 0.048753 0.891367
v 0.420060 0.097389 0.888144
v 0.417525 0.145791 0.882783
v 0.064106 0.985270 0.119934
v 0.082326 0.981342 0.138001
v 0.062751 0.986701 0.107465
v 0.043782 0.990311 0.081910
v 0.054491 0.986702 0.111880
v 0.069005 0.981342 0.145121
v 0.076958 0.981055 0.143979
v 0.064106 -0.985270 0.119934
v 0.043782 -0.990311 0.081910
v 0.062751 -0.986702 0.107465
v 0.082326 -0.981342 0.138001
v 0.076958 -0.981055 0.143979
v 0.069005 -0.981342 0.145121
v 0.054491 -0.986701 0.111880
v 0.502043 -0.145791 0.837607
v 0.505091 -0.097389 0.842694
v 0.506925 -0.048753 0.845752
v 0.460337 -0.145791 0.861231
v 0.463133 -0.097389 0.866461
v 0.464814 -0.048753 0.869606
v 0.417525 -0.145791 0.882783
v 0.420060 -0.097389 0.888144
v 0.421585 -0.048753 0.891367
v 0.171047 0.935499 0.285378
v 0.147836 0.950707 0.246676
v 0.125030 0.963479 0.208691
v 0.156846 0.935498 0.293439
v 0.135619 0.950696 0.253726
v 0.114861 0.963441 0.214889
v 0.142255 0.935499 0.300768
v 0.122971 0.950707 0.259967
v 0.104057 0.963478 0.219901
v 0.477868 -0.334732 0.797274
v 0.485681 -0.288424 0.810309
v 0.492326 -0.241423 0.821396
v 0.438171 -0.334732 0.819760
v 0.445335 -0.288424 0.833163
v 0.451428 -0.241423 0.844562
v 0.397420 -0.334732 0.840274
v 0.403918 -0.288424 0.854013
v 0.409444 -0.241423 0.865697
v 0.322620 0.241423 0.901661
v 0.318265 0.288424 0.889491
v 0.313145 0.334732 0.875181
v 0.277988 0.241423 0.916403
v 0.274236 0.288424 0.904035
v 0.269824 0.334732 0.889491
v 0.232687 0.241423 0.928941
v 0.229547 0.288424 0.916404
v 0.225854 0.334732 0.901661
v 0.081914 -0.963479 0.229073
v 0.096871 -0.950707 0.270778
v 0.112086 -0.935499 0.313264
v 0.070731 -0.963441 0.233169
v 0.083514 -0.950696 0.275309
v 0.096585 -0.935498 0.318399
v 0.059157 -0.963479 0.235976
v 0.069891 -0.950707 0.278962
v 0.080844 -0.935499 0.322742
v 0.332186 0.048753 0.928398
v 0.330985 0.097389 0.925040
v 0.328987 0.145791 0.919457
v 0.286231 0.048753 0.943577
v 0.285196 0.097389 0.940165
v 0.283474 0.145791 0.934490
v 0.239587 0.048753 0.956487
v 0.238721 0.097389 0.953028
v 0.237280 0.145791 0.947276
v 0.039476 0.985270 0.130136
v 0.053822 0.981342 0.151410
v 0.040580 0.986701 0.117642
v 0.026961 0.990311 0.088877
v 0.031617 0.986702 0.120361
v 0.039368 0.981342 0.155795
v 0.047391 0.981055 0.156226
v 0.039476 -0.985270 0.130136
v 0.026961 -0.990311 0.088877
v 0.040580 -0.986702 0.117642
v 0.053822 -0.981342 0.151410
v 0.047391 -0.981055 0.156226
v 0.039368 -0.981342 0.155795
v 0.031617 -0.986701 0.120361
v 0.328987 -0.145791 0.919457
v 0.330985 -0.097389 0.925040
v 0.332186 -0.048753 0.928398
v 0.283474 -0.145791 0.934490
v 0.285196 -0.097389 0.940165
v 0.286231 -0.048753 0.943577
v 0.237280 -0.145791 0.947276
v 0.238721 -0.097389 0.953028
v 0.239587 -0.048753 0.956487
v 0.112086 0.935499 0.313264
v 0.096871 0.950707 0.270778
v 0.081914 0.963479 0.229073
v 0.096585 0.935498 0.318399
v 0.083514 0.950696 0.275309
v 0.070731 0.963441 0.233169
v 0.080844 0.935499 0.322741
v 0.069891 0.950707 0.278962
v 0.059157 0.963479 0.235976
v 0.313145 -0.334732 0.875181
v 0.318265 -0.288424 0.889491
v 0.322620 -0.241423 0.901661
v 0.269824 -0.334732 0.889491
v 0.274236 -0.288424 0.904035
v 0.277988 -0.241423 0.916404
v 0.225854 -0.334732 0.901661
v 0.229547 -0.288424 0.916403
v 0.232687 -0.241423 0.928941
v 0.170984 0.852233 0.477868
v 0.156780 0.876269 0.438171
v 0.142199 0.898197 0.397420
v 0.147330 0.852233 0.485681
v 0.135091 0.876269 0.445335
v 0.122527 0.898198 0.403918
v 0.123321 0.852233 0.492326
v 0.113077 0.876269 0.451428
v 0.102560 0.898197 0.409444
v 0.285269 -0.510809 0.797274
v 0.293315 -0.468376 0.819760
v 0.300655 -0.424816 0.840274
v 0.245805 -0.510809 0.810309
v 0.252737 -0.468376 0.833163
v 0.259062 -0.424816 0.854013
v 0.205749 -0.510809 0.821396
v 0.211552 -0.468376 0.844562
v 0.216846 -0.424816 0.865697
v 0.223352 0.736204 0.624226
v 0.210990 0.768056 0.589679
v 0.198122 0.798062 0.553713
v 0.192453 0.736204 0.634432
v 0.181802 0.768056 0.599320
v 0.170713 0.798062 0.562766
v 0.161091 0.736204 0.643112
v 0.152176 0.768057 0.607520
v 0.142894 0.798061 0.570466
v 0.246431 -0.667256 0.688727
v 0.257093 -0.630328 0.718525
v 0.267136 -0.591883 0.746595
v 0.212339 -0.667256 0.699988
v 0.221526 -0.630328 0.730274
v 0.230180 -0.591883 0.758803
v 0.177737 -0.667256 0.709565
v 0.185427 -0.630328 0.740265
v 0.192670 -0.591882 0.769184
v 0.267136 0.591883 0.746596
v 0.257093 0.630328 0.718525
v 0.246431 0.667256 0.688727
v 0.230180 0.591883 0.758803
v 0.221526 0.630328 0.730274
v 0.212339 0.667256 0.699988
v 0.192670 0.591882 0.769184
v 0.185427 0.630328 0.740265
v 0.177737 0.667256 0.709565
v 0.198122 -0.798062 0.553713
v 0.210990 -0.768057 0.589679
v 0.223352 -0.736204 0.624226
v 0.170713 -0.798062 0.562766
v 0.181802 -0.768056 0.599320
v 0.192453 -0.736204 0.634432
v 0.142894 -0.798062 0.570466
v 0.152176 -0.768056 0.607520
v 0.161091 -0.736204 0.643112
v 0.300655 0.424816 0.840274
v 0.293315 0.468376 0.819760
v 0.285269 0.510809 0.797274
v 0.259062 0.424816 0.854013
v 0.252737 0.468376 0.833163
v 0.245805 0.510809 0.810309
v 0.216846 0.424816 0.865697
v 0.211552 0.468376 0.844562
v 0.205749 0.510809 0.821396
v 0.142199 -0.898197 0.397420
v 0.156780 -0.876269 0.438171
v 0.170984 -0.852233 0.477868
v 0.122527 -0.898197 0.403918
v 0.135091 -0.876269 0.445335
v 0.147330 -0.852233 0.485681
v 0.102560 -0.898197 0.409444
v 0.113077 -0.876269 0.451428
v 0.123321 -0.852233 0.492326
v 0.124247 -0.510809 0.837607
v 0.127752 -0.468376 0.861231
v 0.130949 -0.424816 0.882783
v 0.082998 -0.510809 0.842694
v 0.085339 -0.468376 0.866461
v 0.087474 -0.424816 0.888144
v 0.041549 -0.510809 0.845752
v 0.042721 -0.468376 0.869606
v 0.043790 -0.424816 0.891367
v 0.097280 0.736204 0.655805
v 0.091896 0.768056 0.619510
v 0.086291 0.798062 0.581725
v 0.064983 0.736204 0.659788
v 0.061387 0.768056 0.623272
v 0.057643 0.798062 0.585257
v 0.032531 0.736204 0.662183
v 0.030730 0.768057 0.625535
v 0.028856 0.798061 0.587382
v 0.107332 -0.667256 0.723569
v 0.111975 -0.630328 0.754875
v 0.116350 -0.591883 0.784366
v 0.071698 -0.667256 0.727963
v 0.074800 -0.630328 0.759459
v 0.077722 -0.591883 0.789128
v 0.035892 -0.667256 0.730605
v 0.037445 -0.630328 0.762216
v 0.038908 -0.591882 0.791993
v 0.116350 0.591883 0.784366
v 0.111975 0.630328 0.754875
v 0.107332 0.667256 0.723569
v 0.077722 0.591883 0.789128
v 0.074800 0.630328 0.759459
v 0.071698 0.667256 0.727963
v 0.038908 0.591882 0.791993
v 0.037445 0.630328 0.762216
v 0.035892 0.667256 0.730606
v 0.086291 -0.798062 0.581725
v 0.091896 -0.768057 0.619510
v 0.097280 -0.736204 0.655805
v 0.057643 -0.798062 0.585257
v 0.061387 -0.768056 0.623272
v 0.064983 -0.736204 0.659788
v 0.028856 -0.798062 0.587382
v 0.030730 -0.768056 0.625535
v 0.032531 -0.736204 0.662183
v 0.130949 0.424816 0.882783
v 0.127752 0.468376 0.861231
v 0.124247 0.510809 0.837607
v 0.087474 0.424816 0.888144
v 0.085339 0.468376 0.866461
v 0.082998 0.510809 0.842694
v 0.043790 0.424816 0.891367
v 0.042721 0.468376 0.869606
v 0.041549 0.510809 0.845752
v 0.061934 -0.898197 0.417525
v 0.068285 -0.876269 0.460338
v 0.074471 -0.852233 0.502043
v 0.041372 -0.898197 0.420060
v 0.045615 -0.876269 0.463133
v 0.049747 -0.852233 0.505091
v 0.020711 -0.898197 0.421585
v 0.022835 -0.876269 0.464814
v 0.024903 -0.852233 0.506925
v 0.140515 0.241423 0.947276
v 0.138619 0.288424 0.934490
v 0.136389 0.334732 0.919457
v 0.093865 0.241423 0.953028
v 0.092598 0.288424 0.940165
v 0.091108 0.334732 0.925040
v 0.046989 0.241423 0.956487
v 0.046355 0.288424 0.943577
v 0.045609 0.334732 0.928398
v 0.035650 -0.963479 0.240652
v 0.042184 -0.950707 0.284474
v 0.048817 -0.935499 0.329112
v 0.023883 -0.963441 0.242487
v 0.028199 -0.950696 0.286312
v 0.032613 -0.935498 0.331124
v 0.011984 -0.963479 0.242983
v 0.014125 -0.950707 0.287237
v 0.016327 -0.935499 0.332312
v 0.144682 0.048753 0.975365
v 0.144158 0.097389 0.971837
v 0.143288 0.145791 0.965972
v 0.096648 0.048753 0.981288
v 0.096299 0.097389 0.977738
v 0.095717 0.145791 0.971837
v 0.048382 0.048753 0.984850
v 0.048207 0.097389 0.981288
v 0.047916 0.145791 0.975365
v 0.013329 0.985270 0.135336
v 0.023249 0.981342 0.159001
v 0.016849 0.986701 0.123298
v 0.009104 0.990311 0.092429
v 0.007529 0.986702 0.124216
v 0.008217 0.981342 0.160481
v 0.016002 0.981055 0.162470
v 0.013329 -0.985270 0.135336
v 0.009104 -0.990311 0.092429
v 0.016849 -0.986702 0.123298
v 0.023249 -0.981342 0.159001
v 0.016002 -0.981055 0.162470
v 0.008217 -0.981342 0.160481
v 0.007529 -0.986701 0.124216
v 0.143288 -0.145791 0.965972
v 0.144158 -0.097389 0.971837
v 0.144682 -0.048753 0.975365
v 0.095717 -0.145791 0.971837
v 0.096299 -0.097389 0.977738
v 0.096648 -0.048753 0.981288
v 0.047916 -0.145791 0.975365
v 0.048207 -0.097389 0.981288
v 0.048382 -0.048753 0.984850
v 0.048817 0.935499 0.329112
v 0.042184 0.950707 0.284474
v 0.035650 0.963479 0.240652
v 0.032613 0.935498 0.331124
v 0.028199 0.950696 0.286312
v 0.023883 0.963441 0.242487
v 0.016327 0.935499 0.332312
v 0.014125 0.950707 0.287237
v 0.011984 0.963478 0.242983
v 0.136389 -0.334732 0.919457
v 0.138619 -0.288424 0.934490
v 0.140515 -0.241423 0.947276
v 0.091108 -0.334732 0.925040
v 0.092598 -0.288424 0.940165
v 0.093865 -0.241423 0.953028
v 0.045609 -0.334732 0.928398
v 0.046355 -0.288424 0.943577
v 0.046989 -0.241423 0.956487
v 0.074471 0.852233 0.502043
v 0.068285 0.876269 0.460338
v 0.061934 0.898197 0.417525
v 0.049747 0.852233 0.505091
v 0.045615 0.876269 0.463133
v 0.041372 0.898198 0.420060
v 0.024903 0.852233 0.506925
v 0.022835 0.876269 0.464814
v 0.020711 0.898197 0.421585
v -0.011984 -0.963479 0.242983
v -0.014125 -0.950707 0.287237
v -0.016327 -0.935499 0.332312
v -0.023883 -0.963441 0.242487
v -0.028199 -0.950696 0.286312
v -0.032613 -0.935498 0.331124
v -0.035650 -0.963479 0.240652
v -0.042184 -0.950707 0.284474
v -0.048818 -0.935499 0.329112
v -0.048383 0.048753 0.984850
v -0.048208 0.097389 0.981288
v -0.047917 0.145791 0.975365
v -0.096649 0.048753 0.981288
v -0.096299 0.097389 0.977738
v -0.095718 0.145791 0.971837
v -0.144682 0.048753 0.975365
v -0.144159 0.097389 0.971837
v -0.143289 0.145791 0.965972
v -0.013329 0.985270 0.135336
v -0.008217 0.981342 0.160481
v -0.007529 0.986701 0.124216
v -0.009104 0.990311 0.092429
v -0.016849 0.986702 0.123298
v -0.023249 0.981342 0.159001
v -0.016002 0.981055 0.162470
v -0.013329 -0.985270 0.135336
v -0.009104 -0.990311 0.092429
v -0.007529 -0.986702 0.124216
v -0.008217 -0.981342 0.160481
v -0.016002 -0.981055 0.162470
v -0.023249 -0.981342 0.159001
v -0.016849 -0.986701 0.123298
v -0.047917 -0.145791 0.975365
v -0.048208 -0.097389 0.981288
v -0.048383 -0.048753 0.984850
v -0.095718 -0.145791 0.971837
v -0.096299 -0.097389 0.977738
v -0.096649 -0.048753 0.981288
v -0.143289 -0.145791 0.965972
v -0.144159 -0.097389 0.971837
v -0.144682 -0.048753 0.975365
v -0.016327 0.935499 0.332312
v -0.014125 0.950707 0.287237
v -0.011984 0.963479 0.242983
v -0.032613 0.935498 0.331124
v -0.028199 0.950696 0.286312
v -0.023883 0.963441 0.242487
v -0.048818 0.935499 0.329112
v -0.042184 0.950707 0.284474
v -0.035650 0.963478 0.240652
v -0.045609 -0.334732 0.928398
v -0.046355 -0.288424 0.943577
v -0.046989 -0.241423 0.956487
v -0.091109 -0.334732 0.925040
v -0.092598 -0.288424 0.940165
v -0.093865 -0.241423 0.953028
v -0.136389 -0.334732 0.919457
v -0.138619 -0.288424 0.934490
v -0.140515 -0.241423 0.947276
v -0.024904 0.852233 0.506925
v -0.022835 0.876269 0.464814
v -0.020711 0.898197 0.421585
v -0.049747 0.852233 0.505091
v -0.045615 0.876269 0.463133
v -0.041372 0.898198 0.420060
v -0.074471 0.852233 0.502043
v -0.068285 0.876269 0.460338
v -0.061934 0.898197 0.417525
v -0.041549 -0.510809 0.845752
v -0.042721 -0.468376 0.869606
v -0.043790 -0.424816 0.891367
v -0.082998 -0.510809 0.842694
v -0.085339 -0.468376 0.866461
v -0.087475 -0.424816 0.888144
v -0.124248 -0.510809 0.837607
v -0.127752 -0.468376 0.861231
v -0.130949 -0.424816 0.882783
v -0.032531 0.736204 0.662182
v -0.030730 0.768056 0.625535
v -0.028856 0.798062 0.587382
v -0.064983 0.736204 0.659788
v -0.061387 0.768056 0.623272
v -0.057643 0.798062 0.585257
v -0.097280 0.736204 0.655805
v -0.091896 0.768057 0.619510
v -0.086291 0.798061 0.581725
v -0.035892 -0.667256 0.730605
v -0.037445 -0.630328 0.762216
v -0.038908 -0.591883 0.791993
v -0.071698 -0.667256 0.727963
v -0.074800 -0.630328 0.759459
v -0.077722 -0.591883 0.789128
v -0.107332 -0.667256 0.723569
v -0.111975 -0.630328 0.754875
v -0.116350 -0.591882 0.784366
v -0.038908 0.591883 0.791993
v -0.037445 0.630328 0.762216
v -0.035892 0.667256 0.730606
v -0.077722 0.591883 0.789128
v -0.074800 0.630328 0.759459
v -0.071698 0.667256 0.727963
v -0.116350 0.591882 0.784366
v -0.111975 0.630328 0.754875
v -0.107332 0.667256 0.723569
v -0.028856 -0.798062 0.587382
v -0.030730 -0.768057 0.625535
v -0.032531 -0.736204 0.662183
v -0.057643 -0.798062 0.585257
v -0.061387 -0.768056 0.623272
v -0.064983 -0.736204 0.659788
v -0.086291 -0.798062 0.581725
v -0.091896 -0.768056 0.619510
v -0.097280 -0.736204 0.655805
v -0.043790 0.424816 0.891367
v -0.042721 0.468376 0.869606
v -0.041549 0.510809 0.845752
v -0.087475 0.424816 0.888144
v -0.085339 0.468376 0.866461
v -0.082998 0.510809 0.842694
v -0.130949 0.424816 0.882783
v -0.127752 0.468376 0.861231
v -0.124248 0.510809 0.837607
v -0.020711 -0.898197 0.421585
v -0.022835 -0.876269 0.464814
v -0.024904 -0.852233 0.506925
v -0.041372 -0.898197 0.420060
v -0.045615 -0.876269 0.463133
v -0.049747 -0.852233 0.505091
v -0.061934 -0.898197 0.417525
v -0.068285 -0.876269 0.460338
v -0.074471 -0.852233 0.502043
v -0.046989 0.241423 0.956487
v -0.046355 0.288424 0.943577
v -0.045609 0.334732 0.928398
v -0.093865 0.241423 0.953028
v -0.092598 0.288424 0.940165
v -0.091109 0.334732 0.925040
v -0.140515 0.241423 0.947276
v -0.138619 0.288424 0.934490
v -0.136389 0.334732 0.919457
v -0.177737 -0.667256 0.709565
v -0.185427 -0.630328 0.740265
v -0.192671 -0.591883 0.769184
v -0.212339 -0.667256 0.699988
v -0.221526 -0.630328 0.730274
v -0.230180 -0.591883 0.758803
v -0.246431 -0.667256 0.688727
v -0.257093 -0.630328 0.718525
v -0.267136 -0.591882 0.746595
v -0.192671 0.591883 0.769184
v -0.185427 0.630328 0.740265
v -0.177737 0.667256 0.709565
v -0.230180 0.591883 0.758803
v -0.221526 0.630328 0.730274
v -0.212339 0.667256 0.699988
v -0.267136 0.591882 0.746595
v -0.257093 0.630328 0.718525
v -0.246431 0.667256 0.688727
v -0.142894 -0.798062 0.570466
v -0.152176 -0.768057 0.607520
v -0.161091 -0.736204 0.643112
v -0.170713 -0.798062 0.562766
v -0.181802 -0.768056 0.599320
v -0.192453 -0.736204 0.634432
v -0.198122 -0.798062 0.553712
v -0.210991 -0.768056 0.589678
v -0.223352 -0.736204 0.624226
v -0.216846 0.424816 0.865697
v -0.211552 0.468376 0.844562
v -0.205749 0.510809 0.821396
v -0.259062 0.424816 0.854013
v -0.252737 0.468376 0.833163
v -0.245805 0.510809 0.810309
v -0.300655 0.424816 0.840274
v -0.293315 0.468376 0.819760
v -0.285269 0.510809 0.797273
v -0.102560 -0.898197 0.409444
v -0.113077 -0.876269 0.451428
v -0.123321 -0.852233 0.492326
v -0.122527 -0.898197 0.403918
v -0.135091 -0.876269 0.445335
v -0.147330 -0.852233 0.485681
v -0.142199 -0.898197 0.397420
v -0.156780 -0.876269 0.438171
v -0.170984 -0.852233 0.477868
v -0.232688 0.241423 0.928941
v -0.229547 0.288424 0.916404
v -0.225854 0.334732 0.901661
v -0.277988 0.241423 0.916403
v -0.274236 0.288424 0.904035
v -0.269824 0.334732 0.889491
v -0.322620 0.241423 0.901661
v -0.318265 0.288424 0.889491
v -0.313145 0.334732 0.875181
v -0.059157 -0.963479 0.235976
v -0.069891 -0.950707 0.278962
v -0.080844 -0.935499 0.322741
v -0.070731 -0.963441 0.233169
v -0.083514 -0.950696 0.275309
v -0.096585 -0.935498 0.318399
v -0.081914 -0.963479 0.229073
v -0.096871 -0.950707 0.270778
v -0.112086 -0.935499 0.313264
v -0.239588 0.048753 0.956487
v -0.238721 0.097389 0.953028
v -0.237280 0.145791 0.947275
v -0.286231 0.048753 0.943577
v -0.285196 0.097389 0.940164
v -0.283475 0.145791 0.934490
v -0.332186 0.048753 0.928397
v -0.330985 0.097389 0.925040
v -0.328987 0.145791 0.919456
v -0.039476 0.985270 0.130136
v -0.039368 0.981342 0.155795
v -0.031617 0.986701 0.120361
v -0.026961 0.990311 0.088877
v -0.040580 0.986702 0.117642
v -0.053822 0.981342 0.151410
v -0.047391 0.981055 0.156226
v -0.039476 -0.985270 0.130136
v -0.026961 -0.990311 0.088877
v -0.031617 -0.986702 0.120361
v -0.039368 -0.981342 0.155795
v -0.047391 -0.981055 0.156226
v -0.053822 -0.981342 0.151410
v -0.040580 -0.986701 0.117642
v -0.237280 -0.145791 0.947276
v -0.238721 -0.097389 0.953027
v -0.239588 -0.048753 0.956487
v -0.283475 -0.145791 0.934490
v -0.285196 -0.097389 0.940164
v -0.286231 -0.048753 0.943577
v -0.328987 -0.145791 0.919456
v -0.330985 -0.097389 0.925040
v -0.332186 -0.048753 0.928397
v -0.080844 0.935499 0.322741
v -0.069891 0.950707 0.278962
v -0.059157 0.963479 0.235976
v -0.096585 0.935498 0.318399
v -0.083514 0.950696 0.275309
v -0.070731 0.963441 0.233169
v -0.112086 0.935499 0.313264
v -0.096871 0.950707 0.270778
v -0.081914 0.963478 0.229073
v -0.225854 -0.334732 0.901661
v -0.229547 -0.288424 0.916403
v -0.232688 -0.241423 0.928941
v -0.269824 -0.334732 0.889491
v -0.274236 -0.288424 0.904035
v -0.277988 -0.241423 0.916403
v -0.313145 -0.334732 0.875181
v -0.318265 -0.288424 0.889491
v -0.322620 -0.241423 0.901661
v -0.123321 0.852233 0.492326
v -0.113077 0.876269 0.451428
v -0.102560 0.898197 0.409444
v -0.147330 0.852233 0.485681
v -0.135091 0.876269 0.445335
v -0.122527 0.898198 0.403918
v -0.170984 0.852233 0.477867
v -0.156780 0.876269 0.438171
v -0.142199 0.898197 0.397420
v -0.205749 -0.510809 0.821396
v -0.211552 -0.468376 0.844562
v -0.216846 -0.424816 0.865697
v -0.245805 -0.510809 0.810309
v -0.252737 -0.468376 0.833163
v -0.259062 -0.424816 0.854013
v -0.285269 -0.510809 0.797273
v -0.293315 -0.468376 0.819760
v -0.300655 -0.424816 0.840274
v -0.161091 0.736204 0.643112
v -0.152176 0.768056 0.607520
v -0.142894 0.798062 0.570466
v -0.192453 0.736204 0.634432
v -0.181802 0.768056 0.599320
v -0.170713 0.798062 0.562766
v -0.223352 0.736204 0.624226
v -0.210991 0.768057 0.589678
v -0.198122 0.798061 0.553713
v -0.064106 0.985270 0.119934
v -0.069005 0.981342 0.145121
v -0.054491 0.986701 0.111880
v -0.043782 0.990311 0.081910
v -0.062751 0.986702 0.107465
v -0.082326 0.981342 0.138001
v -0.076958 0.981055 0.143979
v -0.064106 -0.985270 0.119934
v -0.043782 -0.990311 0.081910
v -0.054491 -0.986702 0.111880
v -0.069005 -0.981342 0.145121
v -0.076958 -0.981055 0.143979
v -0.082326 -0.981342 0.138001
v -0.062751 -0.986702 0.107465
v -0.417525 -0.145791 0.882783
v -0.420060 -0.097389 0.888143
v -0.421585 -0.048753 0.891367
v -0.460338 -0.145791 0.861231
v -0.463133 -0.097389 0.866460
v -0.464814 -0.048753 0.869606
v -0.502043 -0.145791 0.837607
v -0.505091 -0.097389 0.842693
v -0.506925 -0.048753 0.845752
v -0.142255 0.935499 0.300768
v -0.122971 0.950707 0.259967
v -0.104057 0.963479 0.219901
v -0.156846 0.935498 0.293438
v -0.135620 0.950696 0.253726
v -0.114861 0.963441 0.214889
v -0.171047 0.935499 0.285378
v -0.147836 0.950707 0.246676
v -0.125030 0.963478 0.208691
v -0.397420 -0.334732 0.840274
v -0.403918 -0.288424 0.854013
v -0.409444 -0.241423 0.865697
v -0.438171 -0.334732 0.819760
v -0.445335 -0.288424 0.833163
v -0.451428 -0.241423 0.844562
v -0.477868 -0.334732 0.797273
v -0.485681 -0.288424 0.810309
v -0.492326 -0.241423 0.821396
v -0.217000 0.852233 0.458807
v -0.198973 0.876269 0.420694
v -0.180468 0.898197 0.381568
v -0.239250 0.852233 0.447606
v -0.219376 0.876269 0.410423
v -0.198973 0.898198 0.372253
v -0.260926 0.852233 0.435328
v -0.239250 0.876269 0.399165
v -0.217000 0.898197 0.362042
v -0.362042 -0.510809 0.765473
v -0.372253 -0.468376 0.787063
v -0.381568 -0.424816 0.806758
v -0.399165 -0.510809 0.746785
v -0.410423 -0.468376 0.767847
v -0.420694 -0.424816 0.787063
v -0.435328 -0.510809 0.726301
v -0.447606 -0.468376 0.746785
v -0.458807 -0.424816 0.765473
v -0.283461 0.736204 0.599328
v -0.267773 0.768056 0.566158
v -0.251441 0.798062 0.531627
v -0.312527 0.736204 0.584696
v -0.295230 0.768056 0.552336
v -0.277223 0.798062 0.518648
v -0.340841 0.736204 0.568658
v -0.321977 0.768057 0.537186
v -0.302339 0.798061 0.504421
v -0.312751 -0.667256 0.661256
v -0.326282 -0.630328 0.689866
v -0.339029 -0.591883 0.716817
v -0.344820 -0.667256 0.645112
v -0.359739 -0.630328 0.673024
v -0.373792 -0.591883 0.699316
v -0.376059 -0.667256 0.627417
v -0.392330 -0.630328 0.654563
v -0.407657 -0.591882 0.680134
v -0.339029 0.591883 0.716817
v -0.326282 0.630328 0.689866
v -0.312751 0.667256 0.661256
v -0.373792 0.591883 0.699316
v -0.359739 0.630328 0.673024
v -0.344820 0.667256 0.645112
v -0.407657 0.591882 0.680134
v -0.392330 0.630328 0.654563
v -0.376059 0.667256 0.627417
v -0.251441 -0.798062 0.531627
v -0.267773 -0.768057 0.566158
v -0.283461 -0.736204 0.599328
v -0.277223 -0.798062 0.518648
v -0.295230 -0.768056 0.552336
v -0.312527 -0.736204 0.584696
v -0.302339 -0.798062 0.504421
v -0.321977 -0.768056 0.537186
v -0.340841 -0.736204 0.568658
v -0.381568 0.424816 0.806758
v -0.372253 0.468376 0.787063
v -0.362042 0.510809 0.765473
v -0.420694 0.424816 0.787063
v -0.410423 0.468376 0.767847
v -0.399165 0.510809 0.746785
v -0.458807 0.424816 0.765473
v -0.447606 0.468376 0.746785
v -0.435328 0.510809 0.726301
v -0.180468 -0.898197 0.381568
v -0.198973 -0.876269 0.420694
v -0.217000 -0.852233 0.458807
v -0.198973 -0.898197 0.372253
v -0.219376 -0.876269 0.410423
v -0.239250 -0.852233 0.447606
v -0.217000 -0.898197 0.362042
v -0.239250 -0.876269 0.399165
v -0.260926 -0.852233 0.435328
v -0.409444 0.241423 0.865697
v -0.403918 0.288424 0.854013
v -0.397420 0.334732 0.840274
v -0.451428 0.241423 0.844562
v -0.445335 0.288424 0.833163
v -0.438171 0.334732 0.819760
v -0.492326 0.241423 0.821396
v -0.485681 0.288424 0.810309
v -0.477868 0.334732 0.797273
v -0.104057 -0.963479 0.219901
v -0.122971 -0.950707 0.259967
v -0.142255 -0.935499 0.300768
v -0.114861 -0.963441 0.214889
v -0.135620 -0.950696 0.253726
v -0.156846 -0.935498 0.293439
v -0.125030 -0.963479 0.208691
v -0.147836 -0.950707 0.246676
v -0.171047 -0.935499 0.285378
v -0.421585 0.048753 0.891367
v -0.420060 0.097389 0.888143
v -0.417525 0.145791 0.882783
v -0.464814 0.048753 0.869606
v -0.463133 0.097389 0.866460
v -0.460338 0.145791 0.861231
v -0.506925 0.048753 0.845752
v -0.505091 0.097389 0.842693
v -0.502043 0.145791 0.837607
v -0.472358 0.591883 0.636902
v -0.454599 0.630328 0.612956
v -0.435746 0.667256 0.587536
v -0.503040 0.591883 0.612956
v -0.484127 0.630328 0.589910
v -0.464049 0.667256 0.565446
v -0.532511 0.591882 0.587535
v -0.512490 0.630328 0.565446
v -0.491237 0.667256 0.541996
v -0.350325 -0.798062 0.472358
v -0.373080 -0.768057 0.503040
v -0.394937 -0.736204 0.532511
v -0.373080 -0.798062 0.454599
v -0.397313 -0.768056 0.484127
v -0.420590 -0.736204 0.512490
v -0.394937 -0.798062 0.435746
v -0.420590 -0.768056 0.464049
v -0.445231 -0.736204 0.491236
v -0.531627 0.424816 0.716817
v -0.518648 0.468376 0.699317
v -0.504422 0.510809 0.680134
v -0.566158 0.424816 0.689866
v -0.552336 0.468376 0.673024
v -0.537186 0.510809 0.654563
v -0.599328 0.424816 0.661256
v -0.584696 0.468376 0.645112
v -0.568658 0.510809 0.627417
v -0.251441 -0.898197 0.339029
v -0.277223 -0.876269 0.373792
v -0.302339 -0.852233 0.407657
v -0.267773 -0.898197 0.326282
v -0.295230 -0.876269 0.359739
v -0.321977 -0.852233 0.392330
v -0.283461 -0.898197 0.312751
v -0.312527 -0.876269 0.344820
v -0.340841 -0.852233 0.376059
v -0.570466 0.241423 0.769184
v -0.562766 0.288424 0.758803
v -0.553713 0.334732 0.746595
v -0.607520 0.241423 0.740265
v -0.599320 0.288424 0.730273
v -0.589679 0.334732 0.718525
v -0.643112 0.241423 0.709565
v -0.634432 0.288424 0.699988
v -0.624226 0.334732 0.688727
v -0.144958 -0.963479 0.195375
v -0.171325 -0.950707 0.230982
v -0.198198 -0.935499 0.267236
v -0.154577 -0.963441 0.188352
v -0.182513 -0.950696 0.222393
v -0.211079 -0.935498 0.257201
v -0.163341 -0.963479 0.180289
v -0.193120 -0.950707 0.213095
v -0.223435 -0.935499 0.246525
v -0.587382 0.048753 0.791992
v -0.585257 0.097389 0.789128
v -0.581725 0.145791 0.784365
v -0.625535 0.048753 0.762216
v -0.623272 0.097389 0.759459
v -0.619510 0.145791 0.754875
v -0.662182 0.048753 0.730605
v -0.659788 0.097389 0.727963
v -0.655805 0.145791 0.723569
v -0.086272 0.985270 0.105123
v -0.095991 0.981342 0.128870
v -0.075271 0.986701 0.099099
v -0.058920 0.990311 0.071795
v -0.082511 0.986702 0.093158
v -0.107667 0.981342 0.119288
v -0.103569 0.981055 0.126199
v -0.086272 -0.985270 0.105123
v -0.058920 -0.990311 0.071795
v -0.075271 -0.986702 0.099099
v -0.095991 -0.981342 0.128870
v -0.103569 -0.981055 0.126199
v -0.107667 -0.981342 0.119288
v -0.082511 -0.986701 0.093158
v -0.581725 -0.145791 0.784365
v -0.585257 -0.097389 0.789128
v -0.587382 -0.048753 0.791993
v -0.619510 -0.145791 0.754875
v -0.623272 -0.097389 0.759459
v -0.625535 -0.048753 0.762216
v -0.655805 -0.145791 0.723569
v -0.659788 -0.097389 0.727963
v -0.662183 -0.048753 0.730605
v -0.198198 0.935499 0.267236
v -0.171325 0.950707 0.230982
v -0.144958 0.963479 0.195375
v -0.211079 0.935498 0.257201
v -0.182513 0.950696 0.222393
v -0.154577 0.963441 0.188352
v -0.223435 0.935499 0.246525
v -0.193120 0.950707 0.213095
v -0.163341 0.963478 0.180289
v -0.553713 -0.334732 0.746595
v -0.562766 -0.288424 0.758803
v -0.570466 -0.241423 0.769184
v -0.589679 -0.334732 0.718525
v -0.599320 -0.288424 0.730274
v -0.607520 -0.241423 0.740265
v -0.624226 -0.334732 0.688727
v -0.634432 -0.288424 0.699988
v -0.643112 -0.241423 0.709565
v -0.302339 0.852233 0.407657
v -0.277223 0.876269 0.373792
v -0.251441 0.898197 0.339029
v -0.321977 0.852233 0.392330
v -0.295230 0.876269 0.359739
v -0.267773 0.898198 0.326282
v -0.340841 0.852233 0.376059
v -0.312527 0.876269 0.344820
v -0.283461 0.898197 0.312751
v -0.504422 -0.510809 0.680134
v -0.518648 -0.468376 0.699317
v -0.531627 -0.424816 0.716817
v -0.537186 -0.510809 0.654563
v -0.552336 -0.468376 0.673024
v -0.566158 -0.424816 0.689866
v -0.568658 -0.510809 0.627417
v -0.584696 -0.468376 0.645112
v -0.599328 -0.424816 0.661256
v -0.394937 0.736204 0.532511
v -0.373080 0.768056 0.503040
v -0.350325 0.798062 0.472358
v -0.420590 0.736204 0.512490
v -0.397313 0.768056 0.484127
v -0.373080 0.798062 0.454599
v -0.445231 0.736204 0.491236
v -0.420590 0.768057 0.464049
v -0.394937 0.798061 0.435746
v -0.435746 -0.667256 0.587536
v -0.454599 -0.630328 0.612956
v -0.472358 -0.591883 0.636902
v -0.464049 -0.667256 0.565446
v -0.484127 -0.630328 0.589910
v -0.503040 -0.591883 0.612956
v -0.491237 -0.667256 0.541996
v -0.512490 -0.630328 0.565446
v -0.532512 -0.591882 0.587535
v -0.723569 -0.145791 0.655805
v -0.727963 -0.097389 0.659787
v -0.730605 -0.048753 0.662182
v -0.754875 -0.145791 0.619510
v -0.759459 -0.097389 0.623272
v -0.762216 -0.048753 0.625534
v -0.784365 -0.145791 0.581724
v -0.789128 -0.097389 0.585257
v -0.791993 -0.048753 0.587381
v -0.246525 0.935499 0.223435
v -0.213095 0.950707 0.193119
v -0.180289 0.963479 0.163341
v -0.257201 0.935498 0.211079
v -0.222393 0.950696 0.182513
v -0.188352 0.963441 0.154577
v -0.267236 0.935499 0.198198
v -0.230982 0.950707 0.171325
v -0.195375 0.963478 0.144958
v -0.688727 -0.334732 0.624226
v -0.699988 -0.288424 0.634432
v -0.709565 -0.241423 0.643112
v -0.718525 -0.334732 0.589678
v -0.730274 -0.288424 0.599320
v -0.740265 -0.241423 0.607520
v -0.746595 -0.334732 0.553713
v -0.758803 -0.288424 0.562766
v -0.769184 -0.241423 0.570466
v -0.376059 0.852233 0.340840
v -0.344820 0.876269 0.312526
v -0.312751 0.898197 0.283461
v -0.392330 0.852233 0.321977
v -0.359739 0.876269 0.295230
v -0.326282 0.898198 0.267773
v -0.407657 0.852233 0.302339
v -0.373792 0.876269 0.277223
v -0.339029 0.898197 0.251441
v -0.627417 -0.510809 0.568658
v -0.645112 -0.468376 0.584696
v -0.661256 -0.424816 0.599328
v -0.654563 -0.510809 0.537186
v -0.673024 -0.468376 0.552336
v -0.689866 -0.424816 0.566158
v -0.680134 -0.510809 0.504421
v -0.699317 -0.468376 0.518648
v -0.716817 -0.424816 0.531627
v -0.491236 0.736204 0.445231
v -0.464049 0.768056 0.420590
v -0.435746 0.798062 0.394937
v -0.512490 0.736204 0.420590
v -0.484127 0.768056 0.397313
v -0.454599 0.798062 0.373080
v -0.532511 0.736204 0.394937
v -0.503040 0.768057 0.373080
v -0.472358 0.798061 0.350325
v -0.541996 -0.667256 0.491236
v -0.565446 -0.630328 0.512490
v -0.587536 -0.591883 0.532511
v -0.565446 -0.667256 0.464049
v -0.589910 -0.630328 0.484127
v -0.612956 -0.591883 0.503040
v -0.587536 -0.667256 0.435746
v -0.612956 -0.630328 0.454599
v -0.636902 -0.591882 0.472358
v -0.587536 0.591883 0.532511
v -0.565446 0.630328 0.512490
v -0.541996 0.667256 0.491236
v -0.612956 0.591883 0.503040
v -0.589911 0.630328 0.484127
v -0.565446 0.667256 0.464049
v -0.636902 0.591882 0.472358
v -0.612956 0.630328 0.454599
v -0.587536 0.667256 0.435746
v -0.435746 -0.798062 0.394937
v -0.464049 -0.768057 0.420590
v -0.491237 -0.736204 0.445231
v -0.454599 -0.798062 0.373080
v -0.484127 -0.768056 0.397313
v -0.512490 -0.736204 0.420590
v -0.472358 -0.798062 0.350325
v -0.503040 -0.768056 0.373080
v -0.532511 -0.736204 0.394937
v -0.661256 0.424816 0.599328
v -0.645112 0.468376 0.584696
v -0.627417 0.510809 0.568658
v -0.689866 0.424816 0.566158
v -0.673024 0.468376 0.552336
v -0.654563 0.510809 0.537186
v -0.716817 0.424816 0.531627
v -0.699317 0.468376 0.518648
v -0.680134 0.510809 0.504421
v -0.312751 -0.898197 0.283461
v -0.344820 -0.876269 0.312526
v -0.376059 -0.852233 0.340840
v -0.326282 -0.898197 0.267773
v -0.359739 -0.876269 0.295230
v -0.392330 -0.852233 0.321977
v -0.339029 -0.898197 0.251441
v -0.373792 -0.876269 0.277223
v -0.407657 -0.852233 0.302339
v -0.709565 0.241423 0.643112
v -0.699988 0.288424 0.634432
v -0.688727 0.334732 0.624226
v -0.740265 0.241423 0.607520
v -0.730274 0.288424 0.599320
v -0.718525 0.334732 0.589678
v -0.769184 0.241423 0.570466
v -0.758803 0.288424 0.562766
v -0.746595 0.334732 0.553713
v -0.180289 -0.963479 0.163341
v -0.213095 -0.950707 0.193119
v -0.246525 -0.935499 0.223435
v -0.188352 -0.963441 0.154577
v -0.222393 -0.950696 0.182513
v -0.257201 -0.935498 0.211079
v -0.195375 -0.963479 0.144958
v -0.230982 -0.950707 0.171325
v -0.267236 -0.935499 0.198198
v -0.730605 0.048753 0.662182
v -0.727963 0.097389 0.659787
v -0.723569 0.145791 0.655805
v -0.762216 0.048753 0.625534
v -0.759459 0.097389 0.623272
v -0.754875 0.145791 0.619510
v -0.791993 0.048753 0.587381
v -0.789128 0.097389 0.585257
v -0.784366 0.145791 0.581724
v -0.105123 0.985270 0.086272
v -0.119288 0.981342 0.107667
v -0.093158 0.986701 0.082511
v -0.071795 0.990311 0.058920
v -0.099099 0.986702 0.075271
v -0.128870 0.981342 0.095991
v -0.126199 0.981055 0.103569
v -0.105123 -0.985270 0.086272
v -0.071795 -0.990311 0.058920
v -0.093158 -0.986702 0.082511
v -0.119288 -0.981342 0.107667
v -0.126199 -0.981055 0.103569
v -0.128870 -0.981342 0.095991
v -0.099099 -0.986701 0.075271
v -0.504422 -0.798062 0.302339
v -0.537186 -0.768057 0.321977
v -0.568658 -0.736204 0.340840
v -0.518648 -0.798062 0.277223
v -0.552336 -0.768056 0.295230
v -0.584696 -0.736204 0.312526
v -0.531627 -0.798062 0.251441
v -0.566159 -0.768056 0.267773
v -0.599328 -0.736204 0.283461
v -0.765473 0.424816 0.458807
v -0.746785 0.468376 0.447606
v -0.726301 0.510809 0.435328
v -0.787063 0.424816 0.420694
v -0.767847 0.468376 0.410423
v -0.746785 0.510809 0.399165
v -0.806758 0.424816 0.381568
v -0.787063 0.468376 0.372253
v -0.765473 0.510809 0.362042
v -0.362042 -0.898197 0.216999
v -0.399165 -0.876269 0.239250
v -0.435328 -0.852233 0.260926
v -0.372253 -0.898197 0.198973
v -0.410423 -0.876269 0.219376
v -0.447606 -0.852233 0.239250
v -0.381568 -0.898197 0.180468
v -0.420694 -0.876269 0.198973
v -0.458807 -0.852233 0.216999
v -0.821396 0.241423 0.492326
v -0.810309 0.288424 0.485681
v -0.797273 0.334732 0.477868
v -0.844562 0.241423 0.451428
v -0.833163 0.288424 0.445335
v -0.819760 0.334732 0.438171
v -0.865697 0.241423 0.409444
v -0.854013 0.288424 0.403918
v -0.840274 0.334732 0.397420
v -0.208691 -0.963479 0.125030
v -0.246676 -0.950707 0.147836
v -0.285378 -0.935499 0.171047
v -0.214889 -0.963441 0.114861
v -0.253726 -0.950696 0.135619
v -0.293438 -0.935498 0.156846
v -0.219901 -0.963479 0.104057
v -0.259967 -0.950707 0.122971
v -0.300768 -0.935499 0.142255
v -0.845752 0.048753 0.506924
v -0.842694 0.097389 0.505091
v -0.837607 0.145791 0.502042
v -0.869606 0.048753 0.464814
v -0.866461 0.097389 0.463133
v -0.861231 0.145791 0.460337
v -0.891367 0.048753 0.421585
v -0.888143 0.097389 0.420060
v -0.882783 0.145791 0.417525
v -0.119934 0.985270 0.064106
v -0.138001 0.981342 0.082326
v -0.107465 0.986701 0.062751
v -0.081910 0.990311 0.043782
v -0.111880 0.986702 0.054491
v -0.145121 0.981342 0.069005
v -0.143979 0.981055 0.076958
v -0.119934 -0.985270 0.064106
v -0.081910 -0.990311 0.043782
v -0.107465 -0.986702 0.062751
v -0.138001 -0.981342 0.082326
v -0.143979 -0.981055 0.076958
v -0.145121 -0.981342 0.069005
v -0.111880 -0.986701 0.054491
v -0.837607 -0.145791 0.502042
v -0.842693 -0.097389 0.505091
v -0.845752 -0.048753 0.506924
v -0.861231 -0.145791 0.460337
v -0.866461 -0.097389 0.463133
v -0.869606 -0.048753 0.464814
v -0.882783 -0.145791 0.417525
v -0.888143 -0.097389 0.420060
v -0.891367 -0.048753 0.421585
v -0.285378 0.935499 0.171047
v -0.246676 0.950707 0.147836
v -0.208691 0.963479 0.125030
v -0.293438 0.935498 0.156846
v -0.253726 0.950696 0.135619
v -0.214889 0.963441 0.114861
v -0.300768 0.935499 0.142255
v -0.259967 0.950707 0.122971
v -0.219901 0.963478 0.104057
v -0.797273 -0.334732 0.477867
v -0.810309 -0.288424 0.485681
v -0.821396 -0.241423 0.492326
v -0.819760 -0.334732 0.438171
v -0.833163 -0.288424 0.445335
v -0.844562 -0.241423 0.451428
v -0.840274 -0.334732 0.397420
v -0.854013 -0.288424 0.403918
v -0.865697 -0.241423 0.409444
v -0.435328 0.852233 0.260926
v -0.399165 0.876269 0.239250
v -0.362042 0.898197 0.216999
v -0.447606 0.852233 0.239250
v -0.410423 0.876269 0.219376
v -0.372253 0.898198 0.198973
v -0.458807 0.852233 0.216999
v -0.420694 0.876269 0.198973
v -0.381568 0.898197 0.180468
v -0.726301 -0.510809 0.435328
v -0.746785 -0.468376 0.447606
v -0.765473 -0.424816 0.458807
v -0.746785 -0.510809 0.399165
v -0.767847 -0.468376 0.410423
v -0.787063 -0.424816 0.420694
v -0.765473 -0.510809 0.362042
v -0.787063 -0.468376 0.372253
v -0.806758 -0.424816 0.381568
v -0.568658 0.736204 0.340840
v -0.537186 0.768056 0.321977
v -0.504422 0.798062 0.302339
v -0.584696 0.736204 0.312526
v -0.552336 0.768056 0.295230
v -0.518648 0.798062 0.277223
v -0.599328 0.736204 0.283461
v -0.566159 0.768057 0.267773
v -0.531627 0.798061 0.251441
v -0.627417 -0.667256 0.376059
v -0.654563 -0.630328 0.392330
v -0.680134 -0.591883 0.407657
v -0.645112 -0.667256 0.344820
v -0.673024 -0.630328 0.359739
v -0.699317 -0.591883 0.373792
v -0.661256 -0.667256 0.312751
v -0.689866 -0.630328 0.326282
v -0.716817 -0.591882 0.339029
v -0.680134 0.591883 0.407657
v -0.654563 0.630328 0.392330
v -0.627417 0.667256 0.376059
v -0.699317 0.591883 0.373792
v -0.673024 0.630328 0.359739
v -0.645112 0.667256 0.344820
v -0.716817 0.591882 0.339029
v -0.689866 0.630328 0.326282
v -0.661256 0.667256 0.312751
v -0.313264 0.935499 0.112086
v -0.270778 0.950707 0.096871
v -0.229073 0.963479 0.081914
v -0.318399 0.935498 0.096585
v -0.275309 0.950696 0.083514
v -0.233169 0.963441 0.070731
v -0.322741 0.935499 0.080844
v -0.278962 0.950707 0.069891
v -0.235976 0.963478 0.059157
v -0.875181 -0.334732 0.313145
v -0.889491 -0.288424 0.318265
v -0.901661 -0.241423 0.322619
v -0.889491 -0.334732 0.269824
v -0.904035 -0.288424 0.274236
v -0.916403 -0.241423 0.277988
v -0.901661 -0.334732 0.225854
v -0.916403 -0.288424 0.229547
v -0.928941 -0.241423 0.232687
v -0.477867 0.852233 0.170984
v -0.438171 0.876269 0.156780
v -0.397420 0.898197 0.142199
v -0.485681 0.852233 0.147330
v -0.445335 0.876269 0.135091
v -0.403918 0.898198 0.122527
v -0.492326 0.852233 0.123321
v -0.451428 0.876269 0.113077
v -0.409444 0.898197 0.102560
v -0.797273 -0.510809 0.285269
v -0.819760 -0.468376 0.293315
v -0.840274 -0.424816 0.300655
v -0.810309 -0.510809 0.245805
v -0.833163 -0.468376 0.252737
v -0.854013 -0.424816 0.259062
v -0.821396 -0.510809 0.205749
v -0.844562 -0.468376 0.211552
v -0.865697 -0.424816 0.216846
v -0.624226 0.736204 0.223352
v -0.589678 0.768056 0.210990
v -0.553713 0.798062 0.198122
v -0.634432 0.736204 0.192453
v -0.599320 0.768056 0.181802
v -0.562766 0.798062 0.170713
v -0.643112 0.736204 0.161091
v -0.607520 0.768057 0.152176
v -0.570466 0.798061 0.142894
v -0.688727 -0.667256 0.246430
v -0.718525 -0.630328 0.257093
v -0.746595 -0.591883 0.267136
v -0.699988 -0.667256 0.212339
v -0.730274 -0.630328 0.221526
v -0.758803 -0.591883 0.230180
v -0.709565 -0.667256 0.177736
v -0.740265 -0.630328 0.185426
v -0.769184 -0.591882 0.192670
v -0.746595 0.591883 0.267136
v -0.718525 0.630328 0.257093
v -0.688727 0.667256 0.246430
v -0.758803 0.591883 0.230180
v -0.730273 0.630328 0.221526
v -0.699988 0.667256 0.212339
v -0.769184 0.591882 0.192670
v -0.740265 0.630328 0.185426
v -0.709565 0.667256 0.177736
v -0.553713 -0.798062 0.198122
v -0.589678 -0.768057 0.210990
v -0.624226 -0.736204 0.223352
v -0.562766 -0.798062 0.170713
v -0.599320 -0.768056 0.181802
v -0.634432 -0.736204 0.192453
v -0.570466 -0.798062 0.142894
v -0.607520 -0.768056 0.152176
v -0.643112 -0.736204 0.161091
v -0.840274 0.424816 0.300655
v -0.819760 0.468376 0.293315
v -0.797273 0.510809 0.285269
v -0.854013 0.424816 0.259062
v -0.833163 0.468376 0.252737
v -0.810309 0.510809 0.245805
v -0.865697 0.424816 0.216846
v -0.844562 0.468376 0.211552
v -0.821396 0.510809 0.205749
v -0.397420 -0.898197 0.142199
v -0.438171 -0.876269 0.156780
v -0.477867 -0.852233 0.170984
v -0.403918 -0.898197 0.122527
v -0.445335 -0.876269 0.135091
v -0.485681 -0.852233 0.147330
v -0.409444 -0.898197 0.102560
v -0.451428 -0.876269 0.113077
v -0.492326 -0.852233 0.123321
v -0.901661 0.241423 0.322619
v -0.889491 0.288424 0.318265
v -0.875181 0.334732 0.313145
v -0.916403 0.241423 0.277988
v -0.904035 0.288424 0.274236
v -0.889491 0.334732 0.269824
v -0.928941 0.241423 0.232687
v -0.916403 0.288424 0.229547
v -0.901661 0.334732 0.225854
v -0.229073 -0.963479 0.081914
v -0.270778 -0.950707 0.096871
v -0.313264 -0.935499 0.112086
v -0.233169 -0.963441 0.070731
v -0.275309 -0.950696 0.083514
v -0.318399 -0.935498 0.096585
v -0.235976 -0.963479 0.059157
v -0.278962 -0.950707 0.069891
v -0.322741 -0.935499 0.080844
v -0.928397 0.048753 0.332186
v -0.925040 0.097389 0.330984
v -0.919456 0.145791 0.328987
v -0.943577 0.048753 0.286231
v -0.940165 0.097389 0.285195
v -0.934490 0.145791 0.283474
v -0.956487 0.048753 0.239587
v -0.953028 0.097389 0.238720
v -0.947275 0.145791 0.237280
v -0.130136 0.985270 0.039476
v -0.151410 0.981342 0.053822
v -0.117642 0.986701 0.040580
v -0.088877 0.990311 0.026961
v -0.120361 0.986702 0.031617
v -0.155795 0.981342 0.039368
v -0.156226 0.981055 0.047391
v -0.130136 -0.985270 0.039476
v -0.088877 -0.990311 0.026961
v -0.117642 -0.986702 0.040580
v -0.151410 -0.981342 0.053822
v -0.156226 -0.981055 0.047391
v -0.155795 -0.981342 0.039368
v -0.120361 -0.986701 0.031617
v -0.919456 -0.145791 0.328987
v -0.925040 -0.097389 0.330984
v -0.928397 -0.048753 0.332186
v -0.934490 -0.145791 0.283474
v -0.940164 -0.097389 0.285195
v -0.943577 -0.048753 0.286231
v -0.947276 -0.145791 0.237280
v -0.953028 -0.097389 0.238720
v -0.956487 -0.048753 0.239587
v -0.882783 0.424816 0.130949
v -0.861231 0.468376 0.127752
v -0.837607 0.510809 0.124247
v -0.888143 0.424816 0.087474
v -0.866461 0.468376 0.085339
v -0.842693 0.510809 0.082998
v -0.891367 0.424816 0.043790
v -0.869606 0.468376 0.042721
v -0.845752 0.510809 0.041549
v -0.417525 -0.898198 0.061934
v -0.460338 -0.876269 0.068285
v -0.502043 -0.852233 0.074471
v -0.420060 -0.898198 0.041372
v -0.463133 -0.876269 0.045615
v -0.505091 -0.852233 0.049747
v -0.421585 -0.898198 0.020711
v -0.464814 -0.876269 0.022835
v -0.506925 -0.852233 0.024903
v -0.947275 0.241423 0.140515
v -0.934490 0.288424 0.138619
v -0.919456 0.334732 0.136389
v -0.953028 0.241423 0.093865
v -0.940165 0.288424 0.092598
v -0.925040 0.334732 0.091108
v -0.956487 0.241423 0.046989
v -0.943577 0.288424 0.046355
v -0.928397 0.334732 0.045609
v -0.240652 -0.963479 0.035650
v -0.284474 -0.950707 0.042184
v -0.329112 -0.935499 0.048817
v -0.242487 -0.963441 0.023883
v -0.286312 -0.950696 0.028199
v -0.331124 -0.935498 0.032613
v -0.242983 -0.963479 0.011984
v -0.287237 -0.950708 0.014125
v -0.332312 -0.935499 0.016327
v -0.975365 0.048753 0.144682
v -0.971837 0.097389 0.144158
v -0.965971 0.145791 0.143288
v -0.981287 0.048753 0.096648
v -0.977738 0.097389 0.096298
v -0.971837 0.145791 0.095717
v -0.984849 0.048753 0.048382
v -0.981287 0.097389 0.048207
v -0.975365 0.145791 0.047916
v -0.135336 0.985270 0.013329
v -0.159001 0.981342 0.023249
v -0.123298 0.986701 0.016849
v -0.092429 0.990311 0.009103
v -0.124216 0.986701 0.007529
v -0.160481 0.981342 0.008217
v -0.162470 0.981055 0.016002
v -0.135336 -0.985270 0.013329
v -0.092429 -0.990311 0.009103
v -0.123298 -0.986702 0.016849
v -0.159001 -0.981342 0.023249
v -0.162470 -0.981055 0.016002
v -0.160481 -0.981342 0.008217
v -0.124216 -0.986701 0.007529
v -0.965971 -0.145791 0.143288
v -0.971837 -0.097389 0.144158
v -0.975365 -0.048753 0.144682
v -0.971837 -0.145791 0.095717
v -0.977738 -0.097389 0.096298
v -0.981287 -0.048753 0.096648
v -0.975365 -0.145791 0.047916
v -0.981287 -0.097389 0.048207
v -0.984849 -0.048753 0.048382
v -0.329112 0.935499 0.048817
v -0.284474 0.950707 0.042184
v -0.240652 0.963479 0.035650
v -0.331124 0.935498 0.032613
v -0.286312 0.950696 0.028199
v -0.242487 0.963441 0.023883
v -0.332312 0.935499 0.016327
v -0.287237 0.950707 0.014125
v -0.242983 0.963478 0.011984
v -0.919457 -0.334732 0.136389
v -0.934490 -0.288424 0.138619
v -0.947275 -0.241423 0.140515
v -0.925040 -0.334732 0.091108
v -0.940165 -0.288424 0.092598
v -0.953028 -0.241423 0.093865
v -0.928398 -0.334732 0.045609
v -0.943577 -0.288424 0.046355
v -0.956487 -0.241423 0.046989
v -0.502043 0.852233 0.074471
v -0.460337 0.876269 0.068285
v -0.417525 0.898197 0.061934
v -0.505091 0.852233 0.049747
v -0.463133 0.876269 0.045615
v -0.420060 0.898198 0.041372
v -0.506925 0.852233 0.024903
v -0.464814 0.876269 0.022835
v -0.421585 0.898197 0.020711
v -0.837607 -0.510809 0.124247
v -0.861231 -0.468376 0.127752
v -0.882783 -0.424816 0.130949
v -0.842693 -0.510809 0.082998
v -0.866461 -0.468376 0.085339
v -0.888143 -0.424816 0.087474
v -0.845752 -0.510809 0.041549
v -0.869606 -0.468376 0.042721
v -0.891367 -0.424816 0.043790
v -0.655805 0.736204 0.097280
v -0.619510 0.768056 0.091896
v -0.581725 0.798061 0.086291
v -0.659787 0.736204 0.064983
v -0.623272 0.768057 0.061387
v -0.585257 0.798061 0.057643
v -0.662182 0.736204 0.032531
v -0.625534 0.768056 0.030730
v -0.587381 0.798061 0.028856
v -0.723569 -0.667256 0.107331
v -0.754875 -0.630328 0.111975
v -0.784365 -0.591882 0.116350
v -0.727963 -0.667256 0.071698
v -0.759459 -0.630328 0.074800
v -0.789128 -0.591882 0.077722
v -0.730605 -0.667256 0.035892
v -0.762216 -0.630328 0.037445
v -0.791993 -0.591882 0.038908
v -0.784366 0.591882 0.116350
v -0.754875 0.630328 0.111975
v -0.723569 0.667256 0.107331
v -0.789128 0.591883 0.077722
v -0.759459 0.630328 0.074800
v -0.727963 0.667256 0.071698
v -0.791993 0.591883 0.038908
v -0.762216 0.630328 0.037445
v -0.730605 0.667256 0.035892
v -0.581725 -0.798061 0.086291
v -0.619510 -0.768056 0.091896
v -0.655805 -0.736204 0.097280
v -0.585257 -0.798061 0.057643
v -0.623272 -0.768057 0.061387
v -0.659788 -0.736204 0.064983
v -0.587381 -0.798061 0.028856
v -0.625534 -0.768056 0.030730
v -0.662182 -0.736204 0.032531
v -0.928398 -0.334732 -0.045609
v -0.943577 -0.288424 -0.046355
v -0.956487 -0.241423 -0.046989
v -0.925040 -0.334732 -0.091109
v -0.940165 -0.288424 -0.092598
v -0.953028 -0.241423 -0.093865
v -0.919457 -0.334732 -0.136389
v -0.934490 -0.288424 -0.138619
v -0.947275 -0.241423 -0.140515
v -0.506925 0.852233 -0.024904
v -0.464814 0.876269 -0.022835
v -0.421585 0.898198 -0.020711
v -0.505091 0.852233 -0.049747
v -0.463133 0.876269 -0.045615
v -0.420060 0.898198 -0.041372
v -0.502043 0.852233 -0.074471
v -0.460337 0.876269 -0.068285
v -0.417525 0.898198 -0.061934
v -0.845752 -0.510809 -0.041549
v -0.869606 -0.468376 -0.042721
v -0.891367 -0.424816 -0.043790
v -0.842693 -0.510809 -0.082998
v -0.866461 -0.468376 -0.085339
v -0.888143 -0.424816 -0.087475
v -0.837607 -0.510809 -0.124248
v -0.861231 -0.468376 -0.127752
v -0.882783 -0.424816 -0.130949
v -0.662182 0.736204 -0.032531
v -0.625534 0.768056 -0.030730
v -0.587381 0.798061 -0.028856
v -0.659787 0.736204 -0.064983
v -0.623272 0.768056 -0.061387
v -0.585257 0.798062 -0.057643
v -0.655805 0.736204 -0.097280
v -0.619510 0.768057 -0.091896
v -0.581725 0.798061 -0.086291
v -0.730605 -0.667256 -0.035892
v -0.762216 -0.630328 -0.037445
v -0.791993 -0.591883 -0.038908
v -0.727963 -0.667256 -0.071698
v -0.759459 -0.630328 -0.074800
v -0.789128 -0.591883 -0.077722
v -0.723569 -0.667256 -0.107332
v -0.754875 -0.630328 -0.111975
v -0.784365 -0.591882 -0.116350
v -0.791993 0.591883 -0.038908
v -0.762216 0.630328 -0.037445
v -0.730605 0.667256 -0.035892
v -0.789128 0.591882 -0.077722
v -0.759459 0.630328 -0.074800
v -0.727963 0.667256 -0.071698
v -0.784365 0.591882 -0.116350
v -0.754875 0.630328 -0.111975
v -0.723569 0.667256 -0.107332
v -0.587381 -0.798061 -0.028856
v -0.625534 -0.768056 -0.030730
v -0.662182 -0.736204 -0.032531
v -0.585257 -0.798061 -0.057643
v -0.623272 -0.768057 -0.061387
v -0.659787 -0.736204 -0.064983
v -0.581725 -0.798061 -0.086291
v -0.619510 -0.768056 -0.091896
v -0.655805 -0.736204 -0.097280
v -0.891367 0.424816 -0.043790
v -0.869606 0.468376 -0.042721
v -0.845752 0.510809 -0.041549
v -0.888143 0.424816 -0.087475
v -0.866461 0.468376 -0.085339
v -0.842693 0.510809 -0.082998
v -0.882783 0.424816 -0.130949
v -0.861231 0.468376 -0.127752
v -0.837607 0.510809 -0.124248
v -0.421585 -0.898198 -0.020711
v -0.464814 -0.876269 -0.022835
v -0.506925 -0.852233 -0.024904
v -0.420060 -0.898198 -0.041372
v -0.463133 -0.876269 -0.045615
v -0.505091 -0.852233 -0.049747
v -0.417525 -0.898197 -0.061934
v -0.460337 -0.876269 -0.068285
v -0.502043 -0.852233 -0.074471
v -0.956487 0.241423 -0.046989
v -0.943577 0.288424 -0.046355
v -0.928398 0.334732 -0.045609
v -0.953028 0.241423 -0.093865
v -0.940165 0.288424 -0.092598
v -0.925040 0.334732 -0.091109
v -0.947275 0.241423 -0.140516
v -0.934490 0.288424 -0.138619
v -0.919457 0.334732 -0.136389
v -0.242983 -0.963479 -0.011984
v -0.287237 -0.950708 -0.014125
v -0.332312 -0.935499 -0.016327
v -0.242487 -0.963441 -0.023883
v -0.286312 -0.950696 -0.028199
v -0.331124 -0.935498 -0.032613
v -0.240652 -0.963479 -0.035650
v -0.284474 -0.950707 -0.042184
v -0.329112 -0.935499 -0.048818
v -0.984849 0.048753 -0.048383
v -0.981287 0.097389 -0.048208
v -0.975365 0.145791 -0.047917
v -0.981287 0.048753 -0.096649
v -0.977738 0.097389 -0.096299
v -0.971837 0.145791 -0.095718
v -0.975365 0.048753 -0.144682
v -0.971837 0.097389 -0.144159
v -0.965971 0.145791 -0.143289
v -0.135336 0.985270 -0.013329
v -0.160481 0.981342 -0.008217
v -0.124216 0.986701 -0.007529
v -0.092429 0.990311 -0.009104
v -0.123298 0.986701 -0.016849
v -0.159001 0.981342 -0.023249
v -0.162470 0.981055 -0.016002
v -0.135336 -0.985270 -0.013329
v -0.092429 -0.990311 -0.009104
v -0.124216 -0.986702 -0.007529
v -0.160481 -0.981342 -0.008217
v -0.162470 -0.981055 -0.016002
v -0.159001 -0.981342 -0.023249
v -0.123298 -0.986701 -0.016849
v -0.975365 -0.145791 -0.047917
v -0.981287 -0.097389 -0.048208
v -0.984849 -0.048753 -0.048383
v -0.971837 -0.145791 -0.095718
v -0.977738 -0.097389 -0.096299
v -0.981287 -0.048753 -0.096649
v -0.965971 -0.145791 -0.143289
v -0.971837 -0.097389 -0.144159
v -0.975365 -0.048753 -0.144682
v -0.332312 0.935499 -0.016327
v -0.287237 0.950707 -0.014125
v -0.242983 0.963479 -0.011984
v -0.331124 0.935498 -0.032613
v -0.286312 0.950696 -0.028199
v -0.242487 0.963441 -0.023883
v -0.329112 0.935499 -0.048818
v -0.284473 0.950707 -0.042184
v -0.240652 0.963478 -0.035650
v -0.409444 -0.898197 -0.102560
v -0.451428 -0.876269 -0.113077
v -0.492326 -0.852233 -0.123321
v -0.403917 -0.898197 -0.122527
v -0.445335 -0.876269 -0.135091
v -0.485681 -0.852233 -0.147330
v -0.397420 -0.898197 -0.142199
v -0.438170 -0.876269 -0.156780
v -0.477867 -0.852233 -0.170984
v -0.928941 0.241423 -0.232688
v -0.916403 0.288424 -0.229547
v -0.901661 0.334732 -0.225854
v -0.916403 0.241423 -0.277988
v -0.904034 0.288424 -0.274236
v -0.889491 0.334732 -0.269824
v -0.901661 0.241423 -0.322620
v -0.889491 0.288424 -0.318265
v -0.875181 0.334732 -0.313145
v -0.235976 -0.963479 -0.059157
v -0.278962 -0.950707 -0.069891
v -0.322741 -0.935499 -0.080844
v -0.233169 -0.963441 -0.070731
v -0.275309 -0.950696 -0.083514
v -0.318399 -0.935498 -0.096585
v -0.229073 -0.963479 -0.081914
v -0.270778 -0.950707 -0.096871
v -0.313264 -0.935499 -0.112086
v -0.956487 0.048753 -0.239588
v -0.953027 0.097389 -0.238721
v -0.947275 0.145791 -0.237280
v -0.943577 0.048753 -0.286231
v -0.940164 0.097389 -0.285196
v -0.934490 0.145791 -0.283475
v -0.928397 0.048753 -0.332186
v -0.925039 0.097389 -0.330985
v -0.919456 0.145791 -0.328987
v -0.130136 0.985270 -0.039476
v -0.155795 0.981342 -0.039368
v -0.120361 0.986701 -0.031617
v -0.088877 0.990311 -0.026961
v -0.117642 0.986701 -0.040580
v -0.151410 0.981342 -0.053822
v -0.156226 0.981055 -0.047391
v -0.130135 -0.985270 -0.039476
v -0.088877 -0.990311 -0.026961
v -0.120361 -0.986702 -0.031617
v -0.155795 -0.981342 -0.039368
v -0.156226 -0.981055 -0.047391
v -0.151410 -0.981342 -0.053822
v -0.117642 -0.986701 -0.040580
v -0.947275 -0.145791 -0.237280
v -0.953027 -0.097389 -0.238721
v -0.956487 -0.048753 -0.239588
v -0.934490 -0.145791 -0.283475
v -0.940164 -0.097389 -0.285196
v -0.943577 -0.048753 -0.286231
v -0.919456 -0.145791 -0.328987
v -0.925039 -0.097389 -0.330985
v -0.928397 -0.048753 -0.332186
v -0.322741 0.935499 -0.080844
v -0.278962 0.950707 -0.069891
v -0.235976 0.963479 -0.059157
v -0.318399 0.935498 -0.096585
v -0.275309 0.950696 -0.083514
v -0.233169 0.963441 -0.070731
v -0.313264 0.935499 -0.112086
v -0.270778 0.950707 -0.096871
v -0.229073 0.963479 -0.081914
v -0.901661 -0.334732 -0.225854
v -0.916403 -0.288424 -0.229547
v -0.928941 -0.241423 -0.232688
v -0.889491 -0.334732 -0.269824
v -0.904034 -0.288424 -0.274236
v -0.916403 -0.241423 -0.277988
v -0.875181 -0.334732 -0.313145
v -0.889491 -0.288424 -0.318265
v -0.901661 -0.241423 -0.322620
v -0.492326 0.852233 -0.123321
v -0.451428 0.876269 -0.113077
v -0.409444 0.898197 -0.102560
v -0.485681 0.852233 -0.147330
v -0.445335 0.876269 -0.135091
v -0.403917 0.898198 -0.122527
v -0.477867 0.852233 -0.170984
v -0.438170 0.876269 -0.156780
v -0.397420 0.898197 -0.142199
v -0.821396 -0.510809 -0.205749
v -0.844562 -0.468376 -0.211552
v -0.865697 -0.424816 -0.216846
v -0.810309 -0.510809 -0.245805
v -0.833163 -0.468376 -0.252737
v -0.854012 -0.424816 -0.259062
v -0.797273 -0.510809 -0.285269
v -0.819759 -0.468376 -0.293315
v -0.840274 -0.424816 -0.300655
v -0.643112 0.736204 -0.161091
v -0.607520 0.768056 -0.152176
v -0.570466 0.798062 -0.142894
v -0.634432 0.736204 -0.192453
v -0.599320 0.768056 -0.181802
v -0.562766 0.798062 -0.170713
v -0.624226 0.736204 -0.223352
v -0.589678 0.768057 -0.210991
v -0.553712 0.798061 -0.198122
v -0.709565 -0.667256 -0.177737
v -0.740265 -0.630328 -0.185427
v -0.769184 -0.591883 -0.192671
v -0.699988 -0.667256 -0.212339
v -0.730273 -0.630328 -0.221526
v -0.758802 -0.591883 -0.230180
v -0.688727 -0.667256 -0.246431
v -0.718525 -0.630328 -0.257093
v -0.746595 -0.591882 -0.267136
v -0.769184 0.591883 -0.192671
v -0.740265 0.630328 -0.185427
v -0.709565 0.667256 -0.177737
v -0.758802 0.591883 -0.230180
v -0.730273 0.630328 -0.221526
v -0.699988 0.667256 -0.212339
v -0.746595 0.591882 -0.267136
v -0.718525 0.630328 -0.257093
v -0.688727 0.667256 -0.246431
v -0.570466 -0.798062 -0.142894
v -0.607520 -0.768057 -0.152176
v -0.643112 -0.736204 -0.161091
v -0.562766 -0.798062 -0.170713
v -0.599320 -0.768056 -0.181802
v -0.634432 -0.736204 -0.192453
v -0.553712 -0.798062 -0.198122
v -0.589678 -0.768056 -0.210991
v -0.624226 -0.736204 -0.223352
v -0.865697 0.424816 -0.216846
v -0.844562 0.468376 -0.211552
v -0.821396 0.510809 -0.205749
v -0.854013 0.424816 -0.259062
v -0.833163 0.468376 -0.252737
v -0.810309 0.510809 -0.245805
v -0.840274 0.424816 -0.300655
v -0.819759 0.468376 -0.293315
v -0.797273 0.510809 -0.285269
v -0.765473 -0.510809 -0.362042
v -0.787062 -0.468376 -0.372253
v -0.806758 -0.424816 -0.381568
v -0.746785 -0.510809 -0.399165
v -0.767847 -0.468376 -0.410423
v -0.787062 -0.424816 -0.420694
v -0.726300 -0.510809 -0.435328
v -0.746785 -0.468376 -0.447606
v -0.765473 -0.424816 -0.458807
v -0.599328 0.736204 -0.283461
v -0.566158 0.768056 -0.267773
v -0.531627 0.798062 -0.251441
v -0.584696 0.736204 -0.312527
v -0.552336 0.768056 -0.295230
v -0.518648 0.798062 -0.277223
v -0.568658 0.736204 -0.340841
v -0.537186 0.768057 -0.321977
v -0.504421 0.798061 -0.302339
v -0.661256 -0.667256 -0.312751
v -0.689866 -0.630328 -0.326282
v -0.716816 -0.591883 -0.339029
v -0.645112 -0.667256 -0.344820
v -0.673024 -0.630328 -0.359739
v -0.699316 -0.591883 -0.373792
v -0.627417 -0.667256 -0.376059
v -0.654563 -0.630328 -0.392330
v -0.680134 -0.591882 -0.407657
v -0.716816 0.591883 -0.339029
v -0.689866 0.630328 -0.326282
v -0.661256 0.667256 -0.312751
v -0.699316 0.591883 -0.373793
v -0.673024 0.630328 -0.359739
v -0.645112 0.667256 -0.344820
v -0.680134 0.591882 -0.407657
v -0.654563 0.630328 -0.392330
v -0.627417 0.667256 -0.376059
v -0.531627 -0.798062 -0.251441
v -0.566158 -0.768057 -0.267773
v -0.599328 -0.736204 -0.283461
v -0.518648 -0.798062 -0.277223
v -0.552336 -0.768056 -0.295230
v -0.584696 -0.736204 -0.312527
v -0.504421 -0.798062 -0.302339
v -0.537186 -0.768056 -0.321977
v -0.568658 -0.736204 -0.340841
v -0.806758 0.424816 -0.381568
v -0.787062 0.468376 -0.372253
v -0.765473 0.510809 -0.362042
v -0.787062 0.424816 -0.420694
v -0.767847 0.468376 -0.410423
v -0.746785 0.510809 -0.399165
v -0.765473 0.424816 -0.458807
v -0.746785 0.468376 -0.447606
v -0.726301 0.510809 -0.435328
v -0.381568 -0.898197 -0.180468
v -0.420693 -0.876269 -0.198973
v -0.458807 -0.852233 -0.217000
v -0.372252 -0.898197 -0.198973
v -0.410423 -0.876269 -0.219376
v -0.447606 -0.852233 -0.239250
v -0.362041 -0.898197 -0.217000
v -0.399165 -0.876269 -0.239250
v -0.435328 -0.852233 -0.260926
v -0.865697 0.241423 -0.409444
v -0.854012 0.288424 -0.403918
v -0.840274 0.334732 -0.397420
v -0.844562 0.241423 -0.451428
v -0.833163 0.288424 -0.445335
v -0.819759 0.334732 -0.438171
v -0.821395 0.241423 -0.492326
v -0.810309 0.288424 -0.485681
v -0.797273 0.334732 -0.477868
v -0.219901 -0.963479 -0.104057
v -0.259967 -0.950707 -0.122971
v -0.300768 -0.935499 -0.142255
v -0.214889 -0.963441 -0.114861
v -0.253726 -0.950696 -0.135620
v -0.293438 -0.935498 -0.156846
v -0.208691 -0.963479 -0.125030
v -0.246676 -0.950707 -0.147836
v -0.285378 -0.935499 -0.171047
v -0.891367 0.048753 -0.421585
v -0.888143 0.097389 -0.420060
v -0.882783 0.145791 -0.417525
v -0.869605 0.048753 -0.464814
v -0.866460 0.097389 -0.463133
v -0.861231 0.145791 -0.460338
v -0.845752 0.048753 -0.506925
v -0.842693 0.097389 -0.505091
v -0.837607 0.145791 -0.502043
v -0.119934 0.985270 -0.064106
v -0.145121 0.981342 -0.069005
v -0.111880 0.986701 -0.054491
v -0.081910 0.990311 -0.043782
v -0.107465 0.986701 -0.062751
v -0.138001 0.981342 -0.082326
v -0.143979 0.981055 -0.076958
v -0.119934 -0.985270 -0.064106
v -0.081910 -0.990311 -0.043782
v -0.111880 -0.986702 -0.054491
v -0.145121 -0.981342 -0.069005
v -0.143979 -0.981055 -0.076958
v -0.138001 -0.981342 -0.082326
v -0.107465 -0.986702 -0.062751
v -0.882783 -0.145791 -0.417525
v -0.888143 -0.097389 -0.420061
v -0.891367 -0.048753 -0.421585
v -0.861231 -0.145791 -0.460338
v -0.866460 -0.097389 -0.463133
v -0.869605 -0.048753 -0.464814
v -0.837607 -0.145791 -0.502043
v -0.842693 -0.097389 -0.505091
v -0.845752 -0.048753 -0.506925
v -0.300768 0.935499 -0.142255
v -0.259967 0.950707 -0.122971
v -0.219901 0.963479 -0.104057
v -0.293438 0.935498 -0.156846
v -0.253726 0.950696 -0.135619
v -0.214889 0.963441 -0.114861
v -0.285378 0.935499 -0.171047
v -0.246676 0.950707 -0.147836
v -0.208691 0.963478 -0.125030
v -0.840273 -0.334732 -0.397420
v -0.854012 -0.288424 -0.403918
v -0.865697 -0.241423 -0.409444
v -0.819759 -0.334732 -0.438171
v -0.833163 -0.288424 -0.445335
v -0.844562 -0.241423 -0.451428
v -0.797273 -0.334732 -0.477868
v -0.810309 -0.288424 -0.485681
v -0.821395 -0.241423 -0.492326
v -0.458807 0.852233 -0.217000
v -0.420693 0.876269 -0.198973
v -0.381568 0.898197 -0.180468
v -0.447606 0.852233 -0.239250
v -0.410423 0.876269 -0.219376
v -0.372252 0.898198 -0.198973
v -0.435328 0.852233 -0.260926
v -0.399165 0.876269 -0.239250
v -0.362041 0.898197 -0.217000
v -0.195375 -0.963479 -0.144958
v -0.230982 -0.950707 -0.171325
v -0.267236 -0.935499 -0.198198
v -0.188352 -0.963441 -0.154577
v -0.222393 -0.950696 -0.182513
v -0.257201 -0.935498 -0.211079
v -0.180288 -0.963479 -0.163341
v -0.213095 -0.950707 -0.193119
v -0.246525 -0.935499 -0.223435
v -0.791992 0.048753 -0.587382
v -0.789128 0.097389 -0.585257
v -0.784365 0.145791 -0.581725
v -0.762215 0.048753 -0.625535
v -0.759459 0.097389 -0.623272
v -0.754875 0.145791 -0.619510
v -0.730605 0.048753 -0.662182
v -0.727962 0.097389 -0.659787
v -0.723569 0.145791 -0.655805
v -0.105123 0.985270 -0.086272
v -0.128870 0.981342 -0.095991
v -0.099099 0.986701 -0.075271
v -0.071795 0.990311 -0.058920
v -0.093158 0.986701 -0.082511
v -0.119288 0.981342 -0.107667
v -0.126199 0.981055 -0.103569
v -0.105123 -0.985270 -0.086272
v -0.071795 -0.990311 -0.058920
v -0.099099 -0.986702 -0.075271
v -0.128870 -0.981342 -0.095991
v -0.126199 -0.981055 -0.103569
v -0.119288 -0.981342 -0.107667
v -0.093158 -0.986702 -0.082511
v -0.784365 -0.145791 -0.581725
v -0.789128 -0.097389 -0.585257
v -0.791992 -0.048753 -0.587382
v -0.754875 -0.145791 -0.619510
v -0.759459 -0.097389 -0.623272
v -0.762215 -0.048753 -0.625534
v -0.723569 -0.145791 -0.655805
v -0.727962 -0.097389 -0.659787
v -0.730605 -0.048753 -0.662182
v -0.267236 0.935499 -0.198198
v -0.230981 0.950707 -0.171325
v -0.195375 0.963479 -0.144958
v -0.257201 0.935498 -0.211079
v -0.222393 0.950696 -0.182513
v -0.188352 0.963441 -0.154577
v -0.246525 0.935499 -0.223435
v -0.213095 0.950707 -0.193120
v -0.180288 0.963478 -0.163341
v -0.746595 -0.334732 -0.553713
v -0.758802 -0.288424 -0.562766
v -0.769184 -0.241423 -0.570466
v -0.718525 -0.334732 -0.589678
v -0.730273 -0.288424 -0.599320
v -0.740265 -0.241423 -0.607520
v -0.688727 -0.334732 -0.624226
v -0.699988 -0.288424 -0.634432
v -0.709565 -0.241423 -0.643112
v -0.407657 0.852233 -0.302339
v -0.373792 0.876269 -0.277223
v -0.339029 0.898197 -0.251441
v -0.392330 0.852233 -0.321977
v -0.359739 0.876269 -0.295230
v -0.326282 0.898198 -0.267773
v -0.376059 0.852233 -0.340840
v -0.344820 0.876269 -0.312526
v -0.312750 0.898197 -0.283461
v -0.680134 -0.510809 -0.504422
v -0.699316 -0.468376 -0.518648
v -0.716816 -0.424816 -0.531627
v -0.654563 -0.510809 -0.537186
v -0.673024 -0.468376 -0.552336
v -0.689866 -0.424816 -0.566158
v -0.627416 -0.510809 -0.568658
v -0.645112 -0.468376 -0.584696
v -0.661256 -0.424816 -0.599328
v -0.532511 0.736204 -0.394937
v -0.503040 0.768056 -0.373080
v -0.472358 0.798062 -0.350325
v -0.512490 0.736204 -0.420590
v -0.484127 0.768056 -0.397313
v -0.454599 0.798062 -0.373080
v -0.491236 0.736204 -0.445231
v -0.464049 0.768057 -0.420590
v -0.435746 0.798061 -0.394937
v -0.587536 -0.667256 -0.435746
v -0.612956 -0.630328 -0.454599
v -0.636902 -0.591883 -0.472358
v -0.565446 -0.667256 -0.464049
v -0.589910 -0.630328 -0.484127
v -0.612956 -0.591883 -0.503040
v -0.541995 -0.667256 -0.491236
v -0.565446 -0.630328 -0.512490
v -0.587535 -0.591882 -0.532511
v -0.636902 0.591883 -0.472358
v -0.612956 0.630328 -0.454599
v -0.587535 0.667256 -0.435746
v -0.612956 0.591883 -0.503040
v -0.589910 0.630328 -0.484127
v -0.565446 0.667256 -0.464049
v -0.587535 0.591882 -0.532511
v -0.565446 0.630328 -0.512490
v -0.541995 0.667256 -0.491236
v -0.472358 -0.798062 -0.350325
v -0.503040 -0.768057 -0.373080
v -0.532511 -0.736204 -0.394937
v -0.454599 -0.798062 -0.373080
v -0.484127 -0.768056 -0.397313
v -0.512490 -0.736204 -0.420590
v -0.435746 -0.798062 -0.394937
v -0.464049 -0.768056 -0.420590
v -0.491236 -0.736204 -0.445231
v -0.716816 0.424816 -0.531627
v -0.699316 0.468376 -0.518648
v -0.680134 0.510809 -0.504422
v -0.689866 0.424816 -0.566158
v -0.673024 0.468376 -0.552336
v -0.654563 0.510809 -0.537186
v -0.661256 0.424816 -0.599328
v -0.645112 0.468376 -0.584696
v -0.627417 0.510809 -0.568658
v -0.339029 -0.898197 -0.251441
v -0.373792 -0.876269 -0.277223
v -0.407657 -0.852233 -0.302339
v -0.326282 -0.898197 -0.267773
v -0.359739 -0.876269 -0.295230
v -0.392330 -0.852233 -0.321977
v -0.312750 -0.898197 -0.283461
v -0.344819 -0.876269 -0.312527
v -0.376059 -0.852233 -0.340841
v -0.769184 0.241423 -0.570466
v -0.758802 0.288424 -0.562766
v -0.746595 0.334732 -0.553713
v -0.740265 0.241423 -0.607520
v -0.730273 0.288424 -0.599320
v -0.718525 0.334732 -0.589679
v -0.709565 0.241423 -0.643112
v -0.699988 0.288424 -0.634432
v -0.688727 0.334732 -0.624226
v -0.445231 0.736204 -0.491236
v -0.420590 0.768056 -0.464049
v -0.394937 0.798062 -0.435746
v -0.420590 0.736204 -0.512490
v -0.397313 0.768056 -0.484127
v -0.373079 0.798062 -0.454599
v -0.394937 0.736204 -0.532511
v -0.373079 0.768057 -0.503040
v -0.350324 0.798061 -0.472358
v -0.491236 -0.667256 -0.541996
v -0.512490 -0.630328 -0.565446
v -0.532511 -0.591883 -0.587536
v -0.464049 -0.667256 -0.565446
v -0.484127 -0.630328 -0.589910
v -0.503040 -0.591883 -0.612956
v -0.435746 -0.667256 -0.587536
v -0.454599 -0.630328 -0.612956
v -0.472358 -0.591882 -0.636902
v -0.532511 0.591883 -0.587536
v -0.512490 0.630328 -0.565446
v -0.491236 0.667256 -0.541996
v -0.503040 0.591883 -0.612956
v -0.484127 0.630328 -0.589910
v -0.464049 0.667256 -0.565446
v -0.472358 0.591882 -0.636902
v -0.454599 0.630328 -0.612956
v -0.435746 0.667256 -0.587536
v -0.394937 -0.798062 -0.435746
v -0.420590 -0.768057 -0.464049
v -0.445231 -0.736204 -0.491236
v -0.373079 -0.798062 -0.454599
v -0.397313 -0.768056 -0.484127
v -0.420590 -0.736204 -0.512490
v -0.350324 -0.798062 -0.472358
v -0.373080 -0.768056 -0.503040
v -0.394937 -0.736204 -0.532511
v -0.599328 0.424816 -0.661256
v -0.584696 0.468376 -0.645112
v -0.568657 0.510809 -0.627417
v -0.566158 0.424816 -0.689866
v -0.552336 0.468376 -0.673024
v -0.537186 0.510809 -0.654563
v -0.531627 0.424816 -0.716816
v -0.518648 0.468376 -0.699316
v -0.504421 0.510809 -0.680134
v -0.283461 -0.898197 -0.312751
v -0.312526 -0.876269 -0.344820
v -0.340840 -0.852233 -0.376059
v -0.267773 -0.898197 -0.326282
v -0.295230 -0.876269 -0.359739
v -0.321977 -0.852233 -0.392330
v -0.251441 -0.898197 -0.339029
v -0.277223 -0.876269 -0.373792
v -0.302339 -0.852233 -0.407657
v -0.643112 0.241423 -0.709565
v -0.634432 0.288424 -0.699988
v -0.624226 0.334732 -0.688727
v -0.607520 0.241423 -0.740265
v -0.599320 0.288424 -0.730273
v -0.589678 0.334732 -0.718525
v -0.570465 0.241423 -0.769184
v -0.562766 0.288424 -0.758802
v -0.553712 0.334732 -0.746595
v -0.163341 -0.963479 -0.180289
v -0.193119 -0.950707 -0.213095
v -0.223435 -0.935499 -0.246525
v -0.154577 -0.963441 -0.188352
v -0.182513 -0.950696 -0.222393
v -0.211079 -0.935498 -0.257201
v -0.144958 -0.963479 -0.195375
v -0.171325 -0.950707 -0.230982
v -0.198198 -0.935499 -0.267236
v -0.662182 0.048753 -0.730605
v -0.659787 0.097389 -0.727963
v -0.655805 0.145791 -0.723569
v -0.625534 0.048753 -0.762216
v -0.623272 0.097389 -0.759459
v -0.619510 0.145791 -0.754875
v -0.587381 0.048753 -0.791993
v -0.585257 0.097389 -0.789128
v -0.581724 0.145791 -0.784365
v -0.086272 0.985270 -0.105123
v -0.107667 0.981342 -0.119288
v -0.082511 0.986701 -0.093158
v -0.058920 0.990311 -0.071795
v -0.075271 0.986701 -0.099099
v -0.095991 0.981342 -0.128870
v -0.103569 0.981055 -0.126199
v -0.086272 -0.985270 -0.105123
v -0.058920 -0.990311 -0.071795
v -0.082511 -0.986702 -0.093158
v -0.107667 -0.981342 -0.119288
v -0.103569 -0.981055 -0.126199
v -0.095991 -0.981342 -0.128870
v -0.075271 -0.986702 -0.099099
v -0.655805 -0.145791 -0.723569
v -0.659787 -0.097389 -0.727963
v -0.662182 -0.048753 -0.730605
v -0.619510 -0.145791 -0.754875
v -0.623271 -0.097389 -0.759459
v -0.625534 -0.048753 -0.762216
v -0.581724 -0.145791 -0.784365
v -0.585257 -0.097389 -0.789128
v -0.587381 -0.048753 -0.791993
v -0.223435 0.935499 -0.246525
v -0.193119 0.950707 -0.213095
v -0.163341 0.963479 -0.180289
v -0.211079 0.935498 -0.257201
v -0.182513 0.950696 -0.222393
v -0.154577 0.963441 -0.188352
v -0.198198 0.935499 -0.267236
v -0.171325 0.950707 -0.230982
v -0.144958 0.963478 -0.195375
v -0.624226 -0.334732 -0.688727
v -0.634432 -0.288424 -0.699988
v -0.643112 -0.241423 -0.709565
v -0.589678 -0.334732 -0.718525
v -0.599320 -0.288424 -0.730274
v -0.607520 -0.241423 -0.740265
v -0.553712 -0.334732 -0.746595
v -0.562766 -0.288424 -0.758803
v -0.570465 -0.241423 -0.769184
v -0.340840 0.852233 -0.376059
v -0.312526 0.876269 -0.344820
v -0.283461 0.898197 -0.312751
v -0.321977 0.852233 -0.392330
v -0.295230 0.876269 -0.359739
v -0.267773 0.898198 -0.326282
v -0.302339 0.852233 -0.407657
v -0.277223 0.876269 -0.373792
v -0.251441 0.898197 -0.339029
v -0.568658 -0.510809 -0.627417
v -0.584696 -0.468376 -0.645112
v -0.599328 -0.424816 -0.661256
v -0.537185 -0.510809 -0.654563
v -0.552336 -0.468376 -0.673024
v -0.566158 -0.424816 -0.689866
v -0.504421 -0.510809 -0.680134
v -0.518648 -0.468376 -0.699316
v -0.531627 -0.424816 -0.716817
v -0.506924 0.048753 -0.845752
v -0.505091 0.097389 -0.842693
v -0.502042 0.145791 -0.837607
v -0.464813 0.048753 -0.869606
v -0.463132 0.097389 -0.866460
v -0.460337 0.145791 -0.861231
v -0.421584 0.048753 -0.891367
v -0.420060 0.097389 -0.888143
v -0.417525 0.145791 -0.882783
v -0.064106 0.985270 -0.119934
v -0.082326 0.981342 -0.138001
v -0.062751 0.986701 -0.107465
v -0.043782 0.990311 -0.081910
v -0.054491 0.986701 -0.111880
v -0.069005 0.981342 -0.145121
v -0.076958 0.981055 -0.143979
v -0.064106 -0.985270 -0.119934
v -0.043782 -0.990311 -0.081910
v -0.062751 -0.986702 -0.107465
v -0.082326 -0.981342 -0.138001
v -0.076958 -0.981055 -0.143979
v -0.069005 -0.981342 -0.145121
v -0.054491 -0.986702 -0.111880
v -0.502042 -0.145791 -0.837607
v -0.505091 -0.097389 -0.842693
v -0.506924 -0.048753 -0.845752
v -0.460337 -0.145791 -0.861231
v -0.463132 -0.097389 -0.866461
v -0.464813 -0.048753 -0.869606
v -0.417525 -0.145791 -0.882783
v -0.420060 -0.097389 -0.888143
v -0.421584 -0.048753 -0.891367
v -0.171047 0.935499 -0.285378
v -0.147836 0.950707 -0.246676
v -0.125030 0.963479 -0.208691
v -0.156846 0.935498 -0.293438
v -0.135619 0.950696 -0.253726
v -0.114861 0.963441 -0.214889
v -0.142254 0.935499 -0.300768
v -0.122970 0.950707 -0.259967
v -0.104057 0.963478 -0.219901
v -0.477867 -0.334732 -0.797273
v -0.485681 -0.288424 -0.810309
v -0.492326 -0.241423 -0.821396
v -0.438170 -0.334732 -0.819760
v -0.445335 -0.288424 -0.833163
v -0.451428 -0.241423 -0.844562
v -0.397419 -0.334732 -0.840274
v -0.403917 -0.288424 -0.854013
v -0.409444 -0.241423 -0.865697
v -0.260926 0.852233 -0.435328
v -0.239250 0.876269 -0.399165
v -0.216999 0.898197 -0.362042
v -0.239250 0.852233 -0.447606
v -0.219375 0.876269 -0.410423
v -0.198973 0.898198 -0.372253
v -0.216999 0.852233 -0.458807
v -0.198973 0.876269 -0.420694
v -0.180468 0.898197 -0.381568
v -0.435328 -0.510809 -0.726301
v -0.447606 -0.468376 -0.746785
v -0.458807 -0.424816 -0.765473
v -0.399165 -0.510809 -0.746785
v -0.410423 -0.468376 -0.767847
v -0.420693 -0.424816 -0.787062
v -0.362041 -0.510809 -0.765473
v -0.372252 -0.468376 -0.787062
v -0.381568 -0.424816 -0.806758
v -0.340840 0.736204 -0.568658
v -0.321977 0.768056 -0.537186
v -0.302339 0.798062 -0.504421
v -0.312526 0.736204 -0.584696
v -0.295230 0.768056 -0.552336
v -0.277223 0.798062 -0.518648
v -0.283461 0.736204 -0.599328
v -0.267773 0.768057 -0.566158
v -0.251441 0.798061 -0.531627
v -0.376059 -0.667256 -0.627417
v -0.392330 -0.630328 -0.654563
v -0.407657 -0.591883 -0.680134
v -0.344820 -0.667256 -0.645112
v -0.359739 -0.630328 -0.673024
v -0.373792 -0.591883 -0.699316
v -0.312750 -0.667256 -0.661256
v -0.326282 -0.630328 -0.689866
v -0.339029 -0.591882 -0.716816
v -0.407657 0.591883 -0.680134
v -0.392330 0.630328 -0.654563
v -0.376059 0.667256 -0.627417
v -0.373792 0.591883 -0.699316
v -0.359739 0.630328 -0.673024
v -0.344820 0.667256 -0.645112
v -0.339029 0.591882 -0.716816
v -0.326282 0.630328 -0.689866
v -0.312750 0.667256 -0.661256
v -0.302339 -0.798062 -0.504421
v -0.321977 -0.768057 -0.537186
v -0.340840 -0.736204 -0.568658
v -0.277223 -0.798062 -0.518648
v -0.295230 -0.768056 -0.552336
v -0.312526 -0.736204 -0.584696
v -0.251441 -0.798062 -0.531627
v -0.267773 -0.768056 -0.566158
v -0.283461 -0.736204 -0.599328
v -0.458807 0.424816 -0.765473
v -0.447606 0.468376 -0.746785
v -0.435328 0.510809 -0.726301
v -0.420694 0.424816 -0.787062
v -0.410423 0.468376 -0.767847
v -0.399165 0.510809 -0.746785
v -0.381568 0.424816 -0.806758
v -0.372252 0.468376 -0.787062
v -0.362041 0.510809 -0.765473
v -0.216999 -0.898197 -0.362042
v -0.239250 -0.876269 -0.399165
v -0.260926 -0.852233 -0.435328
v -0.198973 -0.898197 -0.372253
v -0.219375 -0.876269 -0.410423
v -0.239250 -0.852233 -0.447606
v -0.180468 -0.898197 -0.381568
v -0.198973 -0.876269 -0.420694
v -0.216999 -0.852233 -0.458807
v -0.492326 0.241423 -0.821396
v -0.485681 0.288424 -0.810309
v -0.477867 0.334732 -0.797273
v -0.451428 0.241423 -0.844562
v -0.445335 0.288424 -0.833163
v -0.438170 0.334732 -0.819760
v -0.409444 0.241423 -0.865697
v -0.403917 0.288424 -0.854013
v -0.397419 0.334732 -0.840274
v -0.125030 -0.963479 -0.208691
v -0.147836 -0.950707 -0.246676
v -0.171047 -0.935499 -0.285378
v -0.114861 -0.963441 -0.214889
v -0.135619 -0.950696 -0.253726
v -0.156846 -0.935498 -0.293438
v -0.104057 -0.963479 -0.219901
v -0.122970 -0.950707 -0.259967
v -0.142254 -0.935499 -0.300768
v -0.246430 -0.667256 -0.688727
v -0.257092 -0.630328 -0.718525
v -0.267136 -0.591883 -0.746595
v -0.212339 -0.667256 -0.699988
v -0.221526 -0.630328 -0.730273
v -0.230180 -0.591883 -0.758802
v -0.177736 -0.667256 -0.709565
v -0.185426 -0.630328 -0.740265
v -0.192670 -0.591882 -0.769184
v -0.267136 0.591883 -0.746595
v -0.257093 0.630328 -0.718525
v -0.246430 0.667256 -0.688727
v -0.230180 0.591883 -0.758802
v -0.221526 0.630328 -0.730273
v -0.212339 0.667256 -0.699988
v -0.192670 0.591882 -0.769184
v -0.185426 0.630328 -0.740265
v -0.177736 0.667256 -0.709565
v -0.198121 -0.798062 -0.553712
v -0.210990 -0.768057 -0.589678
v -0.223352 -0.736204 -0.624226
v -0.170713 -0.798062 -0.562766
v -0.181802 -0.768056 -0.599320
v -0.192453 -0.736204 -0.634432
v -0.142894 -0.798062 -0.570465
v -0.152175 -0.768056 -0.607520
v -0.161091 -0.736204 -0.643112
v -0.300655 0.424816 -0.840273
v -0.293315 0.468376 -0.819759
v -0.285269 0.510809 -0.797273
v -0.259062 0.424816 -0.854012
v -0.252737 0.468376 -0.833163
v -0.245804 0.510809 -0.810309
v -0.216845 0.424816 -0.865697
v -0.211551 0.468376 -0.844562
v -0.205748 0.510809 -0.821396
v -0.142199 -0.898197 -0.397420
v -0.156780 -0.876269 -0.438170
v -0.170984 -0.852233 -0.477867
v -0.122527 -0.898197 -0.403918
v -0.135091 -0.876269 -0.445335
v -0.147329 -0.852233 -0.485681
v -0.102560 -0.898197 -0.409444
v -0.113077 -0.876269 -0.451428
v -0.123321 -0.852233 -0.492326
v -0.322619 0.241423 -0.901661
v -0.318265 0.288424 -0.889491
v -0.313145 0.334732 -0.875181
v -0.277988 0.241423 -0.916403
v -0.274236 0.288424 -0.904034
v -0.269824 0.334732 -0.889491
v -0.232687 0.241423 -0.928941
v -0.229547 0.288424 -0.916403
v -0.225854 0.334732 -0.901661
v -0.081914 -0.963479 -0.229073
v -0.096871 -0.950707 -0.270778
v -0.112086 -0.935499 -0.313264
v -0.070731 -0.963441 -0.233169
v -0.083514 -0.950696 -0.275309
v -0.096585 -0.935498 -0.318399
v -0.059157 -0.963479 -0.235976
v -0.069891 -0.950707 -0.278962
v -0.080844 -0.935499 -0.322741
v -0.332186 0.048753 -0.928397
v -0.330984 0.097389 -0.925039
v -0.328987 0.145791 -0.919456
v -0.286231 0.048753 -0.943577
v -0.285195 0.097389 -0.940164
v -0.283474 0.145791 -0.934490
v -0.239587 0.048753 -0.956487
v -0.238720 0.097389 -0.953027
v -0.237280 0.145791 -0.947275
v -0.039476 0.985270 -0.130135
v -0.053822 0.981342 -0.151410
v -0.040580 0.986701 -0.117642
v -0.026961 0.990311 -0.088877
v -0.031617 0.986701 -0.120361
v -0.039368 0.981342 -0.155795
v -0.047391 0.981055 -0.156226
v -0.039476 -0.985270 -0.130135
v -0.026961 -0.990311 -0.088877
v -0.040580 -0.986702 -0.117642
v -0.053822 -0.981342 -0.151410
v -0.047391 -0.981055 -0.156226
v -0.039368 -0.981342 -0.155795
v -0.031617 -0.986701 -0.120361
v -0.328987 -0.145791 -0.919456
v -0.330984 -0.097389 -0.925039
v -0.332186 -0.048753 -0.928397
v -0.283474 -0.145791 -0.934490
v -0.285195 -0.097389 -0.940164
v -0.286231 -0.048753 -0.943577
v -0.237280 -0.145791 -0.947275
v -0.238720 -0.097389 -0.953027
v -0.239587 -0.048753 -0.956487
v -0.112086 0.935499 -0.313264
v -0.096871 0.950707 -0.270778
v -0.081914 0.963479 -0.229073
v -0.096585 0.935498 -0.318399
v -0.083514 0.950696 -0.275309
v -0.070731 0.963441 -0.233169
v -0.080844 0.935499 -0.322741
v -0.069891 0.950707 -0.278962
v -0.059157 0.963478 -0.235976
v -0.313145 -0.334732 -0.875181
v -0.318265 -0.288424 -0.889491
v -0.322619 -0.241423 -0.901661
v -0.269824 -0.334732 -0.889491
v -0.274236 -0.288424 -0.904035
v -0.277988 -0.241423 -0.916403
v -0.225854 -0.334732 -0.901661
v -0.229547 -0.288424 -0.916403
v -0.232687 -0.241423 -0.928941
v -0.170984 0.852233 -0.477867
v -0.156780 0.876269 -0.438170
v -0.142199 0.898197 -0.397420
v -0.147329 0.852233 -0.485681
v -0.135091 0.876269 -0.445335
v -0.122527 0.898198 -0.403918
v -0.123321 0.852233 -0.492326
v -0.113077 0.876269 -0.451428
v -0.102560 0.898197 -0.409444
v -0.285269 -0.510809 -0.797273
v -0.293315 -0.468376 -0.819760
v -0.300655 -0.424816 -0.840273
v -0.245804 -0.510809 -0.810309
v -0.252737 -0.468376 -0.833163
v -0.259062 -0.424816 -0.854013
v -0.205749 -0.510809 -0.821396
v -0.211551 -0.468376 -0.844562
v -0.216845 -0.424816 -0.865697
v -0.223352 0.736204 -0.624226
v -0.210990 0.768056 -0.589678
v -0.198121 0.798062 -0.553713
v -0.192453 0.736204 -0.634432
v -0.181802 0.768056 -0.599320
v -0.170713 0.798062 -0.562766
v -0.161091 0.736204 -0.643112
v -0.152175 0.768057 -0.607520
v -0.142894 0.798061 -0.570465
v -0.013329 0.985270 -0.135336
v -0.023249 0.981342 -0.159001
v -0.016849 0.986701 -0.123298
v -0.009103 0.990311 -0.092429
v -0.007529 0.986701 -0.124216
v -0.008217 0.981342 -0.160481
v -0.016002 0.981055 -0.162470
v -0.013329 -0.985270 -0.135336
v -0.009103 -0.990311 -0.092429
v -0.016849 -0.986701 -0.123298
v -0.023249 -0.981342 -0.159001
v -0.016002 -0.981055 -0.162470
v -0.008217 -0.981342 -0.160481
v -0.007529 -0.986701 -0.124216
v -0.143288 -0.145791 -0.965972
v -0.144158 -0.097389 -0.971837
v -0.144682 -0.048753 -0.975365
v -0.095717 -0.145791 -0.971837
v -0.096299 -0.097389 -0.977739
v -0.096648 -0.048753 -0.981288
v -0.047916 -0.145791 -0.975365
v -0.048207 -0.097389 -0.981288
v -0.048382 -0.048753 -0.984850
v -0.048817 0.935499 -0.329112
v -0.042184 0.950707 -0.284473
v -0.035650 0.963479 -0.240652
v -0.032613 0.935498 -0.331124
v -0.028199 0.950696 -0.286312
v -0.023883 0.963441 -0.242487
v -0.016327 0.935499 -0.332312
v -0.014125 0.950707 -0.287237
v -0.011984 0.963478 -0.242983
v -0.136389 -0.334732 -0.919456
v -0.138619 -0.288424 -0.934490
v -0.140515 -0.241423 -0.947276
v -0.091108 -0.334732 -0.925040
v -0.092598 -0.288424 -0.940165
v -0.093865 -0.241423 -0.953028
v -0.045609 -0.334732 -0.928398
v -0.046355 -0.288424 -0.943577
v -0.046989 -0.241423 -0.956487
v -0.074471 0.852233 -0.502043
v -0.068285 0.876269 -0.460337
v -0.061934 0.898197 -0.417525
v -0.049747 0.852233 -0.505091
v -0.045615 0.876269 -0.463133
v -0.041372 0.898198 -0.420060
v -0.024903 0.852233 -0.506925
v -0.022835 0.876269 -0.464814
v -0.020711 0.898197 -0.421585
v -0.124247 -0.510809 -0.837607
v -0.127752 -0.468376 -0.861231
v -0.130949 -0.424816 -0.882783
v -0.082998 -0.510809 -0.842694
v -0.085339 -0.468376 -0.866461
v -0.087474 -0.424816 -0.888143
v -0.041549 -0.510809 -0.845752
v -0.042721 -0.468376 -0.869606
v -0.043790 -0.424816 -0.891367
v -0.097280 0.736204 -0.655805
v -0.091896 0.768056 -0.619510
v -0.086291 0.798062 -0.581725
v -0.064983 0.736204 -0.659788
v -0.061387 0.768056 -0.623272
v -0.057643 0.798062 -0.585257
v -0.032531 0.736204 -0.662183
v -0.030730 0.768057 -0.625535
v -0.028856 0.798061 -0.587382
v -0.107331 -0.667256 -0.723569
v -0.111975 -0.630328 -0.754875
v -0.116350 -0.591883 -0.784365
v -0.071698 -0.667256 -0.727963
v -0.074800 -0.630328 -0.759459
v -0.077722 -0.591883 -0.789128
v -0.035892 -0.667256 -0.730606
v -0.037445 -0.630328 -0.762216
v -0.038908 -0.591882 -0.791993
v -0.116350 0.591883 -0.784365
v -0.111975 0.630328 -0.754875
v -0.107331 0.667256 -0.723569
v -0.077722 0.591883 -0.789128
v -0.074800 0.630328 -0.759459
v -0.071698 0.667256 -0.727963
v -0.038908 0.591882 -0.791993
v -0.037445 0.630328 -0.762216
v -0.035892 0.667256 -0.730606
v -0.086291 -0.798062 -0.581725
v -0.091896 -0.768057 -0.619510
v -0.097280 -0.736204 -0.655805
v -0.057643 -0.798062 -0.585257
v -0.061387 -0.768056 -0.623272
v -0.064983 -0.736204 -0.659787
v -0.028856 -0.798062 -0.587381
v -0.030730 -0.768056 -0.625534
v -0.032531 -0.736204 -0.662182
v -0.130949 0.424816 -0.882783
v -0.127752 0.468376 -0.861231
v -0.124247 0.510809 -0.837607
v -0.087474 0.424816 -0.888143
v -0.085339 0.468376 -0.866461
v -0.082998 0.510809 -0.842694
v -0.043790 0.424816 -0.891367
v -0.042721 0.468376 -0.869606
v -0.041549 0.510809 -0.845752
v -0.061934 -0.898197 -0.417525
v -0.068285 -0.876269 -0.460337
v -0.074471 -0.852233 -0.502042
v -0.041372 -0.898197 -0.420060
v -0.045614 -0.876269 -0.463133
v -0.049747 -0.852233 -0.505091
v -0.020711 -0.898197 -0.421585
v -0.022835 -0.876269 -0.464814
v -0.024903 -0.852233 -0.506925
v -0.140515 0.241423 -0.947276
v -0.138619 0.288424 -0.934490
v -0.136389 0.334732 -0.919456
v -0.093865 0.241423 -0.953028
v -0.092598 0.288424 -0.940165
v -0.091108 0.334732 -0.925040
v -0.046989 0.241423 -0.956487
v -0.046355 0.288424 -0.943577
v -0.045609 0.334732 -0.928398
v -0.035650 -0.963479 -0.240652
v -0.042184 -0.950707 -0.284473
v -0.048817 -0.935499 -0.329112
v -0.023883 -0.963441 -0.242487
v -0.028199 -0.950696 -0.286312
v -0.032613 -0.935498 -0.331124
v -0.011984 -0.963479 -0.242983
v -0.014125 -0.950707 -0.287237
v -0.016327 -0.935499 -0.332312
v -0.144682 0.048753 -0.975365
v -0.144158 0.097389 -0.971837
v -0.143288 0.145791 -0.965972
v -0.096648 0.048753 -0.981288
v -0.096299 0.097389 -0.977739
v -0.095717 0.145791 -0.971837
v -0.048382 0.048753 -0.984850
v -0.048207 0.097389 -0.981288
v -0.047916 0.145791 -0.975365
s 0
f 3459 3460 3463 3462
f 3460 3461 3464 3463
f 3462 3463 3466 3465
f 3463 3464 3467 3466
f 4 485 3459 533
f 485 484 3460 3459
f 484 483 3461 3460
f 483 3 534 3461
f 3461 534 535 3464
f 3464 535 536 3467
f 3467 536 13 507
f 3466 3467 507 508
f 3465 3466 508 509
f 531 3465 509 14
f 532 3462 3465 531
f 533 3459 3462 532
f 3469 3470 3468 3474
f 3471 3472 3468 3470
f 3473 3474 3468 3472
f 474 3206 3469 3242
f 3206 3205 3470 3469
f 3242 3469 3474 3241
f 82 3234 3471 3204
f 3234 3235 3472 3471
f 3204 3471 3470 3205
f 7 3240 3473 3236
f 3240 3241 3474 3473
f 3236 3473 3472 3235
f 3476 3477 3475 3481
f 3478 3479 3475 3477
f 3480 3481 3475 3479
f 308 3233 3476 3239
f 3233 3232 3477 3476
f 3239 3476 3481 3238
f 482 3243 3478 3231
f 3243 3244 3479 3478
f 3231 3478 3477 3232
f 21 3237 3480 3245
f 3237 3238 3481 3480
f 3245 3480 3479 3244
f 3482 3483 3486 3485
f 3483 3484 3487 3486
f 3485 3486 3489 3488
f 3486 3487 3490 3489
f 5 488 3482 539
f 488 487 3483 3482
f 487 486 3484 3483
f 486 4 533 3484
f 3484 533 532 3487
f 3487 532 531 3490
f 3490 531 14 510
f 3489 3490 510 511
f 3488 3489 511 512
f 537 3488 512 15
f 538 3485 3488 537
f 539 3482 3485 538
f 3491 3492 3495 3494
f 3492 3493 3496 3495
f 3494 3495 3498 3497
f 3495 3496 3499 3498
f 475 3167 3491 3248
f 3167 3166 3492 3491
f 3166 3165 3493 3492
f 3165 474 3242 3493
f 3493 3242 3241 3496
f 3496 3241 3240 3499
f 3499 3240 7 489
f 3498 3499 489 490
f 3497 3498 490 491
f 3246 3497 491 8
f 3247 3494 3497 3246
f 3248 3491 3494 3247
f 3500 3501 3504 3503
f 3501 3502 3505 3504
f 3503 3504 3507 3506
f 3504 3505 3508 3507
f 478 3224 3500 3251
f 3224 3223 3501 3500
f 3223 3222 3502 3501
f 3222 5 539 3502
f 3502 539 538 3505
f 3505 538 537 3508
f 3508 537 15 513
f 3507 3508 513 514
f 3506 3507 514 515
f 3249 3506 515 16
f 3250 3503 3506 3249
f 3251 3500 3503 3250
f 3509 3510 3513 3512
f 3510 3511 3514 3513
f 3512 3513 3516 3515
f 3513 3514 3517 3516
f 1 3209 3509 542
f 3209 3208 3510 3509
f 3208 3207 3511 3510
f 3207 475 3248 3511
f 3511 3248 3247 3514
f 3514 3247 3246 3517
f 3517 3246 8 492
f 3516 3517 492 493
f 3515 3516 493 494
f 540 3515 494 9
f 541 3512 3515 540
f 542 3509 3512 541
f 3518 3519 3522 3521
f 3519 3520 3523 3522
f 3521 3522 3525 3524
f 3522 3523 3526 3525
f 6 3227 3518 545
f 3227 3226 3519 3518
f 3226 3225 3520 3519
f 3225 478 3251 3520
f 3520 3251 3250 3523
f 3523 3250 3249 3526
f 3526 3249 16 516
f 3525 3526 516 517
f 3524 3525 517 518
f 543 3524 518 17
f 544 3521 3524 543
f 545 3518 3521 544
f 3527 3528 3531 3530
f 3528 3529 3532 3531
f 3530 3531 3534 3533
f 3531 3532 3535 3534
f 476 3212 3527 3254
f 3212 3211 3528 3527
f 3211 3210 3529 3528
f 3210 1 542 3529
f 3529 542 541 3532
f 3532 541 540 3535
f 3535 540 9 495
f 3534 3535 495 496
f 3533 3534 496 497
f 3252 3533 497 10
f 3253 3530 3533 3252
f 3254 3527 3530 3253
f 3536 3537 3540 3539
f 3537 3538 3541 3540
f 3539 3540 3543 3542
f 3540 3541 3544 3543
f 479 3230 3536 3257
f 3230 3229 3537 3536
f 3229 3228 3538 3537
f 3228 6 545 3538
f 3538 545 544 3541
f 3541 544 543 3544
f 3544 543 17 519
f 3543 3544 519 520
f 3542 3543 520 521
f 3255 3542 521 18
f 3256 3539 3542 3255
f 3257 3536 3539 3256
f 3545 3546 3549 3548
f 3546 3547 3550 3549
f 3548 3549 3552 3551
f 3549 3550 3553 3552
f 2 3215 3545 548
f 3215 3214 3546 3545
f 3214 3213 3547 3546
f 3213 476 3254 3547
f 3547 3254 3253 3550
f 3550 3253 3252 3553
f 3553 3252 10 498
f 3552 3553 498 499
f 3551 3552 499 500
f 546 3551 500 11
f 547 3548 3551 546
f 548 3545 3548 547
f 3554 3555 3558 3557
f 3555 3556 3559 3558
f 3557 3558 3561 3560
f 3558 3559 3562 3561
f 480 3170 3554 3260
f 3170 3169 3555 3554
f 3169 3168 3556 3555
f 3168 479 3257 3556
f 3556 3257 3256 3559
f 3559 3256 3255 3562
f 3562 3255 18 522
f 3561 3562 522 523
f 3560 3561 523 524
f 3258 3560 524 19
f 3259 3557 3560 3258
f 3260 3554 3557 3259
f 3563 3564 3567 3566
f 3564 3565 3568 3567
f 3566 3567 3570 3569
f 3567 3568 3571 3570
f 477 3218 3563 3263
f 3218 3217 3564 3563
f 3217 3216 3565 3564
f 3216 2 548 3565
f 3565 548 547 3568
f 3568 547 546 3571
f 3571 546 11 501
f 3570 3571 501 502
f 3569 3570 502 503
f 3261 3569 503 12
f 3262 3566 3569 3261
f 3263 3563 3566 3262
f 3572 3573 3576 3575
f 3573 3574 3577 3576
f 3575 3576 3579 3578
f 3576 3577 3580 3579
f 481 3173 3572 3266
f 3173 3172 3573 3572
f 3172 3171 3574 3573
f 3171 480 3260 3574
f 3574 3260 3259 3577
f 3577 3259 3258 3580
f 3580 3258 19 525
f 3579 3580 525 526
f 3578 3579 526 527
f 3264 3578 527 20
f 3265 3575 3578 3264
f 3266 3572 3575 3265
f 3581 3582 3585 3584
f 3582 3583 3586 3585
f 3584 3585 3588 3587
f 3585 3586 3589 3588
f 3 3221 3581 534
f 3221 3220 3582 3581
f 3220 3219 3583 3582
f 3219 477 3263 3583
f 3583 3263 3262 3586
f 3586 3262 3261 3589
f 3589 3261 12 504
f 3588 3589 504 505
f 3587 3588 505 506
f 536 3587 506 13
f 535 3584 3587 536
f 534 3581 3584 535
f 3590 3591 3594 3593
f 3591 3592 3595 3594
f 3593 3594 3597 3596
f 3594 3595 3598 3597
f 482 3176 3590 3243
f 3176 3175 3591 3590
f 3175 3174 3592 3591
f 3174 481 3266 3592
f 3592 3266 3265 3595
f 3595 3265 3264 3598
f 3598 3264 20 528
f 3597 3598 528 529
f 3596 3597 529 530
f 3245 3596 530 21
f 3244 3593 3596 3245
f 3243 3590 3593 3244
f 3599 3600 3603 3602
f 3600 3601 3604 3603
f 3602 3603 3606 3605
f 3603 3604 3607 3606
f 13 506 3599 593
f 506 505 3600 3599
f 505 504 3601 3600
f 504 12 594 3601
f 3601 594 595 3604
f 3604 595 596 3607
f 3607 596 27 564
f 3606 3607 564 565
f 3605 3606 565 566
f 591 3605 566 28
f 592 3602 3605 591
f 593 3599 3602 592
f 3608 3609 3612 3611
f 3609 3610 3613 3612
f 3611 3612 3615 3614
f 3612 3613 3616 3615
f 21 530 3608 599
f 530 529 3609 3608
f 529 528 3610 3609
f 528 20 600 3610
f 3610 600 601 3613
f 3613 601 602 3616
f 3616 602 35 588
f 3615 3616 588 589
f 3614 3615 589 590
f 597 3614 590 36
f 598 3611 3614 597
f 599 3608 3611 598
f 3617 3618 3621 3620
f 3618 3619 3622 3621
f 3620 3621 3624 3623
f 3621 3622 3625 3624
f 14 509 3617 605
f 509 508 3618 3617
f 508 507 3619 3618
f 507 13 593 3619
f 3619 593 592 3622
f 3622 592 591 3625
f 3625 591 28 567
f 3624 3625 567 568
f 3623 3624 568 569
f 603 3623 569 29
f 604 3620 3623 603
f 605 3617 3620 604
f 3627 3628 3626 3632
f 3629 3630 3626 3628
f 3631 3632 3626 3630
f 7 3236 3627 608
f 3236 3235 3628 3627
f 608 3627 3632 607
f 82 3267 3629 3234
f 3267 3268 3630 3629
f 3234 3629 3628 3235
f 22 606 3631 3269
f 606 607 3632 3631
f 3269 3631 3630 3268
f 3634 3635 3633 3639
f 3636 3637 3633 3635
f 3638 3639 3633 3637
f 308 3239 3634 3272
f 3239 3238 3635 3634
f 3272 3634 3639 3271
f 21 599 3636 3237
f 599 598 3637 3636
f 3237 3636 3635 3238
f 36 3270 3638 597
f 3270 3271 3639 3638
f 597 3638 3637 598
f 3640 3641 3644 3643
f 3641 3642 3645 3644
f 3643 3644 3647 3646
f 3644 3645 3648 3647
f 15 512 3640 611
f 512 511 3641 3640
f 511 510 3642 3641
f 510 14 605 3642
f 3642 605 604 3645
f 3645 604 603 3648
f 3648 603 29 570
f 3647 3648 570 571
f 3646 3647 571 572
f 609 3646 572 30
f 610 3643 3646 609
f 611 3640 3643 610
f 3649 3650 3653 3652
f 3650 3651 3654 3653
f 3652 3653 3656 3655
f 3653 3654 3657 3656
f 8 491 3649 614
f 491 490 3650 3649
f 490 489 3651 3650
f 489 7 608 3651
f 3651 608 607 3654
f 3654 607 606 3657
f 3657 606 22 549
f 3656 3657 549 550
f 3655 3656 550 551
f 612 3655 551 23
f 613 3652 3655 612
f 614 3649 3652 613
f 3658 3659 3662 3661
f 3659 3660 3663 3662
f 3661 3662 3665 3664
f 3662 3663 3666 3665
f 16 515 3658 617
f 515 514 3659 3658
f 514 513 3660 3659
f 513 15 611 3660
f 3660 611 610 3663
f 3663 610 609 3666
f 3666 609 30 573
f 3665 3666 573 574
f 3664 3665 574 575
f 615 3664 575 31
f 616 3661 3664 615
f 617 3658 3661 616
f 3667 3668 3671 3670
f 3668 3669 3672 3671
f 3670 3671 3674 3673
f 3671 3672 3675 3674
f 9 494 3667 620
f 494 493 3668 3667
f 493 492 3669 3668
f 492 8 614 3669
f 3669 614 613 3672
f 3672 613 612 3675
f 3675 612 23 552
f 3674 3675 552 553
f 3673 3674 553 554
f 618 3673 554 24
f 619 3670 3673 618
f 620 3667 3670 619
f 3676 3677 3680 3679
f 3677 3678 3681 3680
f 3679 3680 3683 3682
f 3680 3681 3684 3683
f 17 518 3676 623
f 518 517 3677 3676
f 517 516 3678 3677
f 516 16 617 3678
f 3678 617 616 3681
f 3681 616 615 3684
f 3684 615 31 576
f 3683 3684 576 577
f 3682 3683 577 578
f 621 3682 578 32
f 622 3679 3682 621
f 623 3676 3679 622
f 3685 3686 3689 3688
f 3686 3687 3690 3689
f 3688 3689 3692 3691
f 3689 3690 3693 3692
f 10 497 3685 626
f 497 496 3686 3685
f 496 495 3687 3686
f 495 9 620 3687
f 3687 620 619 3690
f 3690 619 618 3693
f 3693 618 24 555
f 3692 3693 555 556
f 3691 3692 556 557
f 624 3691 557 25
f 625 3688 3691 624
f 626 3685 3688 625
f 3694 3695 3698 3697
f 3695 3696 3699 3698
f 3697 3698 3701 3700
f 3698 3699 3702 3701
f 18 521 3694 629
f 521 520 3695 3694
f 520 519 3696 3695
f 519 17 623 3696
f 3696 623 622 3699
f 3699 622 621 3702
f 3702 621 32 579
f 3701 3702 579 580
f 3700 3701 580 581
f 627 3700 581 33
f 628 3697 3700 627
f 629 3694 3697 628
f 3703 3704 3707 3706
f 3704 3705 3708 3707
f 3706 3707 3710 3709
f 3707 3708 3711 3710
f 11 500 3703 632
f 500 499 3704 3703
f 499 498 3705 3704
f 498 10 626 3705
f 3705 626 625 3708
f 3708 625 624 3711
f 3711 624 25 558
f 3710 3711 558 559
f 3709 3710 559 560
f 630 3709 560 26
f 631 3706 3709 630
f 632 3703 3706 631
f 3712 3713 3716 3715
f 3713 3714 3717 3716
f 3715 3716 3719 3718
f 3716 3717 3720 3719
f 19 524 3712 635
f 524 523 3713 3712
f 523 522 3714 3713
f 522 18 629 3714
f 3714 629 628 3717
f 3717 628 627 3720
f 3720 627 33 582
f 3719 3720 582 583
f 3718 3719 583 584
f 633 3718 584 34
f 634 3715 3718 633
f 635 3712 3715 634
f 3721 3722 3725 3724
f 3722 3723 3726 3725
f 3724 3725 3728 3727
f 3725 3726 3729 3728
f 12 503 3721 594
f 503 502 3722 3721
f 502 501 3723 3722
f 501 11 632 3723
f 3723 632 631 3726
f 3726 631 630 3729
f 3729 630 26 561
f 3728 3729 561 562
f 3727 3728 562 563
f 596 3727 563 27
f 595 3724 3727 596
f 594 3721 3724 595
f 3730 3731 3734 3733
f 3731 3732 3735 3734
f 3733 3734 3737 3736
f 3734 3735 3738 3737
f 20 527 3730 600
f 527 526 3731 3730
f 526 525 3732 3731
f 525 19 635 3732
f 3732 635 634 3735
f 3735 634 633 3738
f 3738 633 34 585
f 3737 3738 585 586
f 3736 3737 586 587
f 602 3736 587 35
f 601 3733 3736 602
f 600 3730 3733 601
f 3739 3740 3743 3742
f 3740 3741 3744 3743
f 3742 3743 3746 3745
f 3743 3744 3747 3746
f 32 578 3739 680
f 578 577 3740 3739
f 577 576 3741 3740
f 576 31 681 3741
f 3741 681 682 3744
f 3744 682 683 3747
f 3747 683 46 663
f 3746 3747 663 664
f 3745 3746 664 665
f 678 3745 665 47
f 679 3742 3745 678
f 680 3739 3742 679
f 3748 3749 3752 3751
f 3749 3750 3753 3752
f 3751 3752 3755 3754
f 3752 3753 3756 3755
f 25 557 3748 686
f 557 556 3749 3748
f 556 555 3750 3749
f 555 24 687 3750
f 3750 687 688 3753
f 3753 688 689 3756
f 3756 689 39 642
f 3755 3756 642 643
f 3754 3755 643 644
f 684 3754 644 40
f 685 3751 3754 684
f 686 3748 3751 685
f 3757 3758 3761 3760
f 3758 3759 3762 3761
f 3760 3761 3764 3763
f 3761 3762 3765 3764
f 33 581 3757 692
f 581 580 3758 3757
f 580 579 3759 3758
f 579 32 680 3759
f 3759 680 679 3762
f 3762 679 678 3765
f 3765 678 47 666
f 3764 3765 666 667
f 3763 3764 667 668
f 690 3763 668 48
f 691 3760 3763 690
f 692 3757 3760 691
f 3766 3767 3770 3769
f 3767 3768 3771 3770
f 3769 3770 3773 3772
f 3770 3771 3774 3773
f 26 560 3766 695
f 560 559 3767 3766
f 559 558 3768 3767
f 558 25 686 3768
f 3768 686 685 3771
f 3771 685 684 3774
f 3774 684 40 645
f 3773 3774 645 646
f 3772 3773 646 647
f 693 3772 647 41
f 694 3769 3772 693
f 695 3766 3769 694
f 3775 3776 3779 3778
f 3776 3777 3780 3779
f 3778 3779 3782 3781
f 3779 3780 3783 3782
f 34 584 3775 698
f 584 583 3776 3775
f 583 582 3777 3776
f 582 33 692 3777
f 3777 692 691 3780
f 3780 691 690 3783
f 3783 690 48 669
f 3782 3783 669 670
f 3781 3782 670 671
f 696 3781 671 49
f 697 3778 3781 696
f 698 3775 3778 697
f 3784 3785 3788 3787
f 3785 3786 3789 3788
f 3787 3788 3791 3790
f 3788 3789 3792 3791
f 27 563 3784 701
f 563 562 3785 3784
f 562 561 3786 3785
f 561 26 695 3786
f 3786 695 694 3789
f 3789 694 693 3792
f 3792 693 41 648
f 3791 3792 648 649
f 3790 3791 649 650
f 699 3790 650 42
f 700 3787 3790 699
f 701 3784 3787 700
f 3793 3794 3797 3796
f 3794 3795 3798 3797
f 3796 3797 3800 3799
f 3797 3798 3801 3800
f 35 587 3793 704
f 587 586 3794 3793
f 586 585 3795 3794
f 585 34 698 3795
f 3795 698 697 3798
f 3798 697 696 3801
f 3801 696 49 672
f 3800 3801 672 673
f 3799 3800 673 674
f 702 3799 674 50
f 703 3796 3799 702
f 704 3793 3796 703
f 3802 3803 3806 3805
f 3803 3804 3807 3806
f 3805 3806 3809 3808
f 3806 3807 3810 3809
f 28 566 3802 707
f 566 565 3803 3802
f 565 564 3804 3803
f 564 27 701 3804
f 3804 701 700 3807
f 3807 700 699 3810
f 3810 699 42 651
f 3809 3810 651 652
f 3808 3809 652 653
f 705 3808 653 43
f 706 3805 3808 705
f 707 3802 3805 706
f 3811 3812 3815 3814
f 3812 3813 3816 3815
f 3814 3815 3818 3817
f 3815 3816 3819 3818
f 36 590 3811 710
f 590 589 3812 3811
f 589 588 3813 3812
f 588 35 704 3813
f 3813 704 703 3816
f 3816 703 702 3819
f 3819 702 50 675
f 3818 3819 675 676
f 3817 3818 676 677
f 708 3817 677 51
f 709 3814 3817 708
f 710 3811 3814 709
f 3820 3821 3824 3823
f 3821 3822 3825 3824
f 3823 3824 3827 3826
f 3824 3825 3828 3827
f 29 569 3820 713
f 569 568 3821 3820
f 568 567 3822 3821
f 567 28 707 3822
f 3822 707 706 3825
f 3825 706 705 3828
f 3828 705 43 654
f 3827 3828 654 655
f 3826 3827 655 656
f 711 3826 656 44
f 712 3823 3826 711
f 713 3820 3823 712
f 3830 3831 3829 3835
f 3832 3833 3829 3831
f 3834 3835 3829 3833
f 22 3269 3830 716
f 3269 3268 3831 3830
f 716 3830 3835 715
f 82 3273 3832 3267
f 3273 3274 3833 3832
f 3267 3832 3831 3268
f 37 714 3834 3275
f 714 715 3835 3834
f 3275 3834 3833 3274
f 3837 3838 3836 3842
f 3839 3840 3836 3838
f 3841 3842 3836 3840
f 308 3272 3837 3278
f 3272 3271 3838 3837
f 3278 3837 3842 3277
f 36 710 3839 3270
f 710 709 3840 3839
f 3270 3839 3838 3271
f 51 3276 3841 708
f 3276 3277 3842 3841
f 708 3841 3840 709
f 3843 3844 3847 3846
f 3844 3845 3848 3847
f 3846 3847 3850 3849
f 3847 3848 3851 3850
f 30 572 3843 719
f 572 571 3844 3843
f 571 570 3845 3844
f 570 29 713 3845
f 3845 713 712 3848
f 3848 712 711 3851
f 3851 711 44 657
f 3850 3851 657 658
f 3849 3850 658 659
f 717 3849 659 45
f 718 3846 3849 717
f 719 3843 3846 718
f 3852 3853 3856 3855
f 3853 3854 3857 3856
f 3855 3856 3859 3858
f 3856 3857 3860 3859
f 23 551 3852 722
f 551 550 3853 3852
f 550 549 3854 3853
f 549 22 716 3854
f 3854 716 715 3857
f 3857 715 714 3860
f 3860 714 37 636
f 3859 3860 636 637
f 3858 3859 637 638
f 720 3858 638 38
f 721 3855 3858 720
f 722 3852 3855 721
f 3861 3862 3865 3864
f 3862 3863 3866 3865
f 3864 3865 3868 3867
f 3865 3866 3869 3868
f 31 575 3861 681
f 575 574 3862 3861
f 574 573 3863 3862
f 573 30 719 3863
f 3863 719 718 3866
f 3866 718 717 3869
f 3869 717 45 660
f 3868 3869 660 661
f 3867 3868 661 662
f 683 3867 662 46
f 682 3864 3867 683
f 681 3861 3864 682
f 3870 3871 3874 3873
f 3871 3872 3875 3874
f 3873 3874 3877 3876
f 3874 3875 3878 3877
f 24 554 3870 687
f 554 553 3871 3870
f 553 552 3872 3871
f 552 23 722 3872
f 3872 722 721 3875
f 3875 721 720 3878
f 3878 720 38 639
f 3877 3878 639 640
f 3876 3877 640 641
f 689 3876 641 39
f 688 3873 3876 689
f 687 3870 3873 688
f 3879 3880 3883 3882
f 3880 3881 3884 3883
f 3882 3883 3886 3885
f 3883 3884 3887 3886
f 51 677 3879 767
f 677 676 3880 3879
f 676 675 3881 3880
f 675 50 768 3881
f 3881 768 769 3884
f 3884 769 770 3887
f 3887 770 65 762
f 3886 3887 762 763
f 3885 3886 763 764
f 765 3885 764 66
f 766 3882 3885 765
f 767 3879 3882 766
f 3888 3889 3892 3891
f 3889 3890 3893 3892
f 3891 3892 3895 3894
f 3892 3893 3896 3895
f 44 656 3888 773
f 656 655 3889 3888
f 655 654 3890 3889
f 654 43 774 3890
f 3890 774 775 3893
f 3893 775 776 3896
f 3896 776 58 741
f 3895 3896 741 742
f 3894 3895 742 743
f 771 3894 743 59
f 772 3891 3894 771
f 773 3888 3891 772
f 3898 3899 3897 3903
f 3900 3901 3897 3899
f 3902 3903 3897 3901
f 37 3275 3898 779
f 3275 3274 3899 3898
f 779 3898 3903 778
f 82 3279 3900 3273
f 3279 3280 3901 3900
f 3273 3900 3899 3274
f 52 777 3902 3281
f 777 778 3903 3902
f 3281 3902 3901 3280
f 3905 3906 3904 3910
f 3907 3908 3904 3906
f 3909 3910 3904 3908
f 308 3278 3905 3284
f 3278 3277 3906 3905
f 3284 3905 3910 3283
f 51 767 3907 3276
f 767 766 3908 3907
f 3276 3907 3906 3277
f 66 3282 3909 765
f 3282 3283 3910 3909
f 765 3909 3908 766
f 3911 3912 3915 3914
f 3912 3913 3916 3915
f 3914 3915 3918 3917
f 3915 3916 3919 3918
f 45 659 3911 782
f 659 658 3912 3911
f 658 657 3913 3912
f 657 44 773 3913
f 3913 773 772 3916
f 3916 772 771 3919
f 3919 771 59 744
f 3918 3919 744 745
f 3917 3918 745 746
f 780 3917 746 60
f 781 3914 3917 780
f 782 3911 3914 781
f 3920 3921 3924 3923
f 3921 3922 3925 3924
f 3923 3924 3927 3926
f 3924 3925 3928 3927
f 38 638 3920 785
f 638 637 3921 3920
f 637 636 3922 3921
f 636 37 779 3922
f 3922 779 778 3925
f 3925 778 777 3928
f 3928 777 52 723
f 3927 3928 723 724
f 3926 3927 724 725
f 783 3926 725 53
f 784 3923 3926 783
f 785 3920 3923 784
f 3929 3930 3933 3932
f 3930 3931 3934 3933
f 3932 3933 3936 3935
f 3933 3934 3937 3936
f 46 662 3929 788
f 662 661 3930 3929
f 661 660 3931 3930
f 660 45 782 3931
f 3931 782 781 3934
f 3934 781 780 3937
f 3937 780 60 747
f 3936 3937 747 748
f 3935 3936 748 749
f 786 3935 749 61
f 787 3932 3935 786
f 788 3929 3932 787
f 3938 3939 3942 3941
f 3939 3940 3943 3942
f 3941 3942 3945 3944
f 3942 3943 3946 3945
f 39 641 3938 791
f 641 640 3939 3938
f 640 639 3940 3939
f 639 38 785 3940
f 3940 785 784 3943
f 3943 784 783 3946
f 3946 783 53 726
f 3945 3946 726 727
f 3944 3945 727 728
f 789 3944 728 54
f 790 3941 3944 789
f 791 3938 3941 790
f 3947 3948 3951 3950
f 3948 3949 3952 3951
f 3950 3951 3954 3953
f 3951 3952 3955 3954
f 47 665 3947 794
f 665 664 3948 3947
f 664 663 3949 3948
f 663 46 788 3949
f 3949 788 787 3952
f 3952 787 786 3955
f 3955 786 61 750
f 3954 3955 750 751
f 3953 3954 751 752
f 792 3953 752 62
f 793 3950 3953 792
f 794 3947 3950 793
f 3956 3957 3960 3959
f 3957 3958 3961 3960
f 3959 3960 3963 3962
f 3960 3961 3964 3963
f 40 644 3956 797
f 644 643 3957 3956
f 643 642 3958 3957
f 642 39 791 3958
f 3958 791 790 3961
f 3961 790 789 3964
f 3964 789 54 729
f 3963 3964 729 730
f 3962 3963 730 731
f 795 3962 731 55
f 796 3959 3962 795
f 797 3956 3959 796
f 3965 3966 3969 3968
f 3966 3967 3970 3969
f 3968 3969 3972 3971
f 3969 3970 3973 3972
f 48 668 3965 800
f 668 667 3966 3965
f 667 666 3967 3966
f 666 47 794 3967
f 3967 794 793 3970
f 3970 793 792 3973
f 3973 792 62 753
f 3972 3973 753 754
f 3971 3972 754 755
f 798 3971 755 63
f 799 3968 3971 798
f 800 3965 3968 799
f 3974 3975 3978 3977
f 3975 3976 3979 3978
f 3977 3978 3981 3980
f 3978 3979 3982 3981
f 41 647 3974 803
f 647 646 3975 3974
f 646 645 3976 3975
f 645 40 797 3976
f 3976 797 796 3979
f 3979 796 795 3982
f 3982 795 55 732
f 3981 3982 732 733
f 3980 3981 733 734
f 801 3980 734 56
f 802 3977 3980 801
f 803 3974 3977 802
f 3983 3984 3987 3986
f 3984 3985 3988 3987
f 3986 3987 3990 3989
f 3987 3988 3991 3990
f 49 671 3983 806
f 671 670 3984 3983
f 670 669 3985 3984
f 669 48 800 3985
f 3985 800 799 3988
f 3988 799 798 3991
f 3991 798 63 756
f 3990 3991 756 757
f 3989 3990 757 758
f 804 3989 758 64
f 805 3986 3989 804
f 806 3983 3986 805
f 3992 3993 3996 3995
f 3993 3994 3997 3996
f 3995 3996 3999 3998
f 3996 3997 4000 3999
f 42 650 3992 809
f 650 649 3993 3992
f 649 648 3994 3993
f 648 41 803 3994
f 3994 803 802 3997
f 3997 802 801 4000
f 4000 801 56 735
f 3999 4000 735 736
f 3998 3999 736 737
f 807 3998 737 57
f 808 3995 3998 807
f 809 3992 3995 808
f 4001 4002 4005 4004
f 4002 4003 4006 4005
f 4004 4005 4008 4007
f 4005 4006 4009 4008
f 50 674 4001 768
f 674 673 4002 4001
f 673 672 4003 4002
f 672 49 806 4003
f 4003 806 805 4006
f 4006 805 804 4009
f 4009 804 64 759
f 4008 4009 759 760
f 4007 4008 760 761
f 770 4007 761 65
f 769 4004 4007 770
f 768 4001 4004 769
f 4010 4011 4014 4013
f 4011 4012 4015 4014
f 4013 4014 4017 4016
f 4014 4015 4018 4017
f 43 653 4010 774
f 653 652 4011 4010
f 652 651 4012 4011
f 651 42 809 4012
f 4012 809 808 4015
f 4015 808 807 4018
f 4018 807 57 738
f 4017 4018 738 739
f 4016 4017 739 740
f 776 4016 740 58
f 775 4013 4016 776
f 774 4010 4013 775
f 4019 4020 4023 4022
f 4020 4021 4024 4023
f 4022 4023 4026 4025
f 4023 4024 4027 4026
f 55 731 4019 854
f 731 730 4020 4019
f 730 729 4021 4020
f 729 54 855 4021
f 4021 855 856 4024
f 4024 856 857 4027
f 4027 857 69 816
f 4026 4027 816 817
f 4025 4026 817 818
f 852 4025 818 70
f 853 4022 4025 852
f 854 4019 4022 853
f 4028 4029 4032 4031
f 4029 4030 4033 4032
f 4031 4032 4035 4034
f 4032 4033 4036 4035
f 63 755 4028 860
f 755 754 4029 4028
f 754 753 4030 4029
f 753 62 861 4030
f 4030 861 862 4033
f 4033 862 863 4036
f 4036 863 77 840
f 4035 4036 840 841
f 4034 4035 841 842
f 858 4034 842 78
f 859 4031 4034 858
f 860 4028 4031 859
f 4037 4038 4041 4040
f 4038 4039 4042 4041
f 4040 4041 4044 4043
f 4041 4042 4045 4044
f 56 734 4037 866
f 734 733 4038 4037
f 733 732 4039 4038
f 732 55 854 4039
f 4039 854 853 4042
f 4042 853 852 4045
f 4045 852 70 819
f 4044 4045 819 820
f 4043 4044 820 821
f 864 4043 821 71
f 865 4040 4043 864
f 866 4037 4040 865
f 4046 4047 4050 4049
f 4047 4048 4051 4050
f 4049 4050 4053 4052
f 4050 4051 4054 4053
f 64 758 4046 869
f 758 757 4047 4046
f 757 756 4048 4047
f 756 63 860 4048
f 4048 860 859 4051
f 4051 859 858 4054
f 4054 858 78 843
f 4053 4054 843 844
f 4052 4053 844 845
f 867 4052 845 79
f 868 4049 4052 867
f 869 4046 4049 868
f 4055 4056 4059 4058
f 4056 4057 4060 4059
f 4058 4059 4062 4061
f 4059 4060 4063 4062
f 57 737 4055 872
f 737 736 4056 4055
f 736 735 4057 4056
f 735 56 866 4057
f 4057 866 865 4060
f 4060 865 864 4063
f 4063 864 71 822
f 4062 4063 822 823
f 4061 4062 823 824
f 870 4061 824 72
f 871 4058 4061 870
f 872 4055 4058 871
f 4064 4065 4068 4067
f 4065 4066 4069 4068
f 4067 4068 4071 4070
f 4068 4069 4072 4071
f 65 761 4064 875
f 761 760 4065 4064
f 760 759 4066 4065
f 759 64 869 4066
f 4066 869 868 4069
f 4069 868 867 4072
f 4072 867 79 846
f 4071 4072 846 847
f 4070 4071 847 848
f 873 4070 848 80
f 874 4067 4070 873
f 875 4064 4067 874
f 4073 4074 4077 4076
f 4074 4075 4078 4077
f 4076 4077 4080 4079
f 4077 4078 4081 4080
f 58 740 4073 878
f 740 739 4074 4073
f 739 738 4075 4074
f 738 57 872 4075
f 4075 872 871 4078
f 4078 871 870 4081
f 4081 870 72 825
f 4080 4081 825 826
f 4079 4080 826 827
f 876 4079 827 73
f 877 4076 4079 876
f 878 4073 4076 877
f 4082 4083 4086 4085
f 4083 4084 4087 4086
f 4085 4086 4089 4088
f 4086 4087 4090 4089
f 66 764 4082 881
f 764 763 4083 4082
f 763 762 4084 4083
f 762 65 875 4084
f 4084 875 874 4087
f 4087 874 873 4090
f 4090 873 80 849
f 4089 4090 849 850
f 4088 4089 850 851
f 879 4088 851 81
f 880 4085 4088 879
f 881 4082 4085 880
f 4091 4092 4095 4094
f 4092 4093 4096 4095
f 4094 4095 4098 4097
f 4095 4096 4099 4098
f 59 743 4091 884
f 743 742 4092 4091
f 742 741 4093 4092
f 741 58 878 4093
f 4093 878 877 4096
f 4096 877 876 4099
f 4099 876 73 828
f 4098 4099 828 829
f 4097 4098 829 830
f 882 4097 830 74
f 883 4094 4097 882
f 884 4091 4094 883
f 4101 4102 4100 4106
f 4103 4104 4100 4102
f 4105 4106 4100 4104
f 52 3281 4101 887
f 3281 3280 4102 4101
f 887 4101 4106 886
f 82 3285 4103 3279
f 3285 3286 4104 4103
f 3279 4103 4102 3280
f 67 885 4105 3287
f 885 886 4106 4105
f 3287 4105 4104 3286
f 4108 4109 4107 4113
f 4110 4111 4107 4109
f 4112 4113 4107 4111
f 308 3284 4108 3290
f 3284 3283 4109 4108
f 3290 4108 4113 3289
f 66 881 4110 3282
f 881 880 4111 4110
f 3282 4110 4109 3283
f 81 3288 4112 879
f 3288 3289 4113 4112
f 879 4112 4111 880
f 4114 4115 4118 4117
f 4115 4116 4119 4118
f 4117 4118 4121 4120
f 4118 4119 4122 4121
f 60 746 4114 890
f 746 745 4115 4114
f 745 744 4116 4115
f 744 59 884 4116
f 4116 884 883 4119
f 4119 883 882 4122
f 4122 882 74 831
f 4121 4122 831 832
f 4120 4121 832 833
f 888 4120 833 75
f 889 4117 4120 888
f 890 4114 4117 889
f 4123 4124 4127 4126
f 4124 4125 4128 4127
f 4126 4127 4130 4129
f 4127 4128 4131 4130
f 53 725 4123 893
f 725 724 4124 4123
f 724 723 4125 4124
f 723 52 887 4125
f 4125 887 886 4128
f 4128 886 885 4131
f 4131 885 67 810
f 4130 4131 810 811
f 4129 4130 811 812
f 891 4129 812 68
f 892 4126 4129 891
f 893 4123 4126 892
f 4132 4133 4136 4135
f 4133 4134 4137 4136
f 4135 4136 4139 4138
f 4136 4137 4140 4139
f 61 749 4132 896
f 749 748 4133 4132
f 748 747 4134 4133
f 747 60 890 4134
f 4134 890 889 4137
f 4137 889 888 4140
f 4140 888 75 834
f 4139 4140 834 835
f 4138 4139 835 836
f 894 4138 836 76
f 895 4135 4138 894
f 896 4132 4135 895
f 4141 4142 4145 4144
f 4142 4143 4146 4145
f 4144 4145 4148 4147
f 4145 4146 4149 4148
f 54 728 4141 855
f 728 727 4142 4141
f 727 726 4143 4142
f 726 53 893 4143
f 4143 893 892 4146
f 4146 892 891 4149
f 4149 891 68 813
f 4148 4149 813 814
f 4147 4148 814 815
f 857 4147 815 69
f 856 4144 4147 857
f 855 4141 4144 856
f 4150 4151 4154 4153
f 4151 4152 4155 4154
f 4153 4154 4157 4156
f 4154 4155 4158 4157
f 62 752 4150 861
f 752 751 4151 4150
f 751 750 4152 4151
f 750 61 896 4152
f 4152 896 895 4155
f 4155 895 894 4158
f 4158 894 76 837
f 4157 4158 837 838
f 4156 4157 838 839
f 863 4156 839 77
f 862 4153 4156 863
f 861 4150 4153 862
f 4159 4160 4163 4162
f 4160 4161 4164 4163
f 4162 4163 4166 4165
f 4163 4164 4167 4166
f 74 830 4159 944
f 830 829 4160 4159
f 829 828 4161 4160
f 828 73 945 4161
f 4161 945 946 4164
f 4164 946 947 4167
f 4167 947 89 918
f 4166 4167 918 919
f 4165 4166 919 920
f 942 4165 920 90
f 943 4162 4165 942
f 944 4159 4162 943
f 4169 4170 4168 4174
f 4171 4172 4168 4170
f 4173 4174 4168 4172
f 67 3287 4169 950
f 3287 3286 4170 4169
f 950 4169 4174 949
f 82 897 4171 3285
f 897 898 4172 4171
f 3285 4171 4170 3286
f 83 948 4173 899
f 948 949 4174 4173
f 899 4173 4172 898
f 4176 4177 4175 4181
f 4178 4179 4175 4177
f 4180 4181 4175 4179
f 308 3290 4176 3293
f 3290 3289 4177 4176
f 3293 4176 4181 3292
f 81 951 4178 3288
f 951 952 4179 4178
f 3288 4178 4177 3289
f 97 3291 4180 953
f 3291 3292 4181 4180
f 953 4180 4179 952
f 4182 4183 4186 4185
f 4183 4184 4187 4186
f 4185 4186 4189 4188
f 4186 4187 4190 4189
f 75 833 4182 956
f 833 832 4183 4182
f 832 831 4184 4183
f 831 74 944 4184
f 4184 944 943 4187
f 4187 943 942 4190
f 4190 942 90 921
f 4189 4190 921 922
f 4188 4189 922 923
f 954 4188 923 91
f 955 4185 4188 954
f 956 4182 4185 955
f 4191 4192 4195 4194
f 4192 4193 4196 4195
f 4194 4195 4198 4197
f 4195 4196 4199 4198
f 68 812 4191 959
f 812 811 4192 4191
f 811 810 4193 4192
f 810 67 950 4193
f 4193 950 949 4196
f 4196 949 948 4199
f 4199 948 83 900
f 4198 4199 900 901
f 4197 4198 901 902
f 957 4197 902 84
f 958 4194 4197 957
f 959 4191 4194 958
f 4200 4201 4204 4203
f 4201 4202 4205 4204
f 4203 4204 4207 4206
f 4204 4205 4208 4207
f 76 836 4200 962
f 836 835 4201 4200
f 835 834 4202 4201
f 834 75 956 4202
f 4202 956 955 4205
f 4205 955 954 4208
f 4208 954 91 924
f 4207 4208 924 925
f 4206 4207 925 926
f 960 4206 926 92
f 961 4203 4206 960
f 962 4200 4203 961
f 4209 4210 4213 4212
f 4210 4211 4214 4213
f 4212 4213 4216 4215
f 4213 4214 4217 4216
f 69 815 4209 965
f 815 814 4210 4209
f 814 813 4211 4210
f 813 68 959 4211
f 4211 959 958 4214
f 4214 958 957 4217
f 4217 957 84 903
f 4216 4217 903 904
f 4215 4216 904 905
f 963 4215 905 85
f 964 4212 4215 963
f 965 4209 4212 964
f 4218 4219 4222 4221
f 4219 4220 4223 4222
f 4221 4222 4225 4224
f 4222 4223 4226 4225
f 77 839 4218 968
f 839 838 4219 4218
f 838 837 4220 4219
f 837 76 962 4220
f 4220 962 961 4223
f 4223 961 960 4226
f 4226 960 92 927
f 4225 4226 927 928
f 4224 4225 928 929
f 966 4224 929 93
f 967 4221 4224 966
f 968 4218 4221 967
f 4227 4228 4231 4230
f 4228 4229 4232 4231
f 4230 4231 4234 4233
f 4231 4232 4235 4234
f 70 818 4227 971
f 818 817 4228 4227
f 817 816 4229 4228
f 816 69 965 4229
f 4229 965 964 4232
f 4232 964 963 4235
f 4235 963 85 906
f 4234 4235 906 907
f 4233 4234 907 908
f 969 4233 908 86
f 970 4230 4233 969
f 971 4227 4230 970
f 4236 4237 4240 4239
f 4237 4238 4241 4240
f 4239 4240 4243 4242
f 4240 4241 4244 4243
f 78 842 4236 974
f 842 841 4237 4236
f 841 840 4238 4237
f 840 77 968 4238
f 4238 968 967 4241
f 4241 967 966 4244
f 4244 966 93 930
f 4243 4244 930 931
f 4242 4243 931 932
f 972 4242 932 94
f 973 4239 4242 972
f 974 4236 4239 973
f 4245 4246 4249 4248
f 4246 4247 4250 4249
f 4248 4249 4252 4251
f 4249 4250 4253 4252
f 71 821 4245 977
f 821 820 4246 4245
f 820 819 4247 4246
f 819 70 971 4247
f 4247 971 970 4250
f 4250 970 969 4253
f 4253 969 86 909
f 4252 4253 909 910
f 4251 4252 910 911
f 975 4251 911 87
f 976 4248 4251 975
f 977 4245 4248 976
f 4254 4255 4258 4257
f 4255 4256 4259 4258
f 4257 4258 4261 4260
f 4258 4259 4262 4261
f 79 845 4254 980
f 845 844 4255 4254
f 844 843 4256 4255
f 843 78 974 4256
f 4256 974 973 4259
f 4259 973 972 4262
f 4262 972 94 933
f 4261 4262 933 934
f 4260 4261 934 935
f 978 4260 935 95
f 979 4257 4260 978
f 980 4254 4257 979
f 4263 4264 4267 4266
f 4264 4265 4268 4267
f 4266 4267 4270 4269
f 4267 4268 4271 4270
f 72 824 4263 983
f 824 823 4264 4263
f 823 822 4265 4264
f 822 71 977 4265
f 4265 977 976 4268
f 4268 976 975 4271
f 4271 975 87 912
f 4270 4271 912 913
f 4269 4270 913 914
f 981 4269 914 88
f 982 4266 4269 981
f 983 4263 4266 982
f 4272 4273 4276 4275
f 4273 4274 4277 4276
f 4275 4276 4279 4278
f 4276 4277 4280 4279
f 80 848 4272 986
f 848 847 4273 4272
f 847 846 4274 4273
f 846 79 980 4274
f 4274 980 979 4277
f 4277 979 978 4280
f 4280 978 95 936
f 4279 4280 936 937
f 4278 4279 937 938
f 984 4278 938 96
f 985 4275 4278 984
f 986 4272 4275 985
f 4281 4282 4285 4284
f 4282 4283 4286 4285
f 4284 4285 4288 4287
f 4285 4286 4289 4288
f 73 827 4281 945
f 827 826 4282 4281
f 826 825 4283 4282
f 825 72 983 4283
f 4283 983 982 4286
f 4286 982 981 4289
f 4289 981 88 915
f 4288 4289 915 916
f 4287 4288 916 917
f 947 4287 917 89
f 946 4284 4287 947
f 945 4281 4284 946
f 4290 4291 4294 4293
f 4291 4292 4295 4294
f 4293 4294 4297 4296
f 4294 4295 4298 4297
f 81 851 4290 951
f 851 850 4291 4290
f 850 849 4292 4291
f 849 80 986 4292
f 4292 986 985 4295
f 4295 985 984 4298
f 4298 984 96 939
f 4297 4298 939 940
f 4296 4297 940 941
f 953 4296 941 97
f 952 4293 4296 953
f 951 4290 4293 952
f 4299 4300 4303 4302
f 4300 4301 4304 4303
f 4302 4303 4306 4305
f 4303 4304 4307 4306
f 94 932 4299 1031
f 932 931 4300 4299
f 931 930 4301 4300
f 930 93 1032 4301
f 4301 1032 1033 4304
f 4304 1033 1034 4307
f 4307 1034 108 1017
f 4306 4307 1017 1018
f 4305 4306 1018 1019
f 1029 4305 1019 109
f 1030 4302 4305 1029
f 1031 4299 4302 1030
f 4308 4309 4312 4311
f 4309 4310 4313 4312
f 4311 4312 4315 4314
f 4312 4313 4316 4315
f 87 911 4308 1037
f 911 910 4309 4308
f 910 909 4310 4309
f 909 86 1038 4310
f 4310 1038 1039 4313
f 4313 1039 1040 4316
f 4316 1040 101 996
f 4315 4316 996 997
f 4314 4315 997 998
f 1035 4314 998 102
f 1036 4311 4314 1035
f 1037 4308 4311 1036
f 4317 4318 4321 4320
f 4318 4319 4322 4321
f 4320 4321 4324 4323
f 4321 4322 4325 4324
f 95 935 4317 1043
f 935 934 4318 4317
f 934 933 4319 4318
f 933 94 1031 4319
f 4319 1031 1030 4322
f 4322 1030 1029 4325
f 4325 1029 109 1020
f 4324 4325 1020 1021
f 4323 4324 1021 1022
f 1041 4323 1022 110
f 1042 4320 4323 1041
f 1043 4317 4320 1042
f 4326 4327 4330 4329
f 4327 4328 4331 4330
f 4329 4330 4333 4332
f 4330 4331 4334 4333
f 88 914 4326 1046
f 914 913 4327 4326
f 913 912 4328 4327
f 912 87 1037 4328
f 4328 1037 1036 4331
f 4331 1036 1035 4334
f 4334 1035 102 999
f 4333 4334 999 1000
f 4332 4333 1000 1001
f 1044 4332 1001 103
f 1045 4329 4332 1044
f 1046 4326 4329 1045
f 4335 4336 4339 4338
f 4336 4337 4340 4339
f 4338 4339 4342 4341
f 4339 4340 4343 4342
f 96 938 4335 1049
f 938 937 4336 4335
f 937 936 4337 4336
f 936 95 1043 4337
f 4337 1043 1042 4340
f 4340 1042 1041 4343
f 4343 1041 110 1023
f 4342 4343 1023 1024
f 4341 4342 1024 1025
f 1047 4341 1025 111
f 1048 4338 4341 1047
f 1049 4335 4338 1048
f 4344 4345 4348 4347
f 4345 4346 4349 4348
f 4347 4348 4351 4350
f 4348 4349 4352 4351
f 89 917 4344 1052
f 917 916 4345 4344
f 916 915 4346 4345
f 915 88 1046 4346
f 4346 1046 1045 4349
f 4349 1045 1044 4352
f 4352 1044 103 1002
f 4351 4352 1002 1003
f 4350 4351 1003 1004
f 1050 4350 1004 104
f 1051 4347 4350 1050
f 1052 4344 4347 1051
f 4353 4354 4357 4356
f 4354 4355 4358 4357
f 4356 4357 4360 4359
f 4357 4358 4361 4360
f 97 941 4353 1055
f 941 940 4354 4353
f 940 939 4355 4354
f 939 96 1049 4355
f 4355 1049 1048 4358
f 4358 1048 1047 4361
f 4361 1047 111 1026
f 4360 4361 1026 1027
f 4359 4360 1027 1028
f 1053 4359 1028 112
f 1054 4356 4359 1053
f 1055 4353 4356 1054
f 4362 4363 4366 4365
f 4363 4364 4367 4366
f 4365 4366 4369 4368
f 4366 4367 4370 4369
f 90 920 4362 1058
f 920 919 4363 4362
f 919 918 4364 4363
f 918 89 1052 4364
f 4364 1052 1051 4367
f 4367 1051 1050 4370
f 4370 1050 104 1005
f 4369 4370 1005 1006
f 4368 4369 1006 1007
f 1056 4368 1007 105
f 1057 4365 4368 1056
f 1058 4362 4365 1057
f 4372 4373 4371 4377
f 4374 4375 4371 4373
f 4376 4377 4371 4375
f 83 899 4372 1061
f 899 898 4373 4372
f 1061 4372 4377 1060
f 82 3294 4374 897
f 3294 3295 4375 4374
f 897 4374 4373 898
f 98 1059 4376 3296
f 1059 1060 4377 4376
f 3296 4376 4375 3295
f 4379 4380 4378 4384
f 4381 4382 4378 4380
f 4383 4384 4378 4382
f 308 3293 4379 3299
f 3293 3292 4380 4379
f 3299 4379 4384 3298
f 97 1055 4381 3291
f 1055 1054 4382 4381
f 3291 4381 4380 3292
f 112 3297 4383 1053
f 3297 3298 4384 4383
f 1053 4383 4382 1054
f 4385 4386 4389 4388
f 4386 4387 4390 4389
f 4388 4389 4392 4391
f 4389 4390 4393 4392
f 91 923 4385 1064
f 923 922 4386 4385
f 922 921 4387 4386
f 921 90 1058 4387
f 4387 1058 1057 4390
f 4390 1057 1056 4393
f 4393 1056 105 1008
f 4392 4393 1008 1009
f 4391 4392 1009 1010
f 1062 4391 1010 106
f 1063 4388 4391 1062
f 1064 4385 4388 1063
f 4394 4395 4398 4397
f 4395 4396 4399 4398
f 4397 4398 4401 4400
f 4398 4399 4402 4401
f 84 902 4394 1067
f 902 901 4395 4394
f 901 900 4396 4395
f 900 83 1061 4396
f 4396 1061 1060 4399
f 4399 1060 1059 4402
f 4402 1059 98 987
f 4401 4402 987 988
f 4400 4401 988 989
f 1065 4400 989 99
f 1066 4397 4400 1065
f 1067 4394 4397 1066
f 4403 4404 4407 4406
f 4404 4405 4408 4407
f 4406 4407 4410 4409
f 4407 4408 4411 4410
f 92 926 4403 1070
f 926 925 4404 4403
f 925 924 4405 4404
f 924 91 1064 4405
f 4405 1064 1063 4408
f 4408 1063 1062 4411
f 4411 1062 106 1011
f 4410 4411 1011 1012
f 4409 4410 1012 1013
f 1068 4409 1013 107
f 1069 4406 4409 1068
f 1070 4403 4406 1069
f 4412 4413 4416 4415
f 4413 4414 4417 4416
f 4415 4416 4419 4418
f 4416 4417 4420 4419
f 85 905 4412 1073
f 905 904 4413 4412
f 904 903 4414 4413
f 903 84 1067 4414
f 4414 1067 1066 4417
f 4417 1066 1065 4420
f 4420 1065 99 990
f 4419 4420 990 991
f 4418 4419 991 992
f 1071 4418 992 100
f 1072 4415 4418 1071
f 1073 4412 4415 1072
f 4421 4422 4425 4424
f 4422 4423 4426 4425
f 4424 4425 4428 4427
f 4425 4426 4429 4428
f 93 929 4421 1032
f 929 928 4422 4421
f 928 927 4423 4422
f 927 92 1070 4423
f 4423 1070 1069 4426
f 4426 1069 1068 4429
f 4429 1068 107 1014
f 4428 4429 1014 1015
f 4427 4428 1015 1016
f 1034 4427 1016 108
f 1033 4424 4427 1034
f 1032 4421 4424 1033
f 4430 4431 4434 4433
f 4431 4432 4435 4434
f 4433 4434 4437 4436
f 4434 4435 4438 4437
f 86 908 4430 1038
f 908 907 4431 4430
f 907 906 4432 4431
f 906 85 1073 4432
f 4432 1073 1072 4435
f 4435 1072 1071 4438
f 4438 1071 100 993
f 4437 4438 993 994
f 4436 4437 994 995
f 1040 4436 995 101
f 1039 4433 4436 1040
f 1038 4430 4433 1039
f 4440 4441 4439 4445
f 4442 4443 4439 4441
f 4444 4445 4439 4443
f 308 3299 4440 3305
f 3299 3298 4441 4440
f 3305 4440 4445 3304
f 112 1116 4442 3297
f 1116 1117 4443 4442
f 3297 4442 4441 3298
f 127 3303 4444 1118
f 3303 3304 4445 4444
f 1118 4444 4443 1117
f 4446 4447 4450 4449
f 4447 4448 4451 4450
f 4449 4450 4453 4452
f 4450 4451 4454 4453
f 106 1010 4446 1121
f 1010 1009 4447 4446
f 1009 1008 4448 4447
f 1008 105 1122 4448
f 4448 1122 1123 4451
f 4451 1123 1124 4454
f 4454 1124 120 1095
f 4453 4454 1095 1096
f 4452 4453 1096 1097
f 1119 4452 1097 121
f 1120 4449 4452 1119
f 1121 4446 4449 1120
f 4455 4456 4459 4458
f 4456 4457 4460 4459
f 4458 4459 4462 4461
f 4459 4460 4463 4462
f 99 989 4455 1127
f 989 988 4456 4455
f 988 987 4457 4456
f 987 98 1128 4457
f 4457 1128 1129 4460
f 4460 1129 1130 4463
f 4463 1130 113 1074
f 4462 4463 1074 1075
f 4461 4462 1075 1076
f 1125 4461 1076 114
f 1126 4458 4461 1125
f 1127 4455 4458 1126
f 4464 4465 4468 4467
f 4465 4466 4469 4468
f 4467 4468 4471 4470
f 4468 4469 4472 4471
f 107 1013 4464 1133
f 1013 1012 4465 4464
f 1012 1011 4466 4465
f 1011 106 1121 4466
f 4466 1121 1120 4469
f 4469 1120 1119 4472
f 4472 1119 121 1098
f 4471 4472 1098 1099
f 4470 4471 1099 1100
f 1131 4470 1100 122
f 1132 4467 4470 1131
f 1133 4464 4467 1132
f 4473 4474 4477 4476
f 4474 4475 4478 4477
f 4476 4477 4480 4479
f 4477 4478 4481 4480
f 100 992 4473 1136
f 992 991 4474 4473
f 991 990 4475 4474
f 990 99 1127 4475
f 4475 1127 1126 4478
f 4478 1126 1125 4481
f 4481 1125 114 1077
f 4480 4481 1077 1078
f 4479 4480 1078 1079
f 1134 4479 1079 115
f 1135 4476 4479 1134
f 1136 4473 4476 1135
f 4482 4483 4486 4485
f 4483 4484 4487 4486
f 4485 4486 4489 4488
f 4486 4487 4490 4489
f 108 1016 4482 1139
f 1016 1015 4483 4482
f 1015 1014 4484 4483
f 1014 107 1133 4484
f 4484 1133 1132 4487
f 4487 1132 1131 4490
f 4490 1131 122 1101
f 4489 4490 1101 1102
f 4488 4489 1102 1103
f 1137 4488 1103 123
f 1138 4485 4488 1137
f 1139 4482 4485 1138
f 4491 4492 4495 4494
f 4492 4493 4496 4495
f 4494 4495 4498 4497
f 4495 4496 4499 4498
f 101 995 4491 1142
f 995 994 4492 4491
f 994 993 4493 4492
f 993 100 1136 4493
f 4493 1136 1135 4496
f 4496 1135 1134 4499
f 4499 1134 115 1080
f 4498 4499 1080 1081
f 4497 4498 1081 1082
f 1140 4497 1082 116
f 1141 4494 4497 1140
f 1142 4491 4494 1141
f 4500 4501 4504 4503
f 4501 4502 4505 4504
f 4503 4504 4507 4506
f 4504 4505 4508 4507
f 109 1019 4500 1145
f 1019 1018 4501 4500
f 1018 1017 4502 4501
f 1017 108 1139 4502
f 4502 1139 1138 4505
f 4505 1138 1137 4508
f 4508 1137 123 1104
f 4507 4508 1104 1105
f 4506 4507 1105 1106
f 1143 4506 1106 124
f 1144 4503 4506 1143
f 1145 4500 4503 1144
f 4509 4510 4513 4512
f 4510 4511 4514 4513
f 4512 4513 4516 4515
f 4513 4514 4517 4516
f 102 998 4509 1148
f 998 997 4510 4509
f 997 996 4511 4510
f 996 101 1142 4511
f 4511 1142 1141 4514
f 4514 1141 1140 4517
f 4517 1140 116 1083
f 4516 4517 1083 1084
f 4515 4516 1084 1085
f 1146 4515 1085 117
f 1147 4512 4515 1146
f 1148 4509 4512 1147
f 4518 4519 4522 4521
f 4519 4520 4523 4522
f 4521 4522 4525 4524
f 4522 4523 4526 4525
f 110 1022 4518 1151
f 1022 1021 4519 4518
f 1021 1020 4520 4519
f 1020 109 1145 4520
f 4520 1145 1144 4523
f 4523 1144 1143 4526
f 4526 1143 124 1107
f 4525 4526 1107 1108
f 4524 4525 1108 1109
f 1149 4524 1109 125
f 1150 4521 4524 1149
f 1151 4518 4521 1150
f 4527 4528 4531 4530
f 4528 4529 4532 4531
f 4530 4531 4534 4533
f 4531 4532 4535 4534
f 103 1001 4527 1154
f 1001 1000 4528 4527
f 1000 999 4529 4528
f 999 102 1148 4529
f 4529 1148 1147 4532
f 4532 1147 1146 4535
f 4535 1146 117 1086
f 4534 4535 1086 1087
f 4533 4534 1087 1088
f 1152 4533 1088 118
f 1153 4530 4533 1152
f 1154 4527 4530 1153
f 4536 4537 4540 4539
f 4537 4538 4541 4540
f 4539 4540 4543 4542
f 4540 4541 4544 4543
f 111 1025 4536 1157
f 1025 1024 4537 4536
f 1024 1023 4538 4537
f 1023 110 1151 4538
f 4538 1151 1150 4541
f 4541 1150 1149 4544
f 4544 1149 125 1110
f 4543 4544 1110 1111
f 4542 4543 1111 1112
f 1155 4542 1112 126
f 1156 4539 4542 1155
f 1157 4536 4539 1156
f 4545 4546 4549 4548
f 4546 4547 4550 4549
f 4548 4549 4552 4551
f 4549 4550 4553 4552
f 104 1004 4545 1160
f 1004 1003 4546 4545
f 1003 1002 4547 4546
f 1002 103 1154 4547
f 4547 1154 1153 4550
f 4550 1153 1152 4553
f 4553 1152 118 1089
f 4552 4553 1089 1090
f 4551 4552 1090 1091
f 1158 4551 1091 119
f 1159 4548 4551 1158
f 1160 4545 4548 1159
f 4554 4555 4558 4557
f 4555 4556 4559 4558
f 4557 4558 4561 4560
f 4558 4559 4562 4561
f 112 1028 4554 1116
f 1028 1027 4555 4554
f 1027 1026 4556 4555
f 1026 111 1157 4556
f 4556 1157 1156 4559
f 4559 1156 1155 4562
f 4562 1155 126 1113
f 4561 4562 1113 1114
f 4560 4561 1114 1115
f 1118 4560 1115 127
f 1117 4557 4560 1118
f 1116 4554 4557 1117
f 4563 4564 4567 4566
f 4564 4565 4568 4567
f 4566 4567 4570 4569
f 4567 4568 4571 4570
f 105 1007 4563 1122
f 1007 1006 4564 4563
f 1006 1005 4565 4564
f 1005 104 1160 4565
f 4565 1160 1159 4568
f 4568 1159 1158 4571
f 4571 1158 119 1092
f 4570 4571 1092 1093
f 4569 4570 1093 1094
f 1124 4569 1094 120
f 1123 4566 4569 1124
f 1122 4563 4566 1123
f 4573 4574 4572 4578
f 4575 4576 4572 4574
f 4577 4578 4572 4576
f 98 3296 4573 1128
f 3296 3295 4574 4573
f 1128 4573 4578 1129
f 82 3300 4575 3294
f 3300 3301 4576 4575
f 3294 4575 4574 3295
f 113 1130 4577 3302
f 1130 1129 4578 4577
f 3302 4577 4576 3301
f 4579 4580 4583 4582
f 4580 4581 4584 4583
f 4582 4583 4586 4585
f 4583 4584 4587 4586
f 125 1109 4579 1205
f 1109 1108 4580 4579
f 1108 1107 4581 4580
f 1107 124 1206 4581
f 4581 1206 1207 4584
f 4584 1207 1208 4587
f 4587 1208 139 1194
f 4586 4587 1194 1195
f 4585 4586 1195 1196
f 1203 4585 1196 140
f 1204 4582 4585 1203
f 1205 4579 4582 1204
f 4588 4589 4592 4591
f 4589 4590 4593 4592
f 4591 4592 4595 4594
f 4592 4593 4596 4595
f 118 1088 4588 1211
f 1088 1087 4589 4588
f 1087 1086 4590 4589
f 1086 117 1212 4590
f 4590 1212 1213 4593
f 4593 1213 1214 4596
f 4596 1214 132 1173
f 4595 4596 1173 1174
f 4594 4595 1174 1175
f 1209 4594 1175 133
f 1210 4591 4594 1209
f 1211 4588 4591 1210
f 4597 4598 4601 4600
f 4598 4599 4602 4601
f 4600 4601 4604 4603
f 4601 4602 4605 4604
f 126 1112 4597 1217
f 1112 1111 4598 4597
f 1111 1110 4599 4598
f 1110 125 1205 4599
f 4599 1205 1204 4602
f 4602 1204 1203 4605
f 4605 1203 140 1197
f 4604 4605 1197 1198
f 4603 4604 1198 1199
f 1215 4603 1199 141
f 1216 4600 4603 1215
f 1217 4597 4600 1216
f 4606 4607 4610 4609
f 4607 4608 4611 4610
f 4609 4610 4613 4612
f 4610 4611 4614 4613
f 119 1091 4606 1220
f 1091 1090 4607 4606
f 1090 1089 4608 4607
f 1089 118 1211 4608
f 4608 1211 1210 4611
f 4611 1210 1209 4614
f 4614 1209 133 1176
f 4613 4614 1176 1177
f 4612 4613 1177 1178
f 1218 4612 1178 134
f 1219 4609 4612 1218
f 1220 4606 4609 1219
f 4615 4616 4619 4618
f 4616 4617 4620 4619
f 4618 4619 4622 4621
f 4619 4620 4623 4622
f 127 1115 4615 1223
f 1115 1114 4616 4615
f 1114 1113 4617 4616
f 1113 126 1217 4617
f 4617 1217 1216 4620
f 4620 1216 1215 4623
f 4623 1215 141 1200
f 4622 4623 1200 1201
f 4621 4622 1201 1202
f 1221 4621 1202 142
f 1222 4618 4621 1221
f 1223 4615 4618 1222
f 4624 4625 4628 4627
f 4625 4626 4629 4628
f 4627 4628 4631 4630
f 4628 4629 4632 4631
f 120 1094 4624 1226
f 1094 1093 4625 4624
f 1093 1092 4626 4625
f 1092 119 1220 4626
f 4626 1220 1219 4629
f 4629 1219 1218 4632
f 4632 1218 134 1179
f 4631 4632 1179 1180
f 4630 4631 1180 1181
f 1224 4630 1181 135
f 1225 4627 4630 1224
f 1226 4624 4627 1225
f 4634 4635 4633 4639
f 4636 4637 4633 4635
f 4638 4639 4633 4637
f 113 3302 4634 1229
f 3302 3301 4635 4634
f 1229 4634 4639 1228
f 82 3306 4636 3300
f 3306 3307 4637 4636
f 3300 4636 4635 3301
f 128 1227 4638 3308
f 1227 1228 4639 4638
f 3308 4638 4637 3307
f 4641 4642 4640 4646
f 4643 4644 4640 4642
f 4645 4646 4640 4644
f 308 3305 4641 3311
f 3305 3304 4642 4641
f 3311 4641 4646 3310
f 127 1223 4643 3303
f 1223 1222 4644 4643
f 3303 4643 4642 3304
f 142 3309 4645 1221
f 3309 3310 4646 4645
f 1221 4645 4644 1222
f 4647 4648 4651 4650
f 4648 4649 4652 4651
f 4650 4651 4654 4653
f 4651 4652 4655 4654
f 121 1097 4647 1232
f 1097 1096 4648 4647
f 1096 1095 4649 4648
f 1095 120 1226 4649
f 4649 1226 1225 4652
f 4652 1225 1224 4655
f 4655 1224 135 1182
f 4654 4655 1182 1183
f 4653 4654 1183 1184
f 1230 4653 1184 136
f 1231 4650 4653 1230
f 1232 4647 4650 1231
f 4656 4657 4660 4659
f 4657 4658 4661 4660
f 4659 4660 4663 4662
f 4660 4661 4664 4663
f 114 1076 4656 1235
f 1076 1075 4657 4656
f 1075 1074 4658 4657
f 1074 113 1229 4658
f 4658 1229 1228 4661
f 4661 1228 1227 4664
f 4664 1227 128 1161
f 4663 4664 1161 1162
f 4662 4663 1162 1163
f 1233 4662 1163 129
f 1234 4659 4662 1233
f 1235 4656 4659 1234
f 4665 4666 4669 4668
f 4666 4667 4670 4669
f 4668 4669 4672 4671
f 4669 4670 4673 4672
f 122 1100 4665 1238
f 1100 1099 4666 4665
f 1099 1098 4667 4666
f 1098 121 1232 4667
f 4667 1232 1231 4670
f 4670 1231 1230 4673
f 4673 1230 136 1185
f 4672 4673 1185 1186
f 4671 4672 1186 1187
f 1236 4671 1187 137
f 1237 4668 4671 1236
f 1238 4665 4668 1237
f 4674 4675 4678 4677
f 4675 4676 4679 4678
f 4677 4678 4681 4680
f 4678 4679 4682 4681
f 115 1079 4674 1241
f 1079 1078 4675 4674
f 1078 1077 4676 4675
f 1077 114 1235 4676
f 4676 1235 1234 4679
f 4679 1234 1233 4682
f 4682 1233 129 1164
f 4681 4682 1164 1165
f 4680 4681 1165 1166
f 1239 4680 1166 130
f 1240 4677 4680 1239
f 1241 4674 4677 1240
f 4683 4684 4687 4686
f 4684 4685 4688 4687
f 4686 4687 4690 4689
f 4687 4688 4691 4690
f 123 1103 4683 1244
f 1103 1102 4684 4683
f 1102 1101 4685 4684
f 1101 122 1238 4685
f 4685 1238 1237 4688
f 4688 1237 1236 4691
f 4691 1236 137 1188
f 4690 4691 1188 1189
f 4689 4690 1189 1190
f 1242 4689 1190 138
f 1243 4686 4689 1242
f 1244 4683 4686 1243
f 4692 4693 4696 4695
f 4693 4694 4697 4696
f 4695 4696 4699 4698
f 4696 4697 4700 4699
f 116 1082 4692 1247
f 1082 1081 4693 4692
f 1081 1080 4694 4693
f 1080 115 1241 4694
f 4694 1241 1240 4697
f 4697 1240 1239 4700
f 4700 1239 130 1167
f 4699 4700 1167 1168
f 4698 4699 1168 1169
f 1245 4698 1169 131
f 1246 4695 4698 1245
f 1247 4692 4695 1246
f 4701 4702 4705 4704
f 4702 4703 4706 4705
f 4704 4705 4708 4707
f 4705 4706 4709 4708
f 124 1106 4701 1206
f 1106 1105 4702 4701
f 1105 1104 4703 4702
f 1104 123 1244 4703
f 4703 1244 1243 4706
f 4706 1243 1242 4709
f 4709 1242 138 1191
f 4708 4709 1191 1192
f 4707 4708 1192 1193
f 1208 4707 1193 139
f 1207 4704 4707 1208
f 1206 4701 4704 1207
f 4710 4711 4714 4713
f 4711 4712 4715 4714
f 4713 4714 4717 4716
f 4714 4715 4718 4717
f 117 1085 4710 1212
f 1085 1084 4711 4710
f 1084 1083 4712 4711
f 1083 116 1247 4712
f 4712 1247 1246 4715
f 4715 1246 1245 4718
f 4718 1245 131 1170
f 4717 4718 1170 1171
f 4716 4717 1171 1172
f 1214 4716 1172 132
f 1213 4713 4716 1214
f 1212 4710 4713 1213
f 4719 4720 4723 4722
f 4720 4721 4724 4723
f 4722 4723 4726 4725
f 4723 4724 4727 4726
f 129 1163 4719 1292
f 1163 1162 4720 4719
f 1162 1161 4721 4720
f 1161 128 1293 4721
f 4721 1293 1294 4724
f 4724 1294 1295 4727
f 4727 1295 143 1248
f 4726 4727 1248 1249
f 4725 4726 1249 1250
f 1290 4725 1250 144
f 1291 4722 4725 1290
f 1292 4719 4722 1291
f 4728 4729 4732 4731
f 4729 4730 4733 4732
f 4731 4732 4735 4734
f 4732 4733 4736 4735
f 137 1187 4728 1298
f 1187 1186 4729 4728
f 1186 1185 4730 4729
f 1185 136 1299 4730
f 4730 1299 1300 4733
f 4733 1300 1301 4736
f 4736 1301 151 1272
f 4735 4736 1272 1273
f 4734 4735 1273 1274
f 1296 4734 1274 152
f 1297 4731 4734 1296
f 1298 4728 4731 1297
f 4737 4738 4741 4740
f 4738 4739 4742 4741
f 4740 4741 4744 4743
f 4741 4742 4745 4744
f 130 1166 4737 1304
f 1166 1165 4738 4737
f 1165 1164 4739 4738
f 1164 129 1292 4739
f 4739 1292 1291 4742
f 4742 1291 1290 4745
f 4745 1290 144 1251
f 4744 4745 1251 1252
f 4743 4744 1252 1253
f 1302 4743 1253 145
f 1303 4740 4743 1302
f 1304 4737 4740 1303
f 4746 4747 4750 4749
f 4747 4748 4751 4750
f 4749 4750 4753 4752
f 4750 4751 4754 4753
f 138 1190 4746 1307
f 1190 1189 4747 4746
f 1189 1188 4748 4747
f 1188 137 1298 4748
f 4748 1298 1297 4751
f 4751 1297 1296 4754
f 4754 1296 152 1275
f 4753 4754 1275 1276
f 4752 4753 1276 1277
f 1305 4752 1277 153
f 1306 4749 4752 1305
f 1307 4746 4749 1306
f 4755 4756 4759 4758
f 4756 4757 4760 4759
f 4758 4759 4762 4761
f 4759 4760 4763 4762
f 131 1169 4755 1310
f 1169 1168 4756 4755
f 1168 1167 4757 4756
f 1167 130 1304 4757
f 4757 1304 1303 4760
f 4760 1303 1302 4763
f 4763 1302 145 1254
f 4762 4763 1254 1255
f 4761 4762 1255 1256
f 1308 4761 1256 146
f 1309 4758 4761 1308
f 1310 4755 4758 1309
f 4764 4765 4768 4767
f 4765 4766 4769 4768
f 4767 4768 4771 4770
f 4768 4769 4772 4771
f 139 1193 4764 1313
f 1193 1192 4765 4764
f 1192 1191 4766 4765
f 1191 138 1307 4766
f 4766 1307 1306 4769
f 4769 1306 1305 4772
f 4772 1305 153 1278
f 4771 4772 1278 1279
f 4770 4771 1279 1280
f 1311 4770 1280 154
f 1312 4767 4770 1311
f 1313 4764 4767 1312
f 4773 4774 4777 4776
f 4774 4775 4778 4777
f 4776 4777 4780 4779
f 4777 4778 4781 4780
f 132 1172 4773 1316
f 1172 1171 4774 4773
f 1171 1170 4775 4774
f 1170 131 1310 4775
f 4775 1310 1309 4778
f 4778 1309 1308 4781
f 4781 1308 146 1257
f 4780 4781 1257 1258
f 4779 4780 1258 1259
f 1314 4779 1259 147
f 1315 4776 4779 1314
f 1316 4773 4776 1315
f 4782 4783 4786 4785
f 4783 4784 4787 4786
f 4785 4786 4789 4788
f 4786 4787 4790 4789
f 140 1196 4782 1319
f 1196 1195 4783 4782
f 1195 1194 4784 4783
f 1194 139 1313 4784
f 4784 1313 1312 4787
f 4787 1312 1311 4790
f 4790 1311 154 1281
f 4789 4790 1281 1282
f 4788 4789 1282 1283
f 1317 4788 1283 155
f 1318 4785 4788 1317
f 1319 4782 4785 1318
f 4791 4792 4795 4794
f 4792 4793 4796 4795
f 4794 4795 4798 4797
f 4795 4796 4799 4798
f 133 1175 4791 1322
f 1175 1174 4792 4791
f 1174 1173 4793 4792
f 1173 132 1316 4793
f 4793 1316 1315 4796
f 4796 1315 1314 4799
f 4799 1314 147 1260
f 4798 4799 1260 1261
f 4797 4798 1261 1262
f 1320 4797 1262 148
f 1321 4794 4797 1320
f 1322 4791 4794 1321
f 4800 4801 4804 4803
f 4801 4802 4805 4804
f 4803 4804 4807 4806
f 4804 4805 4808 4807
f 141 1199 4800 1325
f 1199 1198 4801 4800
f 1198 1197 4802 4801
f 1197 140 1319 4802
f 4802 1319 1318 4805
f 4805 1318 1317 4808
f 4808 1317 155 1284
f 4807 4808 1284 1285
f 4806 4807 1285 1286
f 1323 4806 1286 156
f 1324 4803 4806 1323
f 1325 4800 4803 1324
f 4809 4810 4813 4812
f 4810 4811 4814 4813
f 4812 4813 4816 4815
f 4813 4814 4817 4816
f 134 1178 4809 1328
f 1178 1177 4810 4809
f 1177 1176 4811 4810
f 1176 133 1322 4811
f 4811 1322 1321 4814
f 4814 1321 1320 4817
f 4817 1320 148 1263
f 4816 4817 1263 1264
f 4815 4816 1264 1265
f 1326 4815 1265 149
f 1327 4812 4815 1326
f 1328 4809 4812 1327
f 4818 4819 4822 4821
f 4819 4820 4823 4822
f 4821 4822 4825 4824
f 4822 4823 4826 4825
f 142 1202 4818 1331
f 1202 1201 4819 4818
f 1201 1200 4820 4819
f 1200 141 1325 4820
f 4820 1325 1324 4823
f 4823 1324 1323 4826
f 4826 1323 156 1287
f 4825 4826 1287 1288
f 4824 4825 1288 1289
f 1329 4824 1289 157
f 1330 4821 4824 1329
f 1331 4818 4821 1330
f 4827 4828 4831 4830
f 4828 4829 4832 4831
f 4830 4831 4834 4833
f 4831 4832 4835 4834
f 135 1181 4827 1334
f 1181 1180 4828 4827
f 1180 1179 4829 4828
f 1179 134 1328 4829
f 4829 1328 1327 4832
f 4832 1327 1326 4835
f 4835 1326 149 1266
f 4834 4835 1266 1267
f 4833 4834 1267 1268
f 1332 4833 1268 150
f 1333 4830 4833 1332
f 1334 4827 4830 1333
f 4837 4838 4836 4842
f 4839 4840 4836 4838
f 4841 4842 4836 4840
f 128 3308 4837 1293
f 3308 3307 4838 4837
f 1293 4837 4842 1294
f 82 3312 4839 3306
f 3312 3313 4840 4839
f 3306 4839 4838 3307
f 143 1295 4841 3314
f 1295 1294 4842 4841
f 3314 4841 4840 3313
f 4844 4845 4843 4849
f 4846 4847 4843 4845
f 4848 4849 4843 4847
f 308 3311 4844 3317
f 3311 3310 4845 4844
f 3317 4844 4849 3316
f 142 1331 4846 3309
f 1331 1330 4847 4846
f 3309 4846 4845 3310
f 157 3315 4848 1329
f 3315 3316 4849 4848
f 1329 4848 4847 1330
f 4850 4851 4854 4853
f 4851 4852 4855 4854
f 4853 4854 4857 4856
f 4854 4855 4858 4857
f 136 1184 4850 1299
f 1184 1183 4851 4850
f 1183 1182 4852 4851
f 1182 135 1334 4852
f 4852 1334 1333 4855
f 4855 1333 1332 4858
f 4858 1332 150 1269
f 4857 4858 1269 1270
f 4856 4857 1270 1271
f 1301 4856 1271 151
f 1300 4853 4856 1301
f 1299 4850 4853 1300
f 4859 4860 4863 4862
f 4860 4861 4864 4863
f 4862 4863 4866 4865
f 4863 4864 4867 4866
f 148 1262 4859 1379
f 1262 1261 4860 4859
f 1261 1260 4861 4860
f 1260 147 1380 4861
f 4861 1380 1381 4864
f 4864 1381 1382 4867
f 4867 1382 162 1347
f 4866 4867 1347 1348
f 4865 4866 1348 1349
f 1377 4865 1349 163
f 1378 4862 4865 1377
f 1379 4859 4862 1378
f 4868 4869 4872 4871
f 4869 4870 4873 4872
f 4871 4872 4875 4874
f 4872 4873 4876 4875
f 156 1286 4868 1385
f 1286 1285 4869 4868
f 1285 1284 4870 4869
f 1284 155 1386 4870
f 4870 1386 1387 4873
f 4873 1387 1388 4876
f 4876 1388 170 1371
f 4875 4876 1371 1372
f 4874 4875 1372 1373
f 1383 4874 1373 171
f 1384 4871 4874 1383
f 1385 4868 4871 1384
f 4877 4878 4881 4880
f 4878 4879 4882 4881
f 4880 4881 4884 4883
f 4881 4882 4885 4884
f 149 1265 4877 1391
f 1265 1264 4878 4877
f 1264 1263 4879 4878
f 1263 148 1379 4879
f 4879 1379 1378 4882
f 4882 1378 1377 4885
f 4885 1377 163 1350
f 4884 4885 1350 1351
f 4883 4884 1351 1352
f 1389 4883 1352 164
f 1390 4880 4883 1389
f 1391 4877 4880 1390
f 4886 4887 4890 4889
f 4887 4888 4891 4890
f 4889 4890 4893 4892
f 4890 4891 4894 4893
f 157 1289 4886 1394
f 1289 1288 4887 4886
f 1288 1287 4888 4887
f 1287 156 1385 4888
f 4888 1385 1384 4891
f 4891 1384 1383 4894
f 4894 1383 171 1374
f 4893 4894 1374 1375
f 4892 4893 1375 1376
f 1392 4892 1376 172
f 1393 4889 4892 1392
f 1394 4886 4889 1393
f 4895 4896 4899 4898
f 4896 4897 4900 4899
f 4898 4899 4902 4901
f 4899 4900 4903 4902
f 150 1268 4895 1397
f 1268 1267 4896 4895
f 1267 1266 4897 4896
f 1266 149 1391 4897
f 4897 1391 1390 4900
f 4900 1390 1389 4903
f 4903 1389 164 1353
f 4902 4903 1353 1354
f 4901 4902 1354 1355
f 1395 4901 1355 165
f 1396 4898 4901 1395
f 1397 4895 4898 1396
f 4905 4906 4904 4910
f 4907 4908 4904 4906
f 4909 4910 4904 4908
f 143 3314 4905 1400
f 3314 3313 4906 4905
f 1400 4905 4910 1399
f 82 3318 4907 3312
f 3318 3319 4908 4907
f 3312 4907 4906 3313
f 158 1398 4909 3320
f 1398 1399 4910 4909
f 3320 4909 4908 3319
f 4912 4913 4911 4917
f 4914 4915 4911 4913
f 4916 4917 4911 4915
f 308 3317 4912 3323
f 3317 3316 4913 4912
f 3323 4912 4917 3322
f 157 1394 4914 3315
f 1394 1393 4915 4914
f 3315 4914 4913 3316
f 172 3321 4916 1392
f 3321 3322 4917 4916
f 1392 4916 4915 1393
f 4918 4919 4922 4921
f 4919 4920 4923 4922
f 4921 4922 4925 4924
f 4922 4923 4926 4925
f 151 1271 4918 1403
f 1271 1270 4919 4918
f 1270 1269 4920 4919
f 1269 150 1397 4920
f 4920 1397 1396 4923
f 4923 1396 1395 4926
f 4926 1395 165 1356
f 4925 4926 1356 1357
f 4924 4925 1357 1358
f 1401 4924 1358 166
f 1402 4921 4924 1401
f 1403 4918 4921 1402
f 4927 4928 4931 4930
f 4928 4929 4932 4931
f 4930 4931 4934 4933
f 4931 4932 4935 4934
f 144 1250 4927 1406
f 1250 1249 4928 4927
f 1249 1248 4929 4928
f 1248 143 1400 4929
f 4929 1400 1399 4932
f 4932 1399 1398 4935
f 4935 1398 158 1335
f 4934 4935 1335 1336
f 4933 4934 1336 1337
f 1404 4933 1337 159
f 1405 4930 4933 1404
f 1406 4927 4930 1405
f 4936 4937 4940 4939
f 4937 4938 4941 4940
f 4939 4940 4943 4942
f 4940 4941 4944 4943
f 152 1274 4936 1409
f 1274 1273 4937 4936
f 1273 1272 4938 4937
f 1272 151 1403 4938
f 4938 1403 1402 4941
f 4941 1402 1401 4944
f 4944 1401 166 1359
f 4943 4944 1359 1360
f 4942 4943 1360 1361
f 1407 4942 1361 167
f 1408 4939 4942 1407
f 1409 4936 4939 1408
f 4945 4946 4949 4948
f 4946 4947 4950 4949
f 4948 4949 4952 4951
f 4949 4950 4953 4952
f 145 1253 4945 1412
f 1253 1252 4946 4945
f 1252 1251 4947 4946
f 1251 144 1406 4947
f 4947 1406 1405 4950
f 4950 1405 1404 4953
f 4953 1404 159 1338
f 4952 4953 1338 1339
f 4951 4952 1339 1340
f 1410 4951 1340 160
f 1411 4948 4951 1410
f 1412 4945 4948 1411
f 4954 4955 4958 4957
f 4955 4956 4959 4958
f 4957 4958 4961 4960
f 4958 4959 4962 4961
f 153 1277 4954 1415
f 1277 1276 4955 4954
f 1276 1275 4956 4955
f 1275 152 1409 4956
f 4956 1409 1408 4959
f 4959 1408 1407 4962
f 4962 1407 167 1362
f 4961 4962 1362 1363
f 4960 4961 1363 1364
f 1413 4960 1364 168
f 1414 4957 4960 1413
f 1415 4954 4957 1414
f 4963 4964 4967 4966
f 4964 4965 4968 4967
f 4966 4967 4970 4969
f 4967 4968 4971 4970
f 146 1256 4963 1418
f 1256 1255 4964 4963
f 1255 1254 4965 4964
f 1254 145 1412 4965
f 4965 1412 1411 4968
f 4968 1411 1410 4971
f 4971 1410 160 1341
f 4970 4971 1341 1342
f 4969 4970 1342 1343
f 1416 4969 1343 161
f 1417 4966 4969 1416
f 1418 4963 4966 1417
f 4972 4973 4976 4975
f 4973 4974 4977 4976
f 4975 4976 4979 4978
f 4976 4977 4980 4979
f 154 1280 4972 1421
f 1280 1279 4973 4972
f 1279 1278 4974 4973
f 1278 153 1415 4974
f 4974 1415 1414 4977
f 4977 1414 1413 4980
f 4980 1413 168 1365
f 4979 4980 1365 1366
f 4978 4979 1366 1367
f 1419 4978 1367 169
f 1420 4975 4978 1419
f 1421 4972 4975 1420
f 4981 4982 4985 4984
f 4982 4983 4986 4985
f 4984 4985 4988 4987
f 4985 4986 4989 4988
f 147 1259 4981 1380
f 1259 1258 4982 4981
f 1258 1257 4983 4982
f 1257 146 1418 4983
f 4983 1418 1417 4986
f 4986 1417 1416 4989
f 4989 1416 161 1344
f 4988 4989 1344 1345
f 4987 4988 1345 1346
f 1382 4987 1346 162
f 1381 4984 4987 1382
f 1380 4981 4984 1381
f 4990 4991 4994 4993
f 4991 4992 4995 4994
f 4993 4994 4997 4996
f 4994 4995 4998 4997
f 155 1283 4990 1386
f 1283 1282 4991 4990
f 1282 1281 4992 4991
f 1281 154 1421 4992
f 4992 1421 1420 4995
f 4995 1420 1419 4998
f 4998 1419 169 1368
f 4997 4998 1368 1369
f 4996 4997 1369 1370
f 1388 4996 1370 170
f 1387 4993 4996 1388
f 1386 4990 4993 1387
f 4999 5000 5003 5002
f 5000 5001 5004 5003
f 5002 5003 5006 5005
f 5003 5004 5007 5006
f 167 1361 4999 1466
f 1361 1360 5000 4999
f 1360 1359 5001 5000
f 1359 166 1467 5001
f 5001 1467 1468 5004
f 5004 1468 1469 5007
f 5007 1469 181 1446
f 5006 5007 1446 1447
f 5005 5006 1447 1448
f 1464 5005 1448 182
f 1465 5002 5005 1464
f 1466 4999 5002 1465
f 5008 5009 5012 5011
f 5009 5010 5013 5012
f 5011 5012 5015 5014
f 5012 5013 5016 5015
f 160 1340 5008 1472
f 1340 1339 5009 5008
f 1339 1338 5010 5009
f 1338 159 1473 5010
f 5010 1473 1474 5013
f 5013 1474 1475 5016
f 5016 1475 174 1425
f 5015 5016 1425 1426
f 5014 5015 1426 1427
f 1470 5014 1427 175
f 1471 5011 5014 1470
f 1472 5008 5011 1471
f 5017 5018 5021 5020
f 5018 5019 5022 5021
f 5020 5021 5024 5023
f 5021 5022 5025 5024
f 168 1364 5017 1478
f 1364 1363 5018 5017
f 1363 1362 5019 5018
f 1362 167 1466 5019
f 5019 1466 1465 5022
f 5022 1465 1464 5025
f 5025 1464 182 1449
f 5024 5025 1449 1450
f 5023 5024 1450 1451
f 1476 5023 1451 183
f 1477 5020 5023 1476
f 1478 5017 5020 1477
f 5026 5027 5030 5029
f 5027 5028 5031 5030
f 5029 5030 5033 5032
f 5030 5031 5034 5033
f 161 1343 5026 1481
f 1343 1342 5027 5026
f 1342 1341 5028 5027
f 1341 160 1472 5028
f 5028 1472 1471 5031
f 5031 1471 1470 5034
f 5034 1470 175 1428
f 5033 5034 1428 1429
f 5032 5033 1429 1430
f 1479 5032 1430 176
f 1480 5029 5032 1479
f 1481 5026 5029 1480
f 5035 5036 5039 5038
f 5036 5037 5040 5039
f 5038 5039 5042 5041
f 5039 5040 5043 5042
f 169 1367 5035 1484
f 1367 1366 5036 5035
f 1366 1365 5037 5036
f 1365 168 1478 5037
f 5037 1478 1477 5040
f 5040 1477 1476 5043
f 5043 1476 183 1452
f 5042 5043 1452 1453
f 5041 5042 1453 1454
f 1482 5041 1454 184
f 1483 5038 5041 1482
f 1484 5035 5038 1483
f 5044 5045 5048 5047
f 5045 5046 5049 5048
f 5047 5048 5051 5050
f 5048 5049 5052 5051
f 162 1346 5044 1487
f 1346 1345 5045 5044
f 1345 1344 5046 5045
f 1344 161 1481 5046
f 5046 1481 1480 5049
f 5049 1480 1479 5052
f 5052 1479 176 1431
f 5051 5052 1431 1432
f 5050 5051 1432 1433
f 1485 5050 1433 177
f 1486 5047 5050 1485
f 1487 5044 5047 1486
f 5053 5054 5057 5056
f 5054 5055 5058 5057
f 5056 5057 5060 5059
f 5057 5058 5061 5060
f 170 1370 5053 1490
f 1370 1369 5054 5053
f 1369 1368 5055 5054
f 1368 169 1484 5055
f 5055 1484 1483 5058
f 5058 1483 1482 5061
f 5061 1482 184 1455
f 5060 5061 1455 1456
f 5059 5060 1456 1457
f 1488 5059 1457 185
f 1489 5056 5059 1488
f 1490 5053 5056 1489
f 5062 5063 5066 5065
f 5063 5064 5067 5066
f 5065 5066 5069 5068
f 5066 5067 5070 5069
f 163 1349 5062 1493
f 1349 1348 5063 5062
f 1348 1347 5064 5063
f 1347 162 1487 5064
f 5064 1487 1486 5067
f 5067 1486 1485 5070
f 5070 1485 177 1434
f 5069 5070 1434 1435
f 5068 5069 1435 1436
f 1491 5068 1436 178
f 1492 5065 5068 1491
f 1493 5062 5065 1492
f 5071 5072 5075 5074
f 5072 5073 5076 5075
f 5074 5075 5078 5077
f 5075 5076 5079 5078
f 171 1373 5071 1496
f 1373 1372 5072 5071
f 1372 1371 5073 5072
f 1371 170 1490 5073
f 5073 1490 1489 5076
f 5076 1489 1488 5079
f 5079 1488 185 1458
f 5078 5079 1458 1459
f 5077 5078 1459 1460
f 1494 5077 1460 186
f 1495 5074 5077 1494
f 1496 5071 5074 1495
f 5080 5081 5084 5083
f 5081 5082 5085 5084
f 5083 5084 5087 5086
f 5084 5085 5088 5087
f 164 1352 5080 1499
f 1352 1351 5081 5080
f 1351 1350 5082 5081
f 1350 163 1493 5082
f 5082 1493 1492 5085
f 5085 1492 1491 5088
f 5088 1491 178 1437
f 5087 5088 1437 1438
f 5086 5087 1438 1439
f 1497 5086 1439 179
f 1498 5083 5086 1497
f 1499 5080 5083 1498
f 5089 5090 5093 5092
f 5090 5091 5094 5093
f 5092 5093 5096 5095
f 5093 5094 5097 5096
f 172 1376 5089 1502
f 1376 1375 5090 5089
f 1375 1374 5091 5090
f 1374 171 1496 5091
f 5091 1496 1495 5094
f 5094 1495 1494 5097
f 5097 1494 186 1461
f 5096 5097 1461 1462
f 5095 5096 1462 1463
f 1500 5095 1463 187
f 1501 5092 5095 1500
f 1502 5089 5092 1501
f 5098 5099 5102 5101
f 5099 5100 5103 5102
f 5101 5102 5105 5104
f 5102 5103 5106 5105
f 165 1355 5098 1505
f 1355 1354 5099 5098
f 1354 1353 5100 5099
f 1353 164 1499 5100
f 5100 1499 1498 5103
f 5103 1498 1497 5106
f 5106 1497 179 1440
f 5105 5106 1440 1441
f 5104 5105 1441 1442
f 1503 5104 1442 180
f 1504 5101 5104 1503
f 1505 5098 5101 1504
f 5108 5109 5107 5113
f 5110 5111 5107 5109
f 5112 5113 5107 5111
f 158 3320 5108 1508
f 3320 3319 5109 5108
f 1508 5108 5113 1507
f 82 3324 5110 3318
f 3324 3325 5111 5110
f 3318 5110 5109 3319
f 173 1506 5112 3326
f 1506 1507 5113 5112
f 3326 5112 5111 3325
f 5115 5116 5114 5120
f 5117 5118 5114 5116
f 5119 5120 5114 5118
f 308 3323 5115 3329
f 3323 3322 5116 5115
f 3329 5115 5120 3328
f 172 1502 5117 3321
f 1502 1501 5118 5117
f 3321 5117 5116 3322
f 187 3327 5119 1500
f 3327 3328 5120 5119
f 1500 5119 5118 1501
f 5121 5122 5125 5124
f 5122 5123 5126 5125
f 5124 5125 5128 5127
f 5125 5126 5129 5128
f 166 1358 5121 1467
f 1358 1357 5122 5121
f 1357 1356 5123 5122
f 1356 165 1505 5123
f 5123 1505 1504 5126
f 5126 1504 1503 5129
f 5129 1503 180 1443
f 5128 5129 1443 1444
f 5127 5128 1444 1445
f 1469 5127 1445 181
f 1468 5124 5127 1469
f 1467 5121 5124 1468
f 5130 5131 5134 5133
f 5131 5132 5135 5134
f 5133 5134 5137 5136
f 5134 5135 5138 5137
f 159 1337 5130 1473
f 1337 1336 5131 5130
f 1336 1335 5132 5131
f 1335 158 1508 5132
f 5132 1508 1507 5135
f 5135 1507 1506 5138
f 5138 1506 173 1422
f 5137 5138 1422 1423
f 5136 5137 1423 1424
f 1475 5136 1424 174
f 1474 5133 5136 1475
f 1473 5130 5133 1474
f 5139 5140 5143 5142
f 5140 5141 5144 5143
f 5142 5143 5146 5145
f 5143 5144 5147 5146
f 186 1460 5139 1553
f 1460 1459 5140 5139
f 1459 1458 5141 5140
f 1458 185 1554 5141
f 5141 1554 1555 5144
f 5144 1555 1556 5147
f 5147 1556 200 1545
f 5146 5147 1545 1546
f 5145 5146 1546 1547
f 1551 5145 1547 201
f 1552 5142 5145 1551
f 1553 5139 5142 1552
f 5148 5149 5152 5151
f 5149 5150 5153 5152
f 5151 5152 5155 5154
f 5152 5153 5156 5155
f 179 1439 5148 1559
f 1439 1438 5149 5148
f 1438 1437 5150 5149
f 1437 178 1560 5150
f 5150 1560 1561 5153
f 5153 1561 1562 5156
f 5156 1562 193 1524
f 5155 5156 1524 1525
f 5154 5155 1525 1526
f 1557 5154 1526 194
f 1558 5151 5154 1557
f 1559 5148 5151 1558
f 5157 5158 5161 5160
f 5158 5159 5162 5161
f 5160 5161 5164 5163
f 5161 5162 5165 5164
f 187 1463 5157 1565
f 1463 1462 5158 5157
f 1462 1461 5159 5158
f 1461 186 1553 5159
f 5159 1553 1552 5162
f 5162 1552 1551 5165
f 5165 1551 201 1548
f 5164 5165 1548 1549
f 5163 5164 1549 1550
f 1563 5163 1550 202
f 1564 5160 5163 1563
f 1565 5157 5160 1564
f 5166 5167 5170 5169
f 5167 5168 5171 5170
f 5169 5170 5173 5172
f 5170 5171 5174 5173
f 180 1442 5166 1568
f 1442 1441 5167 5166
f 1441 1440 5168 5167
f 1440 179 1559 5168
f 5168 1559 1558 5171
f 5171 1558 1557 5174
f 5174 1557 194 1527
f 5173 5174 1527 1528
f 5172 5173 1528 1529
f 1566 5172 1529 195
f 1567 5169 5172 1566
f 1568 5166 5169 1567
f 5176 5177 5175 5181
f 5178 5179 5175 5177
f 5180 5181 5175 5179
f 173 3326 5176 1571
f 3326 3325 5177 5176
f 1571 5176 5181 1570
f 82 3330 5178 3324
f 3330 3331 5179 5178
f 3324 5178 5177 3325
f 188 1569 5180 3332
f 1569 1570 5181 5180
f 3332 5180 5179 3331
f 5183 5184 5182 5188
f 5185 5186 5182 5184
f 5187 5188 5182 5186
f 308 3329 5183 3335
f 3329 3328 5184 5183
f 3335 5183 5188 3334
f 187 1565 5185 3327
f 1565 1564 5186 5185
f 3327 5185 5184 3328
f 202 3333 5187 1563
f 3333 3334 5188 5187
f 1563 5187 5186 1564
f 5189 5190 5193 5192
f 5190 5191 5194 5193
f 5192 5193 5196 5195
f 5193 5194 5197 5196
f 181 1445 5189 1574
f 1445 1444 5190 5189
f 1444 1443 5191 5190
f 1443 180 1568 5191
f 5191 1568 1567 5194
f 5194 1567 1566 5197
f 5197 1566 195 1530
f 5196 5197 1530 1531
f 5195 5196 1531 1532
f 1572 5195 1532 196
f 1573 5192 5195 1572
f 1574 5189 5192 1573
f 5198 5199 5202 5201
f 5199 5200 5203 5202
f 5201 5202 5205 5204
f 5202 5203 5206 5205
f 174 1424 5198 1577
f 1424 1423 5199 5198
f 1423 1422 5200 5199
f 1422 173 1571 5200
f 5200 1571 1570 5203
f 5203 1570 1569 5206
f 5206 1569 188 1509
f 5205 5206 1509 1510
f 5204 5205 1510 1511
f 1575 5204 1511 189
f 1576 5201 5204 1575
f 1577 5198 5201 1576
f 5207 5208 5211 5210
f 5208 5209 5212 5211
f 5210 5211 5214 5213
f 5211 5212 5215 5214
f 182 1448 5207 1580
f 1448 1447 5208 5207
f 1447 1446 5209 5208
f 1446 181 1574 5209
f 5209 1574 1573 5212
f 5212 1573 1572 5215
f 5215 1572 196 1533
f 5214 5215 1533 1534
f 5213 5214 1534 1535
f 1578 5213 1535 197
f 1579 5210 5213 1578
f 1580 5207 5210 1579
f 5216 5217 5220 5219
f 5217 5218 5221 5220
f 5219 5220 5223 5222
f 5220 5221 5224 5223
f 175 1427 5216 1583
f 1427 1426 5217 5216
f 1426 1425 5218 5217
f 1425 174 1577 5218
f 5218 1577 1576 5221
f 5221 1576 1575 5224
f 5224 1575 189 1512
f 5223 5224 1512 1513
f 5222 5223 1513 1514
f 1581 5222 1514 190
f 1582 5219 5222 1581
f 1583 5216 5219 1582
f 5225 5226 5229 5228
f 5226 5227 5230 5229
f 5228 5229 5232 5231
f 5229 5230 5233 5232
f 183 1451 5225 1586
f 1451 1450 5226 5225
f 1450 1449 5227 5226
f 1449 182 1580 5227
f 5227 1580 1579 5230
f 5230 1579 1578 5233
f 5233 1578 197 1536
f 5232 5233 1536 1537
f 5231 5232 1537 1538
f 1584 5231 1538 198
f 1585 5228 5231 1584
f 1586 5225 5228 1585
f 5234 5235 5238 5237
f 5235 5236 5239 5238
f 5237 5238 5241 5240
f 5238 5239 5242 5241
f 176 1430 5234 1589
f 1430 1429 5235 5234
f 1429 1428 5236 5235
f 1428 175 1583 5236
f 5236 1583 1582 5239
f 5239 1582 1581 5242
f 5242 1581 190 1515
f 5241 5242 1515 1516
f 5240 5241 1516 1517
f 1587 5240 1517 191
f 1588 5237 5240 1587
f 1589 5234 5237 1588
f 5243 5244 5247 5246
f 5244 5245 5248 5247
f 5246 5247 5250 5249
f 5247 5248 5251 5250
f 184 1454 5243 1592
f 1454 1453 5244 5243
f 1453 1452 5245 5244
f 1452 183 1586 5245
f 5245 1586 1585 5248
f 5248 1585 1584 5251
f 5251 1584 198 1539
f 5250 5251 1539 1540
f 5249 5250 1540 1541
f 1590 5249 1541 199
f 1591 5246 5249 1590
f 1592 5243 5246 1591
f 5252 5253 5256 5255
f 5253 5254 5257 5256
f 5255 5256 5259 5258
f 5256 5257 5260 5259
f 177 1433 5252 1595
f 1433 1432 5253 5252
f 1432 1431 5254 5253
f 1431 176 1589 5254
f 5254 1589 1588 5257
f 5257 1588 1587 5260
f 5260 1587 191 1518
f 5259 5260 1518 1519
f 5258 5259 1519 1520
f 1593 5258 1520 192
f 1594 5255 5258 1593
f 1595 5252 5255 1594
f 5261 5262 5265 5264
f 5262 5263 5266 5265
f 5264 5265 5268 5267
f 5265 5266 5269 5268
f 185 1457 5261 1554
f 1457 1456 5262 5261
f 1456 1455 5263 5262
f 1455 184 1592 5263
f 5263 1592 1591 5266
f 5266 1591 1590 5269
f 5269 1590 199 1542
f 5268 5269 1542 1543
f 5267 5268 1543 1544
f 1556 5267 1544 200
f 1555 5264 5267 1556
f 1554 5261 5264 1555
f 5270 5271 5274 5273
f 5271 5272 5275 5274
f 5273 5274 5277 5276
f 5274 5275 5278 5277
f 178 1436 5270 1560
f 1436 1435 5271 5270
f 1435 1434 5272 5271
f 1434 177 1595 5272
f 5272 1595 1594 5275
f 5275 1594 1593 5278
f 5278 1593 192 1521
f 5277 5278 1521 1522
f 5276 5277 1522 1523
f 1562 5276 1523 193
f 1561 5273 5276 1562
f 1560 5270 5273 1561
f 5279 5280 5283 5282
f 5280 5281 5284 5283
f 5282 5283 5286 5285
f 5283 5284 5287 5286
f 190 1514 5279 1640
f 1514 1513 5280 5279
f 1513 1512 5281 5280
f 1512 189 1641 5281
f 5281 1641 1642 5284
f 5284 1642 1643 5287
f 5287 1643 204 1599
f 5286 5287 1599 1600
f 5285 5286 1600 1601
f 1638 5285 1601 205
f 1639 5282 5285 1638
f 1640 5279 5282 1639
f 5288 5289 5292 5291
f 5289 5290 5293 5292
f 5291 5292 5295 5294
f 5292 5293 5296 5295
f 198 1538 5288 1646
f 1538 1537 5289 5288
f 1537 1536 5290 5289
f 1536 197 1647 5290
f 5290 1647 1648 5293
f 5293 1648 1649 5296
f 5296 1649 212 1623
f 5295 5296 1623 1624
f 5294 5295 1624 1625
f 1644 5294 1625 213
f 1645 5291 5294 1644
f 1646 5288 5291 1645
f 5297 5298 5301 5300
f 5298 5299 5302 5301
f 5300 5301 5304 5303
f 5301 5302 5305 5304
f 191 1517 5297 1652
f 1517 1516 5298 5297
f 1516 1515 5299 5298
f 1515 190 1640 5299
f 5299 1640 1639 5302
f 5302 1639 1638 5305
f 5305 1638 205 1602
f 5304 5305 1602 1603
f 5303 5304 1603 1604
f 1650 5303 1604 206
f 1651 5300 5303 1650
f 1652 5297 5300 1651
f 5306 5307 5310 5309
f 5307 5308 5311 5310
f 5309 5310 5313 5312
f 5310 5311 5314 5313
f 199 1541 5306 1655
f 1541 1540 5307 5306
f 1540 1539 5308 5307
f 1539 198 1646 5308
f 5308 1646 1645 5311
f 5311 1645 1644 5314
f 5314 1644 213 1626
f 5313 5314 1626 1627
f 5312 5313 1627 1628
f 1653 5312 1628 214
f 1654 5309 5312 1653
f 1655 5306 5309 1654
f 5315 5316 5319 5318
f 5316 5317 5320 5319
f 5318 5319 5322 5321
f 5319 5320 5323 5322
f 192 1520 5315 1658
f 1520 1519 5316 5315
f 1519 1518 5317 5316
f 1518 191 1652 5317
f 5317 1652 1651 5320
f 5320 1651 1650 5323
f 5323 1650 206 1605
f 5322 5323 1605 1606
f 5321 5322 1606 1607
f 1656 5321 1607 207
f 1657 5318 5321 1656
f 1658 5315 5318 1657
f 5324 5325 5328 5327
f 5325 5326 5329 5328
f 5327 5328 5331 5330
f 5328 5329 5332 5331
f 200 1544 5324 1661
f 1544 1543 5325 5324
f 1543 1542 5326 5325
f 1542 199 1655 5326
f 5326 1655 1654 5329
f 5329 1654 1653 5332
f 5332 1653 214 1629
f 5331 5332 1629 1630
f 5330 5331 1630 1631
f 1659 5330 1631 215
f 1660 5327 5330 1659
f 1661 5324 5327 1660
f 5333 5334 5337 5336
f 5334 5335 5338 5337
f 5336 5337 5340 5339
f 5337 5338 5341 5340
f 193 1523 5333 1664
f 1523 1522 5334 5333
f 1522 1521 5335 5334
f 1521 192 1658 5335
f 5335 1658 1657 5338
f 5338 1657 1656 5341
f 5341 1656 207 1608
f 5340 5341 1608 1609
f 5339 5340 1609 1610
f 1662 5339 1610 208
f 1663 5336 5339 1662
f 1664 5333 5336 1663
f 5342 5343 5346 5345
f 5343 5344 5347 5346
f 5345 5346 5349 5348
f 5346 5347 5350 5349
f 201 1547 5342 1667
f 1547 1546 5343 5342
f 1546 1545 5344 5343
f 1545 200 1661 5344
f 5344 1661 1660 5347
f 5347 1660 1659 5350
f 5350 1659 215 1632
f 5349 5350 1632 1633
f 5348 5349 1633 1634
f 1665 5348 1634 216
f 1666 5345 5348 1665
f 1667 5342 5345 1666
f 5351 5352 5355 5354
f 5352 5353 5356 5355
f 5354 5355 5358 5357
f 5355 5356 5359 5358
f 194 1526 5351 1670
f 1526 1525 5352 5351
f 1525 1524 5353 5352
f 1524 193 1664 5353
f 5353 1664 1663 5356
f 5356 1663 1662 5359
f 5359 1662 208 1611
f 5358 5359 1611 1612
f 5357 5358 1612 1613
f 1668 5357 1613 209
f 1669 5354 5357 1668
f 1670 5351 5354 1669
f 5360 5361 5364 5363
f 5361 5362 5365 5364
f 5363 5364 5367 5366
f 5364 5365 5368 5367
f 202 1550 5360 1673
f 1550 1549 5361 5360
f 1549 1548 5362 5361
f 1548 201 1667 5362
f 5362 1667 1666 5365
f 5365 1666 1665 5368
f 5368 1665 216 1635
f 5367 5368 1635 1636
f 5366 5367 1636 1637
f 1671 5366 1637 217
f 1672 5363 5366 1671
f 1673 5360 5363 1672
f 5369 5370 5373 5372
f 5370 5371 5374 5373
f 5372 5373 5376 5375
f 5373 5374 5377 5376
f 195 1529 5369 1676
f 1529 1528 5370 5369
f 1528 1527 5371 5370
f 1527 194 1670 5371
f 5371 1670 1669 5374
f 5374 1669 1668 5377
f 5377 1668 209 1614
f 5376 5377 1614 1615
f 5375 5376 1615 1616
f 1674 5375 1616 210
f 1675 5372 5375 1674
f 1676 5369 5372 1675
f 5379 5380 5378 5384
f 5381 5382 5378 5380
f 5383 5384 5378 5382
f 188 3332 5379 1679
f 3332 3331 5380 5379
f 1679 5379 5384 1678
f 82 3336 5381 3330
f 3336 3337 5382 5381
f 3330 5381 5380 3331
f 203 1677 5383 3338
f 1677 1678 5384 5383
f 3338 5383 5382 3337
f 5386 5387 5385 5391
f 5388 5389 5385 5387
f 5390 5391 5385 5389
f 308 3335 5386 3341
f 3335 3334 5387 5386
f 3341 5386 5391 3340
f 202 1673 5388 3333
f 1673 1672 5389 5388
f 3333 5388 5387 3334
f 217 3339 5390 1671
f 3339 3340 5391 5390
f 1671 5390 5389 1672
f 5392 5393 5396 5395
f 5393 5394 5397 5396
f 5395 5396 5399 5398
f 5396 5397 5400 5399
f 196 1532 5392 1682
f 1532 1531 5393 5392
f 1531 1530 5394 5393
f 1530 195 1676 5394
f 5394 1676 1675 5397
f 5397 1675 1674 5400
f 5400 1674 210 1617
f 5399 5400 1617 1618
f 5398 5399 1618 1619
f 1680 5398 1619 211
f 1681 5395 5398 1680
f 1682 5392 5395 1681
f 5401 5402 5405 5404
f 5402 5403 5406 5405
f 5404 5405 5408 5407
f 5405 5406 5409 5408
f 189 1511 5401 1641
f 1511 1510 5402 5401
f 1510 1509 5403 5402
f 1509 188 1679 5403
f 5403 1679 1678 5406
f 5406 1678 1677 5409
f 5409 1677 203 1596
f 5408 5409 1596 1597
f 5407 5408 1597 1598
f 1643 5407 1598 204
f 1642 5404 5407 1643
f 1641 5401 5404 1642
f 5410 5411 5414 5413
f 5411 5412 5415 5414
f 5413 5414 5417 5416
f 5414 5415 5418 5417
f 197 1535 5410 1647
f 1535 1534 5411 5410
f 1534 1533 5412 5411
f 1533 196 1682 5412
f 5412 1682 1681 5415
f 5415 1681 1680 5418
f 5418 1680 211 1620
f 5417 5418 1620 1621
f 5416 5417 1621 1622
f 1649 5416 1622 212
f 1648 5413 5416 1649
f 1647 5410 5413 1648
f 5419 5420 5423 5422
f 5420 5421 5424 5423
f 5422 5423 5426 5425
f 5423 5424 5427 5426
f 209 1613 5419 1727
f 1613 1612 5420 5419
f 1612 1611 5421 5420
f 1611 208 1728 5421
f 5421 1728 1729 5424
f 5424 1729 1730 5427
f 5427 1730 223 1698
f 5426 5427 1698 1699
f 5425 5426 1699 1700
f 1725 5425 1700 224
f 1726 5422 5425 1725
f 1727 5419 5422 1726
f 5428 5429 5432 5431
f 5429 5430 5433 5432
f 5431 5432 5435 5434
f 5432 5433 5436 5435
f 217 1637 5428 1733
f 1637 1636 5429 5428
f 1636 1635 5430 5429
f 1635 216 1734 5430
f 5430 1734 1735 5433
f 5433 1735 1736 5436
f 5436 1736 231 1722
f 5435 5436 1722 1723
f 5434 5435 1723 1724
f 1731 5434 1724 232
f 1732 5431 5434 1731
f 1733 5428 5431 1732
f 5437 5438 5441 5440
f 5438 5439 5442 5441
f 5440 5441 5444 5443
f 5441 5442 5445 5444
f 210 1616 5437 1739
f 1616 1615 5438 5437
f 1615 1614 5439 5438
f 1614 209 1727 5439
f 5439 1727 1726 5442
f 5442 1726 1725 5445
f 5445 1725 224 1701
f 5444 5445 1701 1702
f 5443 5444 1702 1703
f 1737 5443 1703 225
f 1738 5440 5443 1737
f 1739 5437 5440 1738
f 5447 5448 5446 5452
f 5449 5450 5446 5448
f 5451 5452 5446 5450
f 203 3338 5447 1742
f 3338 3337 5448 5447
f 1742 5447 5452 1741
f 82 3342 5449 3336
f 3342 3343 5450 5449
f 3336 5449 5448 3337
f 218 1740 5451 3344
f 1740 1741 5452 5451
f 3344 5451 5450 3343
f 5454 5455 5453 5459
f 5456 5457 5453 5455
f 5458 5459 5453 5457
f 308 3341 5454 3347
f 3341 3340 5455 5454
f 3347 5454 5459 3346
f 217 1733 5456 3339
f 1733 1732 5457 5456
f 3339 5456 5455 3340
f 232 3345 5458 1731
f 3345 3346 5459 5458
f 1731 5458 5457 1732
f 5460 5461 5464 5463
f 5461 5462 5465 5464
f 5463 5464 5467 5466
f 5464 5465 5468 5467
f 211 1619 5460 1745
f 1619 1618 5461 5460
f 1618 1617 5462 5461
f 1617 210 1739 5462
f 5462 1739 1738 5465
f 5465 1738 1737 5468
f 5468 1737 225 1704
f 5467 5468 1704 1705
f 5466 5467 1705 1706
f 1743 5466 1706 226
f 1744 5463 5466 1743
f 1745 5460 5463 1744
f 5469 5470 5473 5472
f 5470 5471 5474 5473
f 5472 5473 5476 5475
f 5473 5474 5477 5476
f 204 1598 5469 1748
f 1598 1597 5470 5469
f 1597 1596 5471 5470
f 1596 203 1742 5471
f 5471 1742 1741 5474
f 5474 1741 1740 5477
f 5477 1740 218 1683
f 5476 5477 1683 1684
f 5475 5476 1684 1685
f 1746 5475 1685 219
f 1747 5472 5475 1746
f 1748 5469 5472 1747
f 5478 5479 5482 5481
f 5479 5480 5483 5482
f 5481 5482 5485 5484
f 5482 5483 5486 5485
f 212 1622 5478 1751
f 1622 1621 5479 5478
f 1621 1620 5480 5479
f 1620 211 1745 5480
f 5480 1745 1744 5483
f 5483 1744 1743 5486
f 5486 1743 226 1707
f 5485 5486 1707 1708
f 5484 5485 1708 1709
f 1749 5484 1709 227
f 1750 5481 5484 1749
f 1751 5478 5481 1750
f 5487 5488 5491 5490
f 5488 5489 5492 5491
f 5490 5491 5494 5493
f 5491 5492 5495 5494
f 205 1601 5487 1754
f 1601 1600 5488 5487
f 1600 1599 5489 5488
f 1599 204 1748 5489
f 5489 1748 1747 5492
f 5492 1747 1746 5495
f 5495 1746 219 1686
f 5494 5495 1686 1687
f 5493 5494 1687 1688
f 1752 5493 1688 220
f 1753 5490 5493 1752
f 1754 5487 5490 1753
f 5496 5497 5500 5499
f 5497 5498 5501 5500
f 5499 5500 5503 5502
f 5500 5501 5504 5503
f 213 1625 5496 1757
f 1625 1624 5497 5496
f 1624 1623 5498 5497
f 1623 212 1751 5498
f 5498 1751 1750 5501
f 5501 1750 1749 5504
f 5504 1749 227 1710
f 5503 5504 1710 1711
f 5502 5503 1711 1712
f 1755 5502 1712 228
f 1756 5499 5502 1755
f 1757 5496 5499 1756
f 5505 5506 5509 5508
f 5506 5507 5510 5509
f 5508 5509 5512 5511
f 5509 5510 5513 5512
f 206 1604 5505 1760
f 1604 1603 5506 5505
f 1603 1602 5507 5506
f 1602 205 1754 5507
f 5507 1754 1753 5510
f 5510 1753 1752 5513
f 5513 1752 220 1689
f 5512 5513 1689 1690
f 5511 5512 1690 1691
f 1758 5511 1691 221
f 1759 5508 5511 1758
f 1760 5505 5508 1759
f 5514 5515 5518 5517
f 5515 5516 5519 5518
f 5517 5518 5521 5520
f 5518 5519 5522 5521
f 214 1628 5514 1763
f 1628 1627 5515 5514
f 1627 1626 5516 5515
f 1626 213 1757 5516
f 5516 1757 1756 5519
f 5519 1756 1755 5522
f 5522 1755 228 1713
f 5521 5522 1713 1714
f 5520 5521 1714 1715
f 1761 5520 1715 229
f 1762 5517 5520 1761
f 1763 5514 5517 1762
f 5523 5524 5527 5526
f 5524 5525 5528 5527
f 5526 5527 5530 5529
f 5527 5528 5531 5530
f 207 1607 5523 1766
f 1607 1606 5524 5523
f 1606 1605 5525 5524
f 1605 206 1760 5525
f 5525 1760 1759 5528
f 5528 1759 1758 5531
f 5531 1758 221 1692
f 5530 5531 1692 1693
f 5529 5530 1693 1694
f 1764 5529 1694 222
f 1765 5526 5529 1764
f 1766 5523 5526 1765
f 5532 5533 5536 5535
f 5533 5534 5537 5536
f 5535 5536 5539 5538
f 5536 5537 5540 5539
f 215 1631 5532 1769
f 1631 1630 5533 5532
f 1630 1629 5534 5533
f 1629 214 1763 5534
f 5534 1763 1762 5537
f 5537 1762 1761 5540
f 5540 1761 229 1716
f 5539 5540 1716 1717
f 5538 5539 1717 1718
f 1767 5538 1718 230
f 1768 5535 5538 1767
f 1769 5532 5535 1768
f 5541 5542 5545 5544
f 5542 5543 5546 5545
f 5544 5545 5548 5547
f 5545 5546 5549 5548
f 208 1610 5541 1728
f 1610 1609 5542 5541
f 1609 1608 5543 5542
f 1608 207 1766 5543
f 5543 1766 1765 5546
f 5546 1765 1764 5549
f 5549 1764 222 1695
f 5548 5549 1695 1696
f 5547 5548 1696 1697
f 1730 5547 1697 223
f 1729 5544 5547 1730
f 1728 5541 5544 1729
f 5550 5551 5554 5553
f 5551 5552 5555 5554
f 5553 5554 5557 5556
f 5554 5555 5558 5557
f 216 1634 5550 1734
f 1634 1633 5551 5550
f 1633 1632 5552 5551
f 1632 215 1769 5552
f 5552 1769 1768 5555
f 5555 1768 1767 5558
f 5558 1767 230 1719
f 5557 5558 1719 1720
f 5556 5557 1720 1721
f 1736 5556 1721 231
f 1735 5553 5556 1736
f 1734 5550 5553 1735
f 5559 5560 5563 5562
f 5560 5561 5564 5563
f 5562 5563 5566 5565
f 5563 5564 5567 5566
f 228 1712 5559 1814
f 1712 1711 5560 5559
f 1711 1710 5561 5560
f 1710 227 1815 5561
f 5561 1815 1816 5564
f 5564 1816 1817 5567
f 5567 1817 242 1797
f 5566 5567 1797 1798
f 5565 5566 1798 1799
f 1812 5565 1799 243
f 1813 5562 5565 1812
f 1814 5559 5562 1813
f 5568 5569 5572 5571
f 5569 5570 5573 5572
f 5571 5572 5575 5574
f 5572 5573 5576 5575
f 221 1691 5568 1820
f 1691 1690 5569 5568
f 1690 1689 5570 5569
f 1689 220 1821 5570
f 5570 1821 1822 5573
f 5573 1822 1823 5576
f 5576 1823 235 1776
f 5575 5576 1776 1777
f 5574 5575 1777 1778
f 1818 5574 1778 236
f 1819 5571 5574 1818
f 1820 5568 5571 1819
f 5577 5578 5581 5580
f 5578 5579 5582 5581
f 5580 5581 5584 5583
f 5581 5582 5585 5584
f 229 1715 5577 1826
f 1715 1714 5578 5577
f 1714 1713 5579 5578
f 1713 228 1814 5579
f 5579 1814 1813 5582
f 5582 1813 1812 5585
f 5585 1812 243 1800
f 5584 5585 1800 1801
f 5583 5584 1801 1802
f 1824 5583 1802 244
f 1825 5580 5583 1824
f 1826 5577 5580 1825
f 5586 5587 5590 5589
f 5587 5588 5591 5590
f 5589 5590 5593 5592
f 5590 5591 5594 5593
f 222 1694 5586 1829
f 1694 1693 5587 5586
f 1693 1692 5588 5587
f 1692 221 1820 5588
f 5588 1820 1819 5591
f 5591 1819 1818 5594
f 5594 1818 236 1779
f 5593 5594 1779 1780
f 5592 5593 1780 1781
f 1827 5592 1781 237
f 1828 5589 5592 1827
f 1829 5586 5589 1828
f 5595 5596 5599 5598
f 5596 5597 5600 5599
f 5598 5599 5602 5601
f 5599 5600 5603 5602
f 230 1718 5595 1832
f 1718 1717 5596 5595
f 1717 1716 5597 5596
f 1716 229 1826 5597
f 5597 1826 1825 5600
f 5600 1825 1824 5603
f 5603 1824 244 1803
f 5602 5603 1803 1804
f 5601 5602 1804 1805
f 1830 5601 1805 245
f 1831 5598 5601 1830
f 1832 5595 5598 1831
f 5604 5605 5608 5607
f 5605 5606 5609 5608
f 5607 5608 5611 5610
f 5608 5609 5612 5611
f 223 1697 5604 1835
f 1697 1696 5605 5604
f 1696 1695 5606 5605
f 1695 222 1829 5606
f 5606 1829 1828 5609
f 5609 1828 1827 5612
f 5612 1827 237 1782
f 5611 5612 1782 1783
f 5610 5611 1783 1784
f 1833 5610 1784 238
f 1834 5607 5610 1833
f 1835 5604 5607 1834
f 5613 5614 5617 5616
f 5614 5615 5618 5617
f 5616 5617 5620 5619
f 5617 5618 5621 5620
f 231 1721 5613 1838
f 1721 1720 5614 5613
f 1720 1719 5615 5614
f 1719 230 1832 5615
f 5615 1832 1831 5618
f 5618 1831 1830 5621
f 5621 1830 245 1806
f 5620 5621 1806 1807
f 5619 5620 1807 1808
f 1836 5619 1808 246
f 1837 5616 5619 1836
f 1838 5613 5616 1837
f 5622 5623 5626 5625
f 5623 5624 5627 5626
f 5625 5626 5629 5628
f 5626 5627 5630 5629
f 224 1700 5622 1841
f 1700 1699 5623 5622
f 1699 1698 5624 5623
f 1698 223 1835 5624
f 5624 1835 1834 5627
f 5627 1834 1833 5630
f 5630 1833 238 1785
f 5629 5630 1785 1786
f 5628 5629 1786 1787
f 1839 5628 1787 239
f 1840 5625 5628 1839
f 1841 5622 5625 1840
f 5631 5632 5635 5634
f 5632 5633 5636 5635
f 5634 5635 5638 5637
f 5635 5636 5639 5638
f 232 1724 5631 1844
f 1724 1723 5632 5631
f 1723 1722 5633 5632
f 1722 231 1838 5633
f 5633 1838 1837 5636
f 5636 1837 1836 5639
f 5639 1836 246 1809
f 5638 5639 1809 1810
f 5637 5638 1810 1811
f 1842 5637 1811 247
f 1843 5634 5637 1842
f 1844 5631 5634 1843
f 5640 5641 5644 5643
f 5641 5642 5645 5644
f 5643 5644 5647 5646
f 5644 5645 5648 5647
f 225 1703 5640 1847
f 1703 1702 5641 5640
f 1702 1701 5642 5641
f 1701 224 1841 5642
f 5642 1841 1840 5645
f 5645 1840 1839 5648
f 5648 1839 239 1788
f 5647 5648 1788 1789
f 5646 5647 1789 1790
f 1845 5646 1790 240
f 1846 5643 5646 1845
f 1847 5640 5643 1846
f 5650 5651 5649 5655
f 5652 5653 5649 5651
f 5654 5655 5649 5653
f 218 3344 5650 1850
f 3344 3343 5651 5650
f 1850 5650 5655 1849
f 82 3348 5652 3342
f 3348 3349 5653 5652
f 3342 5652 5651 3343
f 233 1848 5654 3350
f 1848 1849 5655 5654
f 3350 5654 5653 3349
f 5657 5658 5656 5662
f 5659 5660 5656 5658
f 5661 5662 5656 5660
f 308 3347 5657 3353
f 3347 3346 5658 5657
f 3353 5657 5662 3352
f 232 1844 5659 3345
f 1844 1843 5660 5659
f 3345 5659 5658 3346
f 247 3351 5661 1842
f 3351 3352 5662 5661
f 1842 5661 5660 1843
f 5663 5664 5667 5666
f 5664 5665 5668 5667
f 5666 5667 5670 5669
f 5667 5668 5671 5670
f 226 1706 5663 1853
f 1706 1705 5664 5663
f 1705 1704 5665 5664
f 1704 225 1847 5665
f 5665 1847 1846 5668
f 5668 1846 1845 5671
f 5671 1845 240 1791
f 5670 5671 1791 1792
f 5669 5670 1792 1793
f 1851 5669 1793 241
f 1852 5666 5669 1851
f 1853 5663 5666 1852
f 5672 5673 5676 5675
f 5673 5674 5677 5676
f 5675 5676 5679 5678
f 5676 5677 5680 5679
f 219 1685 5672 1856
f 1685 1684 5673 5672
f 1684 1683 5674 5673
f 1683 218 1850 5674
f 5674 1850 1849 5677
f 5677 1849 1848 5680
f 5680 1848 233 1770
f 5679 5680 1770 1771
f 5678 5679 1771 1772
f 1854 5678 1772 234
f 1855 5675 5678 1854
f 1856 5672 5675 1855
f 5681 5682 5685 5684
f 5682 5683 5686 5685
f 5684 5685 5688 5687
f 5685 5686 5689 5688
f 227 1709 5681 1815
f 1709 1708 5682 5681
f 1708 1707 5683 5682
f 1707 226 1853 5683
f 5683 1853 1852 5686
f 5686 1852 1851 5689
f 5689 1851 241 1794
f 5688 5689 1794 1795
f 5687 5688 1795 1796
f 1817 5687 1796 242
f 1816 5684 5687 1817
f 1815 5681 5684 1816
f 5690 5691 5694 5693
f 5691 5692 5695 5694
f 5693 5694 5697 5696
f 5694 5695 5698 5697
f 220 1688 5690 1821
f 1688 1687 5691 5690
f 1687 1686 5692 5691
f 1686 219 1856 5692
f 5692 1856 1855 5695
f 5695 1855 1854 5698
f 5698 1854 234 1773
f 5697 5698 1773 1774
f 5696 5697 1774 1775
f 1823 5696 1775 235
f 1822 5693 5696 1823
f 1821 5690 5693 1822
f 5699 5700 5703 5702
f 5700 5701 5704 5703
f 5702 5703 5706 5705
f 5703 5704 5707 5706
f 247 1811 5699 1901
f 1811 1810 5700 5699
f 1810 1809 5701 5700
f 1809 246 1902 5701
f 5701 1902 1903 5704
f 5704 1903 1904 5707
f 5707 1904 261 1896
f 5706 5707 1896 1897
f 5705 5706 1897 1898
f 1899 5705 1898 262
f 1900 5702 5705 1899
f 1901 5699 5702 1900
f 5708 5709 5712 5711
f 5709 5710 5713 5712
f 5711 5712 5715 5714
f 5712 5713 5716 5715
f 240 1790 5708 1907
f 1790 1789 5709 5708
f 1789 1788 5710 5709
f 1788 239 1908 5710
f 5710 1908 1909 5713
f 5713 1909 1910 5716
f 5716 1910 254 1875
f 5715 5716 1875 1876
f 5714 5715 1876 1877
f 1905 5714 1877 255
f 1906 5711 5714 1905
f 1907 5708 5711 1906
f 5718 5719 5717 5723
f 5720 5721 5717 5719
f 5722 5723 5717 5721
f 233 3350 5718 1913
f 3350 3349 5719 5718
f 1913 5718 5723 1912
f 82 3354 5720 3348
f 3354 3355 5721 5720
f 3348 5720 5719 3349
f 248 1911 5722 3356
f 1911 1912 5723 5722
f 3356 5722 5721 3355
f 5725 5726 5724 5730
f 5727 5728 5724 5726
f 5729 5730 5724 5728
f 308 3353 5725 3359
f 3353 3352 5726 5725
f 3359 5725 5730 3358
f 247 1901 5727 3351
f 1901 1900 5728 5727
f 3351 5727 5726 3352
f 262 3357 5729 1899
f 3357 3358 5730 5729
f 1899 5729 5728 1900
f 5731 5732 5735 5734
f 5732 5733 5736 5735
f 5734 5735 5738 5737
f 5735 5736 5739 5738
f 241 1793 5731 1916
f 1793 1792 5732 5731
f 1792 1791 5733 5732
f 1791 240 1907 5733
f 5733 1907 1906 5736
f 5736 1906 1905 5739
f 5739 1905 255 1878
f 5738 5739 1878 1879
f 5737 5738 1879 1880
f 1914 5737 1880 256
f 1915 5734 5737 1914
f 1916 5731 5734 1915
f 5740 5741 5744 5743
f 5741 5742 5745 5744
f 5743 5744 5747 5746
f 5744 5745 5748 5747
f 234 1772 5740 1919
f 1772 1771 5741 5740
f 1771 1770 5742 5741
f 1770 233 1913 5742
f 5742 1913 1912 5745
f 5745 1912 1911 5748
f 5748 1911 248 1857
f 5747 5748 1857 1858
f 5746 5747 1858 1859
f 1917 5746 1859 249
f 1918 5743 5746 1917
f 1919 5740 5743 1918
f 5749 5750 5753 5752
f 5750 5751 5754 5753
f 5752 5753 5756 5755
f 5753 5754 5757 5756
f 242 1796 5749 1922
f 1796 1795 5750 5749
f 1795 1794 5751 5750
f 1794 241 1916 5751
f 5751 1916 1915 5754
f 5754 1915 1914 5757
f 5757 1914 256 1881
f 5756 5757 1881 1882
f 5755 5756 1882 1883
f 1920 5755 1883 257
f 1921 5752 5755 1920
f 1922 5749 5752 1921
f 5758 5759 5762 5761
f 5759 5760 5763 5762
f 5761 5762 5765 5764
f 5762 5763 5766 5765
f 235 1775 5758 1925
f 1775 1774 5759 5758
f 1774 1773 5760 5759
f 1773 234 1919 5760
f 5760 1919 1918 5763
f 5763 1918 1917 5766
f 5766 1917 249 1860
f 5765 5766 1860 1861
f 5764 5765 1861 1862
f 1923 5764 1862 250
f 1924 5761 5764 1923
f 1925 5758 5761 1924
f 5767 5768 5771 5770
f 5768 5769 5772 5771
f 5770 5771 5774 5773
f 5771 5772 5775 5774
f 243 1799 5767 1928
f 1799 1798 5768 5767
f 1798 1797 5769 5768
f 1797 242 1922 5769
f 5769 1922 1921 5772
f 5772 1921 1920 5775
f 5775 1920 257 1884
f 5774 5775 1884 1885
f 5773 5774 1885 1886
f 1926 5773 1886 258
f 1927 5770 5773 1926
f 1928 5767 5770 1927
f 5776 5777 5780 5779
f 5777 5778 5781 5780
f 5779 5780 5783 5782
f 5780 5781 5784 5783
f 236 1778 5776 1931
f 1778 1777 5777 5776
f 1777 1776 5778 5777
f 1776 235 1925 5778
f 5778 1925 1924 5781
f 5781 1924 1923 5784
f 5784 1923 250 1863
f 5783 5784 1863 1864
f 5782 5783 1864 1865
f 1929 5782 1865 251
f 1930 5779 5782 1929
f 1931 5776 5779 1930
f 5785 5786 5789 5788
f 5786 5787 5790 5789
f 5788 5789 5792 5791
f 5789 5790 5793 5792
f 244 1802 5785 1934
f 1802 1801 5786 5785
f 1801 1800 5787 5786
f 1800 243 1928 5787
f 5787 1928 1927 5790
f 5790 1927 1926 5793
f 5793 1926 258 1887
f 5792 5793 1887 1888
f 5791 5792 1888 1889
f 1932 5791 1889 259
f 1933 5788 5791 1932
f 1934 5785 5788 1933
f 5794 5795 5798 5797
f 5795 5796 5799 5798
f 5797 5798 5801 5800
f 5798 5799 5802 5801
f 237 1781 5794 1937
f 1781 1780 5795 5794
f 1780 1779 5796 5795
f 1779 236 1931 5796
f 5796 1931 1930 5799
f 5799 1930 1929 5802
f 5802 1929 251 1866
f 5801 5802 1866 1867
f 5800 5801 1867 1868
f 1935 5800 1868 252
f 1936 5797 5800 1935
f 1937 5794 5797 1936
f 5803 5804 5807 5806
f 5804 5805 5808 5807
f 5806 5807 5810 5809
f 5807 5808 5811 5810
f 245 1805 5803 1940
f 1805 1804 5804 5803
f 1804 1803 5805 5804
f 1803 244 1934 5805
f 5805 1934 1933 5808
f 5808 1933 1932 5811
f 5811 1932 259 1890
f 5810 5811 1890 1891
f 5809 5810 1891 1892
f 1938 5809 1892 260
f 1939 5806 5809 1938
f 1940 5803 5806 1939
f 5812 5813 5816 5815
f 5813 5814 5817 5816
f 5815 5816 5819 5818
f 5816 5817 5820 5819
f 238 1784 5812 1943
f 1784 1783 5813 5812
f 1783 1782 5814 5813
f 1782 237 1937 5814
f 5814 1937 1936 5817
f 5817 1936 1935 5820
f 5820 1935 252 1869
f 5819 5820 1869 1870
f 5818 5819 1870 1871
f 1941 5818 1871 253
f 1942 5815 5818 1941
f 1943 5812 5815 1942
f 5821 5822 5825 5824
f 5822 5823 5826 5825
f 5824 5825 5828 5827
f 5825 5826 5829 5828
f 246 1808 5821 1902
f 1808 1807 5822 5821
f 1807 1806 5823 5822
f 1806 245 1940 5823
f 5823 1940 1939 5826
f 5826 1939 1938 5829
f 5829 1938 260 1893
f 5828 5829 1893 1894
f 5827 5828 1894 1895
f 1904 5827 1895 261
f 1903 5824 5827 1904
f 1902 5821 5824 1903
f 5830 5831 5834 5833
f 5831 5832 5835 5834
f 5833 5834 5837 5836
f 5834 5835 5838 5837
f 239 1787 5830 1908
f 1787 1786 5831 5830
f 1786 1785 5832 5831
f 1785 238 1943 5832
f 5832 1943 1942 5835
f 5835 1942 1941 5838
f 5838 1941 253 1872
f 5837 5838 1872 1873
f 5836 5837 1873 1874
f 1910 5836 1874 254
f 1909 5833 5836 1910
f 1908 5830 5833 1909
f 5839 5840 5843 5842
f 5840 5841 5844 5843
f 5842 5843 5846 5845
f 5843 5844 5847 5846
f 259 1889 5839 1988
f 1889 1888 5840 5839
f 1888 1887 5841 5840
f 1887 258 1989 5841
f 5841 1989 1990 5844
f 5844 1990 1991 5847
f 5847 1991 273 1974
f 5846 5847 1974 1975
f 5845 5846 1975 1976
f 1986 5845 1976 274
f 1987 5842 5845 1986
f 1988 5839 5842 1987
f 5848 5849 5852 5851
f 5849 5850 5853 5852
f 5851 5852 5855 5854
f 5852 5853 5856 5855
f 252 1868 5848 1994
f 1868 1867 5849 5848
f 1867 1866 5850 5849
f 1866 251 1995 5850
f 5850 1995 1996 5853
f 5853 1996 1997 5856
f 5856 1997 266 1953
f 5855 5856 1953 1954
f 5854 5855 1954 1955
f 1992 5854 1955 267
f 1993 5851 5854 1992
f 1994 5848 5851 1993
f 5857 5858 5861 5860
f 5858 5859 5862 5861
f 5860 5861 5864 5863
f 5861 5862 5865 5864
f 260 1892 5857 2000
f 1892 1891 5858 5857
f 1891 1890 5859 5858
f 1890 259 1988 5859
f 5859 1988 1987 5862
f 5862 1987 1986 5865
f 5865 1986 274 1977
f 5864 5865 1977 1978
f 5863 5864 1978 1979
f 1998 5863 1979 275
f 1999 5860 5863 1998
f 2000 5857 5860 1999
f 5866 5867 5870 5869
f 5867 5868 5871 5870
f 5869 5870 5873 5872
f 5870 5871 5874 5873
f 253 1871 5866 2003
f 1871 1870 5867 5866
f 1870 1869 5868 5867
f 1869 252 1994 5868
f 5868 1994 1993 5871
f 5871 1993 1992 5874
f 5874 1992 267 1956
f 5873 5874 1956 1957
f 5872 5873 1957 1958
f 2001 5872 1958 268
f 2002 5869 5872 2001
f 2003 5866 5869 2002
f 5875 5876 5879 5878
f 5876 5877 5880 5879
f 5878 5879 5882 5881
f 5879 5880 5883 5882
f 261 1895 5875 2006
f 1895 1894 5876 5875
f 1894 1893 5877 5876
f 1893 260 2000 5877
f 5877 2000 1999 5880
f 5880 1999 1998 5883
f 5883 1998 275 1980
f 5882 5883 1980 1981
f 5881 5882 1981 1982
f 2004 5881 1982 276
f 2005 5878 5881 2004
f 2006 5875 5878 2005
f 5884 5885 5888 5887
f 5885 5886 5889 5888
f 5887 5888 5891 5890
f 5888 5889 5892 5891
f 254 1874 5884 2009
f 1874 1873 5885 5884
f 1873 1872 5886 5885
f 1872 253 2003 5886
f 5886 2003 2002 5889
f 5889 2002 2001 5892
f 5892 2001 268 1959
f 5891 5892 1959 1960
f 5890 5891 1960 1961
f 2007 5890 1961 269
f 2008 5887 5890 2007
f 2009 5884 5887 2008
f 5893 5894 5897 5896
f 5894 5895 5898 5897
f 5896 5897 5900 5899
f 5897 5898 5901 5900
f 262 1898 5893 2012
f 1898 1897 5894 5893
f 1897 1896 5895 5894
f 1896 261 2006 5895
f 5895 2006 2005 5898
f 5898 2005 2004 5901
f 5901 2004 276 1983
f 5900 5901 1983 1984
f 5899 5900 1984 1985
f 2010 5899 1985 277
f 2011 5896 5899 2010
f 2012 5893 5896 2011
f 5902 5903 5906 5905
f 5903 5904 5907 5906
f 5905 5906 5909 5908
f 5906 5907 5910 5909
f 255 1877 5902 2015
f 1877 1876 5903 5902
f 1876 1875 5904 5903
f 1875 254 2009 5904
f 5904 2009 2008 5907
f 5907 2008 2007 5910
f 5910 2007 269 1962
f 5909 5910 1962 1963
f 5908 5909 1963 1964
f 2013 5908 1964 270
f 2014 5905 5908 2013
f 2015 5902 5905 2014
f 5912 5913 5911 5917
f 5914 5915 5911 5913
f 5916 5917 5911 5915
f 248 3356 5912 2018
f 3356 3355 5913 5912
f 2018 5912 5917 2017
f 82 3360 5914 3354
f 3360 3361 5915 5914
f 3354 5914 5913 3355
f 263 2016 5916 3362
f 2016 2017 5917 5916
f 3362 5916 5915 3361
f 5919 5920 5918 5924
f 5921 5922 5918 5920
f 5923 5924 5918 5922
f 308 3359 5919 3365
f 3359 3358 5920 5919
f 3365 5919 5924 3364
f 262 2012 5921 3357
f 2012 2011 5922 5921
f 3357 5921 5920 3358
f 277 3363 5923 2010
f 3363 3364 5924 5923
f 2010 5923 5922 2011
f 5925 5926 5929 5928
f 5926 5927 5930 5929
f 5928 5929 5932 5931
f 5929 5930 5933 5932
f 256 1880 5925 2021
f 1880 1879 5926 5925
f 1879 1878 5927 5926
f 1878 255 2015 5927
f 5927 2015 2014 5930
f 5930 2014 2013 5933
f 5933 2013 270 1965
f 5932 5933 1965 1966
f 5931 5932 1966 1967
f 2019 5931 1967 271
f 2020 5928 5931 2019
f 2021 5925 5928 2020
f 5934 5935 5938 5937
f 5935 5936 5939 5938
f 5937 5938 5941 5940
f 5938 5939 5942 5941
f 249 1859 5934 2024
f 1859 1858 5935 5934
f 1858 1857 5936 5935
f 1857 248 2018 5936
f 5936 2018 2017 5939
f 5939 2017 2016 5942
f 5942 2016 263 1944
f 5941 5942 1944 1945
f 5940 5941 1945 1946
f 2022 5940 1946 264
f 2023 5937 5940 2022
f 2024 5934 5937 2023
f 5943 5944 5947 5946
f 5944 5945 5948 5947
f 5946 5947 5950 5949
f 5947 5948 5951 5950
f 257 1883 5943 2027
f 1883 1882 5944 5943
f 1882 1881 5945 5944
f 1881 256 2021 5945
f 5945 2021 2020 5948
f 5948 2020 2019 5951
f 5951 2019 271 1968
f 5950 5951 1968 1969
f 5949 5950 1969 1970
f 2025 5949 1970 272
f 2026 5946 5949 2025
f 2027 5943 5946 2026
f 5952 5953 5956 5955
f 5953 5954 5957 5956
f 5955 5956 5959 5958
f 5956 5957 5960 5959
f 250 1862 5952 2030
f 1862 1861 5953 5952
f 1861 1860 5954 5953
f 1860 249 2024 5954
f 5954 2024 2023 5957
f 5957 2023 2022 5960
f 5960 2022 264 1947
f 5959 5960 1947 1948
f 5958 5959 1948 1949
f 2028 5958 1949 265
f 2029 5955 5958 2028
f 2030 5952 5955 2029
f 5961 5962 5965 5964
f 5962 5963 5966 5965
f 5964 5965 5968 5967
f 5965 5966 5969 5968
f 258 1886 5961 1989
f 1886 1885 5962 5961
f 1885 1884 5963 5962
f 1884 257 2027 5963
f 5963 2027 2026 5966
f 5966 2026 2025 5969
f 5969 2025 272 1971
f 5968 5969 1971 1972
f 5967 5968 1972 1973
f 1991 5967 1973 273
f 1990 5964 5967 1991
f 1989 5961 5964 1990
f 5970 5971 5974 5973
f 5971 5972 5975 5974
f 5973 5974 5977 5976
f 5974 5975 5978 5977
f 251 1865 5970 1995
f 1865 1864 5971 5970
f 1864 1863 5972 5971
f 1863 250 2030 5972
f 5972 2030 2029 5975
f 5975 2029 2028 5978
f 5978 2028 265 1950
f 5977 5978 1950 1951
f 5976 5977 1951 1952
f 1997 5976 1952 266
f 1996 5973 5976 1997
f 1995 5970 5973 1996
f 5980 5981 5979 5985
f 5982 5983 5979 5981
f 5984 5985 5979 5983
f 263 3362 5980 2075
f 3362 3361 5981 5980
f 2075 5980 5985 2074
f 82 3366 5982 3360
f 3366 3367 5983 5982
f 3360 5982 5981 3361
f 278 2073 5984 3368
f 2073 2074 5985 5984
f 3368 5984 5983 3367
f 5987 5988 5986 5992
f 5989 5990 5986 5988
f 5991 5992 5986 5990
f 308 3365 5987 3371
f 3365 3364 5988 5987
f 3371 5987 5992 3370
f 277 2076 5989 3363
f 2076 2077 5990 5989
f 3363 5989 5988 3364
f 292 3369 5991 2078
f 3369 3370 5992 5991
f 2078 5991 5990 2077
f 5993 5994 5997 5996
f 5994 5995 5998 5997
f 5996 5997 6000 5999
f 5997 5998 6001 6000
f 271 1967 5993 2081
f 1967 1966 5994 5993
f 1966 1965 5995 5994
f 1965 270 2082 5995
f 5995 2082 2083 5998
f 5998 2083 2084 6001
f 6001 2084 285 2052
f 6000 6001 2052 2053
f 5999 6000 2053 2054
f 2079 5999 2054 286
f 2080 5996 5999 2079
f 2081 5993 5996 2080
f 6002 6003 6006 6005
f 6003 6004 6007 6006
f 6005 6006 6009 6008
f 6006 6007 6010 6009
f 264 1946 6002 2087
f 1946 1945 6003 6002
f 1945 1944 6004 6003
f 1944 263 2075 6004
f 6004 2075 2074 6007
f 6007 2074 2073 6010
f 6010 2073 278 2031
f 6009 6010 2031 2032
f 6008 6009 2032 2033
f 2085 6008 2033 279
f 2086 6005 6008 2085
f 2087 6002 6005 2086
f 6011 6012 6015 6014
f 6012 6013 6016 6015
f 6014 6015 6018 6017
f 6015 6016 6019 6018
f 272 1970 6011 2090
f 1970 1969 6012 6011
f 1969 1968 6013 6012
f 1968 271 2081 6013
f 6013 2081 2080 6016
f 6016 2080 2079 6019
f 6019 2079 286 2055
f 6018 6019 2055 2056
f 6017 6018 2056 2057
f 2088 6017 2057 287
f 2089 6014 6017 2088
f 2090 6011 6014 2089
f 6020 6021 6024 6023
f 6021 6022 6025 6024
f 6023 6024 6027 6026
f 6024 6025 6028 6027
f 265 1949 6020 2093
f 1949 1948 6021 6020
f 1948 1947 6022 6021
f 1947 264 2087 6022
f 6022 2087 2086 6025
f 6025 2086 2085 6028
f 6028 2085 279 2034
f 6027 6028 2034 2035
f 6026 6027 2035 2036
f 2091 6026 2036 280
f 2092 6023 6026 2091
f 2093 6020 6023 2092
f 6029 6030 6033 6032
f 6030 6031 6034 6033
f 6032 6033 6036 6035
f 6033 6034 6037 6036
f 273 1973 6029 2096
f 1973 1972 6030 6029
f 1972 1971 6031 6030
f 1971 272 2090 6031
f 6031 2090 2089 6034
f 6034 2089 2088 6037
f 6037 2088 287 2058
f 6036 6037 2058 2059
f 6035 6036 2059 2060
f 2094 6035 2060 288
f 2095 6032 6035 2094
f 2096 6029 6032 2095
f 6038 6039 6042 6041
f 6039 6040 6043 6042
f 6041 6042 6045 6044
f 6042 6043 6046 6045
f 266 1952 6038 2099
f 1952 1951 6039 6038
f 1951 1950 6040 6039
f 1950 265 2093 6040
f 6040 2093 2092 6043
f 6043 2092 2091 6046
f 6046 2091 280 2037
f 6045 6046 2037 2038
f 6044 6045 2038 2039
f 2097 6044 2039 281
f 2098 6041 6044 2097
f 2099 6038 6041 2098
f 6047 6048 6051 6050
f 6048 6049 6052 6051
f 6050 6051 6054 6053
f 6051 6052 6055 6054
f 274 1976 6047 2102
f 1976 1975 6048 6047
f 1975 1974 6049 6048
f 1974 273 2096 6049
f 6049 2096 2095 6052
f 6052 2095 2094 6055
f 6055 2094 288 2061
f 6054 6055 2061 2062
f 6053 6054 2062 2063
f 2100 6053 2063 289
f 2101 6050 6053 2100
f 2102 6047 6050 2101
f 6056 6057 6060 6059
f 6057 6058 6061 6060
f 6059 6060 6063 6062
f 6060 6061 6064 6063
f 267 1955 6056 2105
f 1955 1954 6057 6056
f 1954 1953 6058 6057
f 1953 266 2099 6058
f 6058 2099 2098 6061
f 6061 2098 2097 6064
f 6064 2097 281 2040
f 6063 6064 2040 2041
f 6062 6063 2041 2042
f 2103 6062 2042 282
f 2104 6059 6062 2103
f 2105 6056 6059 2104
f 6065 6066 6069 6068
f 6066 6067 6070 6069
f 6068 6069 6072 6071
f 6069 6070 6073 6072
f 275 1979 6065 2108
f 1979 1978 6066 6065
f 1978 1977 6067 6066
f 1977 274 2102 6067
f 6067 2102 2101 6070
f 6070 2101 2100 6073
f 6073 2100 289 2064
f 6072 6073 2064 2065
f 6071 6072 2065 2066
f 2106 6071 2066 290
f 2107 6068 6071 2106
f 2108 6065 6068 2107
f 6074 6075 6078 6077
f 6075 6076 6079 6078
f 6077 6078 6081 6080
f 6078 6079 6082 6081
f 268 1958 6074 2111
f 1958 1957 6075 6074
f 1957 1956 6076 6075
f 1956 267 2105 6076
f 6076 2105 2104 6079
f 6079 2104 2103 6082
f 6082 2103 282 2043
f 6081 6082 2043 2044
f 6080 6081 2044 2045
f 2109 6080 2045 283
f 2110 6077 6080 2109
f 2111 6074 6077 2110
f 6083 6084 6087 6086
f 6084 6085 6088 6087
f 6086 6087 6090 6089
f 6087 6088 6091 6090
f 276 1982 6083 2114
f 1982 1981 6084 6083
f 1981 1980 6085 6084
f 1980 275 2108 6085
f 6085 2108 2107 6088
f 6088 2107 2106 6091
f 6091 2106 290 2067
f 6090 6091 2067 2068
f 6089 6090 2068 2069
f 2112 6089 2069 291
f 2113 6086 6089 2112
f 2114 6083 6086 2113
f 6092 6093 6096 6095
f 6093 6094 6097 6096
f 6095 6096 6099 6098
f 6096 6097 6100 6099
f 269 1961 6092 2117
f 1961 1960 6093 6092
f 1960 1959 6094 6093
f 1959 268 2111 6094
f 6094 2111 2110 6097
f 6097 2110 2109 6100
f 6100 2109 283 2046
f 6099 6100 2046 2047
f 6098 6099 2047 2048
f 2115 6098 2048 284
f 2116 6095 6098 2115
f 2117 6092 6095 2116
f 6101 6102 6105 6104
f 6102 6103 6106 6105
f 6104 6105 6108 6107
f 6105 6106 6109 6108
f 277 1985 6101 2076
f 1985 1984 6102 6101
f 1984 1983 6103 6102
f 1983 276 2114 6103
f 6103 2114 2113 6106
f 6106 2113 2112 6109
f 6109 2112 291 2070
f 6108 6109 2070 2071
f 6107 6108 2071 2072
f 2078 6107 2072 292
f 2077 6104 6107 2078
f 2076 6101 6104 2077
f 6110 6111 6114 6113
f 6111 6112 6115 6114
f 6113 6114 6117 6116
f 6114 6115 6118 6117
f 270 1964 6110 2082
f 1964 1963 6111 6110
f 1963 1962 6112 6111
f 1962 269 2117 6112
f 6112 2117 2116 6115
f 6115 2116 2115 6118
f 6118 2115 284 2049
f 6117 6118 2049 2050
f 6116 6117 2050 2051
f 2084 6116 2051 285
f 2083 6113 6116 2084
f 2082 6110 6113 2083
f 6119 6120 6123 6122
f 6120 6121 6124 6123
f 6122 6123 6126 6125
f 6123 6124 6127 6126
f 282 2042 6119 2165
f 2042 2041 6120 6119
f 2041 2040 6121 6120
f 2040 281 2166 6121
f 6121 2166 2167 6124
f 6124 2167 2168 6127
f 6127 2168 296 2127
f 6126 6127 2127 2128
f 6125 6126 2128 2129
f 2163 6125 2129 297
f 2164 6122 6125 2163
f 2165 6119 6122 2164
f 6128 6129 6132 6131
f 6129 6130 6133 6132
f 6131 6132 6135 6134
f 6132 6133 6136 6135
f 290 2066 6128 2171
f 2066 2065 6129 6128
f 2065 2064 6130 6129
f 2064 289 2172 6130
f 6130 2172 2173 6133
f 6133 2173 2174 6136
f 6136 2174 304 2151
f 6135 6136 2151 2152
f 6134 6135 2152 2153
f 2169 6134 2153 305
f 2170 6131 6134 2169
f 2171 6128 6131 2170
f 6137 6138 6141 6140
f 6138 6139 6142 6141
f 6140 6141 6144 6143
f 6141 6142 6145 6144
f 283 2045 6137 2177
f 2045 2044 6138 6137
f 2044 2043 6139 6138
f 2043 282 2165 6139
f 6139 2165 2164 6142
f 6142 2164 2163 6145
f 6145 2163 297 2130
f 6144 6145 2130 2131
f 6143 6144 2131 2132
f 2175 6143 2132 298
f 2176 6140 6143 2175
f 2177 6137 6140 2176
f 6146 6147 6150 6149
f 6147 6148 6151 6150
f 6149 6150 6153 6152
f 6150 6151 6154 6153
f 291 2069 6146 2180
f 2069 2068 6147 6146
f 2068 2067 6148 6147
f 2067 290 2171 6148
f 6148 2171 2170 6151
f 6151 2170 2169 6154
f 6154 2169 305 2154
f 6153 6154 2154 2155
f 6152 6153 2155 2156
f 2178 6152 2156 306
f 2179 6149 6152 2178
f 2180 6146 6149 2179
f 6155 6156 6159 6158
f 6156 6157 6160 6159
f 6158 6159 6162 6161
f 6159 6160 6163 6162
f 284 2048 6155 2183
f 2048 2047 6156 6155
f 2047 2046 6157 6156
f 2046 283 2177 6157
f 6157 2177 2176 6160
f 6160 2176 2175 6163
f 6163 2175 298 2133
f 6162 6163 2133 2134
f 6161 6162 2134 2135
f 2181 6161 2135 299
f 2182 6158 6161 2181
f 2183 6155 6158 2182
f 6164 6165 6168 6167
f 6165 6166 6169 6168
f 6167 6168 6171 6170
f 6168 6169 6172 6171
f 292 2072 6164 2186
f 2072 2071 6165 6164
f 2071 2070 6166 6165
f 2070 291 2180 6166
f 6166 2180 2179 6169
f 6169 2179 2178 6172
f 6172 2178 306 2157
f 6171 6172 2157 2158
f 6170 6171 2158 2159
f 2184 6170 2159 307
f 2185 6167 6170 2184
f 2186 6164 6167 2185
f 6173 6174 6177 6176
f 6174 6175 6178 6177
f 6176 6177 6180 6179
f 6177 6178 6181 6180
f 285 2051 6173 2189
f 2051 2050 6174 6173
f 2050 2049 6175 6174
f 2049 284 2183 6175
f 6175 2183 2182 6178
f 6178 2182 2181 6181
f 6181 2181 299 2136
f 6180 6181 2136 2137
f 6179 6180 2137 2138
f 2187 6179 2138 300
f 2188 6176 6179 2187
f 2189 6173 6176 2188
f 6183 6184 6182 6188
f 6185 6186 6182 6184
f 6187 6188 6182 6186
f 278 3368 6183 2192
f 3368 3367 6184 6183
f 2192 6183 6188 2191
f 82 3372 6185 3366
f 3372 3373 6186 6185
f 3366 6185 6184 3367
f 293 2190 6187 3374
f 2190 2191 6188 6187
f 3374 6187 6186 3373
f 6190 6191 6189 6195
f 6192 6193 6189 6191
f 6194 6195 6189 6193
f 308 3371 6190 2162
f 3371 3370 6191 6190
f 2162 6190 6195 2161
f 292 2186 6192 3369
f 2186 2185 6193 6192
f 3369 6192 6191 3370
f 307 2160 6194 2184
f 2160 2161 6195 6194
f 2184 6194 6193 2185
f 6196 6197 6200 6199
f 6197 6198 6201 6200
f 6199 6200 6203 6202
f 6200 6201 6204 6203
f 286 2054 6196 2195
f 2054 2053 6197 6196
f 2053 2052 6198 6197
f 2052 285 2189 6198
f 6198 2189 2188 6201
f 6201 2188 2187 6204
f 6204 2187 300 2139
f 6203 6204 2139 2140
f 6202 6203 2140 2141
f 2193 6202 2141 301
f 2194 6199 6202 2193
f 2195 6196 6199 2194
f 6205 6206 6209 6208
f 6206 6207 6210 6209
f 6208 6209 6212 6211
f 6209 6210 6213 6212
f 279 2033 6205 2198
f 2033 2032 6206 6205
f 2032 2031 6207 6206
f 2031 278 2192 6207
f 6207 2192 2191 6210
f 6210 2191 2190 6213
f 6213 2190 293 2118
f 6212 6213 2118 2119
f 6211 6212 2119 2120
f 2196 6211 2120 294
f 2197 6208 6211 2196
f 2198 6205 6208 2197
f 6214 6215 6218 6217
f 6215 6216 6219 6218
f 6217 6218 6221 6220
f 6218 6219 6222 6221
f 287 2057 6214 2201
f 2057 2056 6215 6214
f 2056 2055 6216 6215
f 2055 286 2195 6216
f 6216 2195 2194 6219
f 6219 2194 2193 6222
f 6222 2193 301 2142
f 6221 6222 2142 2143
f 6220 6221 2143 2144
f 2199 6220 2144 302
f 2200 6217 6220 2199
f 2201 6214 6217 2200
f 6223 6224 6227 6226
f 6224 6225 6228 6227
f 6226 6227 6230 6229
f 6227 6228 6231 6230
f 280 2036 6223 2204
f 2036 2035 6224 6223
f 2035 2034 6225 6224
f 2034 279 2198 6225
f 6225 2198 2197 6228
f 6228 2197 2196 6231
f 6231 2196 294 2121
f 6230 6231 2121 2122
f 6229 6230 2122 2123
f 2202 6229 2123 295
f 2203 6226 6229 2202
f 2204 6223 6226 2203
f 6232 6233 6236 6235
f 6233 6234 6237 6236
f 6235 6236 6239 6238
f 6236 6237 6240 6239
f 288 2060 6232 2207
f 2060 2059 6233 6232
f 2059 2058 6234 6233
f 2058 287 2201 6234
f 6234 2201 2200 6237
f 6237 2200 2199 6240
f 6240 2199 302 2145
f 6239 6240 2145 2146
f 6238 6239 2146 2147
f 2205 6238 2147 303
f 2206 6235 6238 2205
f 2207 6232 6235 2206
f 6241 6242 6245 6244
f 6242 6243 6246 6245
f 6244 6245 6248 6247
f 6245 6246 6249 6248
f 281 2039 6241 2166
f 2039 2038 6242 6241
f 2038 2037 6243 6242
f 2037 280 2204 6243
f 6243 2204 2203 6246
f 6246 2203 2202 6249
f 6249 2202 295 2124
f 6248 6249 2124 2125
f 6247 6248 2125 2126
f 2168 6247 2126 296
f 2167 6244 6247 2168
f 2166 6241 6244 2167
f 6250 6251 6254 6253
f 6251 6252 6255 6254
f 6253 6254 6257 6256
f 6254 6255 6258 6257
f 289 2063 6250 2172
f 2063 2062 6251 6250
f 2062 2061 6252 6251
f 2061 288 2207 6252
f 6252 2207 2206 6255
f 6255 2206 2205 6258
f 6258 2205 303 2148
f 6257 6258 2148 2149
f 6256 6257 2149 2150
f 2174 6256 2150 304
f 2173 6253 6256 2174
f 2172 6250 6253 2173
f 6259 6260 6263 6262
f 6260 6261 6264 6263
f 6262 6263 6266 6265
f 6263 6264 6267 6266
f 301 2141 6259 2252
f 2141 2140 6260 6259
f 2140 2139 6261 6260
f 2139 300 2253 6261
f 6261 2253 2254 6264
f 6264 2254 2255 6267
f 6267 2255 316 2229
f 6266 6267 2229 2230
f 6265 6266 2230 2231
f 2250 6265 2231 317
f 2251 6262 6265 2250
f 2252 6259 6262 2251
f 6268 6269 6272 6271
f 6269 6270 6273 6272
f 6271 6272 6275 6274
f 6272 6273 6276 6275
f 294 2120 6268 2258
f 2120 2119 6269 6268
f 2119 2118 6270 6269
f 2118 293 2259 6270
f 6270 2259 2260 6273
f 6273 2260 2261 6276
f 6276 2261 309 2208
f 6275 6276 2208 2209
f 6274 6275 2209 2210
f 2256 6274 2210 310
f 2257 6271 6274 2256
f 2258 6268 6271 2257
f 6277 6278 6281 6280
f 6278 6279 6282 6281
f 6280 6281 6284 6283
f 6281 6282 6285 6284
f 302 2144 6277 2264
f 2144 2143 6278 6277
f 2143 2142 6279 6278
f 2142 301 2252 6279
f 6279 2252 2251 6282
f 6282 2251 2250 6285
f 6285 2250 317 2232
f 6284 6285 2232 2233
f 6283 6284 2233 2234
f 2262 6283 2234 318
f 2263 6280 6283 2262
f 2264 6277 6280 2263
f 6286 6287 6290 6289
f 6287 6288 6291 6290
f 6289 6290 6293 6292
f 6290 6291 6294 6293
f 295 2123 6286 2267
f 2123 2122 6287 6286
f 2122 2121 6288 6287
f 2121 294 2258 6288
f 6288 2258 2257 6291
f 6291 2257 2256 6294
f 6294 2256 310 2211
f 6293 6294 2211 2212
f 6292 6293 2212 2213
f 2265 6292 2213 311
f 2266 6289 6292 2265
f 2267 6286 6289 2266
f 6295 6296 6299 6298
f 6296 6297 6300 6299
f 6298 6299 6302 6301
f 6299 6300 6303 6302
f 303 2147 6295 2270
f 2147 2146 6296 6295
f 2146 2145 6297 6296
f 2145 302 2264 6297
f 6297 2264 2263 6300
f 6300 2263 2262 6303
f 6303 2262 318 2235
f 6302 6303 2235 2236
f 6301 6302 2236 2237
f 2268 6301 2237 319
f 2269 6298 6301 2268
f 2270 6295 6298 2269
f 6304 6305 6308 6307
f 6305 6306 6309 6308
f 6307 6308 6311 6310
f 6308 6309 6312 6311
f 296 2126 6304 2273
f 2126 2125 6305 6304
f 2125 2124 6306 6305
f 2124 295 2267 6306
f 6306 2267 2266 6309
f 6309 2266 2265 6312
f 6312 2265 311 2214
f 6311 6312 2214 2215
f 6310 6311 2215 2216
f 2271 6310 2216 312
f 2272 6307 6310 2271
f 2273 6304 6307 2272
f 6313 6314 6317 6316
f 6314 6315 6318 6317
f 6316 6317 6320 6319
f 6317 6318 6321 6320
f 304 2150 6313 2276
f 2150 2149 6314 6313
f 2149 2148 6315 6314
f 2148 303 2270 6315
f 6315 2270 2269 6318
f 6318 2269 2268 6321
f 6321 2268 319 2238
f 6320 6321 2238 2239
f 6319 6320 2239 2240
f 2274 6319 2240 320
f 2275 6316 6319 2274
f 2276 6313 6316 2275
f 6322 6323 6326 6325
f 6323 6324 6327 6326
f 6325 6326 6329 6328
f 6326 6327 6330 6329
f 297 2129 6322 2279
f 2129 2128 6323 6322
f 2128 2127 6324 6323
f 2127 296 2273 6324
f 6324 2273 2272 6327
f 6327 2272 2271 6330
f 6330 2271 312 2217
f 6329 6330 2217 2218
f 6328 6329 2218 2219
f 2277 6328 2219 313
f 2278 6325 6328 2277
f 2279 6322 6325 2278
f 6331 6332 6335 6334
f 6332 6333 6336 6335
f 6334 6335 6338 6337
f 6335 6336 6339 6338
f 305 2153 6331 2282
f 2153 2152 6332 6331
f 2152 2151 6333 6332
f 2151 304 2276 6333
f 6333 2276 2275 6336
f 6336 2275 2274 6339
f 6339 2274 320 2241
f 6338 6339 2241 2242
f 6337 6338 2242 2243
f 2280 6337 2243 321
f 2281 6334 6337 2280
f 2282 6331 6334 2281
f 6340 6341 6344 6343
f 6341 6342 6345 6344
f 6343 6344 6347 6346
f 6344 6345 6348 6347
f 298 2132 6340 2285
f 2132 2131 6341 6340
f 2131 2130 6342 6341
f 2130 297 2279 6342
f 6342 2279 2278 6345
f 6345 2278 2277 6348
f 6348 2277 313 2220
f 6347 6348 2220 2221
f 6346 6347 2221 2222
f 2283 6346 2222 314
f 2284 6343 6346 2283
f 2285 6340 6343 2284
f 6349 6350 6353 6352
f 6350 6351 6354 6353
f 6352 6353 6356 6355
f 6353 6354 6357 6356
f 306 2156 6349 2288
f 2156 2155 6350 6349
f 2155 2154 6351 6350
f 2154 305 2282 6351
f 6351 2282 2281 6354
f 6354 2281 2280 6357
f 6357 2280 321 2244
f 6356 6357 2244 2245
f 6355 6356 2245 2246
f 2286 6355 2246 322
f 2287 6352 6355 2286
f 2288 6349 6352 2287
f 6358 6359 6362 6361
f 6359 6360 6363 6362
f 6361 6362 6365 6364
f 6362 6363 6366 6365
f 299 2135 6358 2291
f 2135 2134 6359 6358
f 2134 2133 6360 6359
f 2133 298 2285 6360
f 6360 2285 2284 6363
f 6363 2284 2283 6366
f 6366 2283 314 2223
f 6365 6366 2223 2224
f 6364 6365 2224 2225
f 2289 6364 2225 315
f 2290 6361 6364 2289
f 2291 6358 6361 2290
f 6367 6368 6371 6370
f 6368 6369 6372 6371
f 6370 6371 6374 6373
f 6371 6372 6375 6374
f 307 2159 6367 2294
f 2159 2158 6368 6367
f 2158 2157 6369 6368
f 2157 306 2288 6369
f 6369 2288 2287 6372
f 6372 2287 2286 6375
f 6375 2286 322 2247
f 6374 6375 2247 2248
f 6373 6374 2248 2249
f 2292 6373 2249 323
f 2293 6370 6373 2292
f 2294 6367 6370 2293
f 6376 6377 6380 6379
f 6377 6378 6381 6380
f 6379 6380 6383 6382
f 6380 6381 6384 6383
f 300 2138 6376 2253
f 2138 2137 6377 6376
f 2137 2136 6378 6377
f 2136 299 2291 6378
f 6378 2291 2290 6381
f 6381 2290 2289 6384
f 6384 2289 315 2226
f 6383 6384 2226 2227
f 6382 6383 2227 2228
f 2255 6382 2228 316
f 2254 6379 6382 2255
f 2253 6376 6379 2254
f 6386 6387 6385 6391
f 6388 6389 6385 6387
f 6390 6391 6385 6389
f 293 3374 6386 2259
f 3374 3373 6387 6386
f 2259 6386 6391 2260
f 82 3375 6388 3372
f 3375 3376 6389 6388
f 3372 6388 6387 3373
f 309 2261 6390 3377
f 2261 2260 6391 6390
f 3377 6390 6389 3376
f 6393 6394 6392 6398
f 6395 6396 6392 6394
f 6397 6398 6392 6396
f 308 2162 6393 3380
f 2162 2161 6394 6393
f 3380 6393 6398 3379
f 307 2294 6395 2160
f 2294 2293 6396 6395
f 2160 6395 6394 2161
f 323 3378 6397 2292
f 3378 3379 6398 6397
f 2292 6397 6396 2293
f 6399 6400 6403 6402
f 6400 6401 6404 6403
f 6402 6403 6406 6405
f 6403 6404 6407 6406
f 321 2243 6399 2339
f 2243 2242 6400 6399
f 2242 2241 6401 6400
f 2241 320 2340 6401
f 6401 2340 2341 6404
f 6404 2341 2342 6407
f 6407 2342 335 2328
f 6406 6407 2328 2329
f 6405 6406 2329 2330
f 2337 6405 2330 336
f 2338 6402 6405 2337
f 2339 6399 6402 2338
f 6408 6409 6412 6411
f 6409 6410 6413 6412
f 6411 6412 6415 6414
f 6412 6413 6416 6415
f 314 2222 6408 2345
f 2222 2221 6409 6408
f 2221 2220 6410 6409
f 2220 313 2346 6410
f 6410 2346 2347 6413
f 6413 2347 2348 6416
f 6416 2348 328 2307
f 6415 6416 2307 2308
f 6414 6415 2308 2309
f 2343 6414 2309 329
f 2344 6411 6414 2343
f 2345 6408 6411 2344
f 6417 6418 6421 6420
f 6418 6419 6422 6421
f 6420 6421 6424 6423
f 6421 6422 6425 6424
f 322 2246 6417 2351
f 2246 2245 6418 6417
f 2245 2244 6419 6418
f 2244 321 2339 6419
f 6419 2339 2338 6422
f 6422 2338 2337 6425
f 6425 2337 336 2331
f 6424 6425 2331 2332
f 6423 6424 2332 2333
f 2349 6423 2333 337
f 2350 6420 6423 2349
f 2351 6417 6420 2350
f 6426 6427 6430 6429
f 6427 6428 6431 6430
f 6429 6430 6433 6432
f 6430 6431 6434 6433
f 315 2225 6426 2354
f 2225 2224 6427 6426
f 2224 2223 6428 6427
f 2223 314 2345 6428
f 6428 2345 2344 6431
f 6431 2344 2343 6434
f 6434 2343 329 2310
f 6433 6434 2310 2311
f 6432 6433 2311 2312
f 2352 6432 2312 330
f 2353 6429 6432 2352
f 2354 6426 6429 2353
f 6435 6436 6439 6438
f 6436 6437 6440 6439
f 6438 6439 6442 6441
f 6439 6440 6443 6442
f 323 2249 6435 2357
f 2249 2248 6436 6435
f 2248 2247 6437 6436
f 2247 322 2351 6437
f 6437 2351 2350 6440
f 6440 2350 2349 6443
f 6443 2349 337 2334
f 6442 6443 2334 2335
f 6441 6442 2335 2336
f 2355 6441 2336 338
f 2356 6438 6441 2355
f 2357 6435 6438 2356
f 6444 6445 6448 6447
f 6445 6446 6449 6448
f 6447 6448 6451 6450
f 6448 6449 6452 6451
f 316 2228 6444 2360
f 2228 2227 6445 6444
f 2227 2226 6446 6445
f 2226 315 2354 6446
f 6446 2354 2353 6449
f 6449 2353 2352 6452
f 6452 2352 330 2313
f 6451 6452 2313 2314
f 6450 6451 2314 2315
f 2358 6450 2315 331
f 2359 6447 6450 2358
f 2360 6444 6447 2359
f 6454 6455 6453 6459
f 6456 6457 6453 6455
f 6458 6459 6453 6457
f 309 3377 6454 2363
f 3377 3376 6455 6454
f 2363 6454 6459 2362
f 82 3381 6456 3375
f 3381 3382 6457 6456
f 3375 6456 6455 3376
f 324 2361 6458 3383
f 2361 2362 6459 6458
f 3383 6458 6457 3382
f 6461 6462 6460 6466
f 6463 6464 6460 6462
f 6465 6466 6460 6464
f 308 3380 6461 3386
f 3380 3379 6462 6461
f 3386 6461 6466 3385
f 323 2357 6463 3378
f 2357 2356 6464 6463
f 3378 6463 6462 3379
f 338 3384 6465 2355
f 3384 3385 6466 6465
f 2355 6465 6464 2356
f 6467 6468 6471 6470
f 6468 6469 6472 6471
f 6470 6471 6474 6473
f 6471 6472 6475 6474
f 317 2231 6467 2366
f 2231 2230 6468 6467
f 2230 2229 6469 6468
f 2229 316 2360 6469
f 6469 2360 2359 6472
f 6472 2359 2358 6475
f 6475 2358 331 2316
f 6474 6475 2316 2317
f 6473 6474 2317 2318
f 2364 6473 2318 332
f 2365 6470 6473 2364
f 2366 6467 6470 2365
f 6476 6477 6480 6479
f 6477 6478 6481 6480
f 6479 6480 6483 6482
f 6480 6481 6484 6483
f 310 2210 6476 2369
f 2210 2209 6477 6476
f 2209 2208 6478 6477
f 2208 309 2363 6478
f 6478 2363 2362 6481
f 6481 2362 2361 6484
f 6484 2361 324 2295
f 6483 6484 2295 2296
f 6482 6483 2296 2297
f 2367 6482 2297 325
f 2368 6479 6482 2367
f 2369 6476 6479 2368
f 6485 6486 6489 6488
f 6486 6487 6490 6489
f 6488 6489 6492 6491
f 6489 6490 6493 6492
f 318 2234 6485 2372
f 2234 2233 6486 6485
f 2233 2232 6487 6486
f 2232 317 2366 6487
f 6487 2366 2365 6490
f 6490 2365 2364 6493
f 6493 2364 332 2319
f 6492 6493 2319 2320
f 6491 6492 2320 2321
f 2370 6491 2321 333
f 2371 6488 6491 2370
f 2372 6485 6488 2371
f 6494 6495 6498 6497
f 6495 6496 6499 6498
f 6497 6498 6501 6500
f 6498 6499 6502 6501
f 311 2213 6494 2375
f 2213 2212 6495 6494
f 2212 2211 6496 6495
f 2211 310 2369 6496
f 6496 2369 2368 6499
f 6499 2368 2367 6502
f 6502 2367 325 2298
f 6501 6502 2298 2299
f 6500 6501 2299 2300
f 2373 6500 2300 326
f 2374 6497 6500 2373
f 2375 6494 6497 2374
f 6503 6504 6507 6506
f 6504 6505 6508 6507
f 6506 6507 6510 6509
f 6507 6508 6511 6510
f 319 2237 6503 2378
f 2237 2236 6504 6503
f 2236 2235 6505 6504
f 2235 318 2372 6505
f 6505 2372 2371 6508
f 6508 2371 2370 6511
f 6511 2370 333 2322
f 6510 6511 2322 2323
f 6509 6510 2323 2324
f 2376 6509 2324 334
f 2377 6506 6509 2376
f 2378 6503 6506 2377
f 6512 6513 6516 6515
f 6513 6514 6517 6516
f 6515 6516 6519 6518
f 6516 6517 6520 6519
f 312 2216 6512 2381
f 2216 2215 6513 6512
f 2215 2214 6514 6513
f 2214 311 2375 6514
f 6514 2375 2374 6517
f 6517 2374 2373 6520
f 6520 2373 326 2301
f 6519 6520 2301 2302
f 6518 6519 2302 2303
f 2379 6518 2303 327
f 2380 6515 6518 2379
f 2381 6512 6515 2380
f 6521 6522 6525 6524
f 6522 6523 6526 6525
f 6524 6525 6528 6527
f 6525 6526 6529 6528
f 320 2240 6521 2340
f 2240 2239 6522 6521
f 2239 2238 6523 6522
f 2238 319 2378 6523
f 6523 2378 2377 6526
f 6526 2377 2376 6529
f 6529 2376 334 2325
f 6528 6529 2325 2326
f 6527 6528 2326 2327
f 2342 6527 2327 335
f 2341 6524 6527 2342
f 2340 6521 6524 2341
f 6530 6531 6534 6533
f 6531 6532 6535 6534
f 6533 6534 6537 6536
f 6534 6535 6538 6537
f 313 2219 6530 2346
f 2219 2218 6531 6530
f 2218 2217 6532 6531
f 2217 312 2381 6532
f 6532 2381 2380 6535
f 6535 2380 2379 6538
f 6538 2379 327 2304
f 6537 6538 2304 2305
f 6536 6537 2305 2306
f 2348 6536 2306 328
f 2347 6533 6536 2348
f 2346 6530 6533 2347
f 6539 6540 6543 6542
f 6540 6541 6544 6543
f 6542 6543 6546 6545
f 6543 6544 6547 6546
f 325 2297 6539 2426
f 2297 2296 6540 6539
f 2296 2295 6541 6540
f 2295 324 2427 6541
f 6541 2427 2428 6544
f 6544 2428 2429 6547
f 6547 2429 339 2382
f 6546 6547 2382 2383
f 6545 6546 2383 2384
f 2424 6545 2384 340
f 2425 6542 6545 2424
f 2426 6539 6542 2425
f 6548 6549 6552 6551
f 6549 6550 6553 6552
f 6551 6552 6555 6554
f 6552 6553 6556 6555
f 333 2321 6548 2432
f 2321 2320 6549 6548
f 2320 2319 6550 6549
f 2319 332 2433 6550
f 6550 2433 2434 6553
f 6553 2434 2435 6556
f 6556 2435 347 2406
f 6555 6556 2406 2407
f 6554 6555 2407 2408
f 2430 6554 2408 348
f 2431 6551 6554 2430
f 2432 6548 6551 2431
f 6557 6558 6561 6560
f 6558 6559 6562 6561
f 6560 6561 6564 6563
f 6561 6562 6565 6564
f 326 2300 6557 2438
f 2300 2299 6558 6557
f 2299 2298 6559 6558
f 2298 325 2426 6559
f 6559 2426 2425 6562
f 6562 2425 2424 6565
f 6565 2424 340 2385
f 6564 6565 2385 2386
f 6563 6564 2386 2387
f 2436 6563 2387 341
f 2437 6560 6563 2436
f 2438 6557 6560 2437
f 6566 6567 6570 6569
f 6567 6568 6571 6570
f 6569 6570 6573 6572
f 6570 6571 6574 6573
f 334 2324 6566 2441
f 2324 2323 6567 6566
f 2323 2322 6568 6567
f 2322 333 2432 6568
f 6568 2432 2431 6571
f 6571 2431 2430 6574
f 6574 2430 348 2409
f 6573 6574 2409 2410
f 6572 6573 2410 2411
f 2439 6572 2411 349
f 2440 6569 6572 2439
f 2441 6566 6569 2440
f 6575 6576 6579 6578
f 6576 6577 6580 6579
f 6578 6579 6582 6581
f 6579 6580 6583 6582
f 327 2303 6575 2444
f 2303 2302 6576 6575
f 2302 2301 6577 6576
f 2301 326 2438 6577
f 6577 2438 2437 6580
f 6580 2437 2436 6583
f 6583 2436 341 2388
f 6582 6583 2388 2389
f 6581 6582 2389 2390
f 2442 6581 2390 342
f 2443 6578 6581 2442
f 2444 6575 6578 2443
f 6584 6585 6588 6587
f 6585 6586 6589 6588
f 6587 6588 6591 6590
f 6588 6589 6592 6591
f 335 2327 6584 2447
f 2327 2326 6585 6584
f 2326 2325 6586 6585
f 2325 334 2441 6586
f 6586 2441 2440 6589
f 6589 2440 2439 6592
f 6592 2439 349 2412
f 6591 6592 2412 2413
f 6590 6591 2413 2414
f 2445 6590 2414 350
f 2446 6587 6590 2445
f 2447 6584 6587 2446
f 6593 6594 6597 6596
f 6594 6595 6598 6597
f 6596 6597 6600 6599
f 6597 6598 6601 6600
f 328 2306 6593 2450
f 2306 2305 6594 6593
f 2305 2304 6595 6594
f 2304 327 2444 6595
f 6595 2444 2443 6598
f 6598 2443 2442 6601
f 6601 2442 342 2391
f 6600 6601 2391 2392
f 6599 6600 2392 2393
f 2448 6599 2393 343
f 2449 6596 6599 2448
f 2450 6593 6596 2449
f 6602 6603 6606 6605
f 6603 6604 6607 6606
f 6605 6606 6609 6608
f 6606 6607 6610 6609
f 336 2330 6602 2453
f 2330 2329 6603 6602
f 2329 2328 6604 6603
f 2328 335 2447 6604
f 6604 2447 2446 6607
f 6607 2446 2445 6610
f 6610 2445 350 2415
f 6609 6610 2415 2416
f 6608 6609 2416 2417
f 2451 6608 2417 351
f 2452 6605 6608 2451
f 2453 6602 6605 2452
f 6611 6612 6615 6614
f 6612 6613 6616 6615
f 6614 6615 6618 6617
f 6615 6616 6619 6618
f 329 2309 6611 2456
f 2309 2308 6612 6611
f 2308 2307 6613 6612
f 2307 328 2450 6613
f 6613 2450 2449 6616
f 6616 2449 2448 6619
f 6619 2448 343 2394
f 6618 6619 2394 2395
f 6617 6618 2395 2396
f 2454 6617 2396 344
f 2455 6614 6617 2454
f 2456 6611 6614 2455
f 6620 6621 6624 6623
f 6621 6622 6625 6624
f 6623 6624 6627 6626
f 6624 6625 6628 6627
f 337 2333 6620 2459
f 2333 2332 6621 6620
f 2332 2331 6622 6621
f 2331 336 2453 6622
f 6622 2453 2452 6625
f 6625 2452 2451 6628
f 6628 2451 351 2418
f 6627 6628 2418 2419
f 6626 6627 2419 2420
f 2457 6626 2420 352
f 2458 6623 6626 2457
f 2459 6620 6623 2458
f 6629 6630 6633 6632
f 6630 6631 6634 6633
f 6632 6633 6636 6635
f 6633 6634 6637 6636
f 330 2312 6629 2462
f 2312 2311 6630 6629
f 2311 2310 6631 6630
f 2310 329 2456 6631
f 6631 2456 2455 6634
f 6634 2455 2454 6637
f 6637 2454 344 2397
f 6636 6637 2397 2398
f 6635 6636 2398 2399
f 2460 6635 2399 345
f 2461 6632 6635 2460
f 2462 6629 6632 2461
f 6638 6639 6642 6641
f 6639 6640 6643 6642
f 6641 6642 6645 6644
f 6642 6643 6646 6645
f 338 2336 6638 2465
f 2336 2335 6639 6638
f 2335 2334 6640 6639
f 2334 337 2459 6640
f 6640 2459 2458 6643
f 6643 2458 2457 6646
f 6646 2457 352 2421
f 6645 6646 2421 2422
f 6644 6645 2422 2423
f 2463 6644 2423 353
f 2464 6641 6644 2463
f 2465 6638 6641 2464
f 6647 6648 6651 6650
f 6648 6649 6652 6651
f 6650 6651 6654 6653
f 6651 6652 6655 6654
f 331 2315 6647 2468
f 2315 2314 6648 6647
f 2314 2313 6649 6648
f 2313 330 2462 6649
f 6649 2462 2461 6652
f 6652 2461 2460 6655
f 6655 2460 345 2400
f 6654 6655 2400 2401
f 6653 6654 2401 2402
f 2466 6653 2402 346
f 2467 6650 6653 2466
f 2468 6647 6650 2467
f 6657 6658 6656 6662
f 6659 6660 6656 6658
f 6661 6662 6656 6660
f 324 3383 6657 2427
f 3383 3382 6658 6657
f 2427 6657 6662 2428
f 82 3387 6659 3381
f 3387 3388 6660 6659
f 3381 6659 6658 3382
f 339 2429 6661 3389
f 2429 2428 6662 6661
f 3389 6661 6660 3388
f 6664 6665 6663 6669
f 6666 6667 6663 6665
f 6668 6669 6663 6667
f 308 3386 6664 3392
f 3386 3385 6665 6664
f 3392 6664 6669 3391
f 338 2465 6666 3384
f 2465 2464 6667 6666
f 3384 6666 6665 3385
f 353 3390 6668 2463
f 3390 3391 6669 6668
f 2463 6668 6667 2464
f 6670 6671 6674 6673
f 6671 6672 6675 6674
f 6673 6674 6677 6676
f 6674 6675 6678 6677
f 332 2318 6670 2433
f 2318 2317 6671 6670
f 2317 2316 6672 6671
f 2316 331 2468 6672
f 6672 2468 2467 6675
f 6675 2467 2466 6678
f 6678 2466 346 2403
f 6677 6678 2403 2404
f 6676 6677 2404 2405
f 2435 6676 2405 347
f 2434 6673 6676 2435
f 2433 6670 6673 2434
f 6679 6680 6683 6682
f 6680 6681 6684 6683
f 6682 6683 6686 6685
f 6683 6684 6687 6686
f 344 2396 6679 2513
f 2396 2395 6680 6679
f 2395 2394 6681 6680
f 2394 343 2514 6681
f 6681 2514 2515 6684
f 6684 2515 2516 6687
f 6687 2516 358 2481
f 6686 6687 2481 2482
f 6685 6686 2482 2483
f 2511 6685 2483 359
f 2512 6682 6685 2511
f 2513 6679 6682 2512
f 6688 6689 6692 6691
f 6689 6690 6693 6692
f 6691 6692 6695 6694
f 6692 6693 6696 6695
f 352 2420 6688 2519
f 2420 2419 6689 6688
f 2419 2418 6690 6689
f 2418 351 2520 6690
f 6690 2520 2521 6693
f 6693 2521 2522 6696
f 6696 2522 366 2505
f 6695 6696 2505 2506
f 6694 6695 2506 2507
f 2517 6694 2507 367
f 2518 6691 6694 2517
f 2519 6688 6691 2518
f 6697 6698 6701 6700
f 6698 6699 6702 6701
f 6700 6701 6704 6703
f 6701 6702 6705 6704
f 345 2399 6697 2525
f 2399 2398 6698 6697
f 2398 2397 6699 6698
f 2397 344 2513 6699
f 6699 2513 2512 6702
f 6702 2512 2511 6705
f 6705 2511 359 2484
f 6704 6705 2484 2485
f 6703 6704 2485 2486
f 2523 6703 2486 360
f 2524 6700 6703 2523
f 2525 6697 6700 2524
f 6706 6707 6710 6709
f 6707 6708 6711 6710
f 6709 6710 6713 6712
f 6710 6711 6714 6713
f 353 2423 6706 2528
f 2423 2422 6707 6706
f 2422 2421 6708 6707
f 2421 352 2519 6708
f 6708 2519 2518 6711
f 6711 2518 2517 6714
f 6714 2517 367 2508
f 6713 6714 2508 2509
f 6712 6713 2509 2510
f 2526 6712 2510 368
f 2527 6709 6712 2526
f 2528 6706 6709 2527
f 6715 6716 6719 6718
f 6716 6717 6720 6719
f 6718 6719 6722 6721
f 6719 6720 6723 6722
f 346 2402 6715 2531
f 2402 2401 6716 6715
f 2401 2400 6717 6716
f 2400 345 2525 6717
f 6717 2525 2524 6720
f 6720 2524 2523 6723
f 6723 2523 360 2487
f 6722 6723 2487 2488
f 6721 6722 2488 2489
f 2529 6721 2489 361
f 2530 6718 6721 2529
f 2531 6715 6718 2530
f 6725 6726 6724 6730
f 6727 6728 6724 6726
f 6729 6730 6724 6728
f 339 3389 6725 2534
f 3389 3388 6726 6725
f 2534 6725 6730 2533
f 82 3393 6727 3387
f 3393 3394 6728 6727
f 3387 6727 6726 3388
f 354 2532 6729 3395
f 2532 2533 6730 6729
f 3395 6729 6728 3394
f 6732 6733 6731 6737
f 6734 6735 6731 6733
f 6736 6737 6731 6735
f 308 3392 6732 3398
f 3392 3391 6733 6732
f 3398 6732 6737 3397
f 353 2528 6734 3390
f 2528 2527 6735 6734
f 3390 6734 6733 3391
f 368 3396 6736 2526
f 3396 3397 6737 6736
f 2526 6736 6735 2527
f 6738 6739 6742 6741
f 6739 6740 6743 6742
f 6741 6742 6745 6744
f 6742 6743 6746 6745
f 347 2405 6738 2537
f 2405 2404 6739 6738
f 2404 2403 6740 6739
f 2403 346 2531 6740
f 6740 2531 2530 6743
f 6743 2530 2529 6746
f 6746 2529 361 2490
f 6745 6746 2490 2491
f 6744 6745 2491 2492
f 2535 6744 2492 362
f 2536 6741 6744 2535
f 2537 6738 6741 2536
f 6747 6748 6751 6750
f 6748 6749 6752 6751
f 6750 6751 6754 6753
f 6751 6752 6755 6754
f 340 2384 6747 2540
f 2384 2383 6748 6747
f 2383 2382 6749 6748
f 2382 339 2534 6749
f 6749 2534 2533 6752
f 6752 2533 2532 6755
f 6755 2532 354 2469
f 6754 6755 2469 2470
f 6753 6754 2470 2471
f 2538 6753 2471 355
f 2539 6750 6753 2538
f 2540 6747 6750 2539
f 6756 6757 6760 6759
f 6757 6758 6761 6760
f 6759 6760 6763 6762
f 6760 6761 6764 6763
f 348 2408 6756 2543
f 2408 2407 6757 6756
f 2407 2406 6758 6757
f 2406 347 2537 6758
f 6758 2537 2536 6761
f 6761 2536 2535 6764
f 6764 2535 362 2493
f 6763 6764 2493 2494
f 6762 6763 2494 2495
f 2541 6762 2495 363
f 2542 6759 6762 2541
f 2543 6756 6759 2542
f 6765 6766 6769 6768
f 6766 6767 6770 6769
f 6768 6769 6772 6771
f 6769 6770 6773 6772
f 341 2387 6765 2546
f 2387 2386 6766 6765
f 2386 2385 6767 6766
f 2385 340 2540 6767
f 6767 2540 2539 6770
f 6770 2539 2538 6773
f 6773 2538 355 2472
f 6772 6773 2472 2473
f 6771 6772 2473 2474
f 2544 6771 2474 356
f 2545 6768 6771 2544
f 2546 6765 6768 2545
f 6774 6775 6778 6777
f 6775 6776 6779 6778
f 6777 6778 6781 6780
f 6778 6779 6782 6781
f 349 2411 6774 2549
f 2411 2410 6775 6774
f 2410 2409 6776 6775
f 2409 348 2543 6776
f 6776 2543 2542 6779
f 6779 2542 2541 6782
f 6782 2541 363 2496
f 6781 6782 2496 2497
f 6780 6781 2497 2498
f 2547 6780 2498 364
f 2548 6777 6780 2547
f 2549 6774 6777 2548
f 6783 6784 6787 6786
f 6784 6785 6788 6787
f 6786 6787 6790 6789
f 6787 6788 6791 6790
f 342 2390 6783 2552
f 2390 2389 6784 6783
f 2389 2388 6785 6784
f 2388 341 2546 6785
f 6785 2546 2545 6788
f 6788 2545 2544 6791
f 6791 2544 356 2475
f 6790 6791 2475 2476
f 6789 6790 2476 2477
f 2550 6789 2477 357
f 2551 6786 6789 2550
f 2552 6783 6786 2551
f 6792 6793 6796 6795
f 6793 6794 6797 6796
f 6795 6796 6799 6798
f 6796 6797 6800 6799
f 350 2414 6792 2555
f 2414 2413 6793 6792
f 2413 2412 6794 6793
f 2412 349 2549 6794
f 6794 2549 2548 6797
f 6797 2548 2547 6800
f 6800 2547 364 2499
f 6799 6800 2499 2500
f 6798 6799 2500 2501
f 2553 6798 2501 365
f 2554 6795 6798 2553
f 2555 6792 6795 2554
f 6801 6802 6805 6804
f 6802 6803 6806 6805
f 6804 6805 6808 6807
f 6805 6806 6809 6808
f 343 2393 6801 2514
f 2393 2392 6802 6801
f 2392 2391 6803 6802
f 2391 342 2552 6803
f 6803 2552 2551 6806
f 6806 2551 2550 6809
f 6809 2550 357 2478
f 6808 6809 2478 2479
f 6807 6808 2479 2480
f 2516 6807 2480 358
f 2515 6804 6807 2516
f 2514 6801 6804 2515
f 6810 6811 6814 6813
f 6811 6812 6815 6814
f 6813 6814 6817 6816
f 6814 6815 6818 6817
f 351 2417 6810 2520
f 2417 2416 6811 6810
f 2416 2415 6812 6811
f 2415 350 2555 6812
f 6812 2555 2554 6815
f 6815 2554 2553 6818
f 6818 2553 365 2502
f 6817 6818 2502 2503
f 6816 6817 2503 2504
f 2522 6816 2504 366
f 2521 6813 6816 2522
f 2520 6810 6813 2521
f 6819 6820 6823 6822
f 6820 6821 6824 6823
f 6822 6823 6826 6825
f 6823 6824 6827 6826
f 363 2495 6819 2600
f 2495 2494 6820 6819
f 2494 2493 6821 6820
f 2493 362 2601 6821
f 6821 2601 2602 6824
f 6824 2602 2603 6827
f 6827 2603 377 2580
f 6826 6827 2580 2581
f 6825 6826 2581 2582
f 2598 6825 2582 378
f 2599 6822 6825 2598
f 2600 6819 6822 2599
f 6828 6829 6832 6831
f 6829 6830 6833 6832
f 6831 6832 6835 6834
f 6832 6833 6836 6835
f 356 2474 6828 2606
f 2474 2473 6829 6828
f 2473 2472 6830 6829
f 2472 355 2607 6830
f 6830 2607 2608 6833
f 6833 2608 2609 6836
f 6836 2609 370 2559
f 6835 6836 2559 2560
f 6834 6835 2560 2561
f 2604 6834 2561 371
f 2605 6831 6834 2604
f 2606 6828 6831 2605
f 6837 6838 6841 6840
f 6838 6839 6842 6841
f 6840 6841 6844 6843
f 6841 6842 6845 6844
f 364 2498 6837 2612
f 2498 2497 6838 6837
f 2497 2496 6839 6838
f 2496 363 2600 6839
f 6839 2600 2599 6842
f 6842 2599 2598 6845
f 6845 2598 378 2583
f 6844 6845 2583 2584
f 6843 6844 2584 2585
f 2610 6843 2585 379
f 2611 6840 6843 2610
f 2612 6837 6840 2611
f 6846 6847 6850 6849
f 6847 6848 6851 6850
f 6849 6850 6853 6852
f 6850 6851 6854 6853
f 357 2477 6846 2615
f 2477 2476 6847 6846
f 2476 2475 6848 6847
f 2475 356 2606 6848
f 6848 2606 2605 6851
f 6851 2605 2604 6854
f 6854 2604 371 2562
f 6853 6854 2562 2563
f 6852 6853 2563 2564
f 2613 6852 2564 372
f 2614 6849 6852 2613
f 2615 6846 6849 2614
f 6855 6856 6859 6858
f 6856 6857 6860 6859
f 6858 6859 6862 6861
f 6859 6860 6863 6862
f 365 2501 6855 2618
f 2501 2500 6856 6855
f 2500 2499 6857 6856
f 2499 364 2612 6857
f 6857 2612 2611 6860
f 6860 2611 2610 6863
f 6863 2610 379 2586
f 6862 6863 2586 2587
f 6861 6862 2587 2588
f 2616 6861 2588 380
f 2617 6858 6861 2616
f 2618 6855 6858 2617
f 6864 6865 6868 6867
f 6865 6866 6869 6868
f 6867 6868 6871 6870
f 6868 6869 6872 6871
f 358 2480 6864 2621
f 2480 2479 6865 6864
f 2479 2478 6866 6865
f 2478 357 2615 6866
f 6866 2615 2614 6869
f 6869 2614 2613 6872
f 6872 2613 372 2565
f 6871 6872 2565 2566
f 6870 6871 2566 2567
f 2619 6870 2567 373
f 2620 6867 6870 2619
f 2621 6864 6867 2620
f 6873 6874 6877 6876
f 6874 6875 6878 6877
f 6876 6877 6880 6879
f 6877 6878 6881 6880
f 366 2504 6873 2624
f 2504 2503 6874 6873
f 2503 2502 6875 6874
f 2502 365 2618 6875
f 6875 2618 2617 6878
f 6878 2617 2616 6881
f 6881 2616 380 2589
f 6880 6881 2589 2590
f 6879 6880 2590 2591
f 2622 6879 2591 381
f 2623 6876 6879 2622
f 2624 6873 6876 2623
f 6882 6883 6886 6885
f 6883 6884 6887 6886
f 6885 6886 6889 6888
f 6886 6887 6890 6889
f 359 2483 6882 2627
f 2483 2482 6883 6882
f 2482 2481 6884 6883
f 2481 358 2621 6884
f 6884 2621 2620 6887
f 6887 2620 2619 6890
f 6890 2619 373 2568
f 6889 6890 2568 2569
f 6888 6889 2569 2570
f 2625 6888 2570 374
f 2626 6885 6888 2625
f 2627 6882 6885 2626
f 6891 6892 6895 6894
f 6892 6893 6896 6895
f 6894 6895 6898 6897
f 6895 6896 6899 6898
f 367 2507 6891 2630
f 2507 2506 6892 6891
f 2506 2505 6893 6892
f 2505 366 2624 6893
f 6893 2624 2623 6896
f 6896 2623 2622 6899
f 6899 2622 381 2592
f 6898 6899 2592 2593
f 6897 6898 2593 2594
f 2628 6897 2594 382
f 2629 6894 6897 2628
f 2630 6891 6894 2629
f 6900 6901 6904 6903
f 6901 6902 6905 6904
f 6903 6904 6907 6906
f 6904 6905 6908 6907
f 360 2486 6900 2633
f 2486 2485 6901 6900
f 2485 2484 6902 6901
f 2484 359 2627 6902
f 6902 2627 2626 6905
f 6905 2626 2625 6908
f 6908 2625 374 2571
f 6907 6908 2571 2572
f 6906 6907 2572 2573
f 2631 6906 2573 375
f 2632 6903 6906 2631
f 2633 6900 6903 2632
f 6909 6910 6913 6912
f 6910 6911 6914 6913
f 6912 6913 6916 6915
f 6913 6914 6917 6916
f 368 2510 6909 2636
f 2510 2509 6910 6909
f 2509 2508 6911 6910
f 2508 367 2630 6911
f 6911 2630 2629 6914
f 6914 2629 2628 6917
f 6917 2628 382 2595
f 6916 6917 2595 2596
f 6915 6916 2596 2597
f 2634 6915 2597 383
f 2635 6912 6915 2634
f 2636 6909 6912 2635
f 6918 6919 6922 6921
f 6919 6920 6923 6922
f 6921 6922 6925 6924
f 6922 6923 6926 6925
f 361 2489 6918 2639
f 2489 2488 6919 6918
f 2488 2487 6920 6919
f 2487 360 2633 6920
f 6920 2633 2632 6923
f 6923 2632 2631 6926
f 6926 2631 375 2574
f 6925 6926 2574 2575
f 6924 6925 2575 2576
f 2637 6924 2576 376
f 2638 6921 6924 2637
f 2639 6918 6921 2638
f 6928 6929 6927 6933
f 6930 6931 6927 6929
f 6932 6933 6927 6931
f 354 3395 6928 2642
f 3395 3394 6929 6928
f 2642 6928 6933 2641
f 82 3399 6930 3393
f 3399 3400 6931 6930
f 3393 6930 6929 3394
f 369 2640 6932 3401
f 2640 2641 6933 6932
f 3401 6932 6931 3400
f 6935 6936 6934 6940
f 6937 6938 6934 6936
f 6939 6940 6934 6938
f 308 3398 6935 3404
f 3398 3397 6936 6935
f 3404 6935 6940 3403
f 368 2636 6937 3396
f 2636 2635 6938 6937
f 3396 6937 6936 3397
f 383 3402 6939 2634
f 3402 3403 6940 6939
f 2634 6939 6938 2635
f 6941 6942 6945 6944
f 6942 6943 6946 6945
f 6944 6945 6948 6947
f 6945 6946 6949 6948
f 362 2492 6941 2601
f 2492 2491 6942 6941
f 2491 2490 6943 6942
f 2490 361 2639 6943
f 6943 2639 2638 6946
f 6946 2638 2637 6949
f 6949 2637 376 2577
f 6948 6949 2577 2578
f 6947 6948 2578 2579
f 2603 6947 2579 377
f 2602 6944 6947 2603
f 2601 6941 6944 2602
f 6950 6951 6954 6953
f 6951 6952 6955 6954
f 6953 6954 6957 6956
f 6954 6955 6958 6957
f 355 2471 6950 2607
f 2471 2470 6951 6950
f 2470 2469 6952 6951
f 2469 354 2642 6952
f 6952 2642 2641 6955
f 6955 2641 2640 6958
f 6958 2640 369 2556
f 6957 6958 2556 2557
f 6956 6957 2557 2558
f 2609 6956 2558 370
f 2608 6953 6956 2609
f 2607 6950 6953 2608
f 6959 6960 6963 6962
f 6960 6961 6964 6963
f 6962 6963 6966 6965
f 6963 6964 6967 6966
f 382 2594 6959 2687
f 2594 2593 6960 6959
f 2593 2592 6961 6960
f 2592 381 2688 6961
f 6961 2688 2689 6964
f 6964 2689 2690 6967
f 6967 2690 396 2679
f 6966 6967 2679 2680
f 6965 6966 2680 2681
f 2685 6965 2681 397
f 2686 6962 6965 2685
f 2687 6959 6962 2686
f 6968 6969 6972 6971
f 6969 6970 6973 6972
f 6971 6972 6975 6974
f 6972 6973 6976 6975
f 375 2573 6968 2693
f 2573 2572 6969 6968
f 2572 2571 6970 6969
f 2571 374 2694 6970
f 6970 2694 2695 6973
f 6973 2695 2696 6976
f 6976 2696 389 2658
f 6975 6976 2658 2659
f 6974 6975 2659 2660
f 2691 6974 2660 390
f 2692 6971 6974 2691
f 2693 6968 6971 2692
f 6977 6978 6981 6980
f 6978 6979 6982 6981
f 6980 6981 6984 6983
f 6981 6982 6985 6984
f 383 2597 6977 2699
f 2597 2596 6978 6977
f 2596 2595 6979 6978
f 2595 382 2687 6979
f 6979 2687 2686 6982
f 6982 2686 2685 6985
f 6985 2685 397 2682
f 6984 6985 2682 2683
f 6983 6984 2683 2684
f 2697 6983 2684 398
f 2698 6980 6983 2697
f 2699 6977 6980 2698
f 6986 6987 6990 6989
f 6987 6988 6991 6990
f 6989 6990 6993 6992
f 6990 6991 6994 6993
f 376 2576 6986 2702
f 2576 2575 6987 6986
f 2575 2574 6988 6987
f 2574 375 2693 6988
f 6988 2693 2692 6991
f 6991 2692 2691 6994
f 6994 2691 390 2661
f 6993 6994 2661 2662
f 6992 6993 2662 2663
f 2700 6992 2663 391
f 2701 6989 6992 2700
f 2702 6986 6989 2701
f 6996 6997 6995 7001
f 6998 6999 6995 6997
f 7000 7001 6995 6999
f 369 3401 6996 2705
f 3401 3400 6997 6996
f 2705 6996 7001 2704
f 82 3405 6998 3399
f 3405 3406 6999 6998
f 3399 6998 6997 3400
f 384 2703 7000 3407
f 2703 2704 7001 7000
f 3407 7000 6999 3406
f 7003 7004 7002 7008
f 7005 7006 7002 7004
f 7007 7008 7002 7006
f 308 3404 7003 3410
f 3404 3403 7004 7003
f 3410 7003 7008 3409
f 383 2699 7005 3402
f 2699 2698 7006 7005
f 3402 7005 7004 3403
f 398 3408 7007 2697
f 3408 3409 7008 7007
f 2697 7007 7006 2698
f 7009 7010 7013 7012
f 7010 7011 7014 7013
f 7012 7013 7016 7015
f 7013 7014 7017 7016
f 377 2579 7009 2708
f 2579 2578 7010 7009
f 2578 2577 7011 7010
f 2577 376 2702 7011
f 7011 2702 2701 7014
f 7014 2701 2700 7017
f 7017 2700 391 2664
f 7016 7017 2664 2665
f 7015 7016 2665 2666
f 2706 7015 2666 392
f 2707 7012 7015 2706
f 2708 7009 7012 2707
f 7018 7019 7022 7021
f 7019 7020 7023 7022
f 7021 7022 7025 7024
f 7022 7023 7026 7025
f 370 2558 7018 2711
f 2558 2557 7019 7018
f 2557 2556 7020 7019
f 2556 369 2705 7020
f 7020 2705 2704 7023
f 7023 2704 2703 7026
f 7026 2703 384 2643
f 7025 7026 2643 2644
f 7024 7025 2644 2645
f 2709 7024 2645 385
f 2710 7021 7024 2709
f 2711 7018 7021 2710
f 7027 7028 7031 7030
f 7028 7029 7032 7031
f 7030 7031 7034 7033
f 7031 7032 7035 7034
f 378 2582 7027 2714
f 2582 2581 7028 7027
f 2581 2580 7029 7028
f 2580 377 2708 7029
f 7029 2708 2707 7032
f 7032 2707 2706 7035
f 7035 2706 392 2667
f 7034 7035 2667 2668
f 7033 7034 2668 2669
f 2712 7033 2669 393
f 2713 7030 7033 2712
f 2714 7027 7030 2713
f 7036 7037 7040 7039
f 7037 7038 7041 7040
f 7039 7040 7043 7042
f 7040 7041 7044 7043
f 371 2561 7036 2717
f 2561 2560 7037 7036
f 2560 2559 7038 7037
f 2559 370 2711 7038
f 7038 2711 2710 7041
f 7041 2710 2709 7044
f 7044 2709 385 2646
f 7043 7044 2646 2647
f 7042 7043 2647 2648
f 2715 7042 2648 386
f 2716 7039 7042 2715
f 2717 7036 7039 2716
f 7045 7046 7049 7048
f 7046 7047 7050 7049
f 7048 7049 7052 7051
f 7049 7050 7053 7052
f 379 2585 7045 2720
f 2585 2584 7046 7045
f 2584 2583 7047 7046
f 2583 378 2714 7047
f 7047 2714 2713 7050
f 7050 2713 2712 7053
f 7053 2712 393 2670
f 7052 7053 2670 2671
f 7051 7052 2671 2672
f 2718 7051 2672 394
f 2719 7048 7051 2718
f 2720 7045 7048 2719
f 7054 7055 7058 7057
f 7055 7056 7059 7058
f 7057 7058 7061 7060
f 7058 7059 7062 7061
f 372 2564 7054 2723
f 2564 2563 7055 7054
f 2563 2562 7056 7055
f 2562 371 2717 7056
f 7056 2717 2716 7059
f 7059 2716 2715 7062
f 7062 2715 386 2649
f 7061 7062 2649 2650
f 7060 7061 2650 2651
f 2721 7060 2651 387
f 2722 7057 7060 2721
f 2723 7054 7057 2722
f 7063 7064 7067 7066
f 7064 7065 7068 7067
f 7066 7067 7070 7069
f 7067 7068 7071 7070
f 380 2588 7063 2726
f 2588 2587 7064 7063
f 2587 2586 7065 7064
f 2586 379 2720 7065
f 7065 2720 2719 7068
f 7068 2719 2718 7071
f 7071 2718 394 2673
f 7070 7071 2673 2674
f 7069 7070 2674 2675
f 2724 7069 2675 395
f 2725 7066 7069 2724
f 2726 7063 7066 2725
f 7072 7073 7076 7075
f 7073 7074 7077 7076
f 7075 7076 7079 7078
f 7076 7077 7080 7079
f 373 2567 7072 2729
f 2567 2566 7073 7072
f 2566 2565 7074 7073
f 2565 372 2723 7074
f 7074 2723 2722 7077
f 7077 2722 2721 7080
f 7080 2721 387 2652
f 7079 7080 2652 2653
f 7078 7079 2653 2654
f 2727 7078 2654 388
f 2728 7075 7078 2727
f 2729 7072 7075 2728
f 7081 7082 7085 7084
f 7082 7083 7086 7085
f 7084 7085 7088 7087
f 7085 7086 7089 7088
f 381 2591 7081 2688
f 2591 2590 7082 7081
f 2590 2589 7083 7082
f 2589 380 2726 7083
f 7083 2726 2725 7086
f 7086 2725 2724 7089
f 7089 2724 395 2676
f 7088 7089 2676 2677
f 7087 7088 2677 2678
f 2690 7087 2678 396
f 2689 7084 7087 2690
f 2688 7081 7084 2689
f 7090 7091 7094 7093
f 7091 7092 7095 7094
f 7093 7094 7097 7096
f 7094 7095 7098 7097
f 374 2570 7090 2694
f 2570 2569 7091 7090
f 2569 2568 7092 7091
f 2568 373 2729 7092
f 7092 2729 2728 7095
f 7095 2728 2727 7098
f 7098 2727 388 2655
f 7097 7098 2655 2656
f 7096 7097 2656 2657
f 2696 7096 2657 389
f 2695 7093 7096 2696
f 2694 7090 7093 2695
f 7099 7100 7103 7102
f 7100 7101 7104 7103
f 7102 7103 7106 7105
f 7103 7104 7107 7106
f 394 2672 7099 2774
f 2672 2671 7100 7099
f 2671 2670 7101 7100
f 2670 393 2775 7101
f 7101 2775 2776 7104
f 7104 2776 2777 7107
f 7107 2777 408 2757
f 7106 7107 2757 2758
f 7105 7106 2758 2759
f 2772 7105 2759 409
f 2773 7102 7105 2772
f 2774 7099 7102 2773
f 7108 7109 7112 7111
f 7109 7110 7113 7112
f 7111 7112 7115 7114
f 7112 7113 7116 7115
f 387 2651 7108 2780
f 2651 2650 7109 7108
f 2650 2649 7110 7109
f 2649 386 2781 7110
f 7110 2781 2782 7113
f 7113 2782 2783 7116
f 7116 2783 401 2736
f 7115 7116 2736 2737
f 7114 7115 2737 2738
f 2778 7114 2738 402
f 2779 7111 7114 2778
f 2780 7108 7111 2779
f 7117 7118 7121 7120
f 7118 7119 7122 7121
f 7120 7121 7124 7123
f 7121 7122 7125 7124
f 395 2675 7117 2786
f 2675 2674 7118 7117
f 2674 2673 7119 7118
f 2673 394 2774 7119
f 7119 2774 2773 7122
f 7122 2773 2772 7125
f 7125 2772 409 2760
f 7124 7125 2760 2761
f 7123 7124 2761 2762
f 2784 7123 2762 410
f 2785 7120 7123 2784
f 2786 7117 7120 2785
f 7126 7127 7130 7129
f 7127 7128 7131 7130
f 7129 7130 7133 7132
f 7130 7131 7134 7133
f 388 2654 7126 2789
f 2654 2653 7127 7126
f 2653 2652 7128 7127
f 2652 387 2780 7128
f 7128 2780 2779 7131
f 7131 2779 2778 7134
f 7134 2778 402 2739
f 7133 7134 2739 2740
f 7132 7133 2740 2741
f 2787 7132 2741 403
f 2788 7129 7132 2787
f 2789 7126 7129 2788
f 7135 7136 7139 7138
f 7136 7137 7140 7139
f 7138 7139 7142 7141
f 7139 7140 7143 7142
f 396 2678 7135 2792
f 2678 2677 7136 7135
f 2677 2676 7137 7136
f 2676 395 2786 7137
f 7137 2786 2785 7140
f 7140 2785 2784 7143
f 7143 2784 410 2763
f 7142 7143 2763 2764
f 7141 7142 2764 2765
f 2790 7141 2765 411
f 2791 7138 7141 2790
f 2792 7135 7138 2791
f 7144 7145 7148 7147
f 7145 7146 7149 7148
f 7147 7148 7151 7150
f 7148 7149 7152 7151
f 389 2657 7144 2795
f 2657 2656 7145 7144
f 2656 2655 7146 7145
f 2655 388 2789 7146
f 7146 2789 2788 7149
f 7149 2788 2787 7152
f 7152 2787 403 2742
f 7151 7152 2742 2743
f 7150 7151 2743 2744
f 2793 7150 2744 404
f 2794 7147 7150 2793
f 2795 7144 7147 2794
f 7153 7154 7157 7156
f 7154 7155 7158 7157
f 7156 7157 7160 7159
f 7157 7158 7161 7160
f 397 2681 7153 2798
f 2681 2680 7154 7153
f 2680 2679 7155 7154
f 2679 396 2792 7155
f 7155 2792 2791 7158
f 7158 2791 2790 7161
f 7161 2790 411 2766
f 7160 7161 2766 2767
f 7159 7160 2767 2768
f 2796 7159 2768 412
f 2797 7156 7159 2796
f 2798 7153 7156 2797
f 7162 7163 7166 7165
f 7163 7164 7167 7166
f 7165 7166 7169 7168
f 7166 7167 7170 7169
f 390 2660 7162 2801
f 2660 2659 7163 7162
f 2659 2658 7164 7163
f 2658 389 2795 7164
f 7164 2795 2794 7167
f 7167 2794 2793 7170
f 7170 2793 404 2745
f 7169 7170 2745 2746
f 7168 7169 2746 2747
f 2799 7168 2747 405
f 2800 7165 7168 2799
f 2801 7162 7165 2800
f 7171 7172 7175 7174
f 7172 7173 7176 7175
f 7174 7175 7178 7177
f 7175 7176 7179 7178
f 398 2684 7171 2804
f 2684 2683 7172 7171
f 2683 2682 7173 7172
f 2682 397 2798 7173
f 7173 2798 2797 7176
f 7176 2797 2796 7179
f 7179 2796 412 2769
f 7178 7179 2769 2770
f 7177 7178 2770 2771
f 2802 7177 2771 413
f 2803 7174 7177 2802
f 2804 7171 7174 2803
f 7180 7181 7184 7183
f 7181 7182 7185 7184
f 7183 7184 7187 7186
f 7184 7185 7188 7187
f 391 2663 7180 2807
f 2663 2662 7181 7180
f 2662 2661 7182 7181
f 2661 390 2801 7182
f 7182 2801 2800 7185
f 7185 2800 2799 7188
f 7188 2799 405 2748
f 7187 7188 2748 2749
f 7186 7187 2749 2750
f 2805 7186 2750 406
f 2806 7183 7186 2805
f 2807 7180 7183 2806
f 7190 7191 7189 7195
f 7192 7193 7189 7191
f 7194 7195 7189 7193
f 384 3407 7190 2810
f 3407 3406 7191 7190
f 2810 7190 7195 2809
f 82 3411 7192 3405
f 3411 3412 7193 7192
f 3405 7192 7191 3406
f 399 2808 7194 3413
f 2808 2809 7195 7194
f 3413 7194 7193 3412
f 7197 7198 7196 7202
f 7199 7200 7196 7198
f 7201 7202 7196 7200
f 308 3410 7197 3416
f 3410 3409 7198 7197
f 3416 7197 7202 3415
f 398 2804 7199 3408
f 2804 2803 7200 7199
f 3408 7199 7198 3409
f 413 3414 7201 2802
f 3414 3415 7202 7201
f 2802 7201 7200 2803
f 7203 7204 7207 7206
f 7204 7205 7208 7207
f 7206 7207 7210 7209
f 7207 7208 7211 7210
f 392 2666 7203 2813
f 2666 2665 7204 7203
f 2665 2664 7205 7204
f 2664 391 2807 7205
f 7205 2807 2806 7208
f 7208 2806 2805 7211
f 7211 2805 406 2751
f 7210 7211 2751 2752
f 7209 7210 2752 2753
f 2811 7209 2753 407
f 2812 7206 7209 2811
f 2813 7203 7206 2812
f 7212 7213 7216 7215
f 7213 7214 7217 7216
f 7215 7216 7219 7218
f 7216 7217 7220 7219
f 385 2645 7212 2816
f 2645 2644 7213 7212
f 2644 2643 7214 7213
f 2643 384 2810 7214
f 7214 2810 2809 7217
f 7217 2809 2808 7220
f 7220 2808 399 2730
f 7219 7220 2730 2731
f 7218 7219 2731 2732
f 2814 7218 2732 400
f 2815 7215 7218 2814
f 2816 7212 7215 2815
f 7221 7222 7225 7224
f 7222 7223 7226 7225
f 7224 7225 7228 7227
f 7225 7226 7229 7228
f 393 2669 7221 2775
f 2669 2668 7222 7221
f 2668 2667 7223 7222
f 2667 392 2813 7223
f 7223 2813 2812 7226
f 7226 2812 2811 7229
f 7229 2811 407 2754
f 7228 7229 2754 2755
f 7227 7228 2755 2756
f 2777 7227 2756 408
f 2776 7224 7227 2777
f 2775 7221 7224 2776
f 7230 7231 7234 7233
f 7231 7232 7235 7234
f 7233 7234 7237 7236
f 7234 7235 7238 7237
f 386 2648 7230 2781
f 2648 2647 7231 7230
f 2647 2646 7232 7231
f 2646 385 2816 7232
f 7232 2816 2815 7235
f 7235 2815 2814 7238
f 7238 2814 400 2733
f 7237 7238 2733 2734
f 7236 7237 2734 2735
f 2783 7236 2735 401
f 2782 7233 7236 2783
f 2781 7230 7233 2782
f 7239 7240 7243 7242
f 7240 7241 7244 7243
f 7242 7243 7246 7245
f 7243 7244 7247 7246
f 413 2771 7239 2861
f 2771 2770 7240 7239
f 2770 2769 7241 7240
f 2769 412 2862 7241
f 7241 2862 2863 7244
f 7244 2863 2864 7247
f 7247 2864 427 2856
f 7246 7247 2856 2857
f 7245 7246 2857 2858
f 2859 7245 2858 428
f 2860 7242 7245 2859
f 2861 7239 7242 2860
f 7248 7249 7252 7251
f 7249 7250 7253 7252
f 7251 7252 7255 7254
f 7252 7253 7256 7255
f 406 2750 7248 2867
f 2750 2749 7249 7248
f 2749 2748 7250 7249
f 2748 405 2868 7250
f 7250 2868 2869 7253
f 7253 2869 2870 7256
f 7256 2870 420 2835
f 7255 7256 2835 2836
f 7254 7255 2836 2837
f 2865 7254 2837 421
f 2866 7251 7254 2865
f 2867 7248 7251 2866
f 7258 7259 7257 7263
f 7260 7261 7257 7259
f 7262 7263 7257 7261
f 399 3413 7258 2873
f 3413 3412 7259 7258
f 2873 7258 7263 2872
f 82 3417 7260 3411
f 3417 3418 7261 7260
f 3411 7260 7259 3412
f 414 2871 7262 3419
f 2871 2872 7263 7262
f 3419 7262 7261 3418
f 7265 7266 7264 7270
f 7267 7268 7264 7266
f 7269 7270 7264 7268
f 308 3416 7265 3422
f 3416 3415 7266 7265
f 3422 7265 7270 3421
f 413 2861 7267 3414
f 2861 2860 7268 7267
f 3414 7267 7266 3415
f 428 3420 7269 2859
f 3420 3421 7270 7269
f 2859 7269 7268 2860
f 7271 7272 7275 7274
f 7272 7273 7276 7275
f 7274 7275 7278 7277
f 7275 7276 7279 7278
f 407 2753 7271 2876
f 2753 2752 7272 7271
f 2752 2751 7273 7272
f 2751 406 2867 7273
f 7273 2867 2866 7276
f 7276 2866 2865 7279
f 7279 2865 421 2838
f 7278 7279 2838 2839
f 7277 7278 2839 2840
f 2874 7277 2840 422
f 2875 7274 7277 2874
f 2876 7271 7274 2875
f 7280 7281 7284 7283
f 7281 7282 7285 7284
f 7283 7284 7287 7286
f 7284 7285 7288 7287
f 400 2732 7280 2879
f 2732 2731 7281 7280
f 2731 2730 7282 7281
f 2730 399 2873 7282
f 7282 2873 2872 7285
f 7285 2872 2871 7288
f 7288 2871 414 2817
f 7287 7288 2817 2818
f 7286 7287 2818 2819
f 2877 7286 2819 415
f 2878 7283 7286 2877
f 2879 7280 7283 2878
f 7289 7290 7293 7292
f 7290 7291 7294 7293
f 7292 7293 7296 7295
f 7293 7294 7297 7296
f 408 2756 7289 2882
f 2756 2755 7290 7289
f 2755 2754 7291 7290
f 2754 407 2876 7291
f 7291 2876 2875 7294
f 7294 2875 2874 7297
f 7297 2874 422 2841
f 7296 7297 2841 2842
f 7295 7296 2842 2843
f 2880 7295 2843 423
f 2881 7292 7295 2880
f 2882 7289 7292 2881
f 7298 7299 7302 7301
f 7299 7300 7303 7302
f 7301 7302 7305 7304
f 7302 7303 7306 7305
f 401 2735 7298 2885
f 2735 2734 7299 7298
f 2734 2733 7300 7299
f 2733 400 2879 7300
f 7300 2879 2878 7303
f 7303 2878 2877 7306
f 7306 2877 415 2820
f 7305 7306 2820 2821
f 7304 7305 2821 2822
f 2883 7304 2822 416
f 2884 7301 7304 2883
f 2885 7298 7301 2884
f 7307 7308 7311 7310
f 7308 7309 7312 7311
f 7310 7311 7314 7313
f 7311 7312 7315 7314
f 409 2759 7307 2888
f 2759 2758 7308 7307
f 2758 2757 7309 7308
f 2757 408 2882 7309
f 7309 2882 2881 7312
f 7312 2881 2880 7315
f 7315 2880 423 2844
f 7314 7315 2844 2845
f 7313 7314 2845 2846
f 2886 7313 2846 424
f 2887 7310 7313 2886
f 2888 7307 7310 2887
f 7316 7317 7320 7319
f 7317 7318 7321 7320
f 7319 7320 7323 7322
f 7320 7321 7324 7323
f 402 2738 7316 2891
f 2738 2737 7317 7316
f 2737 2736 7318 7317
f 2736 401 2885 7318
f 7318 2885 2884 7321
f 7321 2884 2883 7324
f 7324 2883 416 2823
f 7323 7324 2823 2824
f 7322 7323 2824 2825
f 2889 7322 2825 417
f 2890 7319 7322 2889
f 2891 7316 7319 2890
f 7325 7326 7329 7328
f 7326 7327 7330 7329
f 7328 7329 7332 7331
f 7329 7330 7333 7332
f 410 2762 7325 2894
f 2762 2761 7326 7325
f 2761 2760 7327 7326
f 2760 409 2888 7327
f 7327 2888 2887 7330
f 7330 2887 2886 7333
f 7333 2886 424 2847
f 7332 7333 2847 2848
f 7331 7332 2848 2849
f 2892 7331 2849 425
f 2893 7328 7331 2892
f 2894 7325 7328 2893
f 7334 7335 7338 7337
f 7335 7336 7339 7338
f 7337 7338 7341 7340
f 7338 7339 7342 7341
f 403 2741 7334 2897
f 2741 2740 7335 7334
f 2740 2739 7336 7335
f 2739 402 2891 7336
f 7336 2891 2890 7339
f 7339 2890 2889 7342
f 7342 2889 417 2826
f 7341 7342 2826 2827
f 7340 7341 2827 2828
f 2895 7340 2828 418
f 2896 7337 7340 2895
f 2897 7334 7337 2896
f 7343 7344 7347 7346
f 7344 7345 7348 7347
f 7346 7347 7350 7349
f 7347 7348 7351 7350
f 411 2765 7343 2900
f 2765 2764 7344 7343
f 2764 2763 7345 7344
f 2763 410 2894 7345
f 7345 2894 2893 7348
f 7348 2893 2892 7351
f 7351 2892 425 2850
f 7350 7351 2850 2851
f 7349 7350 2851 2852
f 2898 7349 2852 426
f 2899 7346 7349 2898
f 2900 7343 7346 2899
f 7352 7353 7356 7355
f 7353 7354 7357 7356
f 7355 7356 7359 7358
f 7356 7357 7360 7359
f 404 2744 7352 2903
f 2744 2743 7353 7352
f 2743 2742 7354 7353
f 2742 403 2897 7354
f 7354 2897 2896 7357
f 7357 2896 2895 7360
f 7360 2895 418 2829
f 7359 7360 2829 2830
f 7358 7359 2830 2831
f 2901 7358 2831 419
f 2902 7355 7358 2901
f 2903 7352 7355 2902
f 7361 7362 7365 7364
f 7362 7363 7366 7365
f 7364 7365 7368 7367
f 7365 7366 7369 7368
f 412 2768 7361 2862
f 2768 2767 7362 7361
f 2767 2766 7363 7362
f 2766 411 2900 7363
f 7363 2900 2899 7366
f 7366 2899 2898 7369
f 7369 2898 426 2853
f 7368 7369 2853 2854
f 7367 7368 2854 2855
f 2864 7367 2855 427
f 2863 7364 7367 2864
f 2862 7361 7364 2863
f 7370 7371 7374 7373
f 7371 7372 7375 7374
f 7373 7374 7377 7376
f 7374 7375 7378 7377
f 405 2747 7370 2868
f 2747 2746 7371 7370
f 2746 2745 7372 7371
f 2745 404 2903 7372
f 7372 2903 2902 7375
f 7375 2902 2901 7378
f 7378 2901 419 2832
f 7377 7378 2832 2833
f 7376 7377 2833 2834
f 2870 7376 2834 420
f 2869 7373 7376 2870
f 2868 7370 7373 2869
f 7379 7380 7383 7382
f 7380 7381 7384 7383
f 7382 7383 7386 7385
f 7383 7384 7387 7386
f 417 2825 7379 2948
f 2825 2824 7380 7379
f 2824 2823 7381 7380
f 2823 416 2949 7381
f 7381 2949 2950 7384
f 7384 2950 2951 7387
f 7387 2951 431 2910
f 7386 7387 2910 2911
f 7385 7386 2911 2912
f 2946 7385 2912 432
f 2947 7382 7385 2946
f 2948 7379 7382 2947
f 7388 7389 7392 7391
f 7389 7390 7393 7392
f 7391 7392 7395 7394
f 7392 7393 7396 7395
f 425 2849 7388 2954
f 2849 2848 7389 7388
f 2848 2847 7390 7389
f 2847 424 2955 7390
f 7390 2955 2956 7393
f 7393 2956 2957 7396
f 7396 2957 439 2934
f 7395 7396 2934 2935
f 7394 7395 2935 2936
f 2952 7394 2936 440
f 2953 7391 7394 2952
f 2954 7388 7391 2953
f 7397 7398 7401 7400
f 7398 7399 7402 7401
f 7400 7401 7404 7403
f 7401 7402 7405 7404
f 418 2828 7397 2960
f 2828 2827 7398 7397
f 2827 2826 7399 7398
f 2826 417 2948 7399
f 7399 2948 2947 7402
f 7402 2947 2946 7405
f 7405 2946 432 2913
f 7404 7405 2913 2914
f 7403 7404 2914 2915
f 2958 7403 2915 433
f 2959 7400 7403 2958
f 2960 7397 7400 2959
f 7406 7407 7410 7409
f 7407 7408 7411 7410
f 7409 7410 7413 7412
f 7410 7411 7414 7413
f 426 2852 7406 2963
f 2852 2851 7407 7406
f 2851 2850 7408 7407
f 2850 425 2954 7408
f 7408 2954 2953 7411
f 7411 2953 2952 7414
f 7414 2952 440 2937
f 7413 7414 2937 2938
f 7412 7413 2938 2939
f 2961 7412 2939 441
f 2962 7409 7412 2961
f 2963 7406 7409 2962
f 7415 7416 7419 7418
f 7416 7417 7420 7419
f 7418 7419 7422 7421
f 7419 7420 7423 7422
f 419 2831 7415 2966
f 2831 2830 7416 7415
f 2830 2829 7417 7416
f 2829 418 2960 7417
f 7417 2960 2959 7420
f 7420 2959 2958 7423
f 7423 2958 433 2916
f 7422 7423 2916 2917
f 7421 7422 2917 2918
f 2964 7421 2918 434
f 2965 7418 7421 2964
f 2966 7415 7418 2965
f 7424 7425 7428 7427
f 7425 7426 7429 7428
f 7427 7428 7431 7430
f 7428 7429 7432 7431
f 427 2855 7424 2969
f 2855 2854 7425 7424
f 2854 2853 7426 7425
f 2853 426 2963 7426
f 7426 2963 2962 7429
f 7429 2962 2961 7432
f 7432 2961 441 2940
f 7431 7432 2940 2941
f 7430 7431 2941 2942
f 2967 7430 2942 442
f 2968 7427 7430 2967
f 2969 7424 7427 2968
f 7433 7434 7437 7436
f 7434 7435 7438 7437
f 7436 7437 7440 7439
f 7437 7438 7441 7440
f 420 2834 7433 2972
f 2834 2833 7434 7433
f 2833 2832 7435 7434
f 2832 419 2966 7435
f 7435 2966 2965 7438
f 7438 2965 2964 7441
f 7441 2964 434 2919
f 7440 7441 2919 2920
f 7439 7440 2920 2921
f 2970 7439 2921 435
f 2971 7436 7439 2970
f 2972 7433 7436 2971
f 7442 7443 7446 7445
f 7443 7444 7447 7446
f 7445 7446 7449 7448
f 7446 7447 7450 7449
f 428 2858 7442 2975
f 2858 2857 7443 7442
f 2857 2856 7444 7443
f 2856 427 2969 7444
f 7444 2969 2968 7447
f 7447 2968 2967 7450
f 7450 2967 442 2943
f 7449 7450 2943 2944
f 7448 7449 2944 2945
f 2973 7448 2945 443
f 2974 7445 7448 2973
f 2975 7442 7445 2974
f 7451 7452 7455 7454
f 7452 7453 7456 7455
f 7454 7455 7458 7457
f 7455 7456 7459 7458
f 421 2837 7451 2978
f 2837 2836 7452 7451
f 2836 2835 7453 7452
f 2835 420 2972 7453
f 7453 2972 2971 7456
f 7456 2971 2970 7459
f 7459 2970 435 2922
f 7458 7459 2922 2923
f 7457 7458 2923 2924
f 2976 7457 2924 436
f 2977 7454 7457 2976
f 2978 7451 7454 2977
f 7461 7462 7460 7466
f 7463 7464 7460 7462
f 7465 7466 7460 7464
f 414 3419 7461 2981
f 3419 3418 7462 7461
f 2981 7461 7466 2980
f 82 3423 7463 3417
f 3423 3424 7464 7463
f 3417 7463 7462 3418
f 429 2979 7465 3425
f 2979 2980 7466 7465
f 3425 7465 7464 3424
f 7468 7469 7467 7473
f 7470 7471 7467 7469
f 7472 7473 7467 7471
f 308 3422 7468 3428
f 3422 3421 7469 7468
f 3428 7468 7473 3427
f 428 2975 7470 3420
f 2975 2974 7471 7470
f 3420 7470 7469 3421
f 443 3426 7472 2973
f 3426 3427 7473 7472
f 2973 7472 7471 2974
f 7474 7475 7478 7477
f 7475 7476 7479 7478
f 7477 7478 7481 7480
f 7478 7479 7482 7481
f 422 2840 7474 2984
f 2840 2839 7475 7474
f 2839 2838 7476 7475
f 2838 421 2978 7476
f 7476 2978 2977 7479
f 7479 2977 2976 7482
f 7482 2976 436 2925
f 7481 7482 2925 2926
f 7480 7481 2926 2927
f 2982 7480 2927 437
f 2983 7477 7480 2982
f 2984 7474 7477 2983
f 7483 7484 7487 7486
f 7484 7485 7488 7487
f 7486 7487 7490 7489
f 7487 7488 7491 7490
f 415 2819 7483 2987
f 2819 2818 7484 7483
f 2818 2817 7485 7484
f 2817 414 2981 7485
f 7485 2981 2980 7488
f 7488 2980 2979 7491
f 7491 2979 429 2904
f 7490 7491 2904 2905
f 7489 7490 2905 2906
f 2985 7489 2906 430
f 2986 7486 7489 2985
f 2987 7483 7486 2986
f 7492 7493 7496 7495
f 7493 7494 7497 7496
f 7495 7496 7499 7498
f 7496 7497 7500 7499
f 423 2843 7492 2990
f 2843 2842 7493 7492
f 2842 2841 7494 7493
f 2841 422 2984 7494
f 7494 2984 2983 7497
f 7497 2983 2982 7500
f 7500 2982 437 2928
f 7499 7500 2928 2929
f 7498 7499 2929 2930
f 2988 7498 2930 438
f 2989 7495 7498 2988
f 2990 7492 7495 2989
f 7501 7502 7505 7504
f 7502 7503 7506 7505
f 7504 7505 7508 7507
f 7505 7506 7509 7508
f 416 2822 7501 2949
f 2822 2821 7502 7501
f 2821 2820 7503 7502
f 2820 415 2987 7503
f 7503 2987 2986 7506
f 7506 2986 2985 7509
f 7509 2985 430 2907
f 7508 7509 2907 2908
f 7507 7508 2908 2909
f 2951 7507 2909 431
f 2950 7504 7507 2951
f 2949 7501 7504 2950
f 7510 7511 7514 7513
f 7511 7512 7515 7514
f 7513 7514 7517 7516
f 7514 7515 7518 7517
f 424 2846 7510 2955
f 2846 2845 7511 7510
f 2845 2844 7512 7511
f 2844 423 2990 7512
f 7512 2990 2989 7515
f 7515 2989 2988 7518
f 7518 2988 438 2931
f 7517 7518 2931 2932
f 7516 7517 2932 2933
f 2957 7516 2933 439
f 2956 7513 7516 2957
f 2955 7510 7513 2956
f 7519 7520 7523 7522
f 7520 7521 7524 7523
f 7522 7523 7526 7525
f 7523 7524 7527 7526
f 436 2924 7519 3035
f 2924 2923 7520 7519
f 2923 2922 7521 7520
f 2922 435 3036 7521
f 7521 3036 3037 7524
f 7524 3037 3038 7527
f 7527 3038 450 3009
f 7526 7527 3009 3010
f 7525 7526 3010 3011
f 3033 7525 3011 451
f 3034 7522 7525 3033
f 3035 7519 7522 3034
f 7529 7530 7528 7534
f 7531 7532 7528 7530
f 7533 7534 7528 7532
f 429 3425 7529 3041
f 3425 3424 7530 7529
f 3041 7529 7534 3040
f 82 3429 7531 3423
f 3429 3430 7532 7531
f 3423 7531 7530 3424
f 444 3039 7533 3431
f 3039 3040 7534 7533
f 3431 7533 7532 3430
f 7536 7537 7535 7541
f 7538 7539 7535 7537
f 7540 7541 7535 7539
f 308 3428 7536 3434
f 3428 3427 7537 7536
f 3434 7536 7541 3433
f 443 3042 7538 3426
f 3042 3043 7539 7538
f 3426 7538 7537 3427
f 458 3432 7540 3044
f 3432 3433 7541 7540
f 3044 7540 7539 3043
f 7542 7543 7546 7545
f 7543 7544 7547 7546
f 7545 7546 7549 7548
f 7546 7547 7550 7549
f 437 2927 7542 3047
f 2927 2926 7543 7542
f 2926 2925 7544 7543
f 2925 436 3035 7544
f 7544 3035 3034 7547
f 7547 3034 3033 7550
f 7550 3033 451 3012
f 7549 7550 3012 3013
f 7548 7549 3013 3014
f 3045 7548 3014 452
f 3046 7545 7548 3045
f 3047 7542 7545 3046
f 7551 7552 7555 7554
f 7552 7553 7556 7555
f 7554 7555 7558 7557
f 7555 7556 7559 7558
f 430 2906 7551 3050
f 2906 2905 7552 7551
f 2905 2904 7553 7552
f 2904 429 3041 7553
f 7553 3041 3040 7556
f 7556 3040 3039 7559
f 7559 3039 444 2991
f 7558 7559 2991 2992
f 7557 7558 2992 2993
f 3048 7557 2993 445
f 3049 7554 7557 3048
f 3050 7551 7554 3049
f 7560 7561 7564 7563
f 7561 7562 7565 7564
f 7563 7564 7567 7566
f 7564 7565 7568 7567
f 438 2930 7560 3053
f 2930 2929 7561 7560
f 2929 2928 7562 7561
f 2928 437 3047 7562
f 7562 3047 3046 7565
f 7565 3046 3045 7568
f 7568 3045 452 3015
f 7567 7568 3015 3016
f 7566 7567 3016 3017
f 3051 7566 3017 453
f 3052 7563 7566 3051
f 3053 7560 7563 3052
f 7569 7570 7573 7572
f 7570 7571 7574 7573
f 7572 7573 7576 7575
f 7573 7574 7577 7576
f 431 2909 7569 3056
f 2909 2908 7570 7569
f 2908 2907 7571 7570
f 2907 430 3050 7571
f 7571 3050 3049 7574
f 7574 3049 3048 7577
f 7577 3048 445 2994
f 7576 7577 2994 2995
f 7575 7576 2995 2996
f 3054 7575 2996 446
f 3055 7572 7575 3054
f 3056 7569 7572 3055
f 7578 7579 7582 7581
f 7579 7580 7583 7582
f 7581 7582 7585 7584
f 7582 7583 7586 7585
f 439 2933 7578 3059
f 2933 2932 7579 7578
f 2932 2931 7580 7579
f 2931 438 3053 7580
f 7580 3053 3052 7583
f 7583 3052 3051 7586
f 7586 3051 453 3018
f 7585 7586 3018 3019
f 7584 7585 3019 3020
f 3057 7584 3020 454
f 3058 7581 7584 3057
f 3059 7578 7581 3058
f 7587 7588 7591 7590
f 7588 7589 7592 7591
f 7590 7591 7594 7593
f 7591 7592 7595 7594
f 432 2912 7587 3062
f 2912 2911 7588 7587
f 2911 2910 7589 7588
f 2910 431 3056 7589
f 7589 3056 3055 7592
f 7592 3055 3054 7595
f 7595 3054 446 2997
f 7594 7595 2997 2998
f 7593 7594 2998 2999
f 3060 7593 2999 447
f 3061 7590 7593 3060
f 3062 7587 7590 3061
f 7596 7597 7600 7599
f 7597 7598 7601 7600
f 7599 7600 7603 7602
f 7600 7601 7604 7603
f 440 2936 7596 3065
f 2936 2935 7597 7596
f 2935 2934 7598 7597
f 2934 439 3059 7598
f 7598 3059 3058 7601
f 7601 3058 3057 7604
f 7604 3057 454 3021
f 7603 7604 3021 3022
f 7602 7603 3022 3023
f 3063 7602 3023 455
f 3064 7599 7602 3063
f 3065 7596 7599 3064
f 7605 7606 7609 7608
f 7606 7607 7610 7609
f 7608 7609 7612 7611
f 7609 7610 7613 7612
f 433 2915 7605 3068
f 2915 2914 7606 7605
f 2914 2913 7607 7606
f 2913 432 3062 7607
f 7607 3062 3061 7610
f 7610 3061 3060 7613
f 7613 3060 447 3000
f 7612 7613 3000 3001
f 7611 7612 3001 3002
f 3066 7611 3002 448
f 3067 7608 7611 3066
f 3068 7605 7608 3067
f 7614 7615 7618 7617
f 7615 7616 7619 7618
f 7617 7618 7621 7620
f 7618 7619 7622 7621
f 441 2939 7614 3071
f 2939 2938 7615 7614
f 2938 2937 7616 7615
f 2937 440 3065 7616
f 7616 3065 3064 7619
f 7619 3064 3063 7622
f 7622 3063 455 3024
f 7621 7622 3024 3025
f 7620 7621 3025 3026
f 3069 7620 3026 456
f 3070 7617 7620 3069
f 3071 7614 7617 3070
f 7623 7624 7627 7626
f 7624 7625 7628 7627
f 7626 7627 7630 7629
f 7627 7628 7631 7630
f 434 2918 7623 3074
f 2918 2917 7624 7623
f 2917 2916 7625 7624
f 2916 433 3068 7625
f 7625 3068 3067 7628
f 7628 3067 3066 7631
f 7631 3066 448 3003
f 7630 7631 3003 3004
f 7629 7630 3004 3005
f 3072 7629 3005 449
f 3073 7626 7629 3072
f 3074 7623 7626 3073
f 7632 7633 7636 7635
f 7633 7634 7637 7636
f 7635 7636 7639 7638
f 7636 7637 7640 7639
f 442 2942 7632 3077
f 2942 2941 7633 7632
f 2941 2940 7634 7633
f 2940 441 3071 7634
f 7634 3071 3070 7637
f 7637 3070 3069 7640
f 7640 3069 456 3027
f 7639 7640 3027 3028
f 7638 7639 3028 3029
f 3075 7638 3029 457
f 3076 7635 7638 3075
f 3077 7632 7635 3076
f 7641 7642 7645 7644
f 7642 7643 7646 7645
f 7644 7645 7648 7647
f 7645 7646 7649 7648
f 435 2921 7641 3036
f 2921 2920 7642 7641
f 2920 2919 7643 7642
f 2919 434 3074 7643
f 7643 3074 3073 7646
f 7646 3073 3072 7649
f 7649 3072 449 3006
f 7648 7649 3006 3007
f 7647 7648 3007 3008
f 3038 7647 3008 450
f 3037 7644 7647 3038
f 3036 7641 7644 3037
f 7650 7651 7654 7653
f 7651 7652 7655 7654
f 7653 7654 7657 7656
f 7654 7655 7658 7657
f 443 2945 7650 3042
f 2945 2944 7651 7650
f 2944 2943 7652 7651
f 2943 442 3077 7652
f 7652 3077 3076 7655
f 7655 3076 3075 7658
f 7658 3075 457 3030
f 7657 7658 3030 3031
f 7656 7657 3031 3032
f 3044 7656 3032 458
f 3043 7653 7656 3044
f 3042 7650 7653 3043
f 7659 7660 7663 7662
f 7660 7661 7664 7663
f 7662 7663 7666 7665
f 7663 7664 7667 7666
f 455 3023 7659 3122
f 3023 3022 7660 7659
f 3022 3021 7661 7660
f 3021 454 3123 7661
f 7661 3123 3124 7664
f 7664 3124 3125 7667
f 7667 3125 469 3108
f 7666 7667 3108 3109
f 7665 7666 3109 3110
f 3120 7665 3110 470
f 3121 7662 7665 3120
f 3122 7659 7662 3121
f 7668 7669 7672 7671
f 7669 7670 7673 7672
f 7671 7672 7675 7674
f 7672 7673 7676 7675
f 448 3002 7668 3128
f 3002 3001 7669 7668
f 3001 3000 7670 7669
f 3000 447 3129 7670
f 7670 3129 3130 7673
f 7673 3130 3131 7676
f 7676 3131 462 3087
f 7675 7676 3087 3088
f 7674 7675 3088 3089
f 3126 7674 3089 463
f 3127 7671 7674 3126
f 3128 7668 7671 3127
f 7677 7678 7681 7680
f 7678 7679 7682 7681
f 7680 7681 7684 7683
f 7681 7682 7685 7684
f 456 3026 7677 3134
f 3026 3025 7678 7677
f 3025 3024 7679 7678
f 3024 455 3122 7679
f 7679 3122 3121 7682
f 7682 3121 3120 7685
f 7685 3120 470 3111
f 7684 7685 3111 3112
f 7683 7684 3112 3113
f 3132 7683 3113 471
f 3133 7680 7683 3132
f 3134 7677 7680 3133
f 7686 7687 7690 7689
f 7687 7688 7691 7690
f 7689 7690 7693 7692
f 7690 7691 7694 7693
f 449 3005 7686 3137
f 3005 3004 7687 7686
f 3004 3003 7688 7687
f 3003 448 3128 7688
f 7688 3128 3127 7691
f 7691 3127 3126 7694
f 7694 3126 463 3090
f 7693 7694 3090 3091
f 7692 7693 3091 3092
f 3135 7692 3092 464
f 3136 7689 7692 3135
f 3137 7686 7689 3136
f 7695 7696 7699 7698
f 7696 7697 7700 7699
f 7698 7699 7702 7701
f 7699 7700 7703 7702
f 457 3029 7695 3140
f 3029 3028 7696 7695
f 3028 3027 7697 7696
f 3027 456 3134 7697
f 7697 3134 3133 7700
f 7700 3133 3132 7703
f 7703 3132 471 3114
f 7702 7703 3114 3115
f 7701 7702 3115 3116
f 3138 7701 3116 472
f 3139 7698 7701 3138
f 3140 7695 7698 3139
f 7704 7705 7708 7707
f 7705 7706 7709 7708
f 7707 7708 7711 7710
f 7708 7709 7712 7711
f 450 3008 7704 3143
f 3008 3007 7705 7704
f 3007 3006 7706 7705
f 3006 449 3137 7706
f 7706 3137 3136 7709
f 7709 3136 3135 7712
f 7712 3135 464 3093
f 7711 7712 3093 3094
f 7710 7711 3094 3095
f 3141 7710 3095 465
f 3142 7707 7710 3141
f 3143 7704 7707 3142
f 7713 7714 7717 7716
f 7714 7715 7718 7717
f 7716 7717 7720 7719
f 7717 7718 7721 7720
f 458 3032 7713 3146
f 3032 3031 7714 7713
f 3031 3030 7715 7714
f 3030 457 3140 7715
f 7715 3140 3139 7718
f 7718 3139 3138 7721
f 7721 3138 472 3117
f 7720 7721 3117 3118
f 7719 7720 3118 3119
f 3144 7719 3119 473
f 3145 7716 7719 3144
f 3146 7713 7716 3145
f 7722 7723 7726 7725
f 7723 7724 7727 7726
f 7725 7726 7729 7728
f 7726 7727 7730 7729
f 451 3011 7722 3149
f 3011 3010 7723 7722
f 3010 3009 7724 7723
f 3009 450 3143 7724
f 7724 3143 3142 7727
f 7727 3142 3141 7730
f 7730 3141 465 3096
f 7729 7730 3096 3097
f 7728 7729 3097 3098
f 3147 7728 3098 466
f 3148 7725 7728 3147
f 3149 7722 7725 3148
f 7732 7733 7731 7737
f 7734 7735 7731 7733
f 7736 7737 7731 7735
f 444 3431 7732 3152
f 3431 3430 7733 7732
f 3152 7732 7737 3151
f 82 3435 7734 3429
f 3435 3436 7735 7734
f 3429 7734 7733 3430
f 459 3150 7736 3437
f 3150 3151 7737 7736
f 3437 7736 7735 3436
f 7739 7740 7738 7744
f 7741 7742 7738 7740
f 7743 7744 7738 7742
f 308 3434 7739 3440
f 3434 3433 7740 7739
f 3440 7739 7744 3439
f 458 3146 7741 3432
f 3146 3145 7742 7741
f 3432 7741 7740 3433
f 473 3438 7743 3144
f 3438 3439 7744 7743
f 3144 7743 7742 3145
f 7745 7746 7749 7748
f 7746 7747 7750 7749
f 7748 7749 7752 7751
f 7749 7750 7753 7752
f 452 3014 7745 3155
f 3014 3013 7746 7745
f 3013 3012 7747 7746
f 3012 451 3149 7747
f 7747 3149 3148 7750
f 7750 3148 3147 7753
f 7753 3147 466 3099
f 7752 7753 3099 3100
f 7751 7752 3100 3101
f 3153 7751 3101 467
f 3154 7748 7751 3153
f 3155 7745 7748 3154
f 7754 7755 7758 7757
f 7755 7756 7759 7758
f 7757 7758 7761 7760
f 7758 7759 7762 7761
f 445 2993 7754 3158
f 2993 2992 7755 7754
f 2992 2991 7756 7755
f 2991 444 3152 7756
f 7756 3152 3151 7759
f 7759 3151 3150 7762
f 7762 3150 459 3078
f 7761 7762 3078 3079
f 7760 7761 3079 3080
f 3156 7760 3080 460
f 3157 7757 7760 3156
f 3158 7754 7757 3157
f 7763 7764 7767 7766
f 7764 7765 7768 7767
f 7766 7767 7770 7769
f 7767 7768 7771 7770
f 453 3017 7763 3161
f 3017 3016 7764 7763
f 3016 3015 7765 7764
f 3015 452 3155 7765
f 7765 3155 3154 7768
f 7768 3154 3153 7771
f 7771 3153 467 3102
f 7770 7771 3102 3103
f 7769 7770 3103 3104
f 3159 7769 3104 468
f 3160 7766 7769 3159
f 3161 7763 7766 3160
f 7772 7773 7776 7775
f 7773 7774 7777 7776
f 7775 7776 7779 7778
f 7776 7777 7780 7779
f 446 2996 7772 3164
f 2996 2995 7773 7772
f 2995 2994 7774 7773
f 2994 445 3158 7774
f 7774 3158 3157 7777
f 7777 3157 3156 7780
f 7780 3156 460 3081
f 7779 7780 3081 3082
f 7778 7779 3082 3083
f 3162 7778 3083 461
f 3163 7775 7778 3162
f 3164 7772 7775 3163
f 7781 7782 7785 7784
f 7782 7783 7786 7785
f 7784 7785 7788 7787
f 7785 7786 7789 7788
f 454 3020 7781 3123
f 3020 3019 7782 7781
f 3019 3018 7783 7782
f 3018 453 3161 7783
f 7783 3161 3160 7786
f 7786 3160 3159 7789
f 7789 3159 468 3105
f 7788 7789 3105 3106
f 7787 7788 3106 3107
f 3125 7787 3107 469
f 3124 7784 7787 3125
f 3123 7781 7784 3124
f 7790 7791 7794 7793
f 7791 7792 7795 7794
f 7793 7794 7797 7796
f 7794 7795 7798 7797
f 447 2999 7790 3129
f 2999 2998 7791 7790
f 2998 2997 7792 7791
f 2997 446 3164 7792
f 7792 3164 3163 7795
f 7795 3163 3162 7798
f 7798 3162 461 3084
f 7797 7798 3084 3085
f 7796 7797 3085 3086
f 3131 7796 3086 462
f 3130 7793 7796 3131
f 3129 7790 7793 3130
f 7800 7801 7799 7805
f 7802 7803 7799 7801
f 7804 7805 7799 7803
f 459 3437 7800 3179
f 3437 3436 7801 7800
f 3179 7800 7805 3178
f 82 3204 7802 3435
f 3204 3205 7803 7802
f 3435 7802 7801 3436
f 474 3177 7804 3206
f 3177 3178 7805 7804
f 3206 7804 7803 3205
f 7807 7808 7806 7812
f 7809 7810 7806 7808
f 7811 7812 7806 7810
f 308 3440 7807 3233
f 3440 3439 7808 7807
f 3233 7807 7812 3232
f 473 3180 7809 3438
f 3180 3181 7810 7809
f 3438 7809 7808 3439
f 482 3231 7811 3182
f 3231 3232 7812 7811
f 3182 7811 7810 3181
f 7813 7814 7817 7816
f 7814 7815 7818 7817
f 7816 7817 7820 7819
f 7817 7818 7821 7820
f 467 3101 7813 3443
f 3101 3100 7814 7813
f 3100 3099 7815 7814
f 3099 466 3444 7815
f 7815 3444 3445 7818
f 7818 3445 3446 7821
f 7821 3446 4 486
f 7820 7821 486 487
f 7819 7820 487 488
f 3441 7819 488 5
f 3442 7816 7819 3441
f 3443 7813 7816 3442
f 7822 7823 7826 7825
f 7823 7824 7827 7826
f 7825 7826 7829 7828
f 7826 7827 7830 7829
f 460 3080 7822 3185
f 3080 3079 7823 7822
f 3079 3078 7824 7823
f 3078 459 3179 7824
f 7824 3179 3178 7827
f 7827 3178 3177 7830
f 7830 3177 474 3165
f 7829 7830 3165 3166
f 7828 7829 3166 3167
f 3183 7828 3167 475
f 3184 7825 7828 3183
f 3185 7822 7825 3184
f 7831 7832 7835 7834
f 7832 7833 7836 7835
f 7834 7835 7838 7837
f 7835 7836 7839 7838
f 468 3104 7831 3188
f 3104 3103 7832 7831
f 3103 3102 7833 7832
f 3102 467 3443 7833
f 7833 3443 3442 7836
f 7836 3442 3441 7839
f 7839 3441 5 3222
f 7838 7839 3222 3223
f 7837 7838 3223 3224
f 3186 7837 3224 478
f 3187 7834 7837 3186
f 3188 7831 7834 3187
f 7840 7841 7844 7843
f 7841 7842 7845 7844
f 7843 7844 7847 7846
f 7844 7845 7848 7847
f 461 3083 7840 3449
f 3083 3082 7841 7840
f 3082 3081 7842 7841
f 3081 460 3185 7842
f 7842 3185 3184 7845
f 7845 3184 3183 7848
f 7848 3183 475 3207
f 7847 7848 3207 3208
f 7846 7847 3208 3209
f 3447 7846 3209 1
f 3448 7843 7846 3447
f 3449 7840 7843 3448
f 7849 7850 7853 7852
f 7850 7851 7854 7853
f 7852 7853 7856 7855
f 7853 7854 7857 7856
f 469 3107 7849 3452
f 3107 3106 7850 7849
f 3106 3105 7851 7850
f 3105 468 3188 7851
f 7851 3188 3187 7854
f 7854 3187 3186 7857
f 7857 3186 478 3225
f 7856 7857 3225 3226
f 7855 7856 3226 3227
f 3450 7855 3227 6
f 3451 7852 7855 3450
f 3452 7849 7852 3451
f 7858 7859 7862 7861
f 7859 7860 7863 7862
f 7861 7862 7865 7864
f 7862 7863 7866 7865
f 462 3086 7858 3191
f 3086 3085 7859 7858
f 3085 3084 7860 7859
f 3084 461 3449 7860
f 7860 3449 3448 7863
f 7863 3448 3447 7866
f 7866 3447 1 3210
f 7865 7866 3210 3211
f 7864 7865 3211 3212
f 3189 7864 3212 476
f 3190 7861 7864 3189
f 3191 7858 7861 3190
f 7867 7868 7871 7870
f 7868 7869 7872 7871
f 7870 7871 7874 7873
f 7871 7872 7875 7874
f 470 3110 7867 3194
f 3110 3109 7868 7867
f 3109 3108 7869 7868
f 3108 469 3452 7869
f 7869 3452 3451 7872
f 7872 3451 3450 7875
f 7875 3450 6 3228
f 7874 7875 3228 3229
f 7873 7874 3229 3230
f 3192 7873 3230 479
f 3193 7870 7873 3192
f 3194 7867 7870 3193
f 7876 7877 7880 7879
f 7877 7878 7881 7880
f 7879 7880 7883 7882
f 7880 7881 7884 7883
f 463 3089 7876 3455
f 3089 3088 7877 7876
f 3088 3087 7878 7877
f 3087 462 3191 7878
f 7878 3191 3190 7881
f 7881 3190 3189 7884
f 7884 3189 476 3213
f 7883 7884 3213 3214
f 7882 7883 3214 3215
f 3453 7882 3215 2
f 3454 7879 7882 3453
f 3455 7876 7879 3454
f 7885 7886 7889 7888
f 7886 7887 7890 7889
f 7888 7889 7892 7891
f 7889 7890 7893 7892
f 471 3113 7885 3197
f 3113 3112 7886 7885
f 3112 3111 7887 7886
f 3111 470 3194 7887
f 7887 3194 3193 7890
f 7890 3193 3192 7893
f 7893 3192 479 3168
f 7892 7893 3168 3169
f 7891 7892 3169 3170
f 3195 7891 3170 480
f 3196 7888 7891 3195
f 3197 7885 7888 3196
f 7894 7895 7898 7897
f 7895 7896 7899 7898
f 7897 7898 7901 7900
f 7898 7899 7902 7901
f 464 3092 7894 3200
f 3092 3091 7895 7894
f 3091 3090 7896 7895
f 3090 463 3455 7896
f 7896 3455 3454 7899
f 7899 3454 3453 7902
f 7902 3453 2 3216
f 7901 7902 3216 3217
f 7900 7901 3217 3218
f 3198 7900 3218 477
f 3199 7897 7900 3198
f 3200 7894 7897 3199
f 7903 7904 7907 7906
f 7904 7905 7908 7907
f 7906 7907 7910 7909
f 7907 7908 7911 7910
f 472 3116 7903 3203
f 3116 3115 7904 7903
f 3115 3114 7905 7904
f 3114 471 3197 7905
f 7905 3197 3196 7908
f 7908 3196 3195 7911
f 7911 3195 480 3171
f 7910 7911 3171 3172
f 7909 7910 3172 3173
f 3201 7909 3173 481
f 3202 7906 7909 3201
f 3203 7903 7906 3202
f 7912 7913 7916 7915
f 7913 7914 7917 7916
f 7915 7916 7919 7918
f 7916 7917 7920 7919
f 465 3095 7912 3458
f 3095 3094 7913 7912
f 3094 3093 7914 7913
f 3093 464 3200 7914
f 7914 3200 3199 7917
f 7917 3199 3198 7920
f 7920 3198 477 3219
f 7919 7920 3219 3220
f 7918 7919 3220 3221
f 3456 7918 3221 3
f 3457 7915 7918 3456
f 3458 7912 7915 3457
f 7921 7922 7925 7924
f 7922 7923 7926 7925
f 7924 7925 7928 7927
f 7925 7926 7929 7928
f 473 3119 7921 3180
f 3119 3118 7922 7921
f 3118 3117 7923 7922
f 3117 472 3203 7923
f 7923 3203 3202 7926
f 7926 3202 3201 7929
f 7929 3201 481 3174
f 7928 7929 3174 3175
f 7927 7928 3175 3176
f 3182 7927 3176 482
f 3181 7924 7927 3182
f 3180 7921 7924 3181
f 7930 7931 7934 7933
f 7931 7932 7935 7934
f 7933 7934 7937 7936
f 7934 7935 7938 7937
f 466 3098 7930 3444
f 3098 3097 7931 7930
f 3097 3096 7932 7931
f 3096 465 3458 7932
f 7932 3458 3457 7935
f 7935 3457 3456 7938
f 7938 3456 3 483
f 7937 7938 483 484
f 7936 7937 484 485
f 3446 7936 485 4
f 3445 7933 7936 3446
f 3444 7930 7933 3445
